Date,Close,Shares_Outstanding,Market_Cap
2006-09-14,2.65,14594180000,38658948372
2006-09-15,2.65,14594180000,38622462086
2006-09-18,2.64,14594180000,38513003231
2006-09-19,2.63,14594180000,38450455314
2006-09-20,2.69,14594180000,39227067597
2006-09-21,2.67,14594180000,38909119164
2006-09-22,2.61,14594180000,38049113137
2006-09-25,2.71,14594180000,39482468113
2006-09-26,2.77,14594180000,40451943433
2006-09-27,2.73,14594180000,39826481658
2006-09-28,2.75,14594180000,40139203847
2006-09-29,2.75,14594180000,40123573827
2006-10-02,2.67,14594180000,39018578019
2006-10-03,2.65,14594180000,38612026995
2006-10-04,2.69,14594180000,39289618994
2006-10-05,2.67,14594180000,39002944519
2006-10-06,2.65,14594180000,38684996086
2006-10-09,2.67,14594180000,38898701470
2006-10-10,2.64,14594180000,38471294181
2006-10-11,2.62,14594180000,38168989686
2006-10-12,2.69,14594180000,39227067597
2006-10-13,2.68,14594180000,39101982201
2006-10-16,2.69,14594180000,39300040167
2006-10-17,2.65,14594180000,38721482371
2006-10-18,2.66,14594180000,38846585164
2006-10-19,2.82,14594180000,41171216646
2006-10-20,2.86,14594180000,41671593025
2006-10-23,2.91,14594180000,42458643879
2006-10-24,2.89,14594180000,42244941975
2006-10-25,2.92,14594180000,42573311581
2006-10-26,2.94,14594180000,42839129791
2006-10-27,2.87,14594180000,41911363521
2006-10-30,2.87,14594180000,41916572368
2006-10-31,2.90,14594180000,42260571995
2006-11-01,2.83,14594180000,41259833155
2006-11-02,2.82,14594180000,41166007799
2006-11-03,2.80,14594180000,40806364234
2006-11-06,2.85,14594180000,41546507629
2006-11-07,2.88,14594180000,41963476347
2006-11-08,2.94,14594180000,42974650279
2006-11-09,2.98,14594180000,43438540373
2006-11-10,2.97,14594180000,43323858753
2006-11-13,3.01,14594180000,43964967946
2006-11-14,3.04,14594180000,44303755246
2006-11-15,3.00,14594180000,43808605112
2006-11-16,3.06,14594180000,44621703680
2006-11-17,3.07,14594180000,44746792555
2006-11-20,3.09,14594180000,45069949836
2006-11-21,3.16,14594180000,46180157970
2006-11-22,3.23,14594180000,47071441435
2006-11-24,3.27,14594180000,47759454607
2006-11-27,3.20,14594180000,46670099258
2006-11-28,3.28,14594180000,47853279962
2006-11-29,3.28,14594180000,47848053718
2006-11-30,3.27,14594180000,47775084627
2006-12-01,3.26,14594180000,47597882926
2006-12-04,3.25,14594180000,47493636397
2006-12-05,3.26,14594180000,47571817814
2006-12-06,3.21,14594180000,46821253245
2006-12-07,3.11,14594180000,45367045484
2006-12-08,3.15,14594180000,46002942350
2006-12-11,3.17,14594180000,46258339387
2006-12-12,3.08,14594180000,44897956981
2006-12-13,3.18,14594180000,46414702221
2006-12-14,3.16,14594180000,46154092858
2006-12-15,3.13,14594180000,45721480202
2006-12-18,3.05,14594180000,44548734589
2006-12-19,3.08,14594180000,44986559572
2006-12-20,3.03,14594180000,44178669850
2006-12-21,2.96,14594180000,43209194530
2006-12-22,2.94,14594180000,42844338638
2006-12-26,2.91,14594180000,42484695073
2006-12-27,2.91,14594180000,42489917838
2006-12-28,2.89,14594180000,42151116619
2006-12-29,3.03,14594180000,44220364982
2007-01-03,2.99,14594180000,43678293471
2007-01-04,3.06,14594180000,44647772271
2007-01-05,3.04,14594180000,44329820358
2007-01-08,3.05,14594180000,44548734589
2007-01-09,3.31,14594180000,48249395895
2007-01-10,3.46,14594180000,50558414754
2007-01-11,3.42,14594180000,49932949499
2007-01-12,3.38,14594180000,49317908897
2007-01-16,3.47,14594180000,50610527579
2007-01-17,3.39,14594180000,49489901751
2007-01-18,3.18,14594180000,46425123395
2007-01-19,3.16,14594180000,46128027746
2007-01-22,3.10,14594180000,45236747761
2007-01-23,3.06,14594180000,44668611138
2007-01-24,3.10,14594180000,45189843782
2007-01-25,3.08,14594180000,44955285613
2007-01-26,3.05,14594180000,44501827131
2007-01-29,3.07,14594180000,44793713932
2007-01-30,3.06,14594180000,44590429721
2007-01-31,3.06,14594180000,44684255077
2007-02-01,3.03,14594180000,44168248677
2007-02-02,3.03,14594180000,44173461004
2007-02-05,3.00,14594180000,43751266041
2007-02-06,3.01,14594180000,43860721417
2007-02-07,3.08,14594180000,44903169308
2007-02-08,3.08,14594180000,44918799328
2007-02-09,2.97,14594180000,43402054088
2007-02-12,3.03,14594180000,44241221247
2007-02-13,3.03,14594180000,44147395892
2007-02-14,3.05,14594180000,44460131999
2007-02-15,3.04,14594180000,44413214102
2007-02-16,3.03,14594180000,44215156136
2007-02-20,3.07,14594180000,44772857667
2007-02-21,3.19,14594180000,46492883638
2007-02-22,3.20,14594180000,46654469237
2007-02-23,3.18,14594180000,46425123395
2007-02-26,3.16,14594180000,46133240073
2007-02-27,3.00,14594180000,43746053715
2007-02-28,3.02,14594180000,44100488433
2007-03-01,3.11,14594180000,45377480575
2007-03-02,3.05,14594180000,44517460631
2007-03-05,3.08,14594180000,44991768419
2007-03-06,3.15,14594180000,45966456065
2007-03-07,3.13,14594180000,45721480202
2007-03-08,3.14,14594180000,45867421863
2007-03-09,3.14,14594180000,45851791843
2007-03-12,3.21,14594180000,46842106030
2007-03-13,3.16,14594180000,46075914921
2007-03-14,3.21,14594180000,46909869754
2007-03-15,3.20,14594180000,46685746676
2007-03-16,3.20,14594180000,46696164369
2007-03-19,3.25,14594180000,47498845244
2007-03-20,3.27,14594180000,47681273190
2007-03-21,3.35,14594180000,48926987893
2007-03-22,3.36,14594180000,48973895352
2007-03-23,3.34,14594180000,48744559947
2007-03-26,3.42,14594180000,49959000692
2007-03-27,3.41,14594180000,49755733879
2007-03-28,3.33,14594180000,48598618287
2007-03-29,3.35,14594180000,48864436496
2007-03-30,3.32,14594180000,48426611514
2007-04-02,3.34,14594180000,48812323671
2007-04-03,3.38,14594180000,49255357500
2007-04-04,3.37,14594180000,49135480951
2007-04-05,3.38,14594180000,49349182855
2007-04-09,3.34,14594180000,48812323671
2007-04-10,3.37,14594180000,49125045859
2007-04-11,3.31,14594180000,48259830986
2007-04-12,3.29,14594180000,48051337928
2007-04-13,3.22,14594180000,47034955150
2007-04-16,3.27,14594180000,47655208078
2007-04-17,3.23,14594180000,47092294220
2007-04-18,3.23,14594180000,47118345414
2007-04-19,3.22,14594180000,47050599088
2007-04-20,3.25,14594180000,47415454980
2007-04-23,3.34,14594180000,48739351100
2007-04-24,3.33,14594180000,48598618287
2007-04-25,3.41,14594180000,49698391329
2007-04-26,3.53,14594180000,51517454982
2007-04-27,3.57,14594180000,52080368840
2007-04-30,3.56,14594180000,52017831362
2007-05-01,3.55,14594180000,51845824589
2007-05-02,3.59,14594180000,52325344704
2007-05-03,3.59,14594180000,52330557030
2007-05-04,3.60,14594180000,52544258935
2007-05-07,3.71,14594180000,54165264622
2007-05-08,3.75,14594180000,54759448959
2007-05-09,3.82,14594180000,55708071494
2007-05-10,3.83,14594180000,55947824592
2007-05-11,3.88,14594180000,56677532896
2007-05-14,3.91,14594180000,57000693656
2007-05-15,3.84,14594180000,56041649947
2007-05-16,3.83,14594180000,55947824592
2007-05-17,3.91,14594180000,57042388788
2007-05-18,3.93,14594180000,57344707201
2007-05-21,4.00,14594180000,58366298827
2007-05-22,4.05,14594180000,59179397395
2007-05-23,4.03,14594180000,58840610094
2007-05-24,3.95,14594180000,57693915675
2007-05-25,4.06,14594180000,59221096006
2007-05-29,4.08,14594180000,59601595836
2007-05-30,4.24,14594180000,61905388451
2007-05-31,4.33,14594180000,63166736654
2007-06-01,4.23,14594180000,61712525414
2007-06-04,4.33,14594180000,63239702265
2007-06-05,4.38,14594180000,63938140090
2007-06-06,4.42,14594180000,64443721837
2007-06-07,4.43,14594180000,64667844915
2007-06-08,4.45,14594180000,64886762626
2007-06-11,4.29,14594180000,62645517928
2007-06-12,4.30,14594180000,62744552131
2007-06-13,4.20,14594180000,61243436911
2007-06-14,4.24,14594180000,61894956839
2007-06-15,4.30,14594180000,62807093089
2007-06-18,4.47,14594180000,65199502212
2007-06-19,4.42,14594180000,64454160408
2007-06-20,4.34,14594180000,63354373447
2007-06-21,4.43,14594180000,64579249284
2007-06-22,4.39,14594180000,64110146863
2007-06-25,4.37,14594180000,63766147236
2007-06-26,4.27,14594180000,62364052301
2007-06-27,4.35,14594180000,63531585587
2007-06-28,4.31,14594180000,62838367048
2007-06-29,4.36,14594180000,63609770484
2007-07-02,4.33,14594180000,63203222939
2007-07-03,4.54,14594180000,66283645235
2007-07-05,4.74,14594180000,69192046839
2007-07-06,4.72,14594180000,68957499108
2007-07-09,4.65,14594180000,67930698636
2007-07-10,4.73,14594180000,68983567699
2007-07-11,4.73,14594180000,69004403087
2007-07-12,4.79,14594180000,69880060011
2007-07-13,4.92,14594180000,71787736693
2007-07-16,4.93,14594180000,71980585812
2007-07-17,4.96,14594180000,72402763377
2007-07-18,4.93,14594180000,71991003506
2007-07-19,5.00,14594180000,72970900000
2007-07-20,5.13,14594180000,74925480661
2007-07-23,5.13,14594180000,74899419029
2007-07-24,4.82,14594180000,70307463820
2007-07-25,4.90,14594180000,71542757350
2007-07-26,5.21,14594180000,76098226274
2007-07-27,5.14,14594180000,74977596966
2007-07-30,5.05,14594180000,73716241804
2007-07-31,4.71,14594180000,68676040439
2007-08-01,4.82,14594180000,70364799411
2007-08-02,4.87,14594180000,71141415174
2007-08-03,4.71,14594180000,68722958336
2007-08-06,4.83,14594180000,70495100613
2007-08-07,4.82,14594180000,70380436390
2007-08-08,4.79,14594180000,69848779093
2007-08-09,4.51,14594180000,65877090731
2007-08-10,4.46,14594180000,65152591274
2007-08-13,4.56,14594180000,66606802515
2007-08-14,4.43,14594180000,64647009527
2007-08-15,4.28,14594180000,62494367421
2007-08-16,4.18,14594180000,61008882221
2007-08-17,4.36,14594180000,63620202096
2007-08-20,4.36,14594180000,63703592360
2007-08-21,4.56,14594180000,66492117415
2007-08-22,4.73,14594180000,69066957963
2007-08-23,4.68,14594180000,68316389915
2007-08-24,4.83,14594180000,70521162245
2007-08-27,4.72,14594180000,68931437476
2007-08-28,4.53,14594180000,66101213809
2007-08-29,4.79,14594180000,69885265378
2007-08-30,4.87,14594180000,71016319339
2007-08-31,4.95,14594180000,72178640299
2007-09-04,5.15,14594180000,75139172127
2007-09-05,4.88,14594180000,71282147987
2007-09-06,4.82,14594180000,70370011737
2007-09-07,4.71,14594180000,68681245807
2007-09-10,4.88,14594180000,71256086355
2007-09-11,4.84,14594180000,70620203407
2007-09-12,4.89,14594180000,71329051966
2007-09-13,4.90,14594180000,71511483392
2007-09-14,4.96,14594180000,72350647072
2007-09-17,4.94,14594180000,72142154014
2007-09-18,5.03,14594180000,73450420114
2007-09-19,5.03,14594180000,73372242177
2007-09-20,5.01,14594180000,73132475161
2007-09-21,5.15,14594180000,75133959801
2007-09-24,5.30,14594180000,77286601907
2007-09-25,5.47,14594180000,79840586191
2007-09-26,5.46,14594180000,79626880807
2007-09-27,5.52,14594180000,80528599363
2007-09-28,5.48,14594180000,79991736699
2007-10-01,5.58,14594180000,81487639592
2007-10-02,5.66,14594180000,82587426553
2007-10-03,5.64,14594180000,82311173251
2007-10-04,5.58,14594180000,81435523287
2007-10-05,5.77,14594180000,84151075772
2007-10-08,6.00,14594180000,87518176021
2007-10-09,5.99,14594180000,87492107430
2007-10-10,5.96,14594180000,86934409378
2007-10-11,5.79,14594180000,84557644193
2007-10-12,5.97,14594180000,87174162476
2007-10-15,5.96,14594180000,87033429662
2007-10-16,6.06,14594180000,88388613660
2007-10-17,6.17,14594180000,90040879387
2007-10-18,6.20,14594180000,90431796911
2007-10-19,6.09,14594180000,88826442122
2007-10-22,6.23,14594180000,90880043067
2007-10-23,6.65,14594180000,97030442127
2007-10-24,6.64,14594180000,96910565578
2007-10-25,6.53,14594180000,95268717544
2007-10-26,6.60,14594180000,96269470303
2007-10-29,6.61,14594180000,96472737116
2007-10-30,6.68,14594180000,97468270589
2007-10-31,6.78,14594180000,99005879053
2007-11-01,6.69,14594180000,97697612952
2007-11-02,6.71,14594180000,97921736030
2007-11-05,6.65,14594180000,97040873739
2007-11-06,6.85,14594180000,99964926241
2007-11-07,6.65,14594180000,97103414697
2007-11-08,6.27,14594180000,91458604343
2007-11-09,5.91,14594180000,86194265982
2007-11-12,5.49,14594180000,80142901124
2007-11-13,6.07,14594180000,88586675105
2007-11-14,5.93,14594180000,86579971180
2007-11-15,5.87,14594180000,85636560971
2007-11-16,5.94,14594180000,86725916320
2007-11-19,5.86,14594180000,85454136505
2007-11-20,6.03,14594180000,88008113829
2007-11-21,6.02,14594180000,87804847016
2007-11-23,6.13,14594180000,89410208765
2007-11-26,6.16,14594180000,89931427491
2007-11-27,6.24,14594180000,91114590798
2007-11-28,6.44,14594180000,93934403730
2007-11-29,6.58,14594180000,96055771878
2007-11-30,6.51,14594180000,94976834223
2007-12-03,6.39,14594180000,93225534293
2007-12-04,6.42,14594180000,93720698346
2007-12-05,6.63,14594180000,96686442500
2007-12-06,6.78,14594180000,99005879053
2007-12-07,6.94,14594180000,101273192341
2007-12-10,6.94,14594180000,101226267485
2007-12-11,6.73,14594180000,98270947984
2007-12-12,6.82,14594180000,99480193800
2007-12-13,6.85,14594180000,99985761628
2007-12-14,6.80,14594180000,99235214457
2007-12-17,6.59,14594180000,96113093551
2007-12-18,6.53,14594180000,95372964073
2007-12-19,6.54,14594180000,95445936643
2007-12-20,6.69,14594180000,97577722485
2007-12-21,6.93,14594180000,101069904651
2007-12-24,7.10,14594180000,103618676608
2007-12-26,7.11,14594180000,103696861505
2007-12-27,7.09,14594180000,103498800059
2007-12-28,7.14,14594180000,104155539273
2007-12-31,7.07,14594180000,103243403023
2008-01-02,6.96,14594180000,101554637092
2008-01-03,6.96,14594180000,101601554989
2008-01-04,6.43,14594180000,93845787221
2008-01-07,6.34,14594180000,92589651344
2008-01-08,6.12,14594180000,89259044339
2008-01-09,6.41,14594180000,93506999921
2008-01-10,6.36,14594180000,92787712790
2008-01-11,6.17,14594180000,90009605428
2008-01-14,6.39,14594180000,93183842640
2008-01-15,6.04,14594180000,88107154991
2008-01-16,5.70,14594180000,83207679481
2008-01-17,5.75,14594180000,83859192450
2008-01-18,5.76,14594180000,84104171793
2008-01-22,5.56,14594180000,81122783700
2008-01-23,4.97,14594180000,72486167559
2008-01-24,4.84,14594180000,70677525079
2008-01-25,4.64,14594180000,67763904189
2008-01-28,4.64,14594180000,67763904189
2008-01-29,4.70,14594180000,68561369258
2008-01-30,4.72,14594180000,68894951191
2008-01-31,4.83,14594180000,70552443163
2008-02-01,4.78,14594180000,69713272524
2008-02-04,4.70,14594180000,68618711808
2008-02-05,4.62,14594180000,67425109930
2008-02-06,4.36,14594180000,63588928137
2008-02-07,4.33,14594180000,63192798287
2008-02-08,4.48,14594180000,65402782943
2008-02-11,4.62,14594180000,67472013909
2008-02-12,4.46,14594180000,65079625663
2008-02-13,4.62,14594180000,67445966195
2008-02-14,4.55,14594180000,66434795742
2008-02-15,4.45,14594180000,64959728237
2008-02-19,4.36,14594180000,63682743054
2008-02-20,4.42,14594180000,64537550672
2008-02-21,4.34,14594180000,63349161121
2008-02-22,4.27,14594180000,62265032016
2008-02-25,4.28,14594180000,62410977157
2008-02-26,4.26,14594180000,62103442938
2008-02-27,4.39,14594180000,64089304516
2008-02-28,4.64,14594180000,67711787884
2008-02-29,4.47,14594180000,65163015927
2008-03-03,4.35,14594180000,63448195323
2008-03-04,4.45,14594180000,64954522869
2008-03-05,4.45,14594180000,64886762626
2008-03-06,4.32,14594180000,63031230085
2008-03-07,4.37,14594180000,63719229339
2008-03-10,4.27,14594180000,62384908565
2008-03-11,4.55,14594180000,66377453192
2008-03-12,4.50,14594180000,65689440020
2008-03-13,4.57,14594180000,66684980452
2008-03-14,4.52,14594180000,65991761913
2008-03-17,4.53,14594180000,66054295912
2008-03-18,4.74,14594180000,69228526165
2008-03-19,4.63,14594180000,67586685090
2008-03-20,4.76,14594180000,69463087814
2008-03-24,4.98,14594180000,72725920657
2008-03-25,5.03,14594180000,73481694073
2008-03-26,5.18,14594180000,75608274548
2008-03-27,5.01,14594180000,73101208161
2008-03-28,5.11,14594180000,74539775463
2008-03-31,5.13,14594180000,74795172500
2008-04-01,5.34,14594180000,77938128794
2008-04-02,5.27,14594180000,76874842037
2008-04-03,5.41,14594180000,79022271817
2008-04-04,5.47,14594180000,79788469886
2008-04-07,5.57,14594180000,81253098820
2008-04-08,5.46,14594180000,79663367092
2008-04-09,5.41,14594180000,78933655308
2008-04-10,5.52,14594180000,80554660995
2008-04-11,5.26,14594180000,76692417570
2008-04-14,5.28,14594180000,77025992544
2008-04-15,5.30,14594180000,77338732131
2008-04-16,5.49,14594180000,80111627166
2008-04-17,5.52,14594180000,80523387037
2008-04-18,5.75,14594180000,83937391265
2008-04-21,6.01,14594180000,87648470264
2008-04-22,5.72,14594180000,83499562803
2008-04-23,5.82,14594180000,84901643820
2008-04-24,6.03,14594180000,88055017808
2008-04-25,6.06,14594180000,88466798556
2008-04-28,6.15,14594180000,89775064657
2008-04-29,6.25,14594180000,91239693591
2008-04-30,6.21,14594180000,90666344642
2008-05-01,6.43,14594180000,93819725589
2008-05-02,6.46,14594180000,94309677315
2008-05-05,6.60,14594180000,96285100323
2008-05-06,6.67,14594180000,97291065408
2008-05-07,6.52,14594180000,95169683342
2008-05-08,6.61,14594180000,96457107096
2008-05-09,6.55,14594180000,95617943416
2008-05-12,6.72,14594180000,98072886538
2008-05-13,6.78,14594180000,99011091379
2008-05-14,6.65,14594180000,97082572350
2008-05-15,6.78,14594180000,98891200912
2008-05-16,6.70,14594180000,97791427869
2008-05-19,6.56,14594180000,95696128312
2008-05-20,6.64,14594180000,96894935558
2008-05-21,6.36,14594180000,92876322339
2008-05-22,6.32,14594180000,92282124084
2008-05-23,6.47,14594180000,94429553864
2008-05-27,6.66,14594180000,97171174941
2008-05-28,6.68,14594180000,97473489874
2008-05-29,6.67,14594180000,97306695428
2008-05-30,6.74,14594180000,98380406839
2008-06-02,6.65,14594180000,96999182086
2008-06-03,6.62,14594180000,96618682256
2008-06-04,6.61,14594180000,96524867339
2008-06-05,6.77,14594180000,98734838078
2008-06-06,6.63,14594180000,96759415070
2008-06-09,6.49,14594180000,94658889269
2008-06-10,6.63,14594180000,96759415070
2008-06-11,6.46,14594180000,94241917072
2008-06-12,6.19,14594180000,90306701076
2008-06-13,6.16,14594180000,89842810982
2008-06-16,6.32,14594180000,92172665229
2008-06-17,6.48,14594180000,94565074352
2008-06-18,6.38,14594180000,93168205661
2008-06-19,6.46,14594180000,94288821051
2008-06-20,6.26,14594180000,91354357814
2008-06-23,6.18,14594180000,90254584771
2008-06-24,6.19,14594180000,90301488750
2008-06-25,6.34,14594180000,92459343183
2008-06-26,6.01,14594180000,87700600487
2008-06-27,6.07,14594180000,88654435349
2008-06-30,5.98,14594180000,87273196678
2008-07-01,6.24,14594180000,91046830554
2008-07-02,6.01,14594180000,87658908835
2008-07-03,6.08,14594180000,88670065369
2008-07-07,6.26,14594180000,91297015264
2008-07-08,6.41,14594180000,93585177858
2008-07-09,6.22,14594180000,90822707476
2008-07-10,6.31,14594180000,92063213333
2008-07-11,6.16,14594180000,89952262878
2008-07-14,6.21,14594180000,90629858357
2008-07-15,6.06,14594180000,88419873700
2008-07-16,6.17,14594180000,90072153346
2008-07-17,6.14,14594180000,89550927661
2008-07-18,5.90,14594180000,86079594801
2008-07-21,5.94,14594180000,86673800015
2008-07-22,5.79,14594180000,84448185338
2008-07-23,5.94,14594180000,86658156076
2008-07-24,5.68,14594180000,82889734527
2008-07-25,5.79,14594180000,84500301643
2008-07-28,5.51,14594180000,80476483058
2008-07-29,5.61,14594180000,81873351749
2008-07-30,5.71,14594180000,83332768357
2008-07-31,5.68,14594180000,82848035916
2008-08-01,5.59,14594180000,81654434038
2008-08-04,5.47,14594180000,79866647823
2008-08-05,5.74,14594180000,83728898207
2008-08-06,5.86,14594180000,85579232339
2008-08-07,5.84,14594180000,85256075059
2008-08-08,6.06,14594180000,88372969721
2008-08-11,6.20,14594180000,90463063911
2008-08-12,6.31,14594180000,92115343556
2008-08-13,6.40,14594180000,93454869697
2008-08-14,6.40,14594180000,93465301309
2008-08-15,6.28,14594180000,91599337157
2008-08-18,6.26,14594180000,91416905731
2008-08-19,6.20,14594180000,90447433890
2008-08-20,6.28,14594180000,91651453462
2008-08-21,6.22,14594180000,90843563741
2008-08-22,6.31,14594180000,92146617515
2008-08-25,6.16,14594180000,89936632858
2008-08-26,6.20,14594180000,90504769481
2008-08-27,6.24,14594180000,91041618227
2008-08-28,6.20,14594180000,90556885787
2008-08-29,6.05,14594180000,88362552027
2008-09-02,5.94,14594180000,86621669791
2008-09-03,5.96,14594180000,87023005009
2008-09-04,5.76,14594180000,84031199223
2008-09-05,5.72,14594180000,83489131191
2008-09-08,5.64,14594180000,82311173251
2008-09-09,5.42,14594180000,79058758102
2008-09-10,5.41,14594180000,79022271817
2008-09-11,5.45,14594180000,79564346808
2008-09-12,5.32,14594180000,77630615452
2008-09-15,5.01,14594180000,73158536793
2008-09-16,5.00,14594180000,72908352083
2008-09-17,4.57,14594180000,66627644862
2008-09-18,4.79,14594180000,69890491623
2008-09-19,5.03,14594180000,73445207788
2008-09-22,4.68,14594180000,68305972221
2008-09-23,4.53,14594180000,66111638462
2008-09-24,4.60,14594180000,67086322629
2008-09-25,4.71,14594180000,68764649989
2008-09-26,4.58,14594180000,66841343287
2008-09-29,3.76,14594180000,54863695487
2008-09-30,4.06,14594180000,59241952271
2008-10-01,3.90,14594180000,56875604780
2008-10-02,3.58,14594180000,52174194196
2008-10-03,3.47,14594180000,50594897559
2008-10-06,3.51,14594180000,51152602570
2008-10-07,3.18,14594180000,46472044771
2008-10-08,3.21,14594180000,46800410898
2008-10-09,3.17,14594180000,46253130540
2008-10-10,3.46,14594180000,50454168225
2008-10-13,3.94,14594180000,57469792597
2008-10-14,3.72,14594180000,54248654886
2008-10-15,3.50,14594180000,51053564888
2008-10-16,3.64,14594180000,53107183231
2008-10-17,3.48,14594180000,50766890414
2008-10-20,3.52,14594180000,51308961925
2008-10-21,3.27,14594180000,47686482037
2008-10-22,3.46,14594180000,50490651030
2008-10-23,3.51,14594180000,51199506549
2008-10-24,3.44,14594180000,50235253994
2008-10-27,3.29,14594180000,47999221623
2008-10-28,3.57,14594180000,52075156514
2008-10-29,3.73,14594180000,54493630749
2008-10-30,3.97,14594180000,57876343621
2008-10-31,3.84,14594180000,56078136232
2008-11-03,3.82,14594180000,55749766626
2008-11-04,3.96,14594180000,57850292427
2008-11-05,3.69,14594180000,53842103862
2008-11-06,3.54,14594180000,51652975470
2008-11-07,3.51,14594180000,51204715396
2008-11-10,3.42,14594180000,49974644631
2008-11-11,3.38,14594180000,49396090314
2008-11-12,3.22,14594180000,46972403753
2008-11-13,3.44,14594180000,50266531432
2008-11-14,3.22,14594180000,47034955150
2008-11-17,3.15,14594180000,45940390954
2008-11-18,3.21,14594180000,46862948377
2008-11-19,3.08,14594180000,44976138398
2008-11-20,2.87,14594180000,41953058653
2008-11-21,2.95,14594180000,43042410523
2008-11-24,3.32,14594180000,48447467779
2008-11-25,3.24,14594180000,47326838471
2008-11-26,3.39,14594180000,49515966863
2008-11-28,3.31,14594180000,48301526118
2008-12-01,3.18,14594180000,46352150824
2008-12-02,3.30,14594180000,48197279589
2008-12-03,3.42,14594180000,49985065804
2008-12-04,3.26,14594180000,47644786905
2008-12-05,3.36,14594180000,48994748137
2008-12-08,3.56,14594180000,51976136230
2008-12-09,3.57,14594180000,52153337931
2008-12-10,3.51,14594180000,51189085376
2008-12-11,3.39,14594180000,49515966863
2008-12-12,3.51,14594180000,51220362814
2008-12-15,3.38,14594180000,49385669141
2008-12-16,3.41,14594180000,49740089941
2008-12-17,3.18,14594180000,46472044771
2008-12-18,3.19,14594180000,46612774105
2008-12-19,3.21,14594180000,46909869754
2008-12-22,3.06,14594180000,44689467403
2008-12-23,3.09,14594180000,45023045857
2008-12-24,3.04,14594180000,44324611511
2008-12-26,3.06,14594180000,44725950209
2008-12-29,3.09,14594180000,45142922406
2008-12-30,3.08,14594180000,44976138398
2008-12-31,3.05,14594180000,44486183192
2009-01-02,3.24,14594180000,47300773359
2009-01-05,3.38,14594180000,49297052632
2009-01-06,3.32,14594180000,48483954064
2009-01-07,3.25,14594180000,47436293847
2009-01-08,3.31,14594180000,48317156138
2009-01-09,3.23,14594180000,47212170769
2009-01-12,3.17,14594180000,46211435408
2009-01-13,3.13,14594180000,45716267876
2009-01-14,3.05,14594180000,44475762019
2009-01-15,2.98,14594180000,43459382720
2009-01-16,2.94,14594180000,42912098882
2009-01-20,2.79,14594180000,40759456775
2009-01-21,2.96,14594180000,43172708245
2009-01-22,3.16,14594180000,46055058656
2009-01-23,3.16,14594180000,46055058656
2009-01-26,3.20,14594180000,46722229481
2009-01-27,3.24,14594180000,47290352186
2009-01-28,3.36,14594180000,49098994666
2009-01-29,3.32,14594180000,48473532891
2009-01-30,3.22,14594180000,46977629997
2009-02-02,3.27,14594180000,47696903210
2009-02-03,3.32,14594180000,48463097799
2009-02-04,3.34,14594180000,48760189968
2009-02-05,3.44,14594180000,50276949126
2009-02-06,3.56,14594180000,51976136230
2009-02-09,3.66,14594180000,53430330073
2009-02-10,3.49,14594180000,50991027410
2009-02-11,3.46,14594180000,50464585919
2009-02-12,3.55,14594180000,51741578060
2009-02-13,3.54,14594180000,51684252908
2009-02-17,3.38,14594180000,49270987520
2009-02-18,3.37,14594180000,49187597256
2009-02-19,3.24,14594180000,47243448207
2009-02-20,3.26,14594180000,47535331529
2009-02-23,3.11,14594180000,45320138025
2009-02-24,3.22,14594180000,47040163996
2009-02-25,3.26,14594180000,47514475264
2009-02-26,3.19,14594180000,46487674791
2009-02-27,3.19,14594180000,46550222709
2009-03-02,3.14,14594180000,45836144425
2009-03-03,3.16,14594180000,46060267503
2009-03-04,3.26,14594180000,47519687590
2009-03-05,3.17,14594180000,46305246845
2009-03-06,3.05,14594180000,44460131999
2009-03-09,2.97,14594180000,43318649906
2009-03-10,3.17,14594180000,46195791470
2009-03-11,3.31,14594180000,48306734965
2009-03-12,3.44,14594180000,50219610055
2009-03-13,3.43,14594180000,50000695824
2009-03-16,3.41,14594180000,49734877614
2009-03-17,3.56,14594180000,51944862271
2009-03-18,3.63,14594180000,52914323673
2009-03-19,3.63,14594180000,52966453897
2009-03-20,3.63,14594180000,52950806479
2009-03-23,3.85,14594180000,56114622518
2009-03-24,3.80,14594180000,55509999609
2009-03-25,3.80,14594180000,55504790763
2009-03-26,3.92,14594180000,57266525784
2009-03-27,3.82,14594180000,55692427555
2009-03-30,3.73,14594180000,54462356790
2009-03-31,3.75,14594180000,54790726397
2009-04-01,3.88,14594180000,56651485182
2009-04-02,4.03,14594180000,58746781259
2009-04-03,4.14,14594180000,60456389537
2009-04-06,4.23,14594180000,61738594005
2009-04-07,4.11,14594180000,59940383137
2009-04-08,4.15,14594180000,60628396309
2009-04-09,4.27,14594180000,62322360648
2009-04-13,4.29,14594180000,62661147949
2009-04-14,4.23,14594180000,61665621435
2009-04-15,4.20,14594180000,61316409481
2009-04-16,4.34,14594180000,63302257142
2009-04-17,4.41,14594180000,64329057614
2009-04-20,4.30,14594180000,62807093089
2009-04-21,4.35,14594180000,63463825343
2009-04-22,4.34,14594180000,63333531100
2009-04-23,4.48,14594180000,65361070414
2009-04-24,4.43,14594180000,64579249284
2009-04-27,4.45,14594180000,65011858460
2009-04-28,4.43,14594180000,64579249284
2009-04-29,4.47,14594180000,65225563844
2009-04-30,4.49,14594180000,65585207410
2009-05-01,4.54,14594180000,66320124561
2009-05-04,4.72,14594180000,68837622559
2009-05-05,4.74,14594180000,69171204492
2009-05-06,4.73,14594180000,69061745637
2009-05-07,4.61,14594180000,67268747096
2009-05-08,4.61,14594180000,67336507339
2009-05-11,4.63,14594180000,67534568785
2009-05-12,4.44,14594180000,64850276340
2009-05-13,4.27,14594180000,62280662037
2009-05-14,4.39,14594180000,64084078272
2009-05-15,4.37,14594180000,63807838888
2009-05-18,4.52,14594180000,66012597301
2009-05-19,4.55,14594180000,66429583416
2009-05-20,4.50,14594180000,65606049756
2009-05-21,4.43,14594180000,64725187465
2009-05-22,4.38,14594180000,63849537500
2009-05-26,4.67,14594180000,68165239407
2009-05-27,4.75,14594180000,69348423591
2009-05-28,4.82,14594180000,70401285696
2009-05-29,4.85,14594180000,70786983935
2009-06-01,4.98,14594180000,72632112699
2009-06-02,4.98,14594180000,72705078311
2009-06-03,5.03,14594180000,73466064053
2009-06-04,5.13,14594180000,74920261376
2009-06-05,5.17,14594180000,75405007735
2009-06-08,5.14,14594180000,74977596966
2009-06-09,5.10,14594180000,74388624956
2009-06-10,5.01,14594180000,73101208161
2009-06-11,5.00,14594180000,72944831409
2009-06-12,4.89,14594180000,71391606843
2009-06-15,4.86,14594180000,70932922116
2009-06-16,4.87,14594180000,71068449562
2009-06-17,4.84,14594180000,70667107386
2009-06-18,4.85,14594180000,70823470220
2009-06-19,4.98,14594180000,72699872943
2009-06-22,4.91,14594180000,71600085982
2009-06-23,4.79,14594180000,69848779093
2009-06-24,4.86,14594180000,71000682360
2009-06-25,4.99,14594180000,72897927430
2009-06-26,5.09,14594180000,74242679815
2009-06-29,5.07,14594180000,73997700473
2009-06-30,5.09,14594180000,74237467489
2009-07-01,5.10,14594180000,74445946628
2009-07-02,5.00,14594180000,72981317694
2009-07-06,4.95,14594180000,72246400543
2009-07-07,4.84,14594180000,70573278551
2009-07-08,4.90,14594180000,71521901086
2009-07-09,4.87,14594180000,71073654930
2009-07-10,4.95,14594180000,72199496564
2009-07-13,5.08,14594180000,74190549592
2009-07-14,5.08,14594180000,74154063307
2009-07-15,5.25,14594180000,76556897083
2009-07-16,5.27,14594180000,76890472057
2009-07-17,5.42,14594180000,79095244387
2009-07-20,5.46,14594180000,79699853377
2009-07-21,5.41,14594180000,78970141593
2009-07-22,5.60,14594180000,81696132650
2009-07-23,5.64,14594180000,82259056946
2009-07-24,5.71,14594180000,83390110907
2009-07-27,5.72,14594180000,83447432579
2009-07-28,5.71,14594180000,83395316274
2009-07-29,5.72,14594180000,83410946294
2009-07-30,5.81,14594180000,84849527515
2009-07-31,5.84,14594180000,85162253183
2009-08-03,5.94,14594180000,86746772585
2009-08-04,5.91,14594180000,86288087858
2009-08-05,5.90,14594180000,86058759413
2009-08-06,5.85,14594180000,85433294158
2009-08-07,5.91,14594180000,86267231593
2009-08-10,5.88,14594180000,85855471723
2009-08-11,5.82,14594180000,84870369862
2009-08-12,5.90,14594180000,86163005942
2009-08-13,6.01,14594180000,87783990751
2009-08-14,5.96,14594180000,86929197051
2009-08-17,5.70,14594180000,83181617849
2009-08-18,5.86,14594180000,85480198137
2009-08-19,5.88,14594180000,85792923805
2009-08-20,5.94,14594180000,86694642362
2009-08-21,6.04,14594180000,88200962949
2009-08-24,6.04,14594180000,88117572685
2009-08-25,6.05,14594180000,88294791784
2009-08-26,5.98,14594180000,87257566658
2009-08-27,6.05,14594180000,88320853416
2009-08-28,6.07,14594180000,88633579084
2009-08-31,6.01,14594180000,87674538855
2009-09-01,5.90,14594180000,86157779697
2009-09-02,5.90,14594180000,86095238739
2009-09-03,5.95,14594180000,86809306584
2009-09-04,6.08,14594180000,88769099572
2009-09-08,6.18,14594180000,90134694304
2009-09-09,6.11,14594180000,89201715707
2009-09-10,6.16,14594180000,89941845185
2009-09-11,6.15,14594180000,89733352127
2009-09-14,6.20,14594180000,90546468093
2009-09-15,6.26,14594180000,91297015264
2009-09-16,6.50,14594180000,94794409756
2009-09-17,6.59,14594180000,96191278447
2009-09-18,6.61,14594180000,96436257790
2009-09-21,6.57,14594180000,95915039064
2009-09-22,6.59,14594180000,96154792162
2009-09-23,6.63,14594180000,96686442500
2009-09-24,6.57,14594180000,95810792535
2009-09-25,6.51,14594180000,95055019119
2009-09-28,6.65,14594180000,97025229801
2009-09-29,6.62,14594180000,96623894583
2009-09-30,6.62,14594180000,96608264562
2009-10-01,6.46,14594180000,94267985663
2009-10-02,6.60,14594180000,96373702914
2009-10-05,6.64,14594180000,96957469557
2009-10-06,6.79,14594180000,99037139093
2009-10-07,6.79,14594180000,99162241887
2009-10-08,6.76,14594180000,98651447814
2009-10-09,6.80,14594180000,99276906110
2009-10-12,6.81,14594180000,99454125209
2009-10-13,6.79,14594180000,99042365338
2009-10-14,6.83,14594180000,99704316878
2009-10-15,6.81,14594180000,99323817048
2009-10-16,6.72,14594180000,98015550947
2009-10-19,6.78,14594180000,98958961156
2009-10-20,7.10,14594180000,103597820343
2009-10-21,7.32,14594180000,106808543840
2009-10-22,7.33,14594180000,106954482022
2009-10-23,7.28,14594180000,106297742808
2009-10-26,7.23,14594180000,105536777943
2009-10-27,7.05,14594180000,102873341763
2009-10-28,6.87,14594180000,100282871195
2009-10-29,7.01,14594180000,102341684466
2009-10-30,6.73,14594180000,98250105637
2009-11-02,6.76,14594180000,98672290161
2009-11-03,6.74,14594180000,98380406839
2009-11-04,6.81,14594180000,99454125209
2009-11-05,6.93,14594180000,101132459527
2009-11-06,6.94,14594180000,101294027729
2009-11-09,7.20,14594180000,105005127605
2009-11-10,7.25,14594180000,105797387306
2009-11-11,7.26,14594180000,105938113161
2009-11-12,7.21,14594180000,105281380907
2009-11-13,7.30,14594180000,106563578416
2009-11-16,7.38,14594180000,107699837744
2009-11-17,7.39,14594180000,107892686863
2009-11-18,7.36,14594180000,107350611872
2009-11-19,7.16,14594180000,104509956593
2009-11-20,7.14,14594180000,104202443251
2009-11-23,7.35,14594180000,107308920220
2009-11-24,7.30,14594180000,106558366089
2009-11-25,7.29,14594180000,106428057928
2009-11-27,7.16,14594180000,104551669123
2009-11-30,7.14,14594180000,104197237884
2009-12-01,7.03,14594180000,102664848706
2009-12-02,7.01,14594180000,102279136549
2009-12-03,7.02,14594180000,102409444710
2009-12-04,6.90,14594180000,100762391309
2009-12-07,6.75,14594180000,98484646409
2009-12-08,6.78,14594180000,98964173482
2009-12-09,7.06,14594180000,103097464841
2009-12-10,7.02,14594180000,102383383078
2009-12-11,6.95,14594180000,101466034501
2009-12-14,7.03,14594180000,102670054073
2009-12-15,6.93,14594180000,101205425138
2009-12-16,6.97,14594180000,101653671294
2009-12-17,6.85,14594180000,100001405567
2009-12-18,6.98,14594180000,101862164352
2009-12-21,7.08,14594180000,103321580960
2009-12-22,7.16,14594180000,104431778656
2009-12-23,7.22,14594180000,105338702579
2009-12-24,7.47,14594180000,108955973621
2009-12-28,7.56,14594180000,110295513680
2009-12-29,7.47,14594180000,108987247579
2009-12-30,7.56,14594180000,110311143700
2009-12-31,7.53,14594180000,109836835912
2010-01-04,7.64,14594180000,111546444189
2010-01-05,7.66,14594180000,111739300268
2010-01-06,7.53,14594180000,109961938706
2010-01-07,7.52,14594180000,109758651015
2010-01-08,7.57,14594180000,110488362799
2010-01-11,7.50,14594180000,109513692550
2010-01-12,7.42,14594180000,108267960449
2010-01-13,7.52,14594180000,109795137301
2010-01-14,7.48,14594180000,109159254352
2010-01-15,7.35,14594180000,107334981852
2010-01-19,7.68,14594180000,112083299895
2010-01-20,7.56,14594180000,110358068556
2010-01-21,7.43,14594180000,108450384915
2010-01-22,7.06,14594180000,103071396250
2010-01-25,7.25,14594180000,105844291285
2010-01-26,7.36,14594180000,107340194178
2010-01-27,7.42,14594180000,108351364631
2010-01-28,7.12,14594180000,103874073645
2010-01-29,6.86,14594180000,100105652096
2010-02-01,6.95,14594180000,101497308460
2010-02-02,6.99,14594180000,102086287430
2010-02-03,7.12,14594180000,103842799686
2010-02-04,6.86,14594180000,100100446728
2010-02-05,6.98,14594180000,101877794372
2010-02-08,6.93,14594180000,101179363506
2010-02-09,7.01,14594180000,102258294202
2010-02-10,6.97,14594180000,101700582232
2010-02-11,7.10,14594180000,103550916364
2010-02-12,7.16,14594180000,104442210268
2010-02-16,7.26,14594180000,106016298058
2010-02-17,7.23,14594180000,105573264228
2010-02-18,7.25,14594180000,105771318715
2010-02-19,7.20,14594180000,105114579501
2010-02-22,7.16,14594180000,104463052614
2010-02-23,7.04,14594180000,102711752685
2010-02-24,7.17,14594180000,104588155408
2010-02-25,7.21,14594180000,105286586274
2010-02-26,7.31,14594180000,106652181006
2010-03-01,7.46,14594180000,108929925907
2010-03-02,7.46,14594180000,108856953336
2010-03-03,7.48,14594180000,109107124128
2010-03-04,7.53,14594180000,109826411259
2010-03-05,7.82,14594180000,114121277779
2010-03-08,7.82,14594180000,114189038023
2010-03-09,7.97,14594180000,116242645927
2010-03-10,8.03,14594180000,117191261503
2010-03-11,8.05,14594180000,117535261130
2010-03-12,8.09,14594180000,118108617038
2010-03-15,7.99,14594180000,116670049736
2010-03-16,8.02,14594180000,116987987731
2010-03-17,8.00,14594180000,116815987917
2010-03-18,8.02,14594180000,117092234260
2010-03-19,7.94,14594180000,115841303750
2010-03-22,8.03,14594180000,117144357524
2010-03-23,8.16,14594180000,119025958656
2010-03-24,8.19,14594180000,119552396667
2010-03-25,8.09,14594180000,118134671712
2010-03-26,8.25,14594180000,120349875654
2010-03-29,8.30,14594180000,121126477498
2010-03-30,8.42,14594180000,122929900692
2010-03-31,8.39,14594180000,122486859904
2010-04-01,8.43,14594180000,122992448610
2010-04-05,8.52,14594180000,124305927037
2010-04-06,8.56,14594180000,124853214354
2010-04-07,8.59,14594180000,125405707038
2010-04-08,8.57,14594180000,125066912779
2010-04-09,8.64,14594180000,126025953008
2010-04-12,8.65,14594180000,126286569330
2010-04-13,8.66,14594180000,126359527982
2010-04-14,8.77,14594180000,128058718565
2010-04-15,8.89,14594180000,129742265211
2010-04-16,8.84,14594180000,128950005510
2010-04-19,8.82,14594180000,128778005696
2010-04-20,8.74,14594180000,127485376575
2010-04-21,9.26,14594180000,135110836182
2010-04-22,9.52,14594180000,138889682384
2010-04-23,9.67,14594180000,141162201039
2010-04-26,9.63,14594180000,140468982500
2010-04-27,9.36,14594180000,136580670484
2010-04-28,9.34,14594180000,136351342038
2010-04-29,9.59,14594180000,140020736344
2010-04-30,9.32,14594180000,136085520349
2010-05-03,9.51,14594180000,138827134466
2010-05-04,9.24,14594180000,134829370554
2010-05-05,9.14,14594180000,133427289537
2010-05-06,8.79,14594180000,128350608846
2010-05-07,8.42,14594180000,122935106060
2010-05-10,9.07,14594180000,132384838166
2010-05-11,9.16,14594180000,133703549797
2010-05-12,9.36,14594180000,136606739075
2010-05-13,9.23,14594180000,134662590026
2010-05-14,9.06,14594180000,132296235576
2010-05-17,9.08,14594180000,132504728634
2010-05-18,9.01,14594180000,131535263752
2010-05-19,8.87,14594180000,129439950277
2010-05-20,8.49,14594180000,123925448084
2010-05-21,8.65,14594180000,126302213268
2010-05-24,8.81,14594180000,128616416617
2010-05-25,8.76,14594180000,127813746182
2010-05-26,8.72,14594180000,127235184906
2010-05-27,9.05,14594180000,132051263192
2010-05-28,9.17,14594180000,133891179631
2010-06-01,9.32,14594180000,135949999862
2010-06-02,9.43,14594180000,137576217875
2010-06-03,9.40,14594180000,137143601739
2010-06-04,9.14,14594180000,133411659516
2010-06-07,8.96,14594180000,130795127315
2010-06-08,8.90,14594180000,129955963636
2010-06-09,8.69,14594180000,126760870159
2010-06-10,8.95,14594180000,130571004237
2010-06-11,9.05,14594180000,132134674334
2010-06-14,9.08,14594180000,132536002592
2010-06-15,9.27,14594180000,135355808565
2010-06-16,9.54,14594180000,139296243846
2010-06-17,9.71,14594180000,141704282989
2010-06-18,9.79,14594180000,142850953052
2010-06-21,9.65,14594180000,140818201412
2010-06-22,9.78,14594180000,142736295788
2010-06-23,9.68,14594180000,141235173610
2010-06-24,9.61,14594180000,140208380096
2010-06-25,9.52,14594180000,139009558933
2010-06-28,9.58,14594180000,139843517245
2010-06-29,9.15,14594180000,133521111412
2010-06-30,8.98,14594180000,131102647616
2010-07-01,8.87,14594180000,129512922847
2010-07-02,8.82,14594180000,128710252411
2010-07-06,8.88,14594180000,129591114703
2010-07-07,9.24,14594180000,134824151268
2010-07-08,9.22,14594180000,134521850253
2010-07-09,9.27,14594180000,135319329239
2010-07-12,9.19,14594180000,134104878056
2010-07-13,8.99,14594180000,131243373471
2010-07-14,9.03,14594180000,131728098953
2010-07-15,8.98,14594180000,131060949005
2010-07-16,8.93,14594180000,130253059284
2010-07-19,8.77,14594180000,128001376015
2010-07-20,9.00,14594180000,131290277450
2010-07-21,9.08,14594180000,132515153287
2010-07-22,9.25,14594180000,135006589653
2010-07-23,9.28,14594180000,135486109767
2010-07-26,9.26,14594180000,135142110140
2010-07-27,9.43,14594180000,137643971160
2010-07-28,9.32,14594180000,136017753146
2010-07-29,9.22,14594180000,134532274906
2010-07-30,9.19,14594180000,134084028750
2010-08-02,9.35,14594180000,136481643240
2010-08-03,9.35,14594180000,136523341852
2010-08-04,9.39,14594180000,137070629169
2010-08-05,9.35,14594180000,136403465303
2010-08-06,9.29,14594180000,135564301623
2010-08-09,9.35,14594180000,136429519976
2010-08-10,9.26,14594180000,135209863425
2010-08-11,8.94,14594180000,130404209791
2010-08-12,8.99,14594180000,131238168104
2010-08-13,8.90,14594180000,129836087086
2010-08-16,8.84,14594180000,129075101344
2010-08-17,9.00,14594180000,131331989980
2010-08-18,9.04,14594180000,131905318052
2010-08-19,8.92,14594180000,130242634631
2010-08-20,8.92,14594180000,130117538796
2010-08-23,8.78,14594180000,128116047197
2010-08-24,8.57,14594180000,125056488126
2010-08-25,8.67,14594180000,126599294998
2010-08-26,8.58,14594180000,125238912592
2010-08-27,8.63,14594180000,125937350417
2010-08-30,8.66,14594180000,126396021226
2010-08-31,8.68,14594180000,126708760812
2010-09-01,8.94,14594180000,130477182362
2010-09-02,9.01,14594180000,131436222590
2010-09-03,9.24,14594180000,134876288451
2010-09-07,9.21,14594180000,134375919031
2010-09-08,9.39,14594180000,137039355211
2010-09-09,9.40,14594180000,137117533148
2010-09-10,9.41,14594180000,137294752247
2010-09-13,9.54,14594180000,139186778032
2010-09-14,9.57,14594180000,139718421411
2010-09-15,9.65,14594180000,140844256086
2010-09-16,9.88,14594180000,144154006826
2010-09-17,9.83,14594180000,143528555489
2010-09-20,10.12,14594180000,147625346645
2010-09-21,10.13,14594180000,147906798355
2010-09-22,10.28,14594180000,149981262524
2010-09-23,10.32,14594180000,150591083840
2010-09-24,10.44,14594180000,152363233076
2010-09-27,10.40,14594180000,151758617127
2010-09-28,10.24,14594180000,149517372430
2010-09-29,10.26,14594180000,149783194119
2010-09-30,10.13,14594180000,147896387620
2010-10-01,10.09,14594180000,147255278427
2010-10-04,9.95,14594180000,145232951440
2010-10-05,10.32,14594180000,150601522411
2010-10-06,10.33,14594180000,150731809695
2010-10-07,10.33,14594180000,150747453634
2010-10-08,10.50,14594180000,153275369326
2010-10-11,10.55,14594180000,153947738560
2010-10-12,10.66,14594180000,155605230532
2010-10-13,10.72,14594180000,156439188844
2010-10-14,10.80,14594180000,157570242805
2010-10-15,11.24,14594180000,164049004513
2010-10-18,11.36,14594180000,165748195096
2010-10-19,11.05,14594180000,161312595763
2010-10-20,11.09,14594180000,161854663794
2010-10-21,11.05,14594180000,161328239701
2010-10-22,10.98,14594180000,160259733658
2010-10-25,11.03,14594180000,160973801503
2010-10-26,11.00,14594180000,160562048591
2010-10-27,10.99,14594180000,160447377410
2010-10-28,10.90,14594180000,159097419657
2010-10-29,10.75,14594180000,156877010347
2010-11-01,10.86,14594180000,158544913054
2010-11-02,11.05,14594180000,161244828560
2010-11-03,11.17,14594180000,163037841019
2010-11-04,11.37,14594180000,165888920951
2010-11-05,11.33,14594180000,165294715737
2010-11-08,11.38,14594180000,166071345417
2010-11-09,11.29,14594180000,164747442338
2010-11-10,11.36,14594180000,165763825116
2010-11-11,11.31,14594180000,165044551904
2010-11-12,11.00,14594180000,160551610020
2010-11-15,10.97,14594180000,160035610580
2010-11-16,10.77,14594180000,157194955301
2010-11-17,10.73,14594180000,156626832596
2010-11-18,11.02,14594180000,160760103078
2010-11-19,10.95,14594180000,159874035419
2010-11-22,11.19,14594180000,163329731300
2010-11-23,11.03,14594180000,160916458953
2010-11-24,11.24,14594180000,164080278471
2010-11-26,11.25,14594180000,164184525000
2010-11-29,11.32,14594180000,165159209167
2010-11-30,11.11,14594180000,162177828034
2010-12-01,11.30,14594180000,164914236784
2010-12-02,11.36,14594180000,165826373034
2010-12-03,11.34,14594180000,165456304815
2010-12-06,11.43,14594180000,166868824404
2010-12-07,11.36,14594180000,165857646992
2010-12-08,11.46,14594180000,167317056641
2010-12-09,11.42,14594180000,166665536713
2010-12-10,11.45,14594180000,167082508911
2010-12-13,11.49,14594180000,167661056268
2010-12-14,11.44,14594180000,166941783056
2010-12-15,11.44,14594180000,166978276300
2010-12-16,11.47,14594180000,167442152476
2010-12-17,11.45,14594180000,167108577502
2010-12-20,11.51,14594180000,167942521896
2010-12-21,11.58,14594180000,168979753981
2010-12-22,11.61,14594180000,169480123401
2010-12-23,11.56,14594180000,168667028312
2010-12-27,11.60,14594180000,169229931732
2010-12-28,11.62,14594180000,169641712480
2010-12-29,11.62,14594180000,169547890604
2010-12-30,11.56,14594180000,168698302271
2010-12-31,11.52,14594180000,168124960281
2011-01-03,11.77,14594180000,171778710648
2011-01-04,11.83,14594180000,172675216878
2011-01-05,11.93,14594180000,174087708630
2011-01-06,11.92,14594180000,173946996693
2011-01-07,12.00,14594180000,175192707917
2011-01-10,12.23,14594180000,178492034005
2011-01-11,12.20,14594180000,178069856440
2011-01-12,12.30,14594180000,179518827518
2011-01-13,12.35,14594180000,180175566732
2011-01-14,12.45,14594180000,181634990299
2011-01-18,12.17,14594180000,177553829164
2011-01-19,12.10,14594180000,176610432873
2011-01-20,11.88,14594180000,173399709376
2011-01-21,11.67,14594180000,170293232408
2011-01-24,12.05,14594180000,175885940375
2011-01-25,12.19,14594180000,177944746688
2011-01-26,12.28,14594180000,179221745788
2011-01-27,12.26,14594180000,178888156896
2011-01-28,12.00,14594180000,175182269346
2011-01-31,12.12,14594180000,176860610624
2011-02-01,12.32,14594180000,179836786390
2011-02-02,12.30,14594180000,179466718172
2011-02-03,12.27,14594180000,179008033445
2011-02-04,12.38,14594180000,180602977500
2011-02-07,12.57,14594180000,183407153453
2011-02-08,12.69,14594180000,185137590159
2011-02-09,12.79,14594180000,186680410949
2011-02-10,12.66,14594180000,184793590532
2011-02-11,12.74,14594180000,185997617062
2011-02-14,12.83,14594180000,187212054328
2011-02-15,12.85,14594180000,187587327914
2011-02-16,12.97,14594180000,189270888477
2011-02-17,12.80,14594180000,186753383519
2011-02-18,12.52,14594180000,182719140281
2011-02-22,12.09,14594180000,176490542406
2011-02-23,12.24,14594180000,178580650513
2011-02-24,12.25,14594180000,178716157083
2011-02-25,12.43,14594180000,181468209771
2011-02-28,12.61,14594180000,184100371992
2011-03-01,12.48,14594180000,182067606435
2011-03-02,12.58,14594180000,183532235369
2011-03-03,12.84,14594180000,187410122733
2011-03-04,12.86,14594180000,187639465096
2011-03-07,12.69,14594180000,185221001300
2011-03-08,12.71,14594180000,185429480439
2011-03-09,12.59,14594180000,183714659836
2011-03-10,12.38,14594180000,180691580090
2011-03-11,12.57,14594180000,183464468166
2011-03-14,12.63,14594180000,184282796459
2011-03-15,12.34,14594180000,180045279448
2011-03-16,11.79,14594180000,172008039093
2011-03-17,11.95,14594180000,174421311440
2011-03-18,11.81,14594180000,172352052638
2011-03-21,12.12,14594180000,176850185971
2011-03-22,12.19,14594180000,177840500159
2011-03-23,12.11,14594180000,176792857339
2011-03-24,12.32,14594180000,179805512432
2011-03-25,12.56,14594180000,183229934354
2011-03-28,12.52,14594180000,182656578445
2011-03-29,12.53,14594180000,182927619420
2011-03-30,12.45,14594180000,181713168237
2011-03-31,12.45,14594180000,181650634237
2011-04-01,12.31,14594180000,179591800089
2011-04-04,12.19,14594180000,177835294791
2011-04-05,12.10,14594180000,176636487546
2011-04-06,12.07,14594180000,176193446758
2011-04-07,12.07,14594180000,176214309982
2011-04-08,11.97,14594180000,174640215233
2011-04-11,11.81,14594180000,172419819841
2011-04-12,11.87,14594180000,173253778154
2011-04-13,12.00,14594180000,175197927203
2011-04-14,11.87,14594180000,173264188888
2011-04-15,11.69,14594180000,170678930646
2011-04-18,11.85,14594180000,172967093240
2011-04-19,12.07,14594180000,176099638800
2011-04-20,12.23,14594180000,178471184699
2011-04-21,12.52,14594180000,182792098933
2011-04-25,12.61,14594180000,183996125463
2011-04-26,12.52,14594180000,182646167711
2011-04-27,12.51,14594180000,182505427938
2011-04-28,12.38,14594180000,180733292620
2011-04-29,12.50,14594180000,182495017203
2011-05-02,12.37,14594180000,180488306318
2011-05-03,12.44,14594180000,181489045159
2011-05-04,12.48,14594180000,182203126922
2011-05-05,12.38,14594180000,180733292620
2011-05-06,12.38,14594180000,180686374723
2011-05-09,12.41,14594180000,181176319490
2011-05-10,12.48,14594180000,182140579005
2011-05-11,12.40,14594180000,180983456453
2011-05-12,12.38,14594180000,180639456826
2011-05-13,12.16,14594180000,177475651226
2011-05-16,11.90,14594180000,173722859697
2011-05-17,12.01,14594180000,175203132570
2011-05-18,12.14,14594180000,177147281619
2011-05-19,12.16,14594180000,177491295164
2011-05-20,11.97,14594180000,174723612456
2011-05-23,11.94,14594180000,174296201688
2011-05-24,11.86,14594180000,173144312339
2011-05-25,12.03,14594180000,175536707544
2011-05-26,11.96,14594180000,174608941274
2011-05-27,12.05,14594180000,175865077151
2011-05-31,12.42,14594180000,181296196039
2011-06-01,12.34,14594180000,180086964141
2011-06-02,12.36,14594180000,180394484442
2011-06-03,12.27,14594180000,179008033445
2011-06-06,12.07,14594180000,176193446758
2011-06-07,11.86,14594180000,173066120484
2011-06-08,11.87,14594180000,173170367013
2011-06-09,11.84,14594180000,172779463407
2011-06-10,11.64,14594180000,169865835558
2011-06-13,11.66,14594180000,170230684490
2011-06-14,11.87,14594180000,173274613541
2011-06-15,11.67,14594180000,170308876346
2011-06-16,11.61,14594180000,169480123401
2011-06-17,11.44,14594180000,166926139117
2011-06-20,11.26,14594180000,164351319446
2011-06-21,11.62,14594180000,169553095971
2011-06-22,11.52,14594180000,168151014954
2011-06-23,11.83,14594180000,172643942919
2011-06-24,11.66,14594180000,170100383288
2011-06-27,11.86,14594180000,173066120484
2011-06-28,11.97,14594180000,174744447843
2011-06-29,11.93,14594180000,174108571854
2011-06-30,11.99,14594180000,174958146268
2011-07-01,12.26,14594180000,178914225487
2011-07-05,12.48,14594180000,182130154352
2011-07-06,12.56,14594180000,183344591617
2011-07-07,12.76,14594180000,186180041529
2011-07-08,12.85,14594180000,187488300670
2011-07-11,12.64,14594180000,184512124904
2011-07-12,12.63,14594180000,184381837620
2011-07-13,12.79,14594180000,186607452297
2011-07-14,12.78,14594180000,186477137177
2011-07-15,13.03,14594180000,190203860114
2011-07-18,13.35,14594180000,194832308567
2011-07-19,13.46,14594180000,196422033336
2011-07-20,13.82,14594180000,201660289188
2011-07-21,13.83,14594180000,201863576878
2011-07-22,14.05,14594180000,204996108519
2011-07-25,14.23,14594180000,207706462596
2011-07-26,14.41,14594180000,210265652247
2011-07-27,14.02,14594180000,204626040301
2011-07-28,13.99,14594180000,204224698124
2011-07-29,13.95,14594180000,203526260299
2011-08-01,14.17,14594180000,206794326346
2011-08-02,13.89,14594180000,202707945925
2011-08-03,14.02,14594180000,204615615648
2011-08-04,13.48,14594180000,196693060393
2011-08-05,13.34,14594180000,194738472773
2011-08-08,12.61,14594180000,184100371992
2011-08-09,13.36,14594180000,194941760463
2011-08-10,12.99,14594180000,189562764839
2011-08-11,13.35,14594180000,194780185303
2011-08-12,13.46,14594180000,196495005907
2011-08-15,13.69,14594180000,199841235973
2011-08-16,13.59,14594180000,198314045203
2011-08-17,13.59,14594180000,198293209815
2011-08-18,13.07,14594180000,190792832125
2011-08-19,12.72,14594180000,185570206294
2011-08-22,12.73,14594180000,185783904719
2011-08-23,13.34,14594180000,194728062038
2011-08-24,13.44,14594180000,196072814424
2011-08-25,13.35,14594180000,194790609956
2011-08-26,13.70,14594180000,199929852482
2011-08-29,13.93,14594180000,203260438610
2011-08-30,13.93,14594180000,203270863263
2011-08-31,13.74,14594180000,200581372410
2011-09-01,13.61,14594180000,198600730116
2011-09-02,13.36,14594180000,194962609769
2011-09-06,13.56,14594180000,197928360883
2011-09-07,13.71,14594180000,200112276948
2011-09-08,13.72,14594180000,200221728844
2011-09-09,13.48,14594180000,196750402943
2011-09-12,13.57,14594180000,198032607411
2011-09-13,13.74,14594180000,200471920513
2011-09-14,13.90,14594180000,202911219697
2011-09-15,14.03,14594180000,204818889420
2011-09-16,14.30,14594180000,208748886130
2011-09-19,14.70,14594180000,214550073237
2011-09-20,14.77,14594180000,215498702731
2011-09-21,14.72,14594180000,214815908844
2011-09-22,14.35,14594180000,209436899302
2011-09-23,14.44,14594180000,210729542341
2011-09-26,14.40,14594180000,210140556412
2011-09-27,14.26,14594180000,208102585487
2011-09-28,14.18,14594180000,206929846834
2011-09-29,13.95,14594180000,203573178196
2011-09-30,13.62,14594180000,198751880624
2011-10-03,13.38,14594180000,195249266846
2011-10-04,13.30,14594180000,194154706130
2011-10-05,13.51,14594180000,197151745120
2011-10-06,13.48,14594180000,196693060393
2011-10-07,13.21,14594180000,192747419745
2011-10-10,13.89,14594180000,202655822661
2011-10-11,14.30,14594180000,208639434234
2011-10-12,14.36,14594180000,209629762339
2011-10-13,14.59,14594180000,212882184448
2011-10-14,15.07,14594180000,219955151370
2011-10-17,15.00,14594180000,218907494633
2011-10-18,15.08,14594180000,220080233287
2011-10-19,14.24,14594180000,207769010513
2011-10-20,14.12,14594180000,206043751339
2011-10-21,14.03,14594180000,204771971523
2011-10-24,14.49,14594180000,211495733451
2011-10-25,14.21,14594180000,207325955807
2011-10-26,14.31,14594180000,208801023312
2011-10-27,14.45,14594180000,210932802195
2011-10-28,14.46,14594180000,211068322683
2011-10-31,14.46,14594180000,210979720092
2011-11-01,14.16,14594180000,206669216593
2011-11-02,14.19,14594180000,207138325973
2011-11-03,14.40,14594180000,210088433148
2011-11-04,14.29,14594180000,208613379561
2011-11-07,14.28,14594180000,208347543953
2011-11-08,14.51,14594180000,211735486549
2011-11-09,14.12,14594180000,206028121318
2011-11-10,13.76,14594180000,200784646182
2011-11-11,13.74,14594180000,200471920513
2011-11-14,13.55,14594180000,197678169213
2011-11-15,13.89,14594180000,202666261232
2011-11-16,13.74,14594180000,200550098451
2011-11-17,13.48,14594180000,196713909699
2011-11-18,13.39,14594180000,195426485945
2011-11-21,13.18,14594180000,192335666834
2011-11-22,13.45,14594180000,196244814237
2011-11-23,13.11,14594180000,191282790811
2011-11-25,12.98,14594180000,189500216922
2011-11-28,13.43,14594180000,196041526547
2011-11-29,13.33,14594180000,194519568981
2011-11-30,13.65,14594180000,199210551433
2011-12-01,13.85,14594180000,202197151852
2011-12-02,13.92,14594180000,203119712755
2011-12-05,14.04,14594180000,204844944093
2011-12-06,13.96,14594180000,203771232683
2011-12-07,13.90,14594180000,202801767801
2011-12-08,13.95,14594180000,203620082175
2011-12-09,14.06,14594180000,205162889047
2011-12-12,13.99,14594180000,204235122777
2011-12-13,13.89,14594180000,202655822661
2011-12-14,13.58,14594180000,198162894695
2011-12-15,13.53,14594180000,197511374767
2011-12-16,13.61,14594180000,198595510831
2011-12-19,13.65,14594180000,199215770718
2011-12-20,14.14,14594180000,206377340231
2011-12-21,14.16,14594180000,206637956553
2011-12-22,14.23,14594180000,207732517269
2011-12-23,14.40,14594180000,210223953636
2011-12-27,14.52,14594180000,211891856342
2011-12-28,14.38,14594180000,209864310070
2011-12-29,14.47,14594180000,211156925273
2011-12-30,14.46,14594180000,211094391274
2012-01-03,14.69,14594180000,214341594097
2012-01-04,14.77,14594180000,215493483445
2012-01-05,14.93,14594180000,217885892568
2012-01-06,15.09,14594180000,220163630510
2012-01-09,15.06,14594180000,219814411597
2012-01-10,15.12,14594180000,220601452013
2012-01-11,15.09,14594180000,220241808447
2012-01-12,15.05,14594180000,219637192498
2012-01-13,14.99,14594180000,218813658839
2012-01-17,15.17,14594180000,221362437755
2012-01-18,15.33,14594180000,223661025002
2012-01-19,15.28,14594180000,222952162524
2012-01-20,15.01,14594180000,219069055875
2012-01-23,15.26,14594180000,222774943425
2012-01-24,15.01,14594180000,219126398425
2012-01-25,15.95,14594180000,232808442175
2012-01-26,15.88,14594180000,231750374703
2012-01-27,15.97,14594180000,233131606414
2012-01-30,16.18,14594180000,236118192915
2012-01-31,16.30,14594180000,237926821477
2012-02-01,16.29,14594180000,237775670969
2012-02-02,16.25,14594180000,237217972917
2012-02-03,16.42,14594180000,239594738102
2012-02-06,16.57,14594180000,241830763514
2012-02-07,16.74,14594180000,244363912410
2012-02-08,17.02,14594180000,248455498198
2012-02-09,17.61,14594180000,257050422687
2012-02-10,17.62,14594180000,257180723888
2012-02-13,17.95,14594180000,261965542134
2012-02-14,18.19,14594180000,265541100646
2012-02-15,17.77,14594180000,259395927831
2012-02-16,17.94,14594180000,261762254444
2012-02-17,17.93,14594180000,261715350465
2012-02-21,18.39,14594180000,268350495884
2012-02-22,18.32,14594180000,267407071758
2012-02-23,18.44,14594180000,269153152402
2012-02-24,18.66,14594180000,272290903329
2012-02-27,18.78,14594180000,274037011810
2012-02-28,19.12,14594180000,279066788521
2012-02-29,19.37,14594180000,282730949623
2012-03-01,19.45,14594180000,283789031014
2012-03-02,19.47,14594180000,284159113150
2012-03-05,19.04,14594180000,277894049867
2012-03-06,18.94,14594180000,276382489117
2012-03-07,18.95,14594180000,276606626113
2012-03-08,19.36,14594180000,282496429729
2012-03-09,19.47,14594180000,284153907783
2012-03-12,19.71,14594180000,287713850192
2012-03-13,20.29,14594180000,296105486990
2012-03-14,21.06,14594180000,307301313660
2012-03-15,20.91,14594180000,305206000185
2012-03-16,20.91,14594180000,305211205552
2012-03-19,21.47,14594180000,313305774538
2012-03-20,21.64,14594180000,315838923434
2012-03-21,21.52,14594180000,314035472404
2012-03-22,21.41,14594180000,312388432921
2012-03-23,21.29,14594180000,310673612317
2012-03-26,21.68,14594180000,316370538977
2012-03-27,21.95,14594180000,320279714217
2012-03-28,22.06,14594180000,321916342965
2012-03-29,21.78,14594180000,317871661156
2012-03-30,21.41,14594180000,312497884817
2012-04-02,22.09,14594180000,322442780977
2012-04-03,22.48,14594180000,328014611802
2012-04-04,22.30,14594180000,325403298887
2012-04-05,22.63,14594180000,330287158294
2012-04-09,22.72,14594180000,331616252823
2012-04-10,22.44,14594180000,327555954911
2012-04-11,22.36,14594180000,326388421625
2012-04-12,22.24,14594180000,324600614533
2012-04-13,21.62,14594180000,315458402727
2012-04-16,20.72,14594180000,302375783477
2012-04-17,21.77,14594180000,317788263933
2012-04-18,21.73,14594180000,317079415373
2012-04-19,20.98,14594180000,306185889719
2012-04-20,20.46,14594180000,298649046621
2012-04-23,20.42,14594180000,297981868837
2012-04-24,20.01,14594180000,292029545140
2012-04-25,21.79,14594180000,317944619808
2012-04-26,21.70,14594180000,316745826481
2012-04-27,21.54,14594180000,314296074808
2012-04-30,20.86,14594180000,304382466525
2012-05-01,20.79,14594180000,303418220929
2012-05-02,20.93,14594180000,305424903977
2012-05-03,20.78,14594180000,303256631850
2012-05-04,20.19,14594180000,294620008750
2012-05-07,20.34,14594180000,296824774121
2012-05-08,20.29,14594180000,296147185602
2012-05-09,20.33,14594180000,296668390410
2012-05-10,20.38,14594180000,297366828235
2012-05-11,20.24,14594180000,295380994492
2012-05-14,19.94,14594180000,290955819812
2012-05-15,19.76,14594180000,288323657590
2012-05-16,19.50,14594180000,284628208612
2012-05-17,18.93,14594180000,276309530465
2012-05-18,18.94,14594180000,276445037035
2012-05-21,20.05,14594180000,292550749948
2012-05-22,19.89,14594180000,290304313802
2012-05-23,20.38,14594180000,297387705377
2012-05-24,20.19,14594180000,294656501994
2012-05-25,20.08,14594180000,293077187960
2012-05-29,20.44,14594180000,298278964485
2012-05-30,20.68,14594180000,301875400138
2012-05-31,20.63,14594180000,301124852967
2012-06-01,20.04,14594180000,292399599440
2012-06-04,20.15,14594180000,294119625412
2012-06-05,20.10,14594180000,293358639669
2012-06-06,20.41,14594180000,297856800838
2012-06-07,20.42,14594180000,297992307408
2012-06-08,20.73,14594180000,302474796802
2012-06-11,20.40,14594180000,297705650331
2012-06-12,20.58,14594180000,300306524675
2012-06-13,20.43,14594180000,298221649771
2012-06-14,20.41,14594180000,297893266246
2012-06-15,20.50,14594180000,299248443285
2012-06-18,20.92,14594180000,305320657448
2012-06-19,20.98,14594180000,306170273617
2012-06-20,20.92,14594180000,305299835979
2012-06-21,20.63,14594180000,301093565090
2012-06-22,20.79,14594180000,303402576990
2012-06-25,20.38,14594180000,297497157273
2012-06-26,20.43,14594180000,298153896486
2012-06-27,20.52,14594180000,299441292404
2012-06-28,20.32,14594180000,296600637125
2012-06-29,20.86,14594180000,304392905096
2012-07-02,21.16,14594180000,308833695879
2012-07-03,21.41,14594180000,312424898329
2012-07-05,21.78,14594180000,317913359767
2012-07-06,21.64,14594180000,315797196987
2012-07-09,21.92,14594180000,319972179998
2012-07-10,21.72,14594180000,317011662088
2012-07-11,21.59,14594180000,315041444448
2012-07-12,21.39,14594180000,312159090558
2012-07-13,21.61,14594180000,315322896158
2012-07-16,21.68,14594180000,316334073569
2012-07-17,21.68,14594180000,316349717507
2012-07-18,21.65,14594180000,315995279310
2012-07-19,21.94,14594180000,320196316994
2012-07-20,21.58,14594180000,314973691163
2012-07-23,21.57,14594180000,314728704862
2012-07-24,21.46,14594180000,313211966581
2012-07-25,20.53,14594180000,299686278706
2012-07-26,20.53,14594180000,299639374727
2012-07-27,20.90,14594180000,304997507127
2012-07-30,21.25,14594180000,310141968938
2012-07-31,21.81,14594180000,318340756617
2012-08-01,21.67,14594180000,316281936387
2012-08-02,21.71,14594180000,316792730460
2012-08-03,21.99,14594180000,320915604125
2012-08-06,22.23,14594180000,324485957269
2012-08-07,22.18,14594180000,323631163569
2012-08-08,22.14,14594180000,323083876252
2012-08-09,22.17,14594180000,323537327775
2012-08-10,22.20,14594180000,324042916481
2012-08-13,22.50,14594180000,328369050000
2012-08-14,22.56,14594180000,329249898373
2012-08-15,22.53,14594180000,328801652217
2012-08-16,22.73,14594180000,331673595373
2012-08-17,23.15,14594180000,337808357454
2012-08-20,23.76,14594180000,346689966856
2012-08-21,23.43,14594180000,341952052589
2012-08-22,23.89,14594180000,348628896619
2012-08-23,23.67,14594180000,345376488429
2012-08-24,23.69,14594180000,345683994812
2012-08-27,24.13,14594180000,352178428294
2012-08-28,24.10,14594180000,351719743567
2012-08-29,24.05,14594180000,351026511110
2012-08-30,23.71,14594180000,346022789071
2012-08-31,23.76,14594180000,346736870835
2012-09-04,24.11,14594180000,351808346158
2012-09-05,23.94,14594180000,349337773015
2012-09-06,24.15,14594180000,352485934677
2012-09-07,24.30,14594180000,354659440007
2012-09-10,23.67,14594180000,345433830979
2012-09-11,23.59,14594180000,344313201671
2012-09-12,23.92,14594180000,349108402816
2012-09-13,24.39,14594180000,355983329169
2012-09-14,24.69,14594180000,360309462688
2012-09-17,24.99,14594180000,364739842736
2012-09-18,25.07,14594180000,365850033473
2012-09-19,25.08,14594180000,365949074634
2012-09-20,24.95,14594180000,364176911481
2012-09-21,25.00,14594180000,364901403979
2012-09-24,24.67,14594180000,360054037816
2012-09-25,24.06,14594180000,351063004354
2012-09-26,23.76,14594180000,346705610794
2012-09-27,24.33,14594180000,355118096898
2012-09-28,23.83,14594180000,347706349634
2012-10-01,23.55,14594180000,343687722498
2012-10-02,23.62,14594180000,344688461339
2012-10-03,23.98,14594180000,349973635087
2012-10-04,23.81,14594180000,347549965923
2012-10-05,23.31,14594180000,340143424027
2012-10-08,22.79,14594180000,332627430235
2012-10-09,22.71,14594180000,331418198336
2012-10-10,22.89,14594180000,334055565925
2012-10-11,22.43,14594180000,327378721894
2012-10-12,22.49,14594180000,328217899492
2012-10-15,22.67,14594180000,330850061713
2012-10-16,23.21,14594180000,338684000460
2012-10-17,23.02,14594180000,335984084954
2012-10-18,22.59,14594180000,329745076344
2012-10-19,21.78,14594180000,317861250421
2012-10-22,22.64,14594180000,330469568842
2012-10-23,21.91,14594180000,319695933656
2012-10-24,22.03,14594180000,321504562217
2012-10-25,21.77,14594180000,317704866710
2012-10-26,21.57,14594180000,314817307452
2012-10-31,21.26,14594180000,310293119446
2012-11-01,21.31,14594180000,310929009354
2012-11-02,20.60,14594180000,300640113567
2012-11-05,20.88,14594180000,304716055417
2012-11-06,20.82,14594180000,303793480596
2012-11-07,19.93,14594180000,290841162548
2012-11-08,19.21,14594180000,280286431154
2012-11-09,19.54,14594180000,285139002685
2012-11-12,19.39,14594180000,282934237313
2012-11-13,19.39,14594180000,282970730558
2012-11-14,19.17,14594180000,279832979631
2012-11-15,18.77,14594180000,273964025321
2012-11-16,18.85,14594180000,275037750650
2012-11-19,20.20,14594180000,294870200419
2012-11-20,20.03,14594180000,292357900829
2012-11-21,20.06,14594180000,292769681577
2012-11-23,20.41,14594180000,297877622308
2012-11-26,21.05,14594180000,307275258986
2012-11-27,20.89,14594180000,304799452640
2012-11-28,20.82,14594180000,303840412411
2012-11-29,21.05,14594180000,307186628560
2012-11-30,20.90,14594180000,305060055044
2012-12-03,20.94,14594180000,305534355873
2012-12-04,20.57,14594180000,300144935596
2012-12-05,19.24,14594180000,280828513104
2012-12-06,19.54,14594180000,285232838479
2012-12-07,19.04,14594180000,277940953846
2012-12-10,18.92,14594180000,276153174590
2012-12-11,19.34,14594180000,282183690142
2012-12-12,19.25,14594180000,280937965000
2012-12-13,18.92,14594180000,276085393469
2012-12-14,18.21,14594180000,265713100460
2012-12-17,18.53,14594180000,270424932217
2012-12-18,19.07,14594180000,278279748106
2012-12-19,18.80,14594180000,274323668887
2012-12-20,18.63,14594180000,271936492967
2012-12-21,18.55,14594180000,270685562458
2012-12-24,18.58,14594180000,271123370042
2012-12-26,18.32,14594180000,267386222452
2012-12-27,18.40,14594180000,268459947781
2012-12-28,18.20,14594180000,265608853931
2012-12-31,19.01,14594180000,277378022590
2013-01-02,19.61,14594180000,286165796198
2013-01-03,19.36,14594180000,282553744442
2013-01-04,18.82,14594180000,274683312452
2013-01-07,18.71,14594180000,273067533010
2013-01-08,18.76,14594180000,273802436243
2013-01-09,18.47,14594180000,269523234538
2013-01-10,18.70,14594180000,272864273156
2013-01-11,18.58,14594180000,271191151163
2013-01-14,17.92,14594180000,261522501346
2013-01-15,17.35,14594180000,253271576485
2013-01-16,18.07,14594180000,263784581431
2013-01-17,17.95,14594180000,262007212910
2013-01-18,17.86,14594180000,260610365096
2013-01-22,18.03,14594180000,263096582177
2013-01-23,18.36,14594180000,267912660463
2013-01-24,16.09,14594180000,234809947692
2013-01-25,15.71,14594180000,229274568357
2013-01-28,16.07,14594180000,234460714862
2013-01-29,16.37,14594180000,238859807033
2013-01-30,16.32,14594180000,238109259862
2013-01-31,16.27,14594180000,237410822037
2013-02-01,16.20,14594180000,236436137869
2013-02-04,15.80,14594180000,230546348172
2013-02-05,16.35,14594180000,238635697873
2013-02-06,16.33,14594180000,238380300836
2013-02-07,16.72,14594180000,244045967456
2013-02-08,16.96,14594180000,247569416621
2013-02-11,17.14,14594180000,250149441660
2013-02-12,16.71,14594180000,243879173010
2013-02-13,16.68,14594180000,243415282915
2013-02-14,16.66,14594180000,243196379123
2013-02-15,16.43,14594180000,239844929771
2013-02-19,16.43,14594180000,239756299344
2013-02-20,16.03,14594180000,233949920788
2013-02-21,15.93,14594180000,232495702589
2013-02-22,16.10,14594180000,234971508935
2013-02-25,15.81,14594180000,230796539841
2013-02-26,16.03,14594180000,234012468706
2013-02-27,15.88,14594180000,231719086826
2013-02-28,15.76,14594180000,230066828058
2013-03-01,15.37,14594180000,224369887480
2013-03-04,15.00,14594180000,218938768591
2013-03-05,15.40,14594180000,224719092474
2013-03-06,15.20,14594180000,221862807175
2013-03-07,15.38,14594180000,224427216112
2013-03-08,15.42,14594180000,225021407408
2013-03-11,15.64,14594180000,228226911619
2013-03-12,15.30,14594180000,223306586804
2013-03-13,15.30,14594180000,223264888192
2013-03-14,15.45,14594180000,225427968870
2013-03-15,15.85,14594180000,231244785997
2013-03-18,16.28,14594180000,237530712504
2013-03-19,16.23,14594180000,236889617229
2013-03-20,16.15,14594180000,235633453515
2013-03-21,16.17,14594180000,235972247775
2013-03-22,16.50,14594180000,240757066021
2013-03-25,16.56,14594180000,241627503660
2013-03-26,16.47,14594180000,240355723844
2013-03-27,16.15,14594180000,235633453515
2013-03-28,15.81,14594180000,230723567271
2013-04-01,15.32,14594180000,223556778473
2013-04-02,15.35,14594180000,224015449282
2013-04-03,15.43,14594180000,225162133263
2013-04-04,15.28,14594180000,222936518586
2013-04-05,15.11,14594180000,220580616625
2013-04-08,15.22,14594180000,222149478170
2013-04-09,15.25,14594180000,222550820347
2013-04-10,15.56,14594180000,227090652291
2013-04-11,15.51,14594180000,226381803732
2013-04-12,15.35,14594180000,224020668567
2013-04-15,14.99,14594180000,218834522062
2013-04-16,15.22,14594180000,222165122109
2013-04-17,14.39,14594180000,209947693375
2013-04-18,14.00,14594180000,204344588591
2013-04-19,13.95,14594180000,203552328890
2013-04-22,14.24,14594180000,207795051268
2013-04-23,14.50,14594180000,211683377203
2013-04-24,14.48,14594180000,211334144372
2013-04-25,14.59,14594180000,212856115857
2013-04-26,14.90,14594180000,217453276433
2013-04-29,15.36,14594180000,224187463013
2013-04-30,15.81,14594180000,230786101270
2013-05-01,15.69,14594180000,228967048056
2013-05-02,15.91,14594180000,232214264797
2013-05-03,16.07,14594180000,234538906717
2013-05-06,16.45,14594180000,240131614684
2013-05-07,16.38,14594180000,239063094723
2013-05-08,16.57,14594180000,241763010229
2013-05-09,16.31,14594180000,238077971985
2013-05-10,16.18,14594180000,236097343610
2013-05-13,16.24,14594180000,237019890594
2013-05-14,15.85,14594180000,231349032526
2013-05-15,15.32,14594180000,223525490596
2013-05-16,15.52,14594180000,226512091015
2013-05-17,15.47,14594180000,225824077843
2013-05-20,15.82,14594180000,230864293126
2013-05-21,15.70,14594180000,229159897175
2013-05-22,15.76,14594180000,230040759466
2013-05-23,15.79,14594180000,230452526296
2013-05-24,15.90,14594180000,232021401760
2013-05-28,15.77,14594180000,230087663445
2013-05-29,15.89,14594180000,231917155231
2013-05-30,16.13,14594180000,235372851112
2013-05-31,16.06,14594180000,234408605515
2013-06-03,16.10,14594180000,234924604956
2013-06-04,16.05,14594180000,234189673887
2013-06-05,15.90,14594180000,232000552454
2013-06-06,15.66,14594180000,228534431920
2013-06-07,15.78,14594180000,230280526483
2013-06-10,15.67,14594180000,228758554998
2013-06-11,15.63,14594180000,228086171846
2013-06-12,15.44,14594180000,225266379791
2013-06-13,15.57,14594180000,227231378146
2013-06-14,15.36,14594180000,224150969769
2013-06-17,15.43,14594180000,225167338630
2013-06-18,15.42,14594180000,225047462081
2013-06-19,15.11,14594180000,220476370096
2013-06-20,14.89,14594180000,217265646599
2013-06-21,14.77,14594180000,215524757404
2013-06-24,14.38,14594180000,209812186806
2013-06-25,14.38,14594180000,209859104703
2013-06-26,14.22,14594180000,207482339518
2013-06-27,14.06,14594180000,205246286270
2013-06-28,14.16,14594180000,206679655164
2013-07-01,14.61,14594180000,213293937360
2013-07-02,14.95,14594180000,218125645666
2013-07-03,15.03,14594180000,219329672197
2013-07-05,14.91,14594180000,217567947614
2013-07-08,14.82,14594180000,216332647125
2013-07-09,15.08,14594180000,220137575836
2013-07-10,15.03,14594180000,219293178953
2013-07-11,15.26,14594180000,222712395508
2013-07-12,15.23,14594180000,222305847963
2013-07-15,15.27,14594180000,222790573445
2013-07-16,15.36,14594180000,224229161625
2013-07-17,15.37,14594180000,224286476339
2013-07-18,15.42,14594180000,225042256713
2013-07-19,15.18,14594180000,221492752875
2013-07-22,15.23,14594180000,222201601435
2013-07-23,14.96,14594180000,218386275907
2013-07-24,15.73,14594180000,229602937963
2013-07-25,15.66,14594180000,228555281226
2013-07-26,15.75,14594180000,229853129633
2013-07-29,15.99,14594180000,233397428104
2013-07-30,16.19,14594180000,236279781994
2013-07-31,16.16,14594180000,235868001246
2013-08-01,16.31,14594180000,238031068006
2013-08-02,16.52,14594180000,241085421710
2013-08-05,16.77,14594180000,244687062731
2013-08-06,16.62,14594180000,242497941298
2013-08-07,16.61,14594180000,242357201525
2013-08-08,16.46,14594180000,240287970560
2013-08-09,16.23,14594180000,236868740087
2013-08-12,16.69,14594180000,243597721300
2013-08-13,17.48,14594180000,255174040840
2013-08-14,17.80,14594180000,259828530048
2013-08-15,17.78,14594180000,259520995829
2013-08-16,17.94,14594180000,261824802362
2013-08-19,18.13,14594180000,264644608335
2013-08-20,17.90,14594180000,261168063148
2013-08-21,17.94,14594180000,261840446300
2013-08-22,17.96,14594180000,262153158050
2013-08-23,17.89,14594180000,261142008475
2013-08-26,17.96,14594180000,262158391254
2013-08-27,17.45,14594180000,254663218931
2013-08-28,17.53,14594180000,255867245462
2013-08-29,17.56,14594180000,256284231577
2013-08-30,17.40,14594180000,253949165004
2013-09-03,17.45,14594180000,254658013563
2013-09-04,17.81,14594180000,259927543373
2013-09-05,17.69,14594180000,258144969485
2013-09-06,17.79,14594180000,259682584908
2013-09-09,18.08,14594180000,263826280042
2013-09-10,17.67,14594180000,257816613796
2013-09-11,16.70,14594180000,243780159684
2013-09-12,16.88,14594180000,246375828661
2013-09-13,16.60,14594180000,242315502914
2013-09-16,16.08,14594180000,234611865369
2013-09-17,16.26,14594180000,237322219446
2013-09-18,16.60,14594180000,242200845650
2013-09-19,16.87,14594180000,246172540971
2013-09-20,16.69,14594180000,243623775973
2013-09-23,17.52,14594180000,255731738892
2013-09-24,17.47,14594180000,254929054538
2013-09-25,17.20,14594180000,250983413890
2013-09-26,17.36,14594180000,253427932360
2013-09-27,17.24,14594180000,251619303798
2013-09-30,17.03,14594180000,248491991442
2013-10-01,17.43,14594180000,254334863242
2013-10-02,17.48,14594180000,255168807637
2013-10-03,17.26,14594180000,251963303425
2013-10-04,17.25,14594180000,251765248938
2013-10-07,17.42,14594180000,254225411346
2013-10-08,17.18,14594180000,250675907507
2013-10-09,17.38,14594180000,253620781479
2013-10-10,17.49,14594180000,255210506248
2013-10-11,17.60,14594180000,256862778935
2013-10-14,17.72,14594180000,258546311662
2013-10-15,17.81,14594180000,259922338006
2013-10-16,17.90,14594180000,261188912454
2013-10-17,18.02,14594180000,262955842404
2013-10-18,18.17,14594180000,265244004998
2013-10-21,18.62,14594180000,271743643848
2013-10-22,18.57,14594180000,270967014167
2013-10-23,18.75,14594180000,273620025694
2013-10-24,19.00,14594180000,277242516021
2013-10-25,18.78,14594180000,274141258338
2013-10-28,18.92,14594180000,276184434631
2013-10-29,18.45,14594180000,269304302910
2013-10-30,18.75,14594180000,273588765654
2013-10-31,18.67,14594180000,272442053837
2013-11-01,18.57,14594180000,271050411390
2013-11-04,18.81,14594180000,274553011250
2013-11-05,18.77,14594180000,273875422731
2013-11-06,18.60,14594180000,271514301485
2013-11-07,18.30,14594180000,267120386844
2013-11-08,18.59,14594180000,271326657733
2013-11-11,18.54,14594180000,270539617317
2013-11-12,18.57,14594180000,271040000656
2013-11-13,18.59,14594180000,271363150977
2013-11-14,18.86,14594180000,275287942319
2013-11-15,18.75,14594180000,273635669633
2013-11-18,18.52,14594180000,270320685689
2013-11-19,18.56,14594180000,270800219721
2013-11-20,18.39,14594180000,268428659904
2013-11-21,18.61,14594180000,271628958748
2013-11-22,18.56,14594180000,270930520923
2013-11-25,18.70,14594180000,272984135787
2013-11-26,19.05,14594180000,278019117866
2013-11-27,19.50,14594180000,284565660694
2013-11-29,19.86,14594180000,289835218340
2013-12-02,19.69,14594180000,287312508015
2013-12-03,20.23,14594180000,295177706802
2013-12-04,20.18,14594180000,294489707548
2013-12-05,20.28,14594180000,296001240462
2013-12-06,20.00,14594180000,291894010735
2013-12-09,20.23,14594180000,295235049352
2013-12-10,20.20,14594180000,294776364625
2013-12-11,20.05,14594180000,292592448560
2013-12-12,20.02,14594180000,292165051710
2013-12-13,19.80,14594180000,288980396804
2013-12-16,19.91,14594180000,290580532308
2013-12-17,19.82,14594180000,289272287085
2013-12-18,19.67,14594180000,287072727081
2013-12-19,19.44,14594180000,283783825646
2013-12-20,19.61,14594180000,286160590831
2013-12-23,20.36,14594180000,297142719075
2013-12-24,20.27,14594180000,295881377831
2013-12-26,20.14,14594180000,293916365558
2013-12-27,20.00,14594180000,291930503979
2013-12-30,19.80,14594180000,289027300783
2013-12-31,20.04,14594180000,292415243379
2014-01-02,19.75,14594180000,288302808285
2014-01-03,19.32,14594180000,281969991717
2014-01-06,19.43,14594180000,283507579304
2014-01-07,19.29,14594180000,281480046950
2014-01-08,19.41,14594180000,283262620838
2014-01-09,19.16,14594180000,279645335879
2014-01-10,19.03,14594180000,277779364767
2014-01-13,19.13,14594180000,279233582967
2014-01-14,19.51,14594180000,284789797690
2014-01-15,19.91,14594180000,290507573656
2014-01-16,19.79,14594180000,288886588846
2014-01-17,19.31,14594180000,281808402638
2014-01-21,19.61,14594180000,286186673340
2014-01-22,19.70,14594180000,287458453156
2014-01-23,19.86,14594180000,289892533054
2014-01-24,19.50,14594180000,284623003244
2014-01-27,19.66,14594180000,286931987308
2014-01-28,18.09,14594180000,263998307692
2014-01-29,17.88,14594180000,261001268702
2014-01-30,17.85,14594180000,260495679996
2014-01-31,17.88,14594180000,260923076846
2014-02-03,17.91,14594180000,261407816246
2014-02-04,18.17,14594180000,265191867816
2014-02-05,18.31,14594180000,267172524027
2014-02-06,18.30,14594180000,267130825415
2014-02-07,18.56,14594180000,270867973006
2014-02-10,18.89,14594180000,275720544537
2014-02-11,19.14,14594180000,279353473434
2014-02-12,19.14,14594180000,279332596292
2014-02-13,19.44,14594180000,283768209544
2014-02-14,19.43,14594180000,283538839344
2014-02-18,19.50,14594180000,284581304633
2014-02-19,19.19,14594180000,280088376667
2014-02-20,18.97,14594180000,276846379212
2014-02-21,18.76,14594180000,273771176202
2014-02-24,18.84,14594180000,274969969529
2014-02-25,18.65,14594180000,272108492781
2014-02-26,18.48,14594180000,269653535740
2014-02-27,18.85,14594180000,275032545283
2014-02-28,18.79,14594180000,274287203479
2014-03-03,18.85,14594180000,275079449261
2014-03-04,18.97,14594180000,276893283190
2014-03-05,19.01,14594180000,277477063752
2014-03-06,18.96,14594180000,276637886154
2014-03-07,18.94,14594180000,276476324911
2014-03-10,18.96,14594180000,276726516581
2014-03-11,19.15,14594180000,279421198883
2014-03-12,19.16,14594180000,279692239858
2014-03-13,18.95,14594180000,276585776808
2014-03-14,18.74,14594180000,273479313757
2014-03-17,18.81,14594180000,274547805883
2014-03-18,18.98,14594180000,276976680414
2014-03-19,18.97,14594180000,276903721761
2014-03-20,18.88,14594180000,275569394029
2014-03-21,19.03,14594180000,277742871523
2014-03-24,19.26,14594180000,281037006161
2014-03-25,19.46,14594180000,284060071989
2014-03-26,19.28,14594180000,281344512544
2014-03-27,19.19,14594180000,280135280646
2014-03-28,19.17,14594180000,279822541060
2014-03-31,19.17,14594180000,279760020979
2014-04-01,19.34,14594180000,282319196712
2014-04-02,19.38,14594180000,282788292173
2014-04-03,19.24,14594180000,280828513104
2014-04-04,18.99,14594180000,277195584206
2014-04-07,18.70,14594180000,272843396014
2014-04-08,18.69,14594180000,272827779911
2014-04-09,18.94,14594180000,276413776994
2014-04-10,18.70,14594180000,272848629217
2014-04-11,18.56,14594180000,270831507598
2014-04-14,18.63,14594180000,271910438294
2014-04-15,18.50,14594180000,269971480694
2014-04-16,18.54,14594180000,270518768011
2014-04-17,18.75,14594180000,273609587123
2014-04-21,18.97,14594180000,276856817783
2014-04-22,18.99,14594180000,277133064125
2014-04-23,18.74,14594180000,273510573798
2014-04-24,20.28,14594180000,295933487177
2014-04-25,20.43,14594180000,298106992507
2014-04-28,21.22,14594180000,309652024171
2014-04-29,21.15,14594180000,308734654717
2014-04-30,21.07,14594180000,307567121431
2014-05-01,21.12,14594180000,308291641765
2014-05-02,21.16,14594180000,308864955919
2014-05-05,21.46,14594180000,313232788050
2014-05-06,21.23,14594180000,309818818617
2014-05-07,21.15,14594180000,308734654717
2014-05-08,21.00,14594180000,306472574633
2014-05-09,20.91,14594180000,305195589450
2014-05-12,21.17,14594180000,308995284958
2014-05-13,21.21,14594180000,309479996521
2014-05-14,21.21,14594180000,309537339071
2014-05-15,21.03,14594180000,306905176850
2014-05-16,21.34,14594180000,311434598060
2014-05-19,21.59,14594180000,315124841671
2014-05-20,21.60,14594180000,315187389588
2014-05-21,21.65,14594180000,316021333983
2014-05-22,21.69,14594180000,316521689485
2014-05-23,21.93,14594180000,320097275833
2014-05-27,22.34,14594180000,326091325977
2014-05-28,22.29,14594180000,325246943011
2014-05-29,22.69,14594180000,331173212035
2014-05-30,22.61,14594180000,329932720096
2014-06-02,22.45,14594180000,327665406808
2014-06-03,22.77,14594180000,332299046710
2014-06-04,23.03,14594180000,336093536850
2014-06-05,23.12,14594180000,337412220644
2014-06-06,23.06,14594180000,336484440456
2014-06-09,23.42,14594180000,341868655366
2014-06-10,23.56,14594180000,343875366250
2014-06-11,23.47,14594180000,342452435927
2014-06-12,23.07,14594180000,336724221390
2014-06-13,22.82,14594180000,333039183146
2014-06-16,23.05,14594180000,336395837866
2014-06-17,23.02,14594180000,335958030281
2014-06-18,23.05,14594180000,336322879213
2014-06-19,22.97,14594180000,335155345927
2014-06-20,22.73,14594180000,331689239311
2014-06-23,22.71,14594180000,331397349031
2014-06-24,22.57,14594180000,329390638146
2014-06-25,22.59,14594180000,329682528427
2014-06-26,22.73,14594180000,331652746067
2014-06-27,23.00,14594180000,335593181348
2014-06-30,23.23,14594180000,339059287963
2014-07-01,23.38,14594180000,341211916152
2014-07-02,23.37,14594180000,341065998848
2014-07-03,23.51,14594180000,343072681896
2014-07-07,23.99,14594180000,350150868104
2014-07-08,23.84,14594180000,347888760183
2014-07-09,23.85,14594180000,348034705323
2014-07-10,23.76,14594180000,346757720140
2014-07-11,23.81,14594180000,347414459354
2014-07-14,24.11,14594180000,351902154116
2014-07-15,23.83,14594180000,347779308287
2014-07-16,23.69,14594180000,345809090646
2014-07-17,23.27,14594180000,339643040689
2014-07-18,23.61,14594180000,344532105463
2014-07-21,23.49,14594180000,342744326208
2014-07-22,23.68,14594180000,345590186854
2014-07-23,24.30,14594180000,354602097458
2014-07-24,24.26,14594180000,354018316896
2014-07-25,24.42,14594180000,356353383469
2014-07-28,24.75,14594180000,361278913652
2014-07-29,24.59,14594180000,358943847079
2014-07-30,24.54,14594180000,358104697317
2014-07-31,23.90,14594180000,348800896433
2014-08-01,24.03,14594180000,350734620829
2014-08-04,23.90,14594180000,348764403189
2014-08-05,23.78,14594180000,347049610421
2014-08-06,23.74,14594180000,346465829860
2014-08-07,23.62,14594180000,344714543848
2014-08-08,23.68,14594180000,345663145506
2014-08-11,24.00,14594180000,350223826756
2014-08-12,23.99,14594180000,350150868104
2014-08-13,24.31,14594180000,354784508006
2014-08-14,24.38,14594180000,355733137500
2014-08-15,24.50,14594180000,357484451348
2014-08-18,24.79,14594180000,361789735561
2014-08-19,25.13,14594180000,366788224396
2014-08-20,25.14,14594180000,366934169537
2014-08-21,25.15,14594180000,366970662781
2014-08-22,25.33,14594180000,369670578287
2014-08-25,25.39,14594180000,370473262640
2014-08-26,25.22,14594180000,368101702823
2014-08-27,25.53,14594180000,372625890829
2014-08-28,25.56,14594180000,373063726250
2014-08-29,25.63,14594180000,373975862500
2014-09-02,25.83,14594180000,376894709634
2014-09-03,24.74,14594180000,360987051208
2014-09-04,24.53,14594180000,357995245421
2014-09-05,24.74,14594180000,361096503104
2014-09-08,24.59,14594180000,358870888427
2014-09-09,24.50,14594180000,357520916756
2014-09-10,25.25,14594180000,368503045000
2014-09-11,25.36,14594180000,370071920463
2014-09-12,25.42,14594180000,370911098061
2014-09-15,25.41,14594180000,370801618329
2014-09-16,25.22,14594180000,367992250927
2014-09-17,25.40,14594180000,370619207781
2014-09-18,25.45,14594180000,371385398890
2014-09-19,25.24,14594180000,368357099860
2014-09-22,25.26,14594180000,368721948792
2014-09-23,25.66,14594180000,374486656573
2014-09-24,25.44,14594180000,371239453750
2014-09-25,24.47,14594180000,357083109171
2014-09-26,25.19,14594180000,367590908750
2014-09-29,25.03,14594180000,365255842177
2014-09-30,25.19,14594180000,367590908750
2014-10-01,24.80,14594180000,361862694213
2014-10-02,24.98,14594180000,364489651067
2014-10-03,24.91,14594180000,363468062921
2014-10-06,24.91,14594180000,363468062921
2014-10-07,24.69,14594180000,360293818750
2014-10-08,25.20,14594180000,367773347134
2014-10-09,25.25,14594180000,368576003652
2014-10-10,25.18,14594180000,367517950098
2014-10-13,24.95,14594180000,364161267542
2014-10-14,24.69,14594180000,360293818750
2014-10-15,24.39,14594180000,355879082640
2014-10-16,24.07,14594180000,351208949494
2014-10-17,24.42,14594180000,356353383469
2014-10-20,24.94,14594180000,363978856994
2014-10-21,25.62,14594180000,373866410604
2014-10-22,25.75,14594180000,375763641756
2014-10-23,26.21,14594180000,382476979031
2014-10-24,26.31,14594180000,383899909354
2014-10-27,26.28,14594180000,383498567177
2014-10-28,26.68,14594180000,389445685506
2014-10-29,26.83,14594180000,391634806939
2014-10-30,26.75,14594180000,390321356348
2014-10-31,27.00,14594180000,394042860000
2014-11-03,27.35,14594180000,399150828567
2014-11-04,27.15,14594180000,396231981433
2014-11-05,27.22,14594180000,397180610927
2014-11-06,27.17,14594180000,396596830366
2014-11-07,27.25,14594180000,397727898244
2014-11-10,27.21,14594180000,397071159031
2014-11-11,27.42,14594180000,400245375366
2014-11-12,27.81,14594180000,405900631250
2014-11-13,28.20,14594180000,411628845787
2014-11-14,28.55,14594180000,416590869213
2014-11-17,28.50,14594180000,415897636756
2014-11-18,28.87,14594180000,421297495604
2014-11-19,28.67,14594180000,418378648469
2014-11-20,29.08,14594180000,424362260042
2014-11-21,29.12,14594180000,424946040604
2014-11-24,29.66,14594180000,432826883329
2014-11-25,29.40,14594180000,429068886433
2014-11-26,29.75,14594180000,434176855000
2014-11-28,29.73,14594180000,433921457963
2014-12-01,28.77,14594180000,419838072037
2014-12-02,28.66,14594180000,418232703329
2014-12-03,28.98,14594180000,422975822963
2014-12-04,28.87,14594180000,421370454256
2014-12-05,28.75,14594180000,419582675000
2014-12-08,28.10,14594180000,410096463567
2014-12-09,28.53,14594180000,416371965421
2014-12-10,27.99,14594180000,408454601616
2014-12-11,27.91,14594180000,407250602921
2014-12-12,27.43,14594180000,400354855098
2014-12-15,27.06,14594180000,394882037598
2014-12-16,26.69,14594180000,389482178750
2014-12-17,27.35,14594180000,399187321811
2014-12-18,28.16,14594180000,411008599817
2014-12-19,27.94,14594180000,407834355646
2014-12-22,28.24,14594180000,412066681208
2014-12-23,28.14,14594180000,410607257640
2014-12-24,28.00,14594180000,408673533244
2014-12-26,28.50,14594180000,415897636756
2014-12-29,28.48,14594180000,415605774311
2014-12-30,28.13,14594180000,410534271152
2014-12-31,27.59,14594180000,402726387079
2015-01-02,27.33,14594180000,398895431531
2015-01-05,26.56,14594180000,387657906250
2015-01-06,26.57,14594180000,387694399494
2015-01-07,26.94,14594180000,393130723750
2015-01-08,27.97,14594180000,408235697823
2015-01-09,28.00,14594180000,408673533244
2015-01-12,27.31,14594180000,398603541250
2015-01-13,27.56,14594180000,402142634354
2015-01-14,27.45,14594180000,400610252134
2015-01-15,26.70,14594180000,389737575787
2015-01-16,26.50,14594180000,386709276756
2015-01-20,27.18,14594180000,396669816854
2015-01-21,27.39,14594180000,399698115884
2015-01-22,28.10,14594180000,410096463567
2015-01-23,28.25,14594180000,412212626348
2015-01-26,28.27,14594180000,412650433933
2015-01-27,27.28,14594180000,398202199073
2015-01-28,28.83,14594180000,420713715042
2015-01-29,29.73,14594180000,433812006067
2015-01-30,29.29,14594180000,427463545561
2015-02-02,29.66,14594180000,432826883329
2015-02-03,29.66,14594180000,432899869817
2015-02-04,29.89,14594180000,436220031292
2015-02-05,29.99,14594180000,437606496208
2015-02-06,29.73,14594180000,433921457963
2015-02-09,29.93,14594180000,436803811854
2015-02-10,30.50,14594180000,445195448652
2015-02-11,31.22,14594180000,455630289579
2015-02-12,31.61,14594180000,461394997360
2015-02-13,31.77,14594180000,463657105281
2015-02-17,31.96,14594180000,466393514031
2015-02-18,32.18,14594180000,469640716854
2015-02-19,32.11,14594180000,468655594116
2015-02-20,32.38,14594180000,472486577500
2015-02-23,33.25,14594180000,485256485000
2015-02-24,33.04,14594180000,482228185969
2015-02-25,32.20,14594180000,469896086054
2015-02-26,32.60,14594180000,475843232219
2015-02-27,32.12,14594180000,468692115196
2015-03-02,32.27,14594180000,470990660689
2015-03-03,32.34,14594180000,471975783427
2015-03-04,32.13,14594180000,468983949804
2015-03-05,31.60,14594180000,461212586811
2015-03-06,31.65,14594180000,461905791433
2015-03-09,31.78,14594180000,463876009073
2015-03-10,31.13,14594180000,454280345744
2015-03-11,30.56,14594180000,445998133006
2015-03-12,31.11,14594180000,454061414116
2015-03-13,30.90,14594180000,450923663189
2015-03-16,31.24,14594180000,455885686616
2015-03-17,31.76,14594180000,463511160140
2015-03-18,32.12,14594180000,468728580604
2015-03-19,31.88,14594180000,465189487500
2015-03-20,31.48,14594180000,459351821067
2015-03-23,31.80,14594180000,464131406110
2015-03-24,31.67,14594180000,462234174958
2015-03-25,30.84,14594180000,450157472079
2015-03-26,31.06,14594180000,453295223006
2015-03-27,30.81,14594180000,449683171250
2015-03-30,31.59,14594180000,461066641671
2015-03-31,31.11,14594180000,453988455463
2015-04-01,31.06,14594180000,453331716250
2015-04-02,31.33,14594180000,457235658287
2015-04-06,31.84,14594180000,464642200183
2015-04-07,31.50,14594180000,459753163244
2015-04-08,31.40,14594180000,458257246433
2015-04-09,31.64,14594180000,461759846292
2015-04-10,31.77,14594180000,463730063933
2015-04-13,31.71,14594180000,462817927683
2015-04-14,31.58,14594180000,460811244634
2015-04-15,31.69,14594180000,462562530646
2015-04-16,31.54,14594180000,460336915969
2015-04-17,31.19,14594180000,455155988750
2015-04-20,31.90,14594180000,465554336433
2015-04-21,31.73,14594180000,463036859311
2015-04-22,32.15,14594180000,469275840085
2015-04-23,32.42,14594180000,473106823469
2015-04-24,32.57,14594180000,475332438146
2015-04-27,33.16,14594180000,483979471981
2015-04-28,32.64,14594180000,476354026292
2015-04-29,32.16,14594180000,469348826573
2015-04-30,31.29,14594180000,456615412317
2015-05-01,32.24,14594180000,470479866616
2015-05-04,32.17,14594180000,469567730366
2015-05-05,31.45,14594180000,458986972134
2015-05-06,31.25,14594180000,456104618244
2015-05-07,31.32,14594180000,457016754494
2015-05-08,31.91,14594180000,465627322921
2015-05-11,31.58,14594180000,460884203287
2015-05-12,31.47,14594180000,459242369171
2015-05-13,31.50,14594180000,459753163244
2015-05-14,32.24,14594180000,470479866616
2015-05-15,32.19,14594180000,469823155238
2015-05-18,32.55,14594180000,475004082458
2015-05-19,32.52,14594180000,474566274873
2015-05-20,32.51,14594180000,474529753792
2015-05-21,32.85,14594180000,479382325323
2015-05-22,33.13,14594180000,483578129804
2015-05-26,32.40,14594180000,472924385085
2015-05-27,33.01,14594180000,481753857304
2015-05-28,32.94,14594180000,480805255646
2015-05-29,32.57,14594180000,475332438146
2015-06-01,32.63,14594180000,476281039804
2015-06-02,32.49,14594180000,474164932696
2015-06-03,32.53,14594180000,474748657585
2015-06-04,32.34,14594180000,471975783427
2015-06-05,32.16,14594180000,469385291981
2015-06-08,31.95,14594180000,466284062134
2015-06-09,31.85,14594180000,464897597219
2015-06-10,32.22,14594180000,470224497415
2015-06-11,32.15,14594180000,469166388189
2015-06-12,31.79,14594180000,463985460969
2015-06-15,31.73,14594180000,463073324719
2015-06-16,31.90,14594180000,465554336433
2015-06-17,31.83,14594180000,464459789634
2015-06-18,31.97,14594180000,466575924579
2015-06-19,31.65,14594180000,461905791433
2015-06-22,31.90,14594180000,465590829677
2015-06-23,31.76,14594180000,463474666896
2015-06-24,32.03,14594180000,467415102177
2015-06-25,31.88,14594180000,465189487500
2015-06-26,31.69,14594180000,462453078750
2015-06-29,31.13,14594180000,454353304396
2015-06-30,31.36,14594180000,457637000463
2015-07-01,31.65,14594180000,461905791433
2015-07-02,31.61,14594180000,461322038708
2015-07-06,31.50,14594180000,459716670000
2015-07-07,31.42,14594180000,458585629958
2015-07-08,30.64,14594180000,447202159537
2015-07-09,30.02,14594180000,438080797037
2015-07-10,30.82,14594180000,449792623146
2015-07-13,31.42,14594180000,458476178061
2015-07-14,31.40,14594180000,458293739677
2015-07-15,31.70,14594180000,462708475787
2015-07-16,32.13,14594180000,468874497908
2015-07-17,32.40,14594180000,472924385085
2015-07-20,33.02,14594180000,481863364873
2015-07-21,32.69,14594180000,477047258750
2015-07-22,31.31,14594180000,456870809354
2015-07-23,31.29,14594180000,456651905561
2015-07-24,31.13,14594180000,454243852500
2015-07-27,30.69,14594180000,447931857402
2015-07-28,30.84,14594180000,450157472079
2015-07-29,30.75,14594180000,448734541756
2015-07-30,30.59,14594180000,446472461671
2015-07-31,30.33,14594180000,442568519634
2015-08-03,29.61,14594180000,432133678708
2015-08-04,28.66,14594180000,418269196573
2015-08-05,28.85,14594180000,421042098567
2015-08-06,28.78,14594180000,420056975829
2015-08-07,28.88,14594180000,421479906152
2015-08-10,29.93,14594180000,436803811854
2015-08-11,28.37,14594180000,414073364256
2015-08-12,28.81,14594180000,420458318006
2015-08-13,28.79,14594180000,420129962317
2015-08-14,28.99,14594180000,423085274860
2015-08-17,29.29,14594180000,427463545561
2015-08-18,29.13,14594180000,425055492500
2015-08-19,28.75,14594180000,419619168244
2015-08-20,28.16,14594180000,411008599817
2015-08-21,26.44,14594180000,385870126994
2015-08-24,25.78,14594180000,376237970421
2015-08-25,25.93,14594180000,378500050506
2015-08-26,27.42,14594180000,400208909958
2015-08-27,28.23,14594180000,411993694719
2015-08-28,28.32,14594180000,413343666390
2015-08-31,28.19,14594180000,411409941994
2015-09-01,26.93,14594180000,393021271854
2015-09-02,28.08,14594180000,409877531939
2015-09-03,27.59,14594180000,402689921671
2015-09-04,27.32,14594180000,398676499902
2015-09-08,28.08,14594180000,409768080042
2015-09-09,27.54,14594180000,401887237317
2015-09-10,28.14,14594180000,410716709537
2015-09-11,28.55,14594180000,416700321110
2015-09-14,28.83,14594180000,420713715042
2015-09-15,29.07,14594180000,424252808146
2015-09-16,29.10,14594180000,424727136811
2015-09-17,28.48,14594180000,415642239719
2015-09-18,28.36,14594180000,413927419116
2015-09-21,28.80,14594180000,420348866110
2015-09-22,28.35,14594180000,413745008567
2015-09-23,28.58,14594180000,417101663287
2015-09-24,28.75,14594180000,419582675000
2015-09-25,28.68,14594180000,418524593610
2015-09-28,28.11,14594180000,410242408708
2015-09-29,27.26,14594180000,397910308792
2015-09-30,27.58,14594180000,402434524634
2015-10-01,27.40,14594180000,399807567781
2015-10-02,27.59,14594180000,402726387079
2015-10-05,27.69,14594180000,404185810646
2015-10-06,27.83,14594180000,406119535042
2015-10-07,27.69,14594180000,404185810646
2015-10-08,27.38,14594180000,399515677500
2015-10-09,28.03,14594180000,409074875421
2015-10-12,27.90,14594180000,407177616433
2015-10-13,27.95,14594180000,407870848890
2015-10-14,27.55,14594180000,402106141110
2015-10-15,27.97,14594180000,408126245927
2015-10-16,27.76,14594180000,405134440140
2015-10-19,27.93,14594180000,407651945098
2015-10-20,28.44,14594180000,415094952402
2015-10-21,28.44,14594180000,415058486994
2015-10-22,28.88,14594180000,421406947500
2015-10-23,29.77,14594180000,434468745281
2015-10-26,28.82,14594180000,420604263146
2015-10-27,28.64,14594180000,417940840884
2015-10-28,29.82,14594180000,435161949902
2015-10-29,30.13,14594180000,439759124396
2015-10-30,29.88,14594180000,436001127500
2015-11-02,30.30,14594180000,442130684213
2015-11-03,30.64,14594180000,447202159537
2015-11-04,30.50,14594180000,445122490000
2015-11-05,30.23,14594180000,441182054719
2015-11-06,30.26,14594180000,441692848792
2015-11-09,30.14,14594180000,439905069537
2015-11-10,29.19,14594180000,426040587402
2015-11-11,29.03,14594180000,423632562177
2015-11-12,28.93,14594180000,422209631854
2015-11-13,28.08,14594180000,409877531939
2015-11-16,28.55,14594180000,416590869213
2015-11-17,28.42,14594180000,414803089958
2015-11-18,29.32,14594180000,427937846390
2015-11-19,29.69,14594180000,433374170646
2015-11-20,29.83,14594180000,435271429634
2015-11-23,29.44,14594180000,429616173750
2015-11-24,29.72,14594180000,433739019579
2015-11-25,29.51,14594180000,430637761896
2015-11-27,29.45,14594180000,429835077542
2015-11-30,29.58,14594180000,431622884634
2015-12-01,29.33,14594180000,428120256939
2015-12-02,29.07,14594180000,424252808146
2015-12-03,28.80,14594180000,420312372866
2015-12-04,29.76,14594180000,434286306896
2015-12-07,29.57,14594180000,431549898146
2015-12-08,29.56,14594180000,431367487598
2015-12-09,28.91,14594180000,421844782921
2015-12-10,29.04,14594180000,423851465969
2015-12-11,28.30,14594180000,412942324213
2015-12-14,28.12,14594180000,410388353848
2015-12-15,27.62,14594180000,403127729256
2015-12-16,27.83,14594180000,406228986939
2015-12-17,27.25,14594180000,397618446348
2015-12-18,26.51,14594180000,386855221896
2015-12-21,26.83,14594180000,391598341531
2015-12-22,26.81,14594180000,391233492598
2015-12-23,27.15,14594180000,396268474677
2015-12-24,27.01,14594180000,394152311896
2015-12-28,26.70,14594180000,389737575787
2015-12-29,27.18,14594180000,396742775506
2015-12-30,26.83,14594180000,391561848287
2015-12-31,26.32,14594180000,384045854494
2016-01-04,26.34,14594180000,384374210183
2016-01-05,25.68,14594180000,374742053610
2016-01-06,25.17,14594180000,367408470366
2016-01-07,24.11,14594180000,351902154116
2016-01-08,24.24,14594180000,353762919860
2016-01-11,24.63,14594180000,359491134396
2016-01-12,24.99,14594180000,364708554860
2016-01-13,24.35,14594180000,355331795323
2016-01-14,24.88,14594180000,363103186152
2016-01-15,24.28,14594180000,354383165829
2016-01-19,24.17,14594180000,352668373061
2016-01-20,24.20,14594180000,353142673890
2016-01-21,24.08,14594180000,351354894634
2016-01-22,25.35,14594180000,370035427219
2016-01-25,24.86,14594180000,362811323708
2016-01-26,25.00,14594180000,364818006756
2016-01-27,23.35,14594180000,340847067219
2016-01-28,23.52,14594180000,343291585689
2016-01-29,24.33,14594180000,355149356939
2016-02-01,24.11,14594180000,351829195463
2016-02-02,23.62,14594180000,344714543848
2016-02-03,24.09,14594180000,351537305183
2016-02-04,24.15,14594180000,352449441433
2016-02-05,23.50,14594180000,343036188652
2016-02-08,23.75,14594180000,346648268244
2016-02-09,23.75,14594180000,346575281756
2016-02-10,23.57,14594180000,343948324902
2016-02-11,23.42,14594180000,341868655366
2016-02-12,23.50,14594180000,342926736756
2016-02-16,24.16,14594180000,352595386573
2016-02-17,24.53,14594180000,357995245421
2016-02-18,24.07,14594180000,351208949494
2016-02-19,24.01,14594180000,350406265140
2016-02-22,24.22,14594180000,353471029579
2016-02-23,23.67,14594180000,345480734958
2016-02-24,24.02,14594180000,350625168933
2016-02-25,24.19,14594180000,353033221994
2016-02-26,24.23,14594180000,353580509311
2016-02-29,24.17,14594180000,352777824958
2016-03-01,25.13,14594180000,366788224396
2016-03-02,25.19,14594180000,367590908750
2016-03-03,25.38,14594180000,370327317500
2016-03-04,25.75,14594180000,375836628244
2016-03-07,25.47,14594180000,371677289171
2016-03-08,25.26,14594180000,368612496896
2016-03-09,25.28,14594180000,368940880421
2016-03-10,25.29,14594180000,369123290969
2016-03-11,25.57,14594180000,373100219494
2016-03-14,25.63,14594180000,374048821152
2016-03-15,26.15,14594180000,381564842781
2016-03-16,26.49,14594180000,386636318104
2016-03-17,26.45,14594180000,386016072134
2016-03-18,26.48,14594180000,386453879719
2016-03-21,26.48,14594180000,386417414311
2016-03-22,26.68,14594180000,389372726854
2016-03-23,26.53,14594180000,387220070829
2016-03-24,26.42,14594180000,385541743469
2016-03-28,26.30,14594180000,383790457458
2016-03-29,26.92,14594180000,392875326713
2016-03-30,27.39,14594180000,399734581292
2016-03-31,27.25,14594180000,397654911756
2016-04-01,27.50,14594180000,401303456756
2016-04-04,27.78,14594180000,405426330421
2016-04-05,27.45,14594180000,400646717542
2016-04-06,27.74,14594180000,404842549860
2016-04-07,27.14,14594180000,396013077640
2016-04-08,27.17,14594180000,396450913061
2016-04-11,27.25,14594180000,397764363652
2016-04-12,27.61,14594180000,402945318708
2016-04-13,28.01,14594180000,408782985140
2016-04-14,28.02,14594180000,409001888933
2016-04-15,27.46,14594180000,400792662683
2016-04-18,26.87,14594180000,392145628848
2016-04-19,26.73,14594180000,390065959311
2016-04-20,26.78,14594180000,390868615829
2016-04-21,26.49,14594180000,386636318104
2016-04-22,26.42,14594180000,385578236713
2016-04-25,26.27,14594180000,383389115281
2016-04-26,26.09,14594180000,380725665183
2016-04-27,24.45,14594180000,356900670787
2016-04-28,23.71,14594180000,345991529031
2016-04-29,23.43,14594180000,342014600506
2016-05-02,23.41,14594180000,341649751573
2016-05-03,23.80,14594180000,347268514213
2016-05-04,23.55,14594180000,343656462458
2016-05-05,23.31,14594180000,340190328006
2016-05-06,23.18,14594180000,338293096854
2016-05-09,23.20,14594180000,338548493890
2016-05-10,23.35,14594180000,340847067219
2016-05-11,23.13,14594180000,337526905744
2016-05-12,22.58,14594180000,329609541939
2016-05-13,22.63,14594180000,330266281152
2016-05-16,23.47,14594180000,342525394579
2016-05-17,23.37,14594180000,341102464256
2016-05-18,23.64,14594180000,345006406292
2016-05-19,23.55,14594180000,343692927866
2016-05-20,23.81,14594180000,347414459354
2016-05-23,24.11,14594180000,351829195463
2016-05-24,24.48,14594180000,357192561067
2016-05-25,24.91,14594180000,363468062921
2016-05-26,25.10,14594180000,366350416811
2016-05-27,25.09,14594180000,366131485183
2016-05-31,24.97,14594180000,364343705927
2016-06-01,24.61,14594180000,359235737360
2016-06-02,24.43,14594180000,356535821854
2016-06-03,24.48,14594180000,357265519719
2016-06-06,24.66,14594180000,359855983329
2016-06-07,24.76,14594180000,361315406896
2016-06-08,24.74,14594180000,360987051208
2016-06-09,24.91,14594180000,363577514817
2016-06-10,24.71,14594180000,360585709031
2016-06-13,24.33,14594180000,355149356939
2016-06-14,24.36,14594180000,355587192360
2016-06-15,24.28,14594180000,354419659073
2016-06-16,24.39,14594180000,355915575884
2016-06-17,23.83,14594180000,347815801531
2016-06-20,23.77,14594180000,346976623933
2016-06-21,23.98,14594180000,349931964311
2016-06-22,23.89,14594180000,348618485884
2016-06-23,24.02,14594180000,350625168933
2016-06-24,23.35,14594180000,340774108567
2016-06-27,23.01,14594180000,335812085140
2016-06-28,23.40,14594180000,341467313189
2016-06-29,23.60,14594180000,344422653567
2016-06-30,23.90,14594180000,348800896433
2016-07-01,23.97,14594180000,349858977823
2016-07-05,23.75,14594180000,346575281756
2016-07-06,23.88,14594180000,348545499396
2016-07-07,23.99,14594180000,350041416208
2016-07-08,24.17,14594180000,352741331713
2016-07-11,24.25,14594180000,353835906348
2016-07-12,24.35,14594180000,355441247219
2016-07-13,24.22,14594180000,353434564171
2016-07-14,24.70,14594180000,360439763890
2016-07-15,24.69,14594180000,360403270646
2016-07-18,24.96,14594180000,364234254031
2016-07-19,24.97,14594180000,364380199171
2016-07-20,24.99,14594180000,364708554860
2016-07-21,24.86,14594180000,362774830463
2016-07-22,24.67,14594180000,359965463061
2016-07-25,24.33,14594180000,355149356939
2016-07-26,24.17,14594180000,352704838469
2016-07-27,25.74,14594180000,375617696616
2016-07-28,26.08,14594180000,380689171939
2016-07-29,26.05,14594180000,380214871110
2016-08-01,26.51,14594180000,386928208384
2016-08-02,26.12,14594180000,381199993848
2016-08-03,26.45,14594180000,385979578890
2016-08-04,26.47,14594180000,386271469171
2016-08-05,26.87,14594180000,392145628848
2016-08-08,27.09,14594180000,395392831671
2016-08-09,27.20,14594180000,396998172542
2016-08-10,27.00,14594180000,394042860000
2016-08-11,26.98,14594180000,393787462963
2016-08-12,27.05,14594180000,394699599213
2016-08-15,27.37,14594180000,399442718848
2016-08-16,27.34,14594180000,399077842079
2016-08-17,27.31,14594180000,398494089354
2016-08-18,27.27,14594180000,397983295281
2016-08-19,27.34,14594180000,399004883427
2016-08-22,27.13,14594180000,395903625744
2016-08-23,27.21,14594180000,397144117683
2016-08-24,27.01,14594180000,394152311896
2016-08-25,26.89,14594180000,392473984537
2016-08-26,26.74,14594180000,390175411208
2016-08-29,26.70,14594180000,389737575787
2016-08-30,26.50,14594180000,386745770000
2016-08-31,26.52,14594180000,387110618933
2016-09-01,26.68,14594180000,389409220098
2016-09-02,26.93,14594180000,393057765098
2016-09-06,26.92,14594180000,392948285366
2016-09-07,27.09,14594180000,395356338427
2016-09-08,26.38,14594180000,384994456152
2016-09-09,25.78,14594180000,376274435829
2016-09-12,26.36,14594180000,384702593708
2016-09-13,26.99,14594180000,393860421616
2016-09-14,27.94,14594180000,407797862402
2016-09-15,28.89,14594180000,421662344537
2016-09-16,28.73,14594180000,419290784719
2016-09-19,28.40,14594180000,414401747781
2016-09-20,28.39,14594180000,414365254537
2016-09-21,28.39,14594180000,414292295884
2016-09-22,28.66,14594180000,418196237921
2016-09-23,28.18,14594180000,411227503610
2016-09-26,28.22,14594180000,411847749579
2016-09-27,28.27,14594180000,412613940689
2016-09-28,28.49,14594180000,415751691616
2016-09-29,28.05,14594180000,409293779213
2016-09-30,28.26,14594180000,412468023384
2016-10-03,28.13,14594180000,410534271152
2016-10-04,28.25,14594180000,412285585000
2016-10-05,28.26,14594180000,412468023384
2016-10-06,28.47,14594180000,415532787823
2016-10-07,28.51,14594180000,416153033792
2016-10-10,29.01,14594180000,423413658384
2016-10-11,29.08,14594180000,424325794634
2016-10-12,29.33,14594180000,428120256939
2016-10-13,29.25,14594180000,426806806348
2016-10-14,29.41,14594180000,429178338329
2016-10-17,29.39,14594180000,428886475884
2016-10-18,29.37,14594180000,428594585604
2016-10-19,29.28,14594180000,427317600421
2016-10-20,29.26,14594180000,427098668792
2016-10-21,29.15,14594180000,425420341433
2016-10-24,29.41,14594180000,429251324817
2016-10-25,29.56,14594180000,431440446250
2016-10-26,28.90,14594180000,421735303189
2016-10-27,28.62,14594180000,417685443848
2016-10-28,28.43,14594180000,414912541854
2016-10-31,28.39,14594180000,414255802640
2016-11-01,27.87,14594180000,406776274256
2016-11-02,27.90,14594180000,407141123189
2016-11-03,27.46,14594180000,400719704031
2016-11-04,27.21,14594180000,397107624439
2016-11-07,27.60,14594180000,402835866811
2016-11-08,27.76,14594180000,405207398792
2016-11-09,27.72,14594180000,404550659579
2016-11-10,26.95,14594180000,393276668890
2016-11-11,27.11,14594180000,395611735463
2016-11-14,26.43,14594180000,385687688610
2016-11-15,26.78,14594180000,390795657177
2016-11-16,27.50,14594180000,401303456756
2016-11-17,27.49,14594180000,401157511616
2016-11-18,27.51,14594180000,401558853792
2016-11-21,27.93,14594180000,407651945098
2016-11-22,27.95,14594180000,407907342134
2016-11-23,27.81,14594180000,405827672598
2016-11-25,27.95,14594180000,407870848890
2016-11-28,27.89,14594180000,407068164537
2016-11-29,27.86,14594180000,406666822360
2016-11-30,27.63,14594180000,403237181152
2016-12-01,27.37,14594180000,399479184256
2016-12-02,27.48,14594180000,400975101067
2016-12-05,27.28,14594180000,398092747177
2016-12-06,27.49,14594180000,401157511616
2016-12-07,27.76,14594180000,405097946896
2016-12-08,28.03,14594180000,409074875421
2016-12-09,28.49,14594180000,415751691616
2016-12-12,28.33,14594180000,413380159634
2016-12-13,28.80,14594180000,420275907458
2016-12-14,28.80,14594180000,420275907458
2016-12-15,28.95,14594180000,422574480787
2016-12-16,28.99,14594180000,423121768104
2016-12-19,29.16,14594180000,425566286573
2016-12-20,29.24,14594180000,426697326616
2016-12-21,29.26,14594180000,427098668792
2016-12-22,29.07,14594180000,424289301390
2016-12-23,29.13,14594180000,425128451152
2016-12-27,29.32,14594180000,427828394494
2016-12-28,29.19,14594180000,426004121994
2016-12-29,29.18,14594180000,425894670098
2016-12-30,28.95,14594180000,422574480787
2017-01-03,29.04,14594180000,423778507317
2017-01-04,29.00,14594180000,423304178652
2017-01-05,29.15,14594180000,425456834677
2017-01-06,29.48,14594180000,430199954311
2017-01-09,29.75,14594180000,434140361756
2017-01-10,29.78,14594180000,434578197177
2017-01-11,29.94,14594180000,436913263750
2017-01-12,29.81,14594180000,435088991250
2017-01-13,29.76,14594180000,434322800140
2017-01-17,30.00,14594180000,437825400000
2017-01-18,30.00,14594180000,437788906756
2017-01-19,29.94,14594180000,437022715646
2017-01-20,30.00,14594180000,437825400000
2017-01-23,30.02,14594180000,438117290281
2017-01-24,29.99,14594180000,437715948104
2017-01-25,30.47,14594180000,444684654579
2017-01-26,30.49,14594180000,444903586208
2017-01-27,30.49,14594180000,444940051616
2017-01-30,30.41,14594180000,443772518329
2017-01-31,30.34,14594180000,442750930183
2017-02-01,32.19,14594180000,469750168750
2017-02-02,32.13,14594180000,468947484396
2017-02-03,32.27,14594180000,470954195281
2017-02-06,32.57,14594180000,475368903554
2017-02-07,32.88,14594180000,479893119396
2017-02-08,33.01,14594180000,481753857304
2017-02-09,33.10,14594180000,483140322219
2017-02-10,33.03,14594180000,482045747585
2017-02-13,33.32,14594180000,486314538554
2017-02-14,33.76,14594180000,492626561488
2017-02-15,33.88,14594180000,494414312908
2017-02-16,33.84,14594180000,493830588019
2017-02-17,33.93,14594180000,495180531854
2017-02-21,34.17,14594180000,498756090366
2017-02-22,34.28,14594180000,500252007177
2017-02-23,34.13,14594180000,498135844396
2017-02-24,34.17,14594180000,498610173061
2017-02-27,34.23,14594180000,499595240127
2017-02-28,34.25,14594180000,499814199592
2017-03-01,34.95,14594180000,510030081054
2017-03-02,34.74,14594180000,507001837696
2017-03-03,34.94,14594180000,509993615646
2017-03-06,34.83,14594180000,508388246939
2017-03-07,34.88,14594180000,509045013988
2017-03-08,34.75,14594180000,507147755000
2017-03-09,34.67,14594180000,505980193877
2017-03-10,34.78,14594180000,507658549073
2017-03-13,34.80,14594180000,507877452866
2017-03-14,34.75,14594180000,507111289592
2017-03-15,35.12,14594180000,512474655196
2017-03-16,35.17,14594180000,513313804958
2017-03-17,35.00,14594180000,510759834592
2017-03-20,35.37,14594180000,516123200196
2017-03-21,34.96,14594180000,510212519439
2017-03-22,35.35,14594180000,515977227219
2017-03-23,35.23,14594180000,514152954719
2017-03-24,35.16,14594180000,513131366573
2017-03-27,35.22,14594180000,514007037415
2017-03-28,35.95,14594180000,524660782134
2017-03-29,36.03,14594180000,525828287585
2017-03-30,35.98,14594180000,525135055127
2017-03-31,35.92,14594180000,524149988061
2017-04-03,35.92,14594180000,524295905366
2017-04-04,36.19,14594180000,528199875238
2017-04-05,36.01,14594180000,525463466488
2017-04-06,35.92,14594180000,524149988061
2017-04-07,35.83,14594180000,522982426939
2017-04-10,35.79,14594180000,522362180969
2017-04-11,35.41,14594180000,516743446165
2017-04-12,35.45,14594180000,517363692134
2017-04-13,35.26,14594180000,514627283384
2017-04-17,35.46,14594180000,517473144031
2017-04-18,35.30,14594180000,515174542866
2017-04-19,35.17,14594180000,513277283877
2017-04-20,35.61,14594180000,519698758708
2017-04-21,35.57,14594180000,519078512738
2017-04-24,35.91,14594180000,524077001573
2017-04-25,36.13,14594180000,527324204396
2017-04-26,35.92,14594180000,524222918877
2017-04-27,35.95,14594180000,524624261054
2017-04-28,35.91,14594180000,524113466981
2017-05-01,36.65,14594180000,534803732781
2017-05-02,36.88,14594180000,538196852908
2017-05-03,36.76,14594180000,536555018792
2017-05-04,36.63,14594180000,534621294396
2017-05-05,37.24,14594180000,543487287696
2017-05-08,38.25,14594180000,558263850408
2017-05-09,38.50,14594180000,561839464592
2017-05-10,38.31,14594180000,559175986658
2017-05-11,38.49,14594180000,561693491616
2017-05-12,39.03,14594180000,569537896769
2017-05-15,38.92,14594180000,568078445366
2017-05-16,38.87,14594180000,567239295604
2017-05-17,37.56,14594180000,548193886250
2017-05-18,38.13,14594180000,556549029804
2017-05-19,38.26,14594180000,558446288792
2017-05-22,38.50,14594180000,561839464592
2017-05-23,38.45,14594180000,561146232134
2017-05-24,38.33,14594180000,559467876939
2017-05-25,38.47,14594180000,561401601335
2017-05-26,38.40,14594180000,560452999677
2017-05-30,38.42,14594180000,560671903469
2017-05-31,38.19,14594180000,557351714158
2017-06-01,38.29,14594180000,558884096377
2017-06-02,38.86,14594180000,567166309116
2017-06-05,38.48,14594180000,561620505127
2017-06-06,38.61,14594180000,563517764116
2017-06-07,38.84,14594180000,566874418835
2017-06-08,38.75,14594180000,565488009592
2017-06-09,37.24,14594180000,543560218512
2017-06-12,36.35,14594180000,530571407219
2017-06-13,36.65,14594180000,534840198189
2017-06-14,36.29,14594180000,529622805561
2017-06-15,36.07,14594180000,526448533554
2017-06-16,35.57,14594180000,519078512738
2017-06-19,36.58,14594180000,533928061939
2017-06-20,36.25,14594180000,529075490408
2017-06-21,36.47,14594180000,532213241335
2017-06-22,36.41,14594180000,531337626165
2017-06-23,36.57,14594180000,533709158146
2017-06-26,36.46,14594180000,532030858623
2017-06-27,35.93,14594180000,524405357262
2017-06-28,36.46,14594180000,532067324031
2017-06-29,35.92,14594180000,524222918877
2017-06-30,36.01,14594180000,525463466488
2017-07-03,35.88,14594180000,523566207500
2017-07-05,36.02,14594180000,525718835689
2017-07-06,35.68,14594180000,520756812262
2017-07-07,36.04,14594180000,526047191377
2017-07-10,36.26,14594180000,529257928792
2017-07-11,36.38,14594180000,530972749396
2017-07-12,36.44,14594180000,531738968342
2017-07-13,36.94,14594180000,539145510238
2017-07-14,37.26,14594180000,543779122304
2017-07-17,37.39,14594180000,545676381292
2017-07-18,37.52,14594180000,547573640281
2017-07-19,37.76,14594180000,551003281488
2017-07-20,37.58,14594180000,548522241939
2017-07-21,37.57,14594180000,548266872738
2017-07-24,38.02,14594180000,554907195689
2017-07-25,38.19,14594180000,557278783342
2017-07-26,38.37,14594180000,559905740196
2017-07-27,37.64,14594180000,549324926292
2017-07-28,37.38,14594180000,545457477500
2017-07-31,37.18,14594180000,542648082262
2017-08-01,37.51,14594180000,547464188384
2017-08-02,39.28,14594180000,573332359073
2017-08-03,38.89,14594180000,567604172373
2017-08-04,39.10,14594180000,570595950323
2017-08-07,39.70,14594180000,579425422542
2017-08-08,40.02,14594180000,584059090281
2017-08-09,40.26,14594180000,587634648792
2017-08-10,38.83,14594180000,566692036123
2017-08-11,39.37,14594180000,574572851012
2017-08-14,39.96,14594180000,583219940519
2017-08-15,40.40,14594180000,589604894269
2017-08-16,40.24,14594180000,587233306616
2017-08-17,39.47,14594180000,575959315927
2017-08-18,39.38,14594180000,574645837500
2017-08-21,39.30,14594180000,573587783946
2017-08-22,39.94,14594180000,582964515646
2017-08-23,39.99,14594180000,583694213512
2017-08-24,39.82,14594180000,581103777738
2017-08-25,39.97,14594180000,583256405927
2017-08-28,40.37,14594180000,589130565604
2017-08-29,40.73,14594180000,594384479311
2017-08-30,40.84,14594180000,595989848019
2017-08-31,41.00,14594180000,598361380000
2017-09-01,41.01,14594180000,598543818384
2017-09-05,40.52,14594180000,591356180281
2017-09-06,40.48,14594180000,590735934311
2017-09-07,40.31,14594180000,588364346658
2017-09-08,39.66,14594180000,578768711165
2017-09-11,40.38,14594180000,589240017500
2017-09-12,40.22,14594180000,586904950927
2017-09-13,39.91,14594180000,582490186981
2017-09-14,39.57,14594180000,577491698146
2017-09-15,39.97,14594180000,583329392415
2017-09-18,39.67,14594180000,578914628469
2017-09-19,39.68,14594180000,579133532262
2017-09-20,39.02,14594180000,569428444873
2017-09-21,38.35,14594180000,559650315323
2017-09-22,37.97,14594180000,554177497823
2017-09-25,37.64,14594180000,549288460884
2017-09-26,38.28,14594180000,558738179073
2017-09-27,38.56,14594180000,562715079762
2017-09-28,38.32,14594180000,559248973146
2017-09-29,38.53,14594180000,562313737585
2017-10-02,38.45,14594180000,561182697542
2017-10-03,38.62,14594180000,563627216012
2017-10-04,38.37,14594180000,559978671012
2017-10-05,38.85,14594180000,566947405323
2017-10-06,38.83,14594180000,566619049634
2017-10-09,38.96,14594180000,568589239439
2017-10-10,38.97,14594180000,568808143231
2017-10-11,39.14,14594180000,571179730884
2017-10-12,39.00,14594180000,569173020000
2017-10-13,39.25,14594180000,572785099592
2017-10-16,39.97,14594180000,583329392415
2017-10-17,40.12,14594180000,585482020604
2017-10-18,39.94,14594180000,582891529158
2017-10-19,38.99,14594180000,569100033512
2017-10-20,39.06,14594180000,570085156250
2017-10-23,39.04,14594180000,569793265969
2017-10-24,39.28,14594180000,573186441769
2017-10-25,39.10,14594180000,570668936811
2017-10-26,39.35,14594180000,574317481811
2017-10-27,40.76,14594180000,594895273384
2017-10-30,41.68,14594180000,608285426854
2017-10-31,42.26,14594180000,616750022304
2017-11-01,41.72,14594180000,608905672823
2017-11-02,42.03,14594180000,613356902177
2017-11-03,43.13,14594180000,629374012500
2017-11-06,43.56,14594180000,635758966250
2017-11-07,43.70,14594180000,637802142542
2017-11-08,44.06,14594180000,643019590842
2017-11-09,43.97,14594180000,641706112415
2017-11-10,43.67,14594180000,637291348469
2017-11-13,43.49,14594180000,634737378104
2017-11-14,42.83,14594180000,625141686939
2017-11-15,42.27,14594180000,616895995281
2017-11-16,42.78,14594180000,624266071769
2017-11-17,42.54,14594180000,620799909481
2017-11-20,42.49,14594180000,620179663512
2017-11-21,43.28,14594180000,631709079073
2017-11-22,43.74,14594180000,638349457696
2017-11-24,43.74,14594180000,638385923104
2017-11-27,43.52,14594180000,635175185689
2017-11-28,43.27,14594180000,631453709873
2017-11-29,42.37,14594180000,618355391012
2017-11-30,42.96,14594180000,627002480519
2017-12-01,42.76,14594180000,624083633384
2017-12-04,42.45,14594180000,619522952134
2017-12-05,42.41,14594180000,618939171573
2017-12-06,42.25,14594180000,616640570408
2017-12-07,42.33,14594180000,617771666123
2017-12-08,42.34,14594180000,617954048835
2017-12-11,43.17,14594180000,629994258469
2017-12-12,42.92,14594180000,626455165366
2017-12-13,43.07,14594180000,628534862738
2017-12-14,43.06,14594180000,628352424354
2017-12-15,43.49,14594180000,634737378104
2017-12-18,44.10,14594180000,643676302219
2017-12-19,43.63,14594180000,636817019804
2017-12-20,43.59,14594180000,636123843019
2017-12-21,43.75,14594180000,638531840408
2017-12-22,43.75,14594180000,638531840408
2017-12-26,42.64,14594180000,622332347373
2017-12-27,42.65,14594180000,622441799269
2017-12-28,42.77,14594180000,624193085281
2017-12-29,42.31,14594180000,617443254762
2018-01-02,43.06,14594180000,628498341658
2018-01-03,43.06,14594180000,628388889762
2018-01-04,43.26,14594180000,631307736896
2018-01-05,43.75,14594180000,638495375000
2018-01-08,43.59,14594180000,636123843019
2018-01-09,43.58,14594180000,636050856531
2018-01-10,43.57,14594180000,635904883554
2018-01-11,43.82,14594180000,639516963146
2018-01-12,44.27,14594180000,646120820689
2018-01-16,44.05,14594180000,642837152458
2018-01-17,44.78,14594180000,653454431769
2018-01-18,44.81,14594180000,654038156658
2018-01-19,44.62,14594180000,651119365196
2018-01-22,44.25,14594180000,645792465000
2018-01-23,44.26,14594180000,645938382304
2018-01-24,43.56,14594180000,635649514354
2018-01-25,42.78,14594180000,624302537177
2018-01-26,42.88,14594180000,625761932908
2018-01-29,41.99,14594180000,612809642696
2018-01-30,41.74,14594180000,609197563104
2018-01-31,41.86,14594180000,610875862627
2018-02-01,41.94,14594180000,612152875646
2018-02-02,40.13,14594180000,585591472500
2018-02-05,39.12,14594180000,570960827092
2018-02-06,40.76,14594180000,594822286896
2018-02-07,39.88,14594180000,582088844804
2018-02-08,38.79,14594180000,566071734481
2018-02-09,39.10,14594180000,570668936811
2018-02-12,40.68,14594180000,593654781446
2018-02-13,41.08,14594180000,599601871939
2018-02-14,41.84,14594180000,610656958835
2018-02-15,43.25,14594180000,631161819592
2018-02-16,43.11,14594180000,629118587627
2018-02-20,42.96,14594180000,627002480519
2018-02-21,42.77,14594180000,624156619873
2018-02-22,43.13,14594180000,629374012500
2018-02-23,43.88,14594180000,640319647500
2018-02-26,44.74,14594180000,652980103104
2018-02-27,44.60,14594180000,650863940323
2018-02-28,44.53,14594180000,649878817585
2018-03-01,43.75,14594180000,638495375000
2018-03-02,44.05,14594180000,642910138946
2018-03-05,44.21,14594180000,645135753623
2018-03-06,44.17,14594180000,644588438469
2018-03-07,43.76,14594180000,638604826896
2018-03-08,44.24,14594180000,645573561208
2018-03-09,44.99,14594180000,656665113512
2018-03-12,45.43,14594180000,663013601854
2018-03-13,44.99,14594180000,656628648104
2018-03-14,44.61,14594180000,651046378708
2018-03-15,44.66,14594180000,651812541981
2018-03-16,44.51,14594180000,649513996488
2018-03-19,43.83,14594180000,639589949634
2018-03-20,43.81,14594180000,639371045842
2018-03-21,42.82,14594180000,624886317738
2018-03-22,42.21,14594180000,616056845519
2018-03-23,41.24,14594180000,601791021208
2018-03-26,43.19,14594180000,630359135238
2018-03-27,42.08,14594180000,614196051939
2018-03-28,41.62,14594180000,607409756012
2018-03-29,41.94,14594180000,612152875646
2018-04-02,41.67,14594180000,608139453877
2018-04-03,42.10,14594180000,614378490323
2018-04-04,42.90,14594180000,626126809677
2018-04-05,43.20,14594180000,630468587134
2018-04-06,42.10,14594180000,614342024915
2018-04-09,42.51,14594180000,620435088384
2018-04-10,43.31,14594180000,632110421250
2018-04-11,43.11,14594180000,629155108708
2018-04-12,43.53,14594180000,635357624073
2018-04-13,43.68,14594180000,637510252262
2018-04-16,43.96,14594180000,641487208623
2018-04-17,44.56,14594180000,650316680842
2018-04-18,44.46,14594180000,648857229439
2018-04-19,43.20,14594180000,630468587134
2018-04-20,41.43,14594180000,604636881854
2018-04-23,41.31,14594180000,602885595842
2018-04-24,40.74,14594180000,594493931208
2018-04-25,40.91,14594180000,597084366981
2018-04-26,41.06,14594180000,599164064354
2018-04-27,40.58,14594180000,592231851123
2018-04-30,41.31,14594180000,602958526658
2018-05-01,42.28,14594180000,616968981769
2018-05-02,44.14,14594180000,644223617373
2018-05-03,44.22,14594180000,645391122823
2018-05-04,45.96,14594180000,670712034031
2018-05-07,46.29,14594180000,675564605561
2018-05-08,46.51,14594180000,678811808384
2018-05-09,46.84,14594180000,683591393427
2018-05-10,47.51,14594180000,693369467304
2018-05-11,47.15,14594180000,688079088189
2018-05-14,47.04,14594180000,686473719481
2018-05-15,46.61,14594180000,680234738708
2018-05-16,47.04,14594180000,686583171377
2018-05-17,46.75,14594180000,682241449592
2018-05-18,46.58,14594180000,679760410042
2018-05-21,46.91,14594180000,684576516165
2018-05-22,46.79,14594180000,682861695561
2018-05-23,47.09,14594180000,687239938427
2018-05-24,47.04,14594180000,686473719481
2018-05-25,47.15,14594180000,688042622781
2018-05-29,46.97,14594180000,685561583231
2018-05-30,46.88,14594180000,684102187500
2018-05-31,46.72,14594180000,681803586335
2018-06-01,47.56,14594180000,694099220842
2018-06-04,47.96,14594180000,699900394031
2018-06-05,48.33,14594180000,705300225042
2018-06-06,48.49,14594180000,707744743512
2018-06-07,48.37,14594180000,705847540196
2018-06-08,47.92,14594180000,699426065366
2018-06-11,47.81,14594180000,697711244762
2018-06-12,48.07,14594180000,701542228146
2018-06-13,47.67,14594180000,695777520366
2018-06-14,47.70,14594180000,696142397134
2018-06-15,47.21,14594180000,688991224439
2018-06-18,47.19,14594180000,688626403342
2018-06-19,46.42,14594180000,677498329958
2018-06-20,46.63,14594180000,680453642500
2018-06-21,46.37,14594180000,676659180196
2018-06-22,46.23,14594180000,674688934719
2018-06-25,45.54,14594180000,664655435969
2018-06-26,46.11,14594180000,672901127627
2018-06-27,46.04,14594180000,671916060561
2018-06-28,46.38,14594180000,676805097500
2018-06-29,46.28,14594180000,675382167177
2018-07-02,46.79,14594180000,682934626377
2018-07-03,45.98,14594180000,671040389719
2018-07-05,46.35,14594180000,676440220731
2018-07-06,46.99,14594180000,685817008104
2018-07-09,47.65,14594180000,695339712781
2018-07-10,47.59,14594180000,694500563019
2018-07-11,46.97,14594180000,685488652415
2018-07-12,47.76,14594180000,696981546896
2018-07-13,47.83,14594180000,698076121531
2018-07-16,47.73,14594180000,696543739311
2018-07-17,47.86,14594180000,698513929116
2018-07-18,47.60,14594180000,694682945731
2018-07-19,47.97,14594180000,700082832415
2018-07-20,47.86,14594180000,698477463708
2018-07-23,47.90,14594180000,699097709677
2018-07-24,48.25,14594180000,704169185000
2018-07-25,48.71,14594180000,710809563623
2018-07-26,48.55,14594180000,708583948946
2018-07-27,47.74,14594180000,696799108512
2018-07-30,47.48,14594180000,692895194311
2018-07-31,47.57,14594180000,694281603554
2018-08-01,50.38,14594180000,735181817500
2018-08-02,51.85,14594180000,756671745323
2018-08-03,52.00,14594180000,758860894592
2018-08-06,52.27,14594180000,762801329873
2018-08-07,51.78,14594180000,755650157177
2018-08-08,51.81,14594180000,756160951250
2018-08-09,52.22,14594180000,762108097415
2018-08-10,51.88,14594180000,757182539396
2018-08-13,52.22,14594180000,762071576335
2018-08-14,52.44,14594180000,765282313750
2018-08-15,52.56,14594180000,767070120842
2018-08-16,53.33,14594180000,778307646123
2018-08-17,54.40,14594180000,793850427781
2018-08-20,53.87,14594180000,786115530196
2018-08-21,53.76,14594180000,784583092304
2018-08-22,53.76,14594180000,784619613384
2018-08-23,53.87,14594180000,786224982092
2018-08-24,54.04,14594180000,788669500561
2018-08-27,54.49,14594180000,795163906208
2018-08-28,54.92,14594180000,801585325366
2018-08-29,55.74,14594180000,813552548512
2018-08-30,56.26,14594180000,821032076896
2018-08-31,56.91,14594180000,830518316165
2018-09-04,57.09,14594180000,833181738427
2018-09-05,56.72,14594180000,827745386335
2018-09-06,55.78,14594180000,813990411769
2018-09-07,55.33,14594180000,807423019634
2018-09-10,54.58,14594180000,796586836531
2018-09-11,55.96,14594180000,816726820519
2018-09-12,55.27,14594180000,806583869873
2018-09-13,56.60,14594180000,826067086811
2018-09-14,55.96,14594180000,816690299439
2018-09-17,54.47,14594180000,794945002415
2018-09-18,54.56,14594180000,796258480842
2018-09-19,54.59,14594180000,796732753835
2018-09-20,55.01,14594180000,802789351896
2018-09-21,54.42,14594180000,794142318061
2018-09-24,55.20,14594180000,805562226054
2018-09-25,55.55,14594180000,810670222458
2018-09-26,55.10,14594180000,804212282219
2018-09-27,56.24,14594180000,820740186616
2018-09-28,56.44,14594180000,823622568342
2018-10-01,56.81,14594180000,829168316658
2018-10-02,57.32,14594180000,836538393146
2018-10-03,58.02,14594180000,846717864873
2018-10-04,57.00,14594180000,831831794592
2018-10-05,56.07,14594180000,818332133554
2018-10-08,55.94,14594180000,816434930238
2018-10-09,56.72,14594180000,827745386335
2018-10-10,54.09,14594180000,789399198427
2018-10-11,53.61,14594180000,782430464116
2018-10-12,55.53,14594180000,810378332177
2018-10-15,54.34,14594180000,793047743427
2018-10-16,55.54,14594180000,810524249481
2018-10-17,55.30,14594180000,807021677458
2018-10-18,54.01,14594180000,788158706488
2018-10-19,54.83,14594180000,800162395042
2018-10-22,55.16,14594180000,805051431981
2018-10-23,55.68,14594180000,812640412262
2018-10-24,53.77,14594180000,784765530689
2018-10-25,54.95,14594180000,801950202134
2018-10-26,54.08,14594180000,789180294634
2018-10-29,53.06,14594180000,774367210842
2018-10-30,53.33,14594180000,778234659634
2018-10-31,54.72,14594180000,798520560927
2018-11-01,55.56,14594180000,810779674354
2018-11-02,51.87,14594180000,757000101012
2018-11-05,50.40,14594180000,735510173189
2018-11-06,50.94,14594180000,743464030238
2018-11-07,52.49,14594180000,766012011616
2018-11-08,52.12,14594180000,760685167092
2018-11-09,51.12,14594180000,746018000604
2018-11-12,48.54,14594180000,708437975969
2018-11-13,48.06,14594180000,701359789762
2018-11-14,46.70,14594180000,681548217134
2018-11-15,47.85,14594180000,698368011811
2018-11-16,48.38,14594180000,706102909396
2018-11-19,46.47,14594180000,678118575927
2018-11-20,44.24,14594180000,645719478512
2018-11-21,44.19,14594180000,644989780646
2018-11-23,43.07,14594180000,628607793554
2018-11-26,43.65,14594180000,637108910085
2018-11-27,43.56,14594180000,635722500842
2018-11-28,45.24,14594180000,660167741208
2018-11-29,44.89,14594180000,655096265884
2018-11-30,44.65,14594180000,651557172781
2018-12-03,46.21,14594180000,674324113623
2018-12-04,44.17,14594180000,644661424958
2018-12-06,43.68,14594180000,637473786854
2018-12-07,42.12,14594180000,614743367092
2018-12-10,42.40,14594180000,618793254269
2018-12-11,42.16,14594180000,615254161165
2018-12-12,42.28,14594180000,616968981769
2018-12-13,42.74,14594180000,623718756616
2018-12-14,41.37,14594180000,603761211012
2018-12-17,40.99,14594180000,598142476208
2018-12-18,41.52,14594180000,605913894873
2018-12-19,40.22,14594180000,587014402823
2018-12-20,39.21,14594180000,572201319031
2018-12-21,37.68,14594180000,549945172262
2018-12-24,36.71,14594180000,535715869031
2018-12-26,39.29,14594180000,573441810969
2018-12-27,39.04,14594180000,569720279481
2018-12-28,39.06,14594180000,570012169762
2018-12-31,39.44,14594180000,575521508342
2019-01-02,39.48,14594180000,576178219719
2019-01-03,35.55,14594180000,518786622458
2019-01-04,37.06,14594180000,540933261658
2019-01-07,36.98,14594180000,539729235127
2019-01-08,37.69,14594180000,550018158750
2019-01-09,38.33,14594180000,559358425042
2019-01-10,38.45,14594180000,561146232134
2019-01-11,38.07,14594180000,555636893554
2019-01-14,37.50,14594180000,547281750000
2019-01-15,38.27,14594180000,558482809873
2019-01-16,38.74,14594180000,565305571208
2019-01-17,38.97,14594180000,568662225927
2019-01-18,39.21,14594180000,572164853623
2019-01-22,38.33,14594180000,559321959634
2019-01-23,38.48,14594180000,561584039719
2019-01-24,38.17,14594180000,557132810366
2019-01-25,39.44,14594180000,575594439158
2019-01-28,39.08,14594180000,570267594634
2019-01-29,38.67,14594180000,564356913877
2019-01-30,41.31,14594180000,602922061250
2019-01-31,41.61,14594180000,607263838708
2019-02-01,41.63,14594180000,607555728988
2019-02-04,42.81,14594180000,624813331250
2019-02-05,43.54,14594180000,635503541377
2019-02-06,43.56,14594180000,635722500842
2019-02-07,42.74,14594180000,623682291208
2019-02-08,42.60,14594180000,621748566811
2019-02-11,42.36,14594180000,618172952627
2019-02-12,42.72,14594180000,623499852823
2019-02-13,42.54,14594180000,620909361377
2019-02-14,42.70,14594180000,623171497134
2019-02-15,42.60,14594180000,621785032219
2019-02-19,42.73,14594180000,623645770127
2019-02-20,43.01,14594180000,627659191896
2019-02-21,42.76,14594180000,624120098792
2019-02-22,43.24,14594180000,631088833104
2019-02-25,43.56,14594180000,635685979762
2019-02-26,43.58,14594180000,636050856531
2019-02-27,43.72,14594180000,638021046335
2019-02-28,43.29,14594180000,631745544481
2019-03-01,43.74,14594180000,638385923104
2019-03-04,43.96,14594180000,641596660519
2019-03-05,43.88,14594180000,640429099396
2019-03-06,43.63,14594180000,636744088988
2019-03-07,43.13,14594180000,629374012500
2019-03-08,43.23,14594180000,630869929311
2019-03-11,44.72,14594180000,652724678231
2019-03-12,45.23,14594180000,660058289311
2019-03-13,45.43,14594180000,662977136446
2019-03-14,45.93,14594180000,670347157262
2019-03-15,46.53,14594180000,679067177585
2019-03-18,47.01,14594180000,685999446488
2019-03-19,46.63,14594180000,680563094396
2019-03-20,47.04,14594180000,686510240561
2019-03-21,48.77,14594180000,711794630689
2019-03-22,47.76,14594180000,697054533384
2019-03-25,47.19,14594180000,688626403342
2019-03-26,46.70,14594180000,681511696054
2019-03-27,47.12,14594180000,687641280604
2019-03-28,47.18,14594180000,688553416854
2019-03-29,47.49,14594180000,693041111616
2019-04-01,47.81,14594180000,697747765842
2019-04-02,48.51,14594180000,707890716488
2019-04-03,48.84,14594180000,712743288019
2019-04-04,48.92,14594180000,713983779958
2019-04-05,49.25,14594180000,718763365000
2019-04-08,50.03,14594180000,730073876769
2019-04-09,49.88,14594180000,727884727500
2019-04-10,50.15,14594180000,731971080085
2019-04-11,49.74,14594180000,725878016616
2019-04-12,49.72,14594180000,725586126335
2019-04-15,49.81,14594180000,726899604762
2019-04-16,49.81,14594180000,726972591250
2019-04-17,50.78,14594180000,741128963665
2019-04-18,50.97,14594180000,743792385927
2019-04-22,51.13,14594180000,746236904396
2019-04-23,51.87,14594180000,757000101012
2019-04-24,51.79,14594180000,755832595561
2019-04-25,51.32,14594180000,748973313146
2019-04-26,51.08,14594180000,745397754634
2019-04-29,51.15,14594180000,746528794677
2019-04-30,50.17,14594180000,732153518469
2019-05-01,52.63,14594180000,768091708988
2019-05-02,52.29,14594180000,763093164481
2019-05-03,52.94,14594180000,772579403750
2019-05-06,52.12,14594180000,760648646012
2019-05-07,50.72,14594180000,740143840927
2019-05-08,50.72,14594180000,740289758231
2019-05-09,50.18,14594180000,732335956854
2019-05-10,49.29,14594180000,719420076377
2019-05-13,46.43,14594180000,677607781854
2019-05-14,47.17,14594180000,688334513061
2019-05-15,47.73,14594180000,696580204719
2019-05-16,47.52,14594180000,693515440281
2019-05-17,47.25,14594180000,689575005000
2019-05-20,45.77,14594180000,668012090689
2019-05-21,46.65,14594180000,680818519269
2019-05-22,45.69,14594180000,666881050646
2019-05-23,44.92,14594180000,655497608061
2019-05-24,44.74,14594180000,652980103104
2019-05-28,44.56,14594180000,650280159762
2019-05-29,44.35,14594180000,647178929915
2019-05-30,44.58,14594180000,650535584634
2019-05-31,43.77,14594180000,638750799873
2019-06-03,43.33,14594180000,632292859634
2019-06-04,44.91,14594180000,655424621573
2019-06-05,45.63,14594180000,666005379804
2019-06-06,46.31,14594180000,675783509354
2019-06-07,47.54,14594180000,693770809481
2019-06-10,48.15,14594180000,702636802781
2019-06-11,48.70,14594180000,710773042542
2019-06-12,48.55,14594180000,708510962458
2019-06-13,48.54,14594180000,708364989481
2019-06-14,48.19,14594180000,703220583342
2019-06-17,48.47,14594180000,707416387823
2019-06-18,49.61,14594180000,724053744116
2019-06-19,49.47,14594180000,721937581335
2019-06-20,49.87,14594180000,727738810196
2019-06-21,49.69,14594180000,725257770646
2019-06-24,49.65,14594180000,724528072781
2019-06-25,48.89,14594180000,713545972373
2019-06-26,49.95,14594180000,728979302134
2019-06-27,49.94,14594180000,728760398342
2019-06-28,49.48,14594180000,722120019719
2019-07-01,50.39,14594180000,735364255884
2019-07-02,50.68,14594180000,739669512262
2019-07-03,51.10,14594180000,745799096811
2019-07-05,51.06,14594180000,745142329762
2019-07-08,50.01,14594180000,729781986488
2019-07-09,50.31,14594180000,734233215842
2019-07-10,50.81,14594180000,741493784762
2019-07-11,50.44,14594180000,736093953750
2019-07-12,50.83,14594180000,741749209634
2019-07-15,51.30,14594180000,748717943946
2019-07-16,51.13,14594180000,746127452500
2019-07-17,50.84,14594180000,741931648019
2019-07-18,51.42,14594180000,750359778061
2019-07-19,50.65,14594180000,739158718189
2019-07-22,51.81,14594180000,756051499354
2019-07-23,52.21,14594180000,761962124439
2019-07-24,52.17,14594180000,761341878469
2019-07-25,51.76,14594180000,755321801488
2019-07-26,51.94,14594180000,757948758342
2019-07-29,52.42,14594180000,765026888877
2019-07-30,52.19,14594180000,761743220646
2019-07-31,53.26,14594180000,777286002304
2019-08-01,52.11,14594180000,760466207627
2019-08-02,51.01,14594180000,744376166488
2019-08-05,48.33,14594180000,705409676939
2019-08-06,49.25,14594180000,718763365000
2019-08-07,49.76,14594180000,726206372304
2019-08-08,50.86,14594180000,742223482627
2019-08-09,50.25,14594180000,733321079592
2019-08-12,50.12,14594180000,731460286012
2019-08-13,52.24,14594180000,762436453104
2019-08-14,50.69,14594180000,739742498750
2019-08-15,50.44,14594180000,736057488342
2019-08-16,51.63,14594180000,753424542500
2019-08-19,52.59,14594180000,767471463019
2019-08-20,52.59,14594180000,767507928427
2019-08-21,53.16,14594180000,775826606573
2019-08-22,53.12,14594180000,775169895196
2019-08-23,50.66,14594180000,739341156573
2019-08-26,51.62,14594180000,753388077092
2019-08-27,51.04,14594180000,744886960561
2019-08-28,51.38,14594180000,749885449396
2019-08-29,52.25,14594180000,762582370408
2019-08-30,52.19,14594180000,761597303342
2019-09-03,51.42,14594180000,750505695366
2019-09-04,52.30,14594180000,763239137458
2019-09-05,53.32,14594180000,778161673146
2019-09-06,53.31,14594180000,778088686658
2019-09-09,53.54,14594180000,781408875969
2019-09-10,54.17,14594180000,790639690366
2019-09-11,55.90,14594180000,815778163189
2019-09-12,55.77,14594180000,813953890689
2019-09-13,54.69,14594180000,798119218750
2019-09-16,54.97,14594180000,802315023231
2019-09-17,55.17,14594180000,805233870366
2019-09-18,55.69,14594180000,812786385238
2019-09-19,55.24,14594180000,806182527696
2019-09-20,54.43,14594180000,794397687262
2019-09-23,54.68,14594180000,798009766854
2019-09-24,54.42,14594180000,794215248877
2019-09-25,55.26,14594180000,806437896896
2019-09-26,54.97,14594180000,802278557823
2019-09-27,54.71,14594180000,798374643623
2019-09-30,55.99,14594180000,817164628104
2019-10-01,56.15,14594180000,819426708189
2019-10-02,54.74,14594180000,798885437696
2019-10-03,55.21,14594180000,805671733623
2019-10-04,56.75,14594180000,828256180408
2019-10-07,56.76,14594180000,828438618792
2019-10-08,56.10,14594180000,818733475731
2019-10-09,56.76,14594180000,828329166896
2019-10-10,57.52,14594180000,839493705689
2019-10-11,59.05,14594180000,861822838946
2019-10-14,58.97,14594180000,860582291335
2019-10-15,58.83,14594180000,858575636123
2019-10-16,58.59,14594180000,855109473835
2019-10-17,58.82,14594180000,858429663146
2019-10-18,59.10,14594180000,862552536811
2019-10-21,60.13,14594180000,877511537908
2019-10-22,59.99,14594180000,875504882696
2019-10-23,60.79,14594180000,887253146377
2019-10-24,60.90,14594180000,888712597781
2019-10-25,61.65,14594180000,899658232781
2019-10-28,62.26,14594180000,908670143384
2019-10-29,60.82,14594180000,887654488554
2019-10-30,60.81,14594180000,887545036658
2019-10-31,62.19,14594180000,907612034158
2019-11-01,63.96,14594180000,933370808623
2019-11-04,64.38,14594180000,939500337500
2019-11-05,64.28,14594180000,938150393665
2019-11-06,64.31,14594180000,938551680170
2019-11-07,64.86,14594180000,946542002627
2019-11-08,65.04,14594180000,949132549745
2019-11-11,65.55,14594180000,956648543538
2019-11-12,65.49,14594180000,955772817023
2019-11-13,66.12,14594180000,964930700604
2019-11-14,65.66,14594180000,958253912245
2019-11-15,66.44,14594180000,969637354830
2019-11-18,66.78,14594180000,974526391769
2019-11-19,66.57,14594180000,971571079227
2019-11-20,65.80,14594180000,960260567458
2019-11-21,65.50,14594180000,955955311080
2019-11-22,65.44,14594180000,955116105646
2019-11-25,66.59,14594180000,971862913835
2019-11-26,66.07,14594180000,964273989227
2019-11-27,66.96,14594180000,977226279439
2019-11-29,66.81,14594180000,975073651250
2019-12-02,66.04,14594180000,963799660561
2019-12-03,64.86,14594180000,946615044788
2019-12-04,65.43,14594180000,954970132670
2019-12-05,66.39,14594180000,968980532108
2019-12-06,67.68,14594180000,987697585773
2019-12-09,66.73,14594180000,973869680392
2019-12-10,67.12,14594180000,979561401684
2019-12-11,67.69,14594180000,987916489566
2019-12-12,67.86,14594180000,990433994523
2019-12-13,68.79,14594180000,1003897134481
2019-12-16,69.96,14594180000,1021081750255
2019-12-17,70.10,14594180000,1023088516811
2019-12-18,69.93,14594180000,1020643942670
2019-12-19,70.00,14594180000,1021665530816
2019-12-20,69.86,14594180000,1019549423708
2019-12-23,71.00,14594180000,1036186780000
2019-12-24,71.07,14594180000,1037171847066
2019-12-26,72.48,14594180000,1057749694311
2019-12-27,72.45,14594180000,1057348296462
2019-12-30,72.88,14594180000,1063623798316
2019-12-31,73.41,14594180000,1071395216981
2020-01-02,75.09,14594180000,1095840513019
2020-01-03,74.36,14594180000,1085186712627
2020-01-06,74.95,14594180000,1093833746462
2020-01-07,74.60,14594180000,1088689395995
2020-01-08,75.80,14594180000,1106202367458
2020-01-09,77.41,14594180000,1129699006165
2020-01-10,77.58,14594180000,1132252920858
2020-01-13,79.24,14594180000,1156442792023
2020-01-14,78.17,14594180000,1140827023877
2020-01-15,77.83,14594180000,1135937986939
2020-01-16,78.81,14594180000,1150167290170
2020-01-17,79.68,14594180000,1162900787934
2020-01-21,79.14,14594180000,1155019917373
2020-01-22,79.43,14594180000,1159142791038
2020-01-23,79.81,14594180000,1164725060434
2020-01-24,79.58,14594180000,1161368350042
2020-01-27,77.24,14594180000,1127218022288
2020-01-28,79.42,14594180000,1159106269958
2020-01-29,81.08,14594180000,1183369071939
2020-01-30,80.97,14594180000,1181654251335
2020-01-31,77.38,14594180000,1129261198580
2020-02-03,77.17,14594180000,1126159913061
2020-02-04,79.71,14594180000,1163338595519
2020-02-05,80.36,14594180000,1172824834788
2020-02-06,81.30,14594180000,1186543288273
2020-02-07,80.01,14594180000,1167643851896
2020-02-10,80.39,14594180000,1173189600212
2020-02-11,79.90,14594180000,1166111414005
2020-02-12,81.80,14594180000,1193803968538
2020-02-13,81.22,14594180000,1185302796335
2020-02-14,81.24,14594180000,1185594742288
2020-02-18,79.75,14594180000,1163885855000
2020-02-19,80.90,14594180000,1180742115085
2020-02-20,80.07,14594180000,1168628918962
2020-02-21,78.26,14594180000,1142176967712
2020-02-24,74.54,14594180000,1087923121377
2020-02-25,72.02,14594180000,1051072794608
2020-02-26,73.16,14594180000,1067746671981
2020-02-27,68.38,14594180000,997949988316
2020-02-28,68.34,14594180000,997366207755
2020-03-02,74.70,14594180000,1090221722542
2020-03-03,72.33,14594180000,1055597066123
2020-03-04,75.68,14594180000,1104560477670
2020-03-05,73.23,14594180000,1068731850392
2020-03-06,72.26,14594180000,1054538956896
2020-03-09,66.54,14594180000,971133271642
2020-03-10,71.33,14594180000,1041075816939
2020-03-11,68.86,14594180000,1004918722627
2020-03-12,62.06,14594180000,905678309762
2020-03-13,69.49,14594180000,1014186058104
2020-03-16,60.55,14594180000,883714108946
2020-03-17,63.22,14594180000,922571090927
2020-03-18,61.67,14594180000,899986588469
2020-03-19,61.19,14594180000,893090840646
2020-03-20,57.31,14594180000,836392475842
2020-03-23,56.09,14594180000,818624023835
2020-03-24,61.72,14594180000,900752807415
2020-03-25,61.38,14594180000,895790783988
2020-03-26,64.61,14594180000,942929978708
2020-03-27,61.94,14594180000,903890558342
2020-03-30,63.70,14594180000,929685742542
2020-03-31,63.57,14594180000,927788483554
2020-04-01,60.23,14594180000,878970989311
2020-04-02,61.23,14594180000,893638100127
2020-04-03,60.35,14594180000,880795261811
2020-04-06,65.62,14594180000,957633610604
2020-04-07,64.86,14594180000,946542002627
2020-04-08,66.52,14594180000,970768394873
2020-04-09,67.00,14594180000,977773538920
2020-04-13,68.31,14594180000,996964921250
2020-04-14,71.76,14594180000,1047314797712
2020-04-15,71.11,14594180000,1037755627627
2020-04-16,71.67,14594180000,1046001374958
2020-04-17,70.70,14594180000,1031808481462
2020-04-20,69.23,14594180000,1010391540127
2020-04-21,67.09,14594180000,979160003835
2020-04-22,69.03,14594180000,1007363296769
2020-04-23,68.76,14594180000,1003459326896
2020-04-24,70.74,14594180000,1032428783104
2020-04-27,70.79,14594180000,1033158536642
2020-04-28,69.64,14594180000,1016411617108
2020-04-29,71.93,14594180000,1049795892934
2020-04-30,73.45,14594180000,1071942476462
2020-05-01,72.27,14594180000,1054684929873
2020-05-04,73.29,14594180000,1069607465561
2020-05-05,74.39,14594180000,1085661041292
2020-05-06,75.16,14594180000,1096862101165
2020-05-07,75.93,14594180000,1108209022670
2020-05-08,77.53,14594180000,1131523278665
2020-05-11,78.75,14594180000,1149328196080
2020-05-12,77.85,14594180000,1136193411811
2020-05-13,76.91,14594180000,1122474846981
2020-05-14,77.39,14594180000,1129370650477
2020-05-15,76.93,14594180000,1122693750773
2020-05-18,78.74,14594180000,1149145702023
2020-05-19,78.29,14594180000,1142505434745
2020-05-20,79.81,14594180000,1164725060434
2020-05-21,79.21,14594180000,1156041505519
2020-05-22,79.72,14594180000,1163484568495
2020-05-26,79.18,14594180000,1155603697934
2020-05-27,79.53,14594180000,1160638596505
2020-05-28,79.56,14594180000,1161149446250
2020-05-29,79.49,14594180000,1160018406208
2020-06-01,80.46,14594180000,1174284230519
2020-06-02,80.83,14594180000,1179720526939
2020-06-03,81.28,14594180000,1186214932585
2020-06-04,80.58,14594180000,1175999051123
2020-06-05,82.88,14594180000,1209492667500
2020-06-08,83.36,14594180000,1216643784523
2020-06-09,86.00,14594180000,1255062958920
2020-06-10,88.21,14594180000,1287352604439
2020-06-11,83.97,14594180000,1225546243231
2020-06-12,84.70,14594180000,1236127001462
2020-06-15,85.75,14594180000,1251414413920
2020-06-16,88.02,14594180000,1284579674608
2020-06-17,87.90,14594180000,1282791923189
2020-06-18,87.93,14594180000,1283302772934
2020-06-19,87.43,14594180000,1275969161854
2020-06-22,89.72,14594180000,1309353326335
2020-06-23,91.63,14594180000,1337301194396
2020-06-24,90.01,14594180000,1313695103792
2020-06-25,91.21,14594180000,1331135144439
2020-06-26,88.41,14594180000,1290234986165
2020-06-29,90.44,14594180000,1319970605646
2020-06-30,91.20,14594180000,1330989171462
2020-07-01,91.03,14594180000,1328471666505
2020-07-02,91.03,14594180000,1328471666505
2020-07-06,93.46,14594180000,1364008570519
2020-07-07,93.17,14594180000,1359776244958
2020-07-08,95.34,14594180000,1391445588835
2020-07-09,95.75,14594180000,1397429256080
2020-07-10,95.92,14594180000,1399873718877
2020-07-13,95.48,14594180000,1393415834311
2020-07-14,97.06,14594180000,1416474665434
2020-07-15,97.72,14594180000,1426216218231
2020-07-16,96.52,14594180000,1408666725689
2020-07-17,96.33,14594180000,1405820865042
2020-07-20,98.36,14594180000,1435447032627
2020-07-21,97.00,14594180000,1415635460000
2020-07-22,97.27,14594180000,1419612360689
2020-07-23,92.85,14594180000,1354996659915
2020-07-24,92.61,14594180000,1351639949523
2020-07-27,94.81,14594180000,1383674170170
2020-07-28,93.25,14594180000,1360943806080
2020-07-29,95.04,14594180000,1387030880561
2020-07-30,96.19,14594180000,1403814209830
2020-07-31,106.26,14594180000,1550777597977
2020-08-03,108.94,14594180000,1589853483750
2020-08-04,109.67,14594180000,1600470763061
2020-08-05,110.06,14594180000,1606271936250
2020-08-06,113.90,14594180000,1662313534005
2020-08-07,111.11,14594180000,1621595869788
2020-08-10,112.73,14594180000,1645165439311
2020-08-11,109.38,14594180000,1596238437500
2020-08-12,113.01,14594180000,1649288312977
2020-08-13,115.01,14594180000,1678476672977
2020-08-14,114.91,14594180000,1676980756165
2020-08-17,114.61,14594180000,1672602457627
2020-08-18,115.56,14594180000,1686539926250
2020-08-19,115.71,14594180000,1688656033358
2020-08-20,118.28,14594180000,1726126661769
2020-08-21,124.37,14594180000,1815078206684
2020-08-24,125.86,14594180000,1836786982627
2020-08-25,124.82,14594180000,1821718473962
2020-08-26,126.52,14594180000,1846492125689
2020-08-27,125.01,14594180000,1824418472977
2020-08-28,124.81,14594180000,1821463160434
2020-08-31,129.04,14594180000,1883232889217
2020-09-01,134.18,14594180000,1958246965509
2020-09-02,131.40,14594180000,1917675162924
2020-09-03,120.88,14594180000,1764144438316
2020-09-04,120.96,14594180000,1765311999439
2020-09-08,112.82,14594180000,1646515383146
2020-09-09,117.32,14594180000,1712189193146
2020-09-10,113.49,14594180000,1656293457023
2020-09-11,112.00,14594180000,1634548160000
2020-09-14,115.36,14594180000,1683584613708
2020-09-15,115.54,14594180000,1686211570561
2020-09-16,112.13,14594180000,1636445363316
2020-09-17,110.34,14594180000,1610321767755
2020-09-18,106.84,14594180000,1559242137755
2020-09-21,110.08,14594180000,1606527361123
2020-09-22,111.81,14594180000,1631775230170
2020-09-23,107.12,14594180000,1563328601684
2020-09-24,108.22,14594180000,1579382177415
2020-09-25,112.28,14594180000,1638634512585
2020-09-28,114.96,14594180000,1677746919439
2020-09-29,114.09,14594180000,1665049942755
2020-09-30,115.81,14594180000,1690151950170
2020-10-01,116.79,14594180000,1704454295561
2020-10-02,113.02,14594180000,1649434174608
2020-10-05,116.50,14594180000,1700221970000
2020-10-06,113.16,14594180000,1651477462245
2020-10-07,115.08,14594180000,1679498261123
2020-10-08,114.97,14594180000,1677892892415
2020-10-09,116.97,14594180000,1707081252415
2020-10-12,124.40,14594180000,1815516014269
2020-10-13,121.10,14594180000,1767355175731
2020-10-14,121.19,14594180000,1768668709830
2020-10-15,120.71,14594180000,1761663454439
2020-10-16,119.02,14594180000,1736999254608
2020-10-19,115.98,14594180000,1692633045392
2020-10-20,117.51,14594180000,1714962122977
2020-10-21,116.87,14594180000,1705621856684
2020-10-22,115.75,14594180000,1689276335000
2020-10-23,115.04,14594180000,1678914480561
2020-10-26,115.05,14594180000,1679060453538
2020-10-27,116.60,14594180000,1701681365731
2020-10-28,111.20,14594180000,1622872771462
2020-10-29,115.32,14594180000,1683000833146
2020-10-30,108.86,14594180000,1588722443708
2020-11-02,108.77,14594180000,1587408909608
2020-11-03,110.44,14594180000,1611781274830
2020-11-04,114.95,14594180000,1677600946462
2020-11-05,119.03,14594180000,1737145227585
2020-11-06,118.69,14594180000,1732183259830
2020-11-09,116.32,14594180000,1697595013146
2020-11-10,115.97,14594180000,1692487072415
2020-11-11,119.49,14594180000,1743858537023
2020-11-12,119.21,14594180000,1739772184439
2020-11-13,119.26,14594180000,1740501937977
2020-11-16,120.30,14594180000,1755679898538
2020-11-17,119.39,14594180000,1742399141292
2020-11-18,118.03,14594180000,1722551047585
2020-11-19,118.64,14594180000,1731453506292
2020-11-20,117.34,14594180000,1712481027755
2020-11-23,113.85,14594180000,1661547370731
2020-11-24,115.17,14594180000,1680811683877
2020-11-25,116.03,14594180000,1693362687585
2020-11-27,116.59,14594180000,1701535392755
2020-11-30,119.05,14594180000,1737437173538
2020-12-01,122.72,14594180000,1790997787415
2020-12-02,123.08,14594180000,1796251701123
2020-12-03,122.94,14594180000,1794208524830
2020-12-04,122.25,14594180000,1784138505000
2020-12-07,123.75,14594180000,1806029775000
2020-12-08,124.38,14594180000,1815224068316
2020-12-09,121.78,14594180000,1777279222585
2020-12-10,123.24,14594180000,1798586712023
2020-12-11,122.41,14594180000,1786473627245
2020-12-14,121.78,14594180000,1777279222585
2020-12-15,127.88,14594180000,1866303698316
2020-12-16,127.81,14594180000,1865282110170
2020-12-17,128.70,14594180000,1878270921462
2020-12-18,126.66,14594180000,1848498892245
2020-12-21,128.23,14594180000,1871411639047
2020-12-22,131.88,14594180000,1924680529661
2020-12-23,130.96,14594180000,1911253910783
2020-12-24,131.97,14594180000,1925993952415
2020-12-28,136.69,14594180000,1994878499830
2020-12-29,134.87,14594180000,1968316985339
2020-12-30,133.72,14594180000,1951533767415
2020-12-31,132.69,14594180000,1936501779830
2021-01-04,129.41,14594180000,1888632887245
2021-01-05,131.01,14594180000,1911983441632
2021-01-06,126.60,14594180000,1847623165731
2021-01-07,130.92,14594180000,1910670018877
2021-01-08,132.05,14594180000,1927161513538
2021-01-11,128.98,14594180000,1882357274047
2021-01-12,128.80,14594180000,1879730428538
2021-01-13,130.89,14594180000,1910232211292
2021-01-14,128.91,14594180000,1881335797245
2021-01-15,127.14,14594180000,1855504036292
2021-01-19,127.83,14594180000,1865574056123
2021-01-20,132.03,14594180000,1926869567585
2021-01-21,136.87,14594180000,1997505345339
2021-01-22,139.07,14594180000,2029612719491
2021-01-25,142.92,14594180000,2085800178877
2021-01-26,143.16,14594180000,2089302862245
2021-01-27,142.06,14594180000,2073249175170
2021-01-28,137.09,14594180000,2000716082755
2021-01-29,131.96,14594180000,1925848090783
2021-02-01,134.14,14594180000,1957663296292
2021-02-02,134.99,14594180000,1970068438368
2021-02-03,133.94,14594180000,1954744504830
2021-02-04,137.39,14594180000,2005094381292
2021-02-05,136.76,14594180000,1995899976632
2021-02-08,136.91,14594180000,1998089237245
2021-02-09,136.01,14594180000,1984954341632
2021-02-10,135.39,14594180000,1975906021292
2021-02-11,135.13,14594180000,1972111614661
2021-02-12,135.37,14594180000,1975614075339
2021-02-16,133.19,14594180000,1943798869830
2021-02-17,130.84,14594180000,1909502457755
2021-02-18,129.71,14594180000,1893011185783
2021-02-19,129.87,14594180000,1895346085339
2021-02-22,126.00,14594180000,1838866680000
2021-02-23,125.86,14594180000,1836823503708
2021-02-24,125.35,14594180000,1829380440731
2021-02-25,120.99,14594180000,1765749807023
2021-02-26,121.26,14594180000,1769690297977
2021-03-01,127.79,14594180000,1864990275561
2021-03-02,125.12,14594180000,1826023841684
2021-03-03,122.06,14594180000,1781365575170
2021-03-04,120.13,14594180000,1753198803316
2021-03-05,121.42,14594180000,1772025308877
2021-03-08,116.36,14594180000,1698178793708
2021-03-09,121.09,14594180000,1767209202755
2021-03-10,119.98,14594180000,1751009765392
2021-03-11,121.96,14594180000,1779906179439
2021-03-12,121.03,14594180000,1766333587585
2021-03-15,123.99,14594180000,1809532347023
2021-03-16,125.57,14594180000,1832591178146
2021-03-17,124.76,14594180000,1820769927977
2021-03-18,120.53,14594180000,1759036497585
2021-03-19,119.99,14594180000,1751155627023
2021-03-22,123.39,14594180000,1800775861292
2021-03-23,122.54,14594180000,1788370830561
2021-03-24,120.09,14594180000,1752615022755
2021-03-25,120.59,14594180000,1759912112755
2021-03-26,121.21,14594180000,1768960544439
2021-03-29,121.39,14594180000,1771587501292
2021-03-30,119.90,14594180000,1749842204269
2021-03-31,122.15,14594180000,1782679109269
2021-04-01,123.00,14594180000,1795084140000
2021-04-05,125.90,14594180000,1837407284269
2021-04-06,126.21,14594180000,1841931444439
2021-04-07,127.90,14594180000,1866595644269
2021-04-08,130.36,14594180000,1902497313708
2021-04-09,133.00,14594180000,1941025940000
2021-04-12,131.24,14594180000,1915340263368
2021-04-13,134.43,14594180000,1961895510509
2021-04-14,132.03,14594180000,1926869567585
2021-04-15,134.50,14594180000,1962917210000
2021-04-16,134.16,14594180000,1957955242245
2021-04-19,134.84,14594180000,1967879177755
2021-04-20,133.11,14594180000,1942631308708
2021-04-21,133.50,14594180000,1948323030000
2021-04-22,131.94,14594180000,1925556144830
2021-04-23,134.32,14594180000,1960290364491
2021-04-26,134.72,14594180000,1966127947415
2021-04-27,134.39,14594180000,1961311841292
2021-04-28,133.58,14594180000,1949490591123
2021-04-29,133.48,14594180000,1948031084047
2021-04-30,131.46,14594180000,1918551000783
2021-05-03,132.54,14594180000,1934312519217
2021-05-04,127.85,14594180000,1865865890731
2021-05-05,128.10,14594180000,1869514547076
2021-05-06,129.74,14594180000,1893448993368
2021-05-07,130.21,14594180000,1900308275783
2021-05-10,126.85,14594180000,1851271710731
2021-05-11,125.91,14594180000,1837553257245
2021-05-12,122.77,14594180000,1791727429608
2021-05-13,124.97,14594180000,1823834692415
2021-05-14,127.45,14594180000,1860028196462
2021-05-17,126.27,14594180000,1842807059608
2021-05-18,124.85,14594180000,1822083350731
2021-05-19,124.69,14594180000,1819748339830
2021-05-20,127.31,14594180000,1857985020170
2021-05-21,125.43,14594180000,1830548001854
2021-05-24,127.10,14594180000,1854920255731
2021-05-25,126.90,14594180000,1852001464269
2021-05-26,126.85,14594180000,1851271710731
2021-05-27,125.28,14594180000,1828358852585
2021-05-28,124.61,14594180000,1818580778708
2021-06-01,124.28,14594180000,1813764672585
2021-06-02,125.06,14594180000,1825148115170
2021-06-03,123.54,14594180000,1802965010561
2021-06-04,125.89,14594180000,1837261311292
2021-06-07,125.90,14594180000,1837407284269
2021-06-08,126.74,14594180000,1849666342023
2021-06-09,127.13,14594180000,1855358063316
2021-06-10,126.11,14594180000,1840472048708
2021-06-11,127.35,14594180000,1858568800731
2021-06-14,130.48,14594180000,1904248544047
2021-06-15,129.64,14594180000,1891989486292
2021-06-16,130.15,14594180000,1899432437924
2021-06-17,131.79,14594180000,1923366884217
2021-06-18,130.46,14594180000,1903956820783
2021-06-21,132.30,14594180000,1930810058538
2021-06-22,133.98,14594180000,1955328174047
2021-06-23,133.70,14594180000,1951241821462
2021-06-24,133.41,14594180000,1947009607245
2021-06-25,133.11,14594180000,1942631308708
2021-06-28,134.78,14594180000,1967003562585
2021-06-29,136.33,14594180000,1989624586123
2021-06-30,136.96,14594180000,1998818990783
2021-07-01,137.27,14594180000,2003343150953
2021-07-02,139.96,14594180000,2042601530783
2021-07-06,142.02,14594180000,2072665505953
2021-07-07,144.57,14594180000,2109880709491
2021-07-08,143.24,14594180000,2090470423368
2021-07-09,145.11,14594180000,2117761468708
2021-07-12,144.50,14594180000,2108859010000
2021-07-13,145.64,14594180000,2125496366292
2021-07-14,149.15,14594180000,2176721857924
2021-07-15,148.48,14594180000,2166943784047
2021-07-16,146.39,14594180000,2136442001292
2021-07-19,142.45,14594180000,2078940896462
2021-07-20,146.15,14594180000,2132939317924
2021-07-21,145.40,14594180000,2121993682924
2021-07-22,146.80,14594180000,2142425668538
2021-07-23,148.56,14594180000,2168111345170
2021-07-26,148.99,14594180000,2174386958368
2021-07-27,146.77,14594180000,2141987860953
2021-07-28,144.98,14594180000,2115864154047
2021-07-29,145.64,14594180000,2125496366292
2021-07-30,145.86,14594180000,2128707103708
2021-08-02,145.52,14594180000,2123745135953
2021-08-03,147.36,14594180000,2150598373708
2021-08-04,146.95,14594180000,2144614706462
2021-08-05,147.06,14594180000,2146220075170
2021-08-06,146.14,14594180000,2132793456292
2021-08-09,146.09,14594180000,2132063702755
2021-08-10,145.60,14594180000,2124912697076
2021-08-11,145.86,14594180000,2128707103708
2021-08-12,148.89,14594180000,2172927451292
2021-08-13,149.10,14594180000,2175992327076
2021-08-16,151.12,14594180000,2205472410339
2021-08-17,150.19,14594180000,2191899929830
2021-08-18,146.36,14594180000,2136004193708
2021-08-19,146.70,14594180000,2140966161462
2021-08-20,148.19,14594180000,2162711569830
2021-08-23,149.71,14594180000,2184894785783
2021-08-24,149.62,14594180000,2183581140339
2021-08-25,148.36,14594180000,2165192553708
2021-08-26,147.54,14594180000,2153225219217
2021-08-27,148.60,14594180000,2168695237076
2021-08-30,153.12,14594180000,2234660770339
2021-08-31,151.83,14594180000,2215834376123
2021-09-01,152.51,14594180000,2225758311632
2021-09-02,153.65,14594180000,2242395667924
2021-09-03,154.30,14594180000,2251882018538
2021-09-07,156.69,14594180000,2286762099830
2021-09-08,155.11,14594180000,2263703268708
2021-09-09,154.07,14594180000,2248525419491
2021-09-10,148.97,14594180000,2174095012415
2021-09-13,149.55,14594180000,2182559663538
2021-09-14,148.12,14594180000,2161689870339
2021-09-15,149.03,14594180000,2174970627585
2021-09-16,148.79,14594180000,2171467944217
2021-09-17,146.06,14594180000,2131625895170
2021-09-20,142.94,14594180000,2086092124830
2021-09-21,143.43,14594180000,2093243130509
2021-09-22,145.85,14594180000,2128561242076
2021-09-23,146.83,14594180000,2142863476123
2021-09-24,146.92,14594180000,2144176898877
2021-09-27,145.37,14594180000,2121555875339
2021-09-28,141.91,14594180000,2071060137245
2021-09-29,142.83,14594180000,2084486756123
2021-09-30,141.50,14594180000,2065076470000
2021-10-01,142.65,14594180000,2081859687924
2021-10-04,139.14,14594180000,2030634196292
2021-10-05,141.11,14594180000,2059384748708
2021-10-06,142.00,14594180000,2072373560000
2021-10-07,143.29,14594180000,2091199954217
2021-10-08,142.90,14594180000,2085508232924
2021-10-11,142.81,14594180000,2084194810170
2021-10-12,141.51,14594180000,2065222331632
2021-10-13,140.91,14594180000,2056465957245
2021-10-14,143.76,14594180000,2098059236632
2021-10-15,144.84,14594180000,2113820977755
2021-10-18,146.55,14594180000,2138777123538
2021-10-19,148.76,14594180000,2171030136632
2021-10-20,149.26,14594180000,2178327226632
2021-10-21,149.48,14594180000,2181537964047
2021-10-22,148.69,14594180000,2170008659830
2021-10-25,148.64,14594180000,2169278906292
2021-10-26,149.32,14594180000,2179203064491
2021-10-27,148.85,14594180000,2172343782076
2021-10-28,152.57,14594180000,2226634149491
2021-10-29,149.80,14594180000,2186208208538
2021-11-01,148.96,14594180000,2173949150783
2021-11-02,150.02,14594180000,2189418945953
2021-11-03,151.49,14594180000,2210872408368
2021-11-04,150.96,14594180000,2203137510783
2021-11-05,151.28,14594180000,2207807532585
2021-11-08,150.44,14594180000,2195548474830
2021-11-09,150.81,14594180000,2200948250170
2021-11-10,147.92,14594180000,2158771078877
2021-11-11,147.87,14594180000,2158041325339
2021-11-12,149.99,14594180000,2188981138368
2021-11-15,150.00,14594180000,2189127000000
2021-11-16,151.00,14594180000,2203721180000
2021-11-17,153.49,14594180000,2240060768368
2021-11-18,157.87,14594180000,2303983125339
2021-11-19,160.55,14594180000,2343095643538
2021-11-22,161.02,14594180000,2349954925953
2021-11-23,161.41,14594180000,2355646647245
2021-11-24,161.94,14594180000,2363381544830
2021-11-26,156.81,14594180000,2288513330170
2021-11-29,160.24,14594180000,2338571483368
2021-11-30,165.30,14594180000,2412417998538
2021-12-01,164.77,14594180000,2404683100953
2021-12-02,163.76,14594180000,2389942836632
2021-12-03,161.84,14594180000,2361922037755
2021-12-06,165.32,14594180000,2412709944491
2021-12-07,171.18,14594180000,2498231625509
2021-12-08,175.08,14594180000,2555149061123
2021-12-09,174.56,14594180000,2547560025170
2021-12-10,179.45,14594180000,2618925556462
2021-12-13,175.74,14594180000,2564781273368
2021-12-14,174.33,14594180000,2544203426123
2021-12-15,179.30,14594180000,2616736518538
2021-12-16,172.26,14594180000,2513993366632
2021-12-17,171.14,14594180000,2497647956292
2021-12-20,169.75,14594180000,2477362055000
2021-12-21,172.99,14594180000,2524647278368
2021-12-22,175.64,14594180000,2563321766292
2021-12-23,176.28,14594180000,2572662032585
2021-12-27,180.33,14594180000,2631768506123
2021-12-28,179.29,14594180000,2616590434217
2021-12-29,179.38,14594180000,2617904079661
2021-12-30,178.20,14594180000,2600682831462
2021-12-31,177.57,14594180000,2591488649491
2022-01-03,182.01,14594180000,2656286621632
2022-01-04,179.70,14594180000,2622574101462
2022-01-05,174.92,14594180000,2552813938877
2022-01-06,172.00,14594180000,2510198960000
2022-01-07,172.17,14594180000,2512679943877
2022-01-10,172.19,14594180000,2512971889830
2022-01-11,175.08,14594180000,2555149061123
2022-01-12,175.53,14594180000,2561716397585
2022-01-13,172.19,14594180000,2512971889830
2022-01-14,173.07,14594180000,2525814839491
2022-01-18,169.80,14594180000,2478091808538
2022-01-19,166.23,14594180000,2425990479047
2022-01-20,164.51,14594180000,2400888471632
2022-01-21,162.41,14594180000,2370240827245
2022-01-24,161.62,14594180000,2358711300339
2022-01-25,159.78,14594180000,2331858062585
2022-01-26,159.69,14594180000,2330544639830
2022-01-27,159.22,14594180000,2323685357415
2022-01-28,170.33,14594180000,2485826706123
2022-01-31,174.78,14594180000,2550770762585
2022-02-01,174.61,14594180000,2548289778708
2022-02-02,175.84,14594180000,2566240557755
2022-02-03,172.90,14594180000,2523333632924
2022-02-04,172.39,14594180000,2515890681292
2022-02-07,171.66,14594180000,2505236992245
2022-02-08,174.83,14594180000,2551500516123
2022-02-09,176.28,14594180000,2572662032585
2022-02-10,172.12,14594180000,2511950190339
2022-02-11,168.64,14594180000,2461162506292
2022-02-14,168.88,14594180000,2464665189661
2022-02-15,172.79,14594180000,2521728264217
2022-02-16,172.55,14594180000,2518225803538
2022-02-17,168.88,14594180000,2464665189661
2022-02-18,167.30,14594180000,2441606358538
2022-02-22,164.32,14594180000,2398115764491
2022-02-23,160.07,14594180000,2336090499491
2022-02-24,162.74,14594180000,2375056933368
2022-02-25,164.85,14594180000,2405850662076
2022-02-28,165.12,14594180000,2409790930339
2022-03-01,163.20,14594180000,2381770131462
2022-03-02,166.56,14594180000,2430806585170
2022-03-03,166.23,14594180000,2425990479047
2022-03-04,163.17,14594180000,2381332323877
2022-03-07,159.30,14594180000,2324852918538
2022-03-08,157.44,14594180000,2297707734830
2022-03-09,162.95,14594180000,2378121586462
2022-03-10,158.52,14594180000,2313469475953
2022-03-11,154.73,14594180000,2258157409047
2022-03-14,150.62,14594180000,2198175320339
2022-03-15,155.09,14594180000,2263411322755
2022-03-16,159.59,14594180000,2329085132755
2022-03-17,160.62,14594180000,2344117120339
2022-03-18,163.98,14594180000,2393153574047
2022-03-21,165.38,14594180000,2413585559661
2022-03-22,168.82,14594180000,2463789574491
2022-03-23,170.21,14594180000,2484075475783
2022-03-24,174.07,14594180000,2540409019491
2022-03-25,174.72,14594180000,2549895147415
2022-03-28,175.60,14594180000,2562738097076
2022-03-29,178.96,14594180000,2611774550783
2022-03-30,177.77,14594180000,2594407440953
2022-03-31,174.61,14594180000,2548289778708
2022-04-01,174.31,14594180000,2543911480170
2022-04-04,178.44,14594180000,2604185514830
2022-04-05,175.06,14594180000,2554857115170
2022-04-06,171.83,14594180000,2507717976123
2022-04-07,172.14,14594180000,2512242136292
2022-04-08,170.09,14594180000,2482324022755
2022-04-11,165.75,14594180000,2418985335000
2022-04-12,167.66,14594180000,2446860272245
2022-04-13,170.40,14594180000,2486848182924
2022-04-14,165.29,14594180000,2412271914217
2022-04-18,165.07,14594180000,2409061399491
2022-04-19,167.40,14594180000,2443065642924
2022-04-20,167.23,14594180000,2440584659047
2022-04-21,166.42,14594180000,2428763408877
2022-04-22,161.79,14594180000,2361192284217
2022-04-25,162.88,14594180000,2377100109661
2022-04-26,156.80,14594180000,2288367468538
2022-04-27,156.57,14594180000,2285010869491
2022-04-28,163.64,14594180000,2388191606292
2022-04-29,157.65,14594180000,2300772387924
2022-05-02,157.96,14594180000,2305296770783
2022-05-03,159.48,14594180000,2327479764047
2022-05-04,166.02,14594180000,2422925825953
2022-05-05,156.77,14594180000,2287929660953
2022-05-06,157.28,14594180000,2295372612585
2022-05-09,152.06,14594180000,2219190975170
2022-05-10,154.51,14594180000,2254946671632
2022-05-11,146.50,14594180000,2138047370000
2022-05-12,142.56,14594180000,2080546265170
2022-05-13,147.11,14594180000,2146949828708
2022-05-16,145.54,14594180000,2124036859217
2022-05-17,149.24,14594180000,2178035503368
2022-05-18,140.82,14594180000,2055152534491
2022-05-19,137.35,14594180000,2004510712076
2022-05-20,137.59,14594180000,2008013172755
2022-05-23,143.11,14594180000,2088573108708
2022-05-24,140.36,14594180000,2048439113708
2022-05-25,140.52,14594180000,2050774235953
2022-05-26,143.78,14594180000,2098351182585
2022-05-27,149.64,14594180000,2183873086292
2022-05-31,148.84,14594180000,2172197697755
2022-06-01,148.71,14594180000,2170300605783
2022-06-02,151.21,14594180000,2206786055783
2022-06-03,145.38,14594180000,2121701959661
2022-06-06,146.14,14594180000,2132793456292
2022-06-07,148.71,14594180000,2170300605783
2022-06-08,147.96,14594180000,2159354970783
2022-06-09,142.64,14594180000,2081713826292
2022-06-10,137.13,14594180000,2001299974661
2022-06-13,131.88,14594180000,1924680529661
2022-06-14,132.76,14594180000,1937523256632
2022-06-15,135.43,14594180000,1976489690509
2022-06-16,130.06,14594180000,1898119015170
2022-06-17,131.56,14594180000,1920010285170
2022-06-21,135.87,14594180000,1982911165339
2022-06-22,135.35,14594180000,1975322352076
2022-06-23,138.27,14594180000,2017937330953
2022-06-24,141.66,14594180000,2067411592245
2022-06-27,141.66,14594180000,2067411592245
2022-06-28,137.44,14594180000,2005824134830
2022-06-29,139.23,14594180000,2031947619047
2022-06-30,136.72,14594180000,1995316307415
2022-07-01,138.93,14594180000,2027569320509
2022-07-05,141.56,14594180000,2065952085170
2022-07-06,142.92,14594180000,2085800178877
2022-07-07,146.35,14594180000,2135858332076
2022-07-08,147.04,14594180000,2145928129217
2022-07-11,144.87,14594180000,2114258785339
2022-07-12,145.86,14594180000,2128707103708
2022-07-13,145.49,14594180000,2123307328368
2022-07-14,148.47,14594180000,2166797922415
2022-07-15,150.17,14594180000,2191607983877
2022-07-18,147.07,14594180000,2146366159491
2022-07-19,151.00,14594180000,2203721180000
2022-07-20,153.04,14594180000,2233493209217
2022-07-21,155.35,14594180000,2267205952076
2022-07-22,154.09,14594180000,2248817142755
2022-07-25,152.95,14594180000,2232179786462
2022-07-26,151.60,14594180000,2212477777076
2022-07-27,156.79,14594180000,2288221384217
2022-07-28,157.35,14594180000,2296394312076
2022-07-29,162.51,14594180000,2371700111632
2022-08-01,161.51,14594180000,2357105931632
2022-08-02,160.01,14594180000,2335214661632
2022-08-03,166.13,14594180000,2424531194661
2022-08-04,165.81,14594180000,2419860950170
2022-08-05,165.35,14594180000,2413147752076
2022-08-08,164.87,14594180000,2406142385339
2022-08-09,164.92,14594180000,2406872138877
2022-08-10,169.24,14594180000,2469919103368
2022-08-11,168.49,14594180000,2458973468368
2022-08-12,172.10,14594180000,2511658467076
2022-08-15,173.19,14594180000,2527566069830
2022-08-16,173.03,14594180000,2525230947585
2022-08-17,174.55,14594180000,2547414163538
2022-08-18,174.15,14594180000,2541576357924
2022-08-19,171.52,14594180000,2503193815953
2022-08-22,167.57,14594180000,2445546849491
2022-08-23,167.23,14594180000,2440584659047
2022-08-24,167.53,14594180000,2444962957585
2022-08-25,170.03,14594180000,2481448407585
2022-08-26,163.62,14594180000,2387899660339
2022-08-29,161.38,14594180000,2355208839661
2022-08-30,158.91,14594180000,2319161197245
2022-08-31,157.22,14594180000,2294496997415
2022-09-01,157.96,14594180000,2305296770783
2022-09-02,155.81,14594180000,2273919150170
2022-09-06,154.53,14594180000,2255238617585
2022-09-07,155.96,14594180000,2276108410783
2022-09-08,154.46,14594180000,2254217140783
2022-09-09,157.37,14594180000,2296686035339
2022-09-12,163.43,14594180000,2385126730509
2022-09-13,153.84,14594180000,2245168597755
2022-09-14,155.31,14594180000,2266622060170
2022-09-15,152.37,14594180000,2223715135339
2022-09-16,150.70,14594180000,2199342881462
2022-09-19,154.48,14594180000,2254508864047
2022-09-20,156.90,14594180000,2289826752924
2022-09-21,153.72,14594180000,2243417367415
2022-09-22,152.74,14594180000,2229115133368
2022-09-23,150.43,14594180000,2195402390509
2022-09-26,150.77,14594180000,2200364580953
2022-09-27,151.76,14594180000,2214812676632
2022-09-28,149.84,14594180000,2186791877755
2022-09-29,142.48,14594180000,2079378704047
2022-09-30,138.20,14594180000,2016915631462
2022-10-03,142.45,14594180000,2078940896462
2022-10-04,146.10,14594180000,2132209787076
2022-10-05,146.40,14594180000,2136587862924
2022-10-06,145.43,14594180000,2122431490509
2022-10-07,140.09,14594180000,2044498622755
2022-10-10,140.42,14594180000,2049314728877
2022-10-11,138.98,14594180000,2028299074047
2022-10-12,138.34,14594180000,2018958807755
2022-10-13,142.99,14594180000,2086821878368
2022-10-14,138.38,14594180000,2019542699661
2022-10-17,142.41,14594180000,2078357227245
2022-10-18,143.75,14594180000,2097913375000
2022-10-19,143.86,14594180000,2099518743708
2022-10-20,143.39,14594180000,2092659461292
2022-10-21,147.27,14594180000,2149284950953
2022-10-24,149.45,14594180000,2181100156462
2022-10-25,152.34,14594180000,2223277327755
2022-10-26,149.35,14594180000,2179640872076
2022-10-27,144.80,14594180000,2113237308538
2022-10-28,155.74,14594180000,2272897673368
2022-10-31,153.34,14594180000,2237871507755
2022-11-01,150.65,14594180000,2198613127924
2022-11-02,145.03,14594180000,2116593907585
2022-11-03,138.88,14594180000,2026839789661
2022-11-04,138.38,14594180000,2019542699661
2022-11-07,138.92,14594180000,2027423458877
2022-11-08,139.50,14594180000,2035888110000
2022-11-09,134.87,14594180000,1968316985339
2022-11-10,146.87,14594180000,2143447145339
2022-11-11,149.70,14594180000,2184748701462
2022-11-14,148.28,14594180000,2164024992585
2022-11-15,150.04,14594180000,2189710669217
2022-11-16,148.79,14594180000,2171467944217
2022-11-17,150.72,14594180000,2199634827415
2022-11-18,151.29,14594180000,2207953394217
2022-11-21,148.01,14594180000,2160084501632
2022-11-22,150.18,14594180000,2191753845509
2022-11-23,151.07,14594180000,2204742879491
2022-11-25,148.11,14594180000,2161544008708
2022-11-28,144.22,14594180000,2104772657415
2022-11-29,141.17,14594180000,2060260363877
2022-11-30,148.03,14594180000,2160376447585
2022-12-01,148.31,14594180000,2164462800170
2022-12-02,147.81,14594180000,2157165710170
2022-12-05,146.63,14594180000,2139944684661
2022-12-06,142.91,14594180000,2085654317245
2022-12-07,140.94,14594180000,2056903764830
2022-12-08,142.65,14594180000,2081859687924
2022-12-09,142.16,14594180000,2074708682245
2022-12-12,144.49,14594180000,2108713148368
2022-12-13,145.47,14594180000,2123015382415
2022-12-14,143.21,14594180000,2090032615783
2022-12-15,136.50,14594180000,1992105570000
2022-12-16,134.51,14594180000,1963063071632
2022-12-19,132.37,14594180000,1931831535339
2022-12-20,132.30,14594180000,1930810058538
2022-12-21,135.45,14594180000,1976781636462
2022-12-22,132.23,14594180000,1929788359047
2022-12-23,131.86,14594180000,1924388583708
2022-12-27,130.03,14594180000,1897681207585
2022-12-28,126.04,14594180000,1839450460561
2022-12-29,129.61,14594180000,1891551678708
2022-12-30,129.93,14594180000,1896221700509
2023-01-03,125.07,14594180000,1825294088146
2023-01-04,126.36,14594180000,1844120593708
2023-01-05,125.02,14594180000,1824564334608
2023-01-06,129.62,14594180000,1891697540339
2023-01-09,130.15,14594180000,1899432437924
2023-01-10,130.73,14594180000,1907897089047
2023-01-11,133.49,14594180000,1948177168368
2023-01-12,133.41,14594180000,1947009607245
2023-01-13,134.76,14594180000,1966711616632
2023-01-17,135.94,14594180000,1983932864830
2023-01-18,135.21,14594180000,1973279175783
2023-01-19,135.27,14594180000,1974154790953
2023-01-20,137.87,14594180000,2012099525339
2023-01-23,141.11,14594180000,2059384748708
2023-01-24,142.53,14594180000,2080108457585
2023-01-25,141.86,14594180000,2070330383708
2023-01-26,143.96,14594180000,2100978250783
2023-01-27,145.93,14594180000,2129728580509
2023-01-30,143.00,14594180000,2086967740000
2023-01-31,144.29,14594180000,2105794134217
2023-02-01,145.43,14594180000,2122431490509
2023-02-02,150.82,14594180000,2201094334491
2023-02-03,154.50,14594180000,2254800810000
2023-02-06,151.73,14594180000,2214374869047
2023-02-07,154.65,14594180000,2256989847924
2023-02-08,151.92,14594180000,2217147798877
2023-02-09,150.87,14594180000,2201823865339
2023-02-10,151.01,14594180000,2203867041632
2023-02-13,153.85,14594180000,2245314682076
2023-02-14,153.20,14594180000,2235828331462
2023-02-15,155.33,14594180000,2266914006123
2023-02-16,153.71,14594180000,2243271505783
2023-02-17,152.55,14594180000,2226342203538
2023-02-21,148.48,14594180000,2166943784047
2023-02-22,148.91,14594180000,2173219397245
2023-02-23,149.40,14594180000,2180370402924
2023-02-24,146.71,14594180000,2141112245783
2023-02-27,147.92,14594180000,2158771078877
2023-02-28,147.41,14594180000,2151328127245
2023-03-01,145.31,14594180000,2120680260170
2023-03-02,145.91,14594180000,2129436857245
2023-03-03,151.03,14594180000,2204158987585
2023-03-06,153.83,14594180000,2245022736123
2023-03-07,151.60,14594180000,2212477777076
2023-03-08,152.87,14594180000,2231012225339
2023-03-09,150.59,14594180000,2197737512755
2023-03-10,148.50,14594180000,2167235730000
2023-03-13,150.47,14594180000,2195986282415
2023-03-14,152.59,14594180000,2226925872755
2023-03-15,152.99,14594180000,2232763678368
2023-03-16,155.85,14594180000,2274503042076
2023-03-17,155.00,14594180000,2262097900000
2023-03-20,157.40,14594180000,2297123842924
2023-03-21,159.28,14594180000,2324560972585
2023-03-22,157.83,14594180000,2303399456123
2023-03-23,158.93,14594180000,2319452920509
2023-03-24,160.25,14594180000,2338717345000
2023-03-27,158.28,14594180000,2309966792585
2023-03-28,157.65,14594180000,2300772387924
2023-03-29,160.77,14594180000,2346306380953
2023-03-30,162.36,14594180000,2369511073708
2023-03-31,164.90,14594180000,2406580192924
2023-04-03,166.17,14594180000,2425114863877
2023-04-04,165.63,14594180000,2417234104661
2023-04-05,163.76,14594180000,2389942836632
2023-04-06,164.66,14594180000,2403077732245
2023-04-10,162.03,14594180000,2364694967585
2023-04-11,160.80,14594180000,2346744188538
2023-04-12,160.10,14594180000,2336528307076
2023-04-13,165.56,14594180000,2416212405170
2023-04-14,165.21,14594180000,2411104575783
2023-04-17,165.23,14594180000,2411396299047
2023-04-18,166.47,14594180000,2429493162415
2023-04-19,167.63,14594180000,2446422464661
2023-04-20,166.65,14594180000,2432120007924
2023-04-21,165.02,14594180000,2408331645953
2023-04-24,165.33,14594180000,2412855806123
2023-04-25,163.77,14594180000,2390088920953
2023-04-26,163.76,14594180000,2389942836632
2023-04-27,168.41,14594180000,2457805907245
2023-04-28,169.68,14594180000,2476340355509
2023-05-01,169.59,14594180000,2475026932755
2023-05-02,168.54,14594180000,2459702999217
2023-05-03,167.45,14594180000,2443795396462
2023-05-04,165.79,14594180000,2419569004217
2023-05-05,173.57,14594180000,2533111929491
2023-05-08,173.50,14594180000,2532090230000
2023-05-09,171.77,14594180000,2506842360953
2023-05-10,173.56,14594180000,2532965845170
2023-05-11,173.75,14594180000,2535738775000
2023-05-12,172.57,14594180000,2518517749491
2023-05-15,172.07,14594180000,2511220659491
2023-05-16,172.07,14594180000,2511220659491
2023-05-17,172.69,14594180000,2520268979830
2023-05-18,175.05,14594180000,2554711253538
2023-05-19,175.16,14594180000,2556316622245
2023-05-22,174.20,14594180000,2542306111462
2023-05-23,171.56,14594180000,2503777485170
2023-05-24,171.84,14594180000,2507863837755
2023-05-25,172.99,14594180000,2524647278368
2023-05-26,175.43,14594180000,2560256890509
2023-05-30,177.30,14594180000,2587548158538
2023-05-31,177.25,14594180000,2586818405000
2023-06-01,180.09,14594180000,2628265822755
2023-06-02,180.95,14594180000,2640816826462
2023-06-05,179.58,14594180000,2620822871123
2023-06-06,179.21,14594180000,2615423095783
2023-06-07,177.82,14594180000,2595137194491
2023-06-08,180.57,14594180000,2635271189491
2023-06-09,180.96,14594180000,2640962910783
2023-06-12,183.79,14594180000,2682264244217
2023-06-13,183.31,14594180000,2675259100170
2023-06-14,183.95,14594180000,2684599366462
2023-06-15,186.01,14594180000,2714663341632
2023-06-16,184.92,14594180000,2698755738877
2023-06-20,185.01,14594180000,2700069161632
2023-06-21,183.96,14594180000,2684745450783
2023-06-22,187.00,14594180000,2729111660000
2023-06-23,186.68,14594180000,2724441415509
2023-06-26,185.27,14594180000,2703863790953
2023-06-27,188.06,14594180000,2744581455170
2023-06-28,189.25,14594180000,2761948565000
2023-06-29,189.59,14594180000,2766910532755
2023-06-30,193.97,14594180000,2830833112415
2023-07-03,192.46,14594180000,2808795980783
2023-07-05,191.33,14594180000,2792304486123
2023-07-06,191.81,14594180000,2799309630170
2023-07-07,190.68,14594180000,2782818135509
2023-07-10,188.61,14594180000,2752608298708
2023-07-11,188.08,14594180000,2744873401123
2023-07-12,189.77,14594180000,2769537600953
2023-07-13,190.54,14594180000,2780774959217
2023-07-14,190.69,14594180000,2782964219830
2023-07-17,193.99,14594180000,2831125058368
2023-07-18,193.73,14594180000,2827330429047
2023-07-19,195.10,14594180000,2847324607076
2023-07-20,193.13,14594180000,2818574054661
2023-07-21,191.94,14594180000,2801206944830
2023-07-24,192.75,14594180000,2813028195000
2023-07-25,193.62,14594180000,2825725060339
2023-07-26,194.50,14594180000,2838568010000
2023-07-27,193.22,14594180000,2819887477415
2023-07-28,195.83,14594180000,2857978296123
2023-07-31,196.45,14594180000,2867026616462
2023-08-01,195.61,14594180000,2854767558708
2023-08-02,192.58,14594180000,2810547211123
2023-08-03,191.17,14594180000,2789969363877
2023-08-04,181.99,14594180000,2655994898368
2023-08-07,178.85,14594180000,2610169182076
2023-08-08,179.80,14594180000,2624033608538
2023-08-09,178.19,14594180000,2600536969830
2023-08-10,177.97,14594180000,2597326232415
2023-08-11,177.79,14594180000,2594699164217
2023-08-14,179.46,14594180000,2619071640783
2023-08-15,177.45,14594180000,2589737196462
2023-08-16,176.57,14594180000,2576894469491
2023-08-17,174.00,14594180000,2539387320000
2023-08-18,174.49,14594180000,2546538548368
2023-08-21,175.84,14594180000,2566240557755
2023-08-22,177.23,14594180000,2586526459047
2023-08-23,181.12,14594180000,2643297810339
2023-08-24,176.38,14594180000,2574121539661
2023-08-25,178.61,14594180000,2606666498708
2023-08-28,180.19,14594180000,2629725329830
2023-08-29,184.12,14594180000,2687080350339
2023-08-30,187.65,14594180000,2738597787924
2023-08-31,187.87,14594180000,2741808525339
2023-09-01,189.46,14594180000,2765013440783
2023-09-05,189.70,14594180000,2768515901462
2023-09-06,182.91,14594180000,2669421517245
2023-09-07,177.56,14594180000,2591342565170
2023-09-08,178.18,14594180000,2600390885509
2023-09-11,179.36,14594180000,2617612133708
2023-09-12,176.30,14594180000,2572953978538
2023-09-13,174.21,14594180000,2542452195783
2023-09-14,175.74,14594180000,2564781273368
2023-09-15,175.01,14594180000,2554127361632
2023-09-18,177.97,14594180000,2597326232415
2023-09-19,179.07,14594180000,2613379919491
2023-09-20,175.49,14594180000,2561132728368
2023-09-21,173.93,14594180000,2538365620509
2023-09-22,174.79,14594180000,2550916624217
2023-09-25,176.08,14594180000,2569743241123
2023-09-26,171.96,14594180000,2509615290783
2023-09-27,170.43,14594180000,2487285990509
2023-09-28,170.69,14594180000,2491080619830
2023-09-29,171.21,14594180000,2498669655783
2023-10-02,173.75,14594180000,2535738775000
2023-10-03,172.40,14594180000,2516036542924
2023-10-04,173.66,14594180000,2534425352245
2023-10-05,174.91,14594180000,2552668077245
2023-10-06,177.49,14594180000,2590321088368
2023-10-09,178.99,14594180000,2612212358368
2023-10-10,178.39,14594180000,2603455761292
2023-10-11,179.80,14594180000,2624033608538
2023-10-12,180.71,14594180000,2637314365783
2023-10-13,178.85,14594180000,2610169182076
2023-10-16,178.72,14594180000,2608271867415
2023-10-17,177.15,14594180000,2585358897924
2023-10-18,175.84,14594180000,2566240557755
2023-10-19,175.46,14594180000,2560694920783
2023-10-20,172.88,14594180000,2523041909661
2023-10-23,173.00,14594180000,2524793140000
2023-10-24,173.44,14594180000,2531214614830
2023-10-25,171.10,14594180000,2497064287076
2023-10-26,166.89,14594180000,2435622691292
2023-10-27,168.22,14594180000,2455032977415
2023-10-30,170.29,14594180000,2485242814217
2023-10-31,170.77,14594180000,2492248180953
2023-11-01,173.97,14594180000,2538949512415
2023-11-02,177.57,14594180000,2591488649491
2023-11-03,176.65,14594180000,2578061807924
2023-11-06,179.23,14594180000,2615714819047
2023-11-07,181.82,14594180000,2653513914491
2023-11-08,182.89,14594180000,2669129571292
2023-11-09,182.41,14594180000,2662124427245
2023-11-10,186.40,14594180000,2720355062924
2023-11-13,184.80,14594180000,2697004508538
2023-11-14,187.44,14594180000,2735533134830
2023-11-15,188.01,14594180000,2743851701632
2023-11-16,189.71,14594180000,2768661985783
2023-11-17,189.69,14594180000,2768370039830
2023-11-20,191.45,14594180000,2794055716462
2023-11-21,190.64,14594180000,2782234466292
2023-11-22,191.31,14594180000,2792012540170
2023-11-24,189.97,14594180000,2772456392415
2023-11-27,189.79,14594180000,2769829324217
2023-11-28,190.40,14594180000,2778731782924
2023-11-29,189.37,14594180000,2763699795339
2023-11-30,189.95,14594180000,2772164446462
2023-12-01,191.24,14594180000,2790991063368
2023-12-04,189.43,14594180000,2764575410509
2023-12-05,193.42,14594180000,2822806268877
2023-12-06,192.32,14594180000,2806752804491
2023-12-07,194.27,14594180000,2835211410953
2023-12-08,195.71,14594180000,2856227065783
2023-12-11,193.18,14594180000,2819303585509
2023-12-12,194.71,14594180000,2841632885783
2023-12-13,197.96,14594180000,2889063970783
2023-12-14,198.11,14594180000,2891253008708
2023-12-15,197.57,14594180000,2883372249491
2023-12-18,195.89,14594180000,2858853911292
2023-12-19,196.94,14594180000,2874177844830
2023-12-20,194.83,14594180000,2843384116123
2023-12-21,194.68,14594180000,2841194855509
2023-12-22,193.60,14594180000,2825433337076
2023-12-26,193.05,14594180000,2817406493538
2023-12-27,193.15,14594180000,2818865777924
2023-12-28,193.58,14594180000,2825141391123
2023-12-29,192.53,14594180000,2809817457585
2024-01-02,185.64,14594180000,2709263566292
2024-01-03,184.25,14594180000,2688977665000
2024-01-04,181.91,14594180000,2654827337245
2024-01-05,181.18,14594180000,2644173425509
2024-01-08,185.56,14594180000,2708096005170
2024-01-09,185.14,14594180000,2701966476292
2024-01-10,186.19,14594180000,2717290409830
2024-01-11,185.59,14594180000,2708533812755
2024-01-12,185.92,14594180000,2713349918877
2024-01-16,183.63,14594180000,2679929344661
2024-01-17,182.68,14594180000,2666064695509
2024-01-18,188.63,14594180000,2752900244661
2024-01-19,191.56,14594180000,2795661085170
2024-01-22,193.89,14594180000,2829665551292
2024-01-23,195.18,14594180000,2848491945509
2024-01-24,194.50,14594180000,2838568010000
2024-01-25,194.17,14594180000,2833751903877
2024-01-26,192.42,14594180000,2808212088877
2024-01-29,191.73,14594180000,2798142069047
2024-01-30,188.04,14594180000,2744289509217
2024-01-31,184.40,14594180000,2691166702924
2024-02-01,186.86,14594180000,2727068483708
2024-02-02,185.85,14594180000,2712328442076
2024-02-05,187.68,14594180000,2739035595509
2024-02-06,189.30,14594180000,2762678318538
2024-02-07,189.41,14594180000,2764283687245
2024-02-08,188.32,14594180000,2748376084491
2024-02-09,188.85,14594180000,2756110982076
2024-02-12,187.15,14594180000,2731300697924
2024-02-13,185.04,14594180000,2700506969217
2024-02-14,184.15,14594180000,2687518157924
2024-02-15,183.86,14594180000,2683285943708
2024-02-16,182.31,14594180000,2660664920170
2024-02-20,181.56,14594180000,2649719285170
2024-02-21,182.32,14594180000,2660811004491
2024-02-22,184.37,14594180000,2690728895339
2024-02-23,182.52,14594180000,2663729795953
2024-02-26,181.16,14594180000,2643881702245
2024-02-27,182.63,14594180000,2665335164661
2024-02-28,181.42,14594180000,2647676108877
2024-02-29,180.75,14594180000,2637898035000
2024-03-01,179.66,14594180000,2621990432245
2024-03-04,175.10,14594180000,2555441007076
2024-03-05,170.12,14594180000,2482761830339
2024-03-06,169.12,14594180000,2468167650339
2024-03-07,169.00,14594180000,2466416420000
2024-03-08,170.73,14594180000,2491664289047
2024-03-11,172.75,14594180000,2521144595000
2024-03-12,173.23,14594180000,2528149739047
2024-03-13,171.13,14594180000,2497502094661
2024-03-14,173.00,14594180000,2524793140000
2024-03-15,172.62,14594180000,2519247280339
2024-03-18,173.72,14594180000,2535300967415
2024-03-19,176.08,14594180000,2569743241123
2024-03-20,178.67,14594180000,2607542113877
2024-03-21,171.37,14594180000,2501004555339
2024-03-22,172.28,14594180000,2514285312585
2024-03-25,170.85,14594180000,2493415742076
2024-03-26,169.71,14594180000,2476778385783
2024-03-27,173.31,14594180000,2529317300170
2024-03-28,171.48,14594180000,2502609924047
2024-04-01,170.03,14594180000,2481448407585
2024-04-02,168.84,14594180000,2464081297755
2024-04-03,169.65,14594180000,2475902547924
2024-04-04,168.82,14594180000,2463789574491
2024-04-05,169.58,14594180000,2474881071123
2024-04-08,168.45,14594180000,2458389576462
2024-04-09,169.67,14594180000,2476194493877
2024-04-10,167.78,14594180000,2448611502585
2024-04-11,175.04,14594180000,2554565169217
2024-04-12,176.55,14594180000,2576602523538
2024-04-15,172.69,14594180000,2520268979830
2024-04-16,169.38,14594180000,2471962279661
2024-04-17,168.00,14594180000,2451822240000
2024-04-18,167.04,14594180000,2437811729217
2024-04-19,165.00,14594180000,2408039700000
2024-04-22,165.84,14594180000,2420298757755
2024-04-23,166.90,14594180000,2435768552924
2024-04-24,169.02,14594180000,2466708365953
2024-04-25,169.89,14594180000,2479405231292
2024-04-26,169.30,14594180000,2470794718538
2024-04-29,173.50,14594180000,2532090230000
2024-04-30,170.33,14594180000,2485826706123
2024-05-01,169.30,14594180000,2470794718538
2024-05-02,173.03,14594180000,2525230947585
2024-05-03,183.38,14594180000,2676280799661
2024-05-06,181.71,14594180000,2651908545783
2024-05-07,182.40,14594180000,2661978342924
2024-05-08,182.74,14594180000,2666940533368
2024-05-09,184.57,14594180000,2693647909491
2024-05-10,183.05,14594180000,2671464693538
2024-05-13,186.28,14594180000,2718603832585
2024-05-14,187.43,14594180000,2735387050509
2024-05-15,189.72,14594180000,2768807847415
2024-05-16,189.84,14594180000,2770559077755
2024-05-17,189.87,14594180000,2770996885339
2024-05-20,191.04,14594180000,2788072049217
2024-05-21,192.35,14594180000,2807190612076
2024-05-22,190.90,14594180000,2786028872924
2024-05-23,186.88,14594180000,2727360429661
2024-05-24,189.98,14594180000,2772602254047
2024-05-28,189.99,14594180000,2772748338368
2024-05-29,190.29,14594180000,2777126414217
2024-05-30,191.29,14594180000,2791720594217
2024-05-31,192.25,14594180000,2805731105000
2024-06-03,194.03,14594180000,2831708727585
2024-06-04,194.35,14594180000,2836378972076
2024-06-05,195.87,14594180000,2858561965339
2024-06-06,194.48,14594180000,2838276064047
2024-06-07,196.89,14594180000,2873448091292
2024-06-10,193.12,14594180000,2818427970339
2024-06-11,207.15,14594180000,3023184297924
2024-06-12,213.07,14594180000,3109582039491
2024-06-13,214.24,14594180000,3126657203368
2024-06-14,212.49,14594180000,3101117388368
2024-06-17,216.67,14594180000,3162120953877
2024-06-18,214.29,14594180000,3127386734217
2024-06-20,209.68,14594180000,3060107555509
2024-06-21,207.49,14594180000,3028146488368
2024-06-24,208.14,14594180000,3037632616292
2024-06-25,209.07,14594180000,3051205319491
2024-06-26,213.25,14594180000,3112208885000
2024-06-27,214.10,14594180000,3124614027076
2024-06-28,210.62,14594180000,3073826120339
2024-07-01,216.75,14594180000,3163288515000
2024-07-02,220.27,14594180000,3214660090953
2024-07-03,221.55,14594180000,3233340623538
2024-07-05,226.34,14594180000,3303246647755
2024-07-08,227.82,14594180000,3324846194491
2024-07-09,228.68,14594180000,3337396975509
2024-07-10,232.98,14594180000,3400151994047
2024-07-11,227.57,14594180000,3321197649491
2024-07-12,230.54,14594180000,3364542159217
2024-07-15,234.40,14594180000,3420875702924
2024-07-16,234.82,14594180000,3427005454491
2024-07-17,228.88,14594180000,3340315989661
2024-07-18,224.18,14594180000,3271723165509
2024-07-19,224.31,14594180000,3273620480170
2024-07-22,223.96,14594180000,3268512650783
2024-07-23,225.01,14594180000,3283836361632
2024-07-24,218.54,14594180000,3189411999217
2024-07-25,217.49,14594180000,3174088288368
2024-07-26,217.96,14594180000,3180947570783
2024-07-29,218.24,14594180000,3185033923368
2024-07-30,218.80,14594180000,3193206628538
2024-07-31,222.08,14594180000,3241075521123
2024-08-01,218.36,14594180000,3186785153708
2024-08-02,219.86,14594180000,3208676423708
2024-08-05,209.27,14594180000,3054124110953
2024-08-06,207.23,14594180000,3024351859047
2024-08-07,209.82,14594180000,3062150954491
2024-08-08,213.31,14594180000,3113084500170
2024-08-09,216.24,14594180000,3155845563368
2024-08-12,217.53,14594180000,3174671957585
2024-08-13,221.27,14594180000,3229254270953
2024-08-14,221.72,14594180000,3235821607415
2024-08-15,224.72,14594180000,3279604147415
2024-08-16,226.05,14594180000,3299014433538
2024-08-19,225.89,14594180000,3296679311292
2024-08-20,226.51,14594180000,3305727631632
2024-08-21,226.40,14594180000,3304122262924
2024-08-22,224.53,14594180000,3276831217585
2024-08-23,226.84,14594180000,3310543737755
2024-08-26,227.18,14594180000,3315505705509
2024-08-27,228.03,14594180000,3327910847585
2024-08-28,226.49,14594180000,3305435908368
2024-08-29,229.79,14594180000,3353596524217
2024-08-30,229.00,14594180000,3342067220000
2024-09-03,222.77,14594180000,3251145540953
2024-09-04,220.85,14594180000,3223124742076
2024-09-05,222.38,14594180000,3245453819661
2024-09-06,220.82,14594180000,3222686934491
2024-09-09,220.91,14594180000,3224000357245
2024-09-10,220.11,14594180000,3212324968708
2024-09-11,222.66,14594180000,3249540172245
2024-09-12,222.77,14594180000,3251145540953
2024-09-13,222.50,14594180000,3247205050000
2024-09-16,216.32,14594180000,3157013124491
2024-09-17,216.79,14594180000,3163872184217
2024-09-18,220.69,14594180000,3220789619830
2024-09-19,228.87,14594180000,3340169905339
2024-09-20,228.20,14594180000,3330391831462
2024-09-23,226.47,14594180000,3305143962415
2024-09-24,227.37,14594180000,3318278635339
2024-09-25,226.37,14594180000,3303684455339
2024-09-26,227.52,14594180000,3320467895953
2024-09-27,227.79,14594180000,3324408164217
2024-09-30,233.00,14594180000,3400443940000
2024-10-01,226.21,14594180000,3301349555783
2024-10-02,226.78,14594180000,3309668122585
2024-10-03,225.67,14594180000,3293468573877
2024-10-04,226.80,14594180000,3309960068538
2024-10-07,221.69,14594180000,3235383799830
2024-10-08,225.77,14594180000,3294928080953
2024-10-09,229.54,14594180000,3349947979217
2024-10-10,229.04,14594180000,3342650889217
2024-10-11,227.55,14594180000,3320905703538
2024-10-14,231.30,14594180000,3375633878538
2024-10-15,233.85,14594180000,3412849082076
2024-10-16,231.78,14594180000,3382639022585
2024-10-17,232.15,14594180000,3388038797924
2024-10-18,235.00,14594180000,3429632300000
2024-10-21,236.48,14594180000,3451231624047
2024-10-22,235.86,14594180000,3442183303708
2024-10-23,230.76,14594180000,3367752896632
2024-10-24,230.57,14594180000,3364980189491
2024-10-25,231.41,14594180000,3377239247245
2024-10-28,233.40,14594180000,3406281522924
2024-10-29,233.67,14594180000,3410222013877
2024-10-30,230.10,14594180000,3358120907076
2024-10-31,225.91,14594180000,3296971257245
2024-11-01,222.91,14594180000,3253188717245
2024-11-04,222.01,14594180000,3240053821632
2024-11-05,223.45,14594180000,3261069476462
2024-11-06,222.72,14594180000,3250415787415
2024-11-07,227.48,14594180000,3319884004047
2024-11-08,226.96,14594180000,3312295190783
2024-11-11,224.23,14594180000,3272452919047
2024-11-12,224.23,14594180000,3272452919047
2024-11-13,225.12,14594180000,3285441730339
2024-11-14,228.22,14594180000,3330683777415
2024-11-15,225.00,14594180000,3283690500000
2024-11-18,228.02,14594180000,3327764985953
2024-11-19,228.28,14594180000,3331559392585
2024-11-20,229.00,14594180000,3342067220000
2024-11-21,228.52,14594180000,3335062075953
2024-11-22,229.87,14594180000,3354764085339
2024-11-25,232.87,14594180000,3398546625339
2024-11-26,235.06,14594180000,3430507915170
2024-11-27,234.93,14594180000,3428610600509
2024-11-29,237.33,14594180000,3463636766123
2024-12-02,239.59,14594180000,3496619532755
2024-12-03,242.65,14594180000,3541277687924
2024-12-04,243.01,14594180000,3546531601632
2024-12-05,243.04,14594180000,3546969409217
2024-12-06,242.84,14594180000,3544050617755
2024-12-09,246.75,14594180000,3601113915000
2024-12-10,247.77,14594180000,3616000040953
2024-12-11,246.49,14594180000,3597319508368
2024-12-12,247.96,14594180000,3618772970783
2024-12-13,248.13,14594180000,3621253954661
2024-12-16,251.04,14594180000,3663722849217
2024-12-17,253.48,14594180000,3699332684047
2024-12-18,248.05,14594180000,3620086393538
2024-12-19,249.79,14594180000,3645480124217
2024-12-20,254.49,14594180000,3714072948368
2024-12-23,255.27,14594180000,3725456390953
2024-12-24,258.20,14594180000,3768217454152
2024-12-26,259.02,14594180000,3780184343264
2024-12-27,255.59,14594180000,3730126412755
2024-12-30,252.20,14594180000,3680652151462
2024-12-31,250.42,14594180000,3654674528877
2025-01-02,243.85,14594180000,3558790882076
2025-01-03,243.36,14594180000,3551639653708
2025-01-06,245.00,14594180000,3575574100000
2025-01-07,242.21,14594180000,3534856435783
2025-01-08,242.70,14594180000,3542007441462
2025-01-10,236.85,14594180000,3456631622076
2025-01-13,234.40,14594180000,3420875702924
2025-01-14,233.28,14594180000,3404530292585
2025-01-15,237.87,14594180000,3471517525339
2025-01-16,228.26,14594180000,3331267446632
2025-01-17,229.98,14594180000,3356369454047
2025-01-21,222.64,14594180000,3249248226292
2025-01-22,223.83,14594180000,3266615336123
2025-01-23,223.66,14594180000,3264134352245
2025-01-24,222.78,14594180000,3251291402585
2025-01-27,229.86,14594180000,3354618223708
2025-01-28,238.26,14594180000,3477209246632
2025-01-29,239.36,14594180000,3493262933708
2025-01-30,237.59,14594180000,3467431172755
2025-01-31,236.00,14594180000,3444226480000
2025-02-03,228.01,14594180000,3327618901632
2025-02-04,232.80,14594180000,3397525148538
2025-02-05,232.47,14594180000,3392709042415
2025-02-06,233.22,14594180000,3403654677415
2025-02-07,227.63,14594180000,3322073264661
2025-02-10,227.65,14594180000,3322364987924
2025-02-11,232.62,14594180000,3394898080339
2025-02-12,236.87,14594180000,3456923345339
2025-02-13,241.53,14594180000,3524932277585
2025-02-14,244.60,14594180000,3569736517076
2025-02-18,244.47,14594180000,3567839202415
2025-02-19,244.87,14594180000,3573676785339
2025-02-20,245.83,14594180000,3587687296123
2025-02-21,245.55,14594180000,3583600943538
2025-02-24,247.10,14594180000,3606221967076
2025-02-25,247.04,14594180000,3605346129217
2025-02-26,240.36,14594180000,3507857113708
2025-02-27,237.30,14594180000,3463198958538
2025-02-28,241.84,14594180000,3529456437755
2025-03-03,238.03,14594180000,3473852647585
2025-03-04,235.93,14594180000,3443204780509
2025-03-05,235.74,14594180000,3440432073368
2025-03-06,235.33,14594180000,3434448406123
2025-03-07,239.07,14594180000,3489030719491
2025-03-10,227.48,14594180000,3319884004047
2025-03-11,220.84,14594180000,3222978657755
2025-03-12,216.98,14594180000,3166645114047
2025-03-13,209.68,14594180000,3060107555509
2025-03-14,213.49,14594180000,3115711568368
2025-03-17,214.00,14594180000,3123154520000
2025-03-18,212.69,14594180000,3104036179830
2025-03-19,215.24,14594180000,3141251383368
2025-03-20,214.10,14594180000,3124614027076
2025-03-21,218.27,14594180000,3185471730953
2025-03-24,220.73,14594180000,3221373289047
2025-03-25,223.75,14594180000,3265447775000
2025-03-26,221.53,14594180000,3233048677585
2025-03-27,223.85,14594180000,3266907282076
2025-03-28,217.90,14594180000,3180071732924
2025-03-31,222.13,14594180000,3241805274661
2025-04-01,223.19,14594180000,3257275069830
2025-04-02,223.89,14594180000,3267490951292
2025-04-03,203.19,14594180000,2965391469830
2025-04-04,188.38,14594180000,2749251699661
2025-04-07,181.46,14594180000,2648260000783
2025-04-08,172.42,14594180000,2516328488877
2025-04-09,198.85,14594180000,2902052782076
2025-04-10,190.42,14594180000,2779023728877
2025-04-11,198.15,14594180000,2891836677924
2025-04-14,202.52,14594180000,2955613395953
2025-04-15,202.14,14594180000,2950067536292
2025-04-16,194.27,14594180000,2835211410953
2025-04-17,196.98,14594180000,2874761514047
2025-04-21,193.16,14594180000,2819011862245
2025-04-22,199.74,14594180000,2915041593368
2025-04-23,204.60,14594180000,2985969317076
2025-04-24,208.37,14594180000,3040989215339
2025-04-25,209.28,14594180000,3054269972585
2025-04-28,210.14,14594180000,3066820976292
2025-04-29,211.21,14594180000,3082436855783
2025-04-30,212.50,14594180000,3101263250000
2025-05-01,213.32,14594180000,3113230584491
2025-05-02,205.35,14594180000,2996914952076
2025-05-05,198.89,14594180000,2902636451292
2025-05-06,198.51,14594180000,2897090591632
2025-05-07,196.25,14594180000,2864107825000
2025-05-08,197.49,14594180000,2882204688368
2025-05-09,198.53,14594180000,2897382537585
2025-05-12,210.79,14594180000,3076307104217
2025-05-13,212.93,14594180000,3107538640509
2025-05-14,212.33,14594180000,3098782266123
2025-05-15,211.45,14594180000,3085939316462
2025-05-16,211.26,14594180000,3083166386632
2025-05-19,208.78,14594180000,3046972882585
2025-05-20,206.86,14594180000,3018952083708
2025-05-21,202.09,14594180000,2949337782755
2025-05-22,201.36,14594180000,2938684093708
2025-05-23,195.27,14594180000,2849805590953
2025-05-27,200.21,14594180000,2921900875783
2025-05-28,200.42,14594180000,2924965528877
2025-05-29,199.95,14594180000,2918106246462
2025-05-30,200.85,14594180000,2931241142076
2025-06-02,201.70,14594180000,2943646061462
2025-06-03,203.27,14594180000,2966559030953
2025-06-04,202.82,14594180000,2959991694491
2025-06-05,200.63,14594180000,2928030404661
2025-06-06,203.92,14594180000,2976045158877
2025-06-09,201.45,14594180000,2939997516462
2025-06-10,202.67,14594180000,2957802433877
2025-06-11,198.78,14594180000,2901031082585
2025-06-12,199.20,14594180000,2907160611462
2025-06-13,196.45,14594180000,2867026616462
2025-06-16,198.42,14594180000,2895777168877
2025-06-17,195.64,14594180000,2855205366292
2025-06-18,196.58,14594180000,2868923931123
2025-06-20,201.00,14594180000,2933430180000
2025-06-23,201.50,14594180000,2940727270000
2025-06-24,200.30,14594180000,2923214298538
2025-06-25,201.56,14594180000,2941602885170
2025-06-26,201.00,14594180000,2933430180000
2025-06-27,201.08,14594180000,2934597741123
2025-06-30,205.17,14594180000,2994287883877
2025-07-01,207.82,14594180000,3032962594491
2025-07-02,212.44,14594180000,3100387634830
2025-07-03,213.55,14594180000,3116587183538
2025-07-07,209.95,14594180000,3064048046462
2025-07-08,210.01,14594180000,3064923661632
2025-07-09,211.14,14594180000,3081415156292
2025-07-10,212.41,14594180000,3099949827245
2025-07-11,211.16,14594180000,3081707102245
2025-07-14,208.62,14594180000,3044637760339
2025-07-15,209.11,14594180000,3051788988708
2025-07-16,210.16,14594180000,3067112922245
2025-07-17,210.02,14594180000,3065069745953
2025-07-18,211.18,14594180000,3081998825509
2025-07-21,212.48,14594180000,3100971304047
2025-07-22,214.40,14594180000,3128992102924
2025-07-23,214.15,14594180000,3125343557924
2025-07-24,213.76,14594180000,3119651836632
2025-07-25,213.88,14594180000,3121403289661
2025-07-28,214.05,14594180000,3123884273538
2025-07-29,211.27,14594180000,3083312470953
2025-07-30,209.05,14594180000,3050913373538
2025-07-31,207.57,14594180000,3029314049491
2025-08-01,202.38,14594180000,2953570219661
2025-08-04,203.35,14594180000,2967726592076
2025-08-05,202.92,14594180000,2961450978877
2025-08-06,213.25,14594180000,3112208885000
2025-08-07,220.03,14594180000,3211157407585
2025-08-08,229.35,14594180000,3347175272076
2025-08-11,227.18,14594180000,3315505705509
2025-08-12,229.65,14594180000,3351553347924
2025-08-13,233.33,14594180000,3405260046123
2025-08-14,232.78,14594180000,3397233202585
2025-08-15,231.59,14594180000,3379866092755
2025-08-18,230.89,14594180000,3369650211292
2025-08-19,230.56,14594180000,3364834105170
2025-08-20,226.01,14594180000,3298430541632
2025-08-21,224.90,14594180000,3282230992924
2025-08-22,227.76,14594180000,3323970356632
2025-08-25,227.16,14594180000,3315213982245
2025-08-26,229.31,14594180000,3346591380170
2025-08-27,230.49,14594180000,3363812628368
2025-08-28,232.56,14594180000,3394022465170
2025-08-29,232.14,14594180000,3387892936292
2025-09-02,229.72,14594180000,3352575047415
2025-09-03,238.47,14594180000,3480274122415
2025-09-04,239.78,14594180000,3499392462585
2025-09-05,239.69,14594180000,3498079039830
2025-09-08,237.88,14594180000,3471663609661
2025-09-09,234.35,14594180000,3420146172076
2025-09-10,226.79,14594180000,3309813984217
2025-09-11,230.03,14594180000,3357099207585
2025-09-12,234.07,14594180000,3416059819491
2025-09-15,236.70,14594180000,3454442361462
2025-09-16,238.15,14594180000,3475603877924
2025-09-17,238.99,14594180000,3487863158368
2025-09-18,237.88,14594180000,3471663609661
2025-09-19,245.50,14594180000,3582871190000
2025-09-22,256.08,14594180000,3737277418433
2025-09-23,254.43,14594180000,3713197110509
2025-09-24,252.31,14594180000,3682257520170
2025-09-25,256.87,14594180000,3748806945339
2025-09-26,255.46,14594180000,3728229320783
2025-09-29,254.43,14594180000,3713197110509
2025-09-30,254.63,14594180000,3716116124661
2025-10-01,255.45,14594180000,3728083236462
2025-10-02,257.13,14594180000,3752601574661
2025-10-03,258.02,14594180000,3765590163264
2025-10-06,256.69,14594180000,3746180099830
2025-10-07,256.48,14594180000,3743115446736
2025-10-08,258.06,14594180000,3766174055170
2025-10-09,254.04,14594180000,3707505389217
2025-10-10,245.27,14594180000,3579514590953
2025-10-13,247.66,14594180000,3614394672245
2025-10-14,247.77,14594180000,3616000040953
2025-10-15,249.34,14594180000,3638912787755
2025-10-16,247.45,14594180000,3611329796462
2025-10-17,252.29,14594180000,3681965574217
2025-10-20,262.24,14594180000,3827177620679
2025-10-21,262.77,14594180000,3834912518264
2025-10-22,258.45,14594180000,3771865999152
2025-10-23,259.58,14594180000,3788357048433
2025-10-24,262.82,14594180000,3835642494491
2025-10-27,268.81,14594180000,3923061490170
2025-10-28,269.00,14594180000,3925834420000
2025-10-29,269.70,14594180000,3936050524152
2025-10-30,271.40,14594180000,3960860362924
2025-10-31,270.37,14594180000,3945828375339
2025-11-03,269.05,14594180000,3926563950848
2025-11-04,270.04,14594180000,3941012491906
2025-11-05,270.14,14594180000,3942471998982
2025-11-06,269.77,14594180000,3937071778264
2025-11-07,268.47,14594180000,3918099522415
2025-11-10,269.43,14594180000,3932109810509
2025-11-11,275.25,14594180000,4017048045000
2025-11-12,273.47,14594180000,3991070422415
2025-11-13,272.95,14594180000,3983481609152
2025-11-14,272.41,14594180000,3975600627245
2025-11-17,267.46,14594180000,3903359258094
2025-11-18,267.44,14594180000,3903067534830
2025-11-19,268.56,14594180000,3919412945170
2025-11-20,266.25,14594180000,3885700425000
2025-11-21,271.49,14594180000,3962173785679
2025-11-24,275.92,14594180000,4026826341567
2025-11-25,276.97,14594180000,4042150052415
2025-11-26,277.55,14594180000,4050614480848
2025-11-28,278.85,14594180000,4069587182076
2025-12-01,283.10,14594180000,4131612447076
2025-12-02,286.19,14594180000,4176708409830
2025-12-03,284.15,14594180000,4146936157924
2025-12-04,280.70,14594180000,4096586504152
2025-12-05,278.78,14594180000,4068565482585
2025-12-08,277.89,14594180000,4055576893982
2025-12-09,277.18,14594180000,4045214705509
2025-12-10,278.78,14594180000,4068565482585
2025-12-11,278.03,14594180000,4057619847585
2025-12-12,278.28,14594180000,4061268392585
2025-12-15,274.11,14594180000,4000410466018
2025-12-16,274.61,14594180000,4007707556018
2025-12-17,271.84,14594180000,3967281837755
2025-12-18,272.19,14594180000,3972389889830
2025-12-19,273.67,14594180000,3993989436567
2025-12-22,270.97,14594180000,3954584972415
2025-12-23,272.36,14594180000,3974870651018
2025-12-24,273.81,14594180000,3996032390170
2025-12-26,273.40,14594180000,3990048722924
2025-12-29,273.76,14594180000,3995302859321
2025-12-30,273.08,14594180000,3985378478433
2025-12-31,271.86,14594180000,3967573561018
2026-01-02,271.01,14594180000,3955168864321
2026-01-05,267.26,14594180000,3900440689321
2026-01-06,262.36,14594180000,3828928851018
2026-01-07,260.33,14594180000,3799302683433
2026-01-08,259.04,14594180000,3780476511906
2026-01-09,259.37,14594180000,3785292395339
2026-01-12,260.25,14594180000,3798135345000
2026-01-13,261.05,14594180000,3809810510848
2026-01-14,259.96,14594180000,3793902908094
2026-01-15,258.21,14594180000,3768363093094
2026-01-16,255.53,14594180000,3729250797585
2026-01-20,246.70,14594180000,3600384161462
2026-01-21,247.65,14594180000,3614248587924
2026-01-22,248.35,14594180000,3624464692076
2026-01-23,248.04,14594180000,3619940309217
2026-01-26,255.41,14594180000,3727499567245
2026-01-27,258.27,14594180000,3769238708264
2026-01-28,256.44,14594180000,3742531554830
2026-01-29,258.28,14594180000,3769384792585
2026-01-30,259.48,14594180000,3786897986736
2026-02-02,270.01,14594180000,3940574684321
2026-02-03,269.48,14594180000,3932839786736
2026-02-04,276.49,14594180000,4035144685679
2026-02-05,275.91,14594180000,4026680257245
2026-02-06,278.12,14594180000,4058933270339
2026-02-09,274.62,14594180000,4007853640339
2026-02-10,273.68,14594180000,3994135075509
2026-02-11,275.50,14594180000,4020696590000
2026-02-12,261.73,14594180000,3819734891736
2026-02-13,255.78,14594180000,3732899342585
2026-02-17,263.88,14594180000,3851112289661
2026-02-18,264.35,14594180000,3857971572076
2026-02-19,260.58,14594180000,3802951228433
2026-02-20,264.58,14594180000,3861327948433
2026-02-23,266.18,14594180000,3884678725509
2026-02-24,272.14,14594180000,3971660358982
2026-02-25,274.23,14594180000,4002162141736
2026-02-26,272.95,14594180000,3983481609152
2026-02-27,264.18,14594180000,3855490365509
2026-03-02,264.72,14594180000,3863371347415
2026-03-03,263.75,14594180000,3849214975000
2026-03-04,262.52,14594180000,3831263973264
2026-03-05,260.29,14594180000,3798719236906
2026-03-06,257.46,14594180000,3757417458094
2026-03-09,259.88,14594180000,3792735569661
2026-03-10,260.83,14594180000,3806599773433
2026-03-11,260.81,14594180000,3806308050170
2026-03-12,255.76,14594180000,3732607396632
2026-03-13,250.12,14594180000,3650296230339
2026-03-16,252.82,14594180000,3689700694491
2026-03-17,254.23,14594180000,3710278319047
2026-03-18,249.94,14594180000,3647669384830
2026-03-19,248.96,14594180000,3633367150783
2026-03-20,247.99,14594180000,3619210778368
2026-03-23,251.49,14594180000,3670290408368
2026-03-24,251.64,14594180000,3672479446292
2026-03-25,252.62,14594180000,3686781680339
2026-03-26,252.89,14594180000,3690722171292
2026-03-27,248.80,14594180000,3631032028538
2026-03-30,246.63,14594180000,3599362684661
2026-03-31,253.79,14594180000,3703856844217
2026-04-01,255.63,14594180000,3730710304661
2026-04-02,255.92,14594180000,3734942518877
2026-04-06,258.86,14594180000,3777849221018
2026-04-07,253.50,14594180000,3699624630000
2026-04-08,258.90,14594180000,3778433112924
2026-04-09,260.49,14594180000,3801637805679
2026-04-10,260.48,14594180000,3801492166736
2026-04-13,259.20,14594180000,3782811634152
2026-04-14,258.83,14594180000,3777411413433
2026-04-15,266.43,14594180000,3888327270509
2026-04-16,263.40,14594180000,3844106922924
2026-04-17,270.23,14594180000,3943785421736
2026-04-20,273.05,14594180000,3984940670848
2026-04-21,266.17,14594180000,3884533086567
2026-04-22,273.17,14594180000,3986692346567
2026-04-23,273.43,14594180000,3990486530509
2026-04-24,271.06,14594180000,3955898395170
2026-04-27,267.61,14594180000,3905548296018
2026-04-28,270.71,14594180000,3950790343094
2026-04-29,270.17,14594180000,3942909806567
2026-04-30,271.35,14594180000,3960130832076
2026-05-01,280.14,14594180000,4088413798982
2026-05-04,276.83,14594180000,4040106653433
2026-05-05,284.18,14594180000,4147373965509
2026-05-06,287.51,14594180000,4195972834321
2026-05-07,287.44,14594180000,4194951134830
2026-05-08,293.32,14594180000,4280764984491
2026-05-11,292.68,14594180000,4271424495509
2026-05-12,294.80,14594180000,4302364085848
2026-05-13,298.87,14594180000,4361762505339
2026-05-14,298.21,14594180000,4352130293094
2026-05-15,300.23,14594180000,4381610821736
2026-05-18,297.84,14594180000,4346730517755
2026-05-19,298.97,14594180000,4363222012415
2026-05-20,302.25,14594180000,4411090905000
2026-05-21,304.99,14594180000,4451078815679
2026-05-22,308.82,14594180000,4506974774491
2026-05-26,308.33,14594180000,4499823323433
2026-05-27,310.85,14594180000,4536600942076
2026-05-28,312.51,14594180000,4560827334321
2026-05-29,312.06,14594180000,4554259775170
2026-06-01,306.31,14594180000,4470343240170
2026-06-02,315.20,14594180000,4600085714152
2026-06-03,310.26,14594180000,4527990429321
2026-06-04,311.23,14594180000,4542146801736
2026-06-05,307.34,14594180000,4485375227755
2026-06-08,301.54,14594180000,4400729161906
2026-06-09,290.55,14594180000,4240338820848
2026-06-10,291.58,14594180000,4255370808433
2026-06-11,295.63,14594180000,4314477504661
2026-06-12,291.13,14594180000,4248803694661
2026-06-15,296.42,14594180000,4326007031567
2026-06-16,299.24,14594180000,4367162280679
2026-06-17,295.95,14594180000,4319147749152
2026-06-18,298.01,14594180000,4349211724321
2026-06-22,297.01,14594180000,4334617544321
2026-06-23,294.30,14594180000,4295066995848
2026-06-24,293.08,14594180000,4277262078433
2026-06-25,275.15,14594180000,4015588537924
2026-06-26,283.78,14594180000,4141536382585
2026-06-29,281.74,14594180000,4111764130679
2026-06-30,289.36,14594180000,4222971711018
2026-07-01,294.38,14594180000,4296234779661
2026-07-02,308.63,14594180000,4504201844661
2026-07-06,312.66,14594180000,4563016372245
2026-07-07,310.66,14594180000,4533828012245
2026-07-08,313.39,14594180000,4573670283982
2026-07-09,316.22,14594180000,4614971617415
2026-07-10,315.32,14594180000,4601836944491
2026-07-13,317.31,14594180000,4630879220170
2026-07-14,314.86,14594180000,4595123301018
2026-07-15,327.50,14594180000,4779593950000
2026-07-16,333.26,14594180000,4863656569321
2026-07-17,333.74,14594180000,4870661490679
2026-07-20,326.59,14594180000,4766313192755
2026-07-21,327.74,14594180000,4783096410679
2026-07-22,325.89,14594180000,4756097533982
2026-07-23,321.66,14594180000,4694363992245
2026-07-24,333.02,14594180000,4860153663264
2026-07-27,336.91,14594180000,4916925237245
2026-07-28,340.08,14594180000,4963188538433
2026-07-29,338.19,14594180000,4935605769830
2026-07-30,333.43,14594180000,4866137330509
2026-07-31,308.91,14594180000,4508288197245
2026-08-03,303.42,14594180000,4428166291567
2026-08-04,309.38,14594180000,4515147479661
2026-08-05,311.00,14594180000,4538789980000
2026-08-06,312.41,14594180000,4559367827245
2026-08-07,313.33,14594180000,4572794223433
2026-08-10,308.26,14594180000,4498802069321
2026-08-11,304.91,14594180000,4449911477245
2026-08-12,302.25,14594180000,4411090905000
2026-08-13,305.26,14594180000,4455019529321
2026-08-14,305.93,14594180000,4464797380509
2026-08-17,305.59,14594180000,4459835412755
2026-08-18,310.03,14594180000,4524633607585
2026-08-19,316.83,14594180000,4623873853433
2026-08-20,311.30,14594180000,4543168055848
2026-08-21,309.35,14594180000,4514709672076
2026-08-24,310.34,14594180000,4529157767755
2026-08-25,309.90,14594180000,4522736292924
2026-08-26,313.45,14594180000,4574545899152
2026-08-27,314.58,14594180000,4591036948433
2026-08-28,319.70,14594180000,4665759524152
2026-08-31,316.85,14594180000,4624166022076
2026-09-01,325.13,14594180000,4745005814661
2026-09-02,324.96,14594180000,4742524608094
2026-09-03,328.21,14594180000,4789955693094
2026-09-04,319.97,14594180000,4669699792415
2026-09-08,316.22,14594180000,4614971617415
2026-09-09,315.34,14594180000,4602128667755
2026-09-10,326.57,14594180000,4766021469491
2026-09-11,332.27,14594180000,4849208028264