Date,Close,Shares_Outstanding,Market_Cap
2006-09-14,1.58,10786313572,17069341022
2006-09-15,1.63,10786313572,17538546372
2006-09-18,1.60,10786313572,17301246671
2006-09-19,1.58,10786313572,17031589089
2006-09-20,1.61,10786313572,17322819021
2006-09-21,1.51,10786313572,16298120208
2006-09-22,1.54,10786313572,16632496125
2006-09-25,1.59,10786313572,17144844888
2006-09-26,1.63,10786313572,17527759555
2006-09-27,1.62,10786313572,17436076105
2006-09-28,1.59,10786313572,17171811289
2006-09-29,1.61,10786313572,17322819021
2006-10-02,1.54,10786313572,16648674422
2006-10-03,1.59,10786313572,17096307423
2006-10-04,1.64,10786313572,17667981754
2006-10-05,1.67,10786313572,17969998504
2006-10-06,1.63,10786313572,17576298305
2006-10-09,1.67,10786313572,18002357671
2006-10-10,1.63,10786313572,17592477889
2006-10-11,1.65,10786313572,17748878386
2006-10-12,1.68,10786313572,18094041120
2006-10-13,1.67,10786313572,17969998504
2006-10-16,1.63,10786313572,17581691071
2006-10-17,1.62,10786313572,17511579971
2006-10-18,1.62,10786313572,17425289288
2006-10-19,1.63,10786313572,17549331904
2006-10-20,1.63,10786313572,17565511487
2006-10-23,1.64,10786313572,17732700088
2006-10-24,1.68,10786313572,18137185819
2006-10-25,1.88,10786313572,20321414163
2006-10-26,1.91,10786313572,20655790079
2006-10-27,1.91,10786313572,20623430912
2006-10-30,1.91,10786313572,20574893447
2006-10-31,1.90,10786313572,20542534280
2006-11-01,1.88,10786313572,20256697115
2006-11-02,1.87,10786313572,20197371546
2006-11-03,1.87,10786313572,20202765598
2006-11-06,1.91,10786313572,20607252614
2006-11-07,1.94,10786313572,20909269363
2006-11-08,1.97,10786313572,21286789978
2006-11-09,1.94,10786313572,20947021296
2006-11-10,1.96,10786313572,21173534180
2006-11-13,2.00,10786313572,21567234378
2006-11-14,2.08,10786313572,22386993942
2006-11-15,2.13,10786313572,22974849143
2006-11-16,2.14,10786313572,23104283239
2006-11-17,2.13,10786313572,22947882742
2006-11-20,2.12,10786313572,22888557173
2006-11-21,2.13,10786313572,22942489976
2006-11-22,2.15,10786313572,23169001573
2006-11-24,2.12,10786313572,22872378876
2006-11-27,2.04,10786313572,22031045677
2006-11-28,2.05,10786313572,22068797609
2006-11-29,2.03,10786313572,21912397112
2006-11-30,2.02,10786313572,21755994043
2006-12-01,1.97,10786313572,21254430811
2006-12-04,1.96,10786313572,21087243496
2006-12-05,1.95,10786313572,21022525162
2006-12-06,1.95,10786313572,20979380463
2006-12-07,1.91,10786313572,20558713864
2006-12-08,1.92,10786313572,20742080762
2006-12-11,1.93,10786313572,20866123379
2006-12-12,1.92,10786313572,20742080762
2006-12-13,1.92,10786313572,20763653112
2006-12-14,1.95,10786313572,21044097512
2006-12-15,2.00,10786313572,21578019910
2006-12-18,1.96,10786313572,21173534180
2006-12-19,1.97,10786313572,21259823577
2006-12-20,2.00,10786313572,21578019910
2006-12-21,1.99,10786313572,21513302862
2006-12-22,2.01,10786313572,21702063812
2006-12-26,1.99,10786313572,21464764111
2006-12-27,2.01,10786313572,21729027642
2006-12-28,2.01,10786313572,21685882943
2006-12-29,1.97,10786313572,21281397212
2007-01-03,1.93,10786313572,20871516145
2007-01-04,1.95,10786313572,20979380463
2007-01-05,1.92,10786313572,20693542012
2007-01-08,1.88,10786313572,20224337948
2007-01-09,1.89,10786313572,20375346965
2007-01-10,1.86,10786313572,20035576997
2007-01-11,1.87,10786313572,20170406431
2007-01-12,1.91,10786313572,20601858562
2007-01-16,1.93,10786313572,20849943795
2007-01-17,1.89,10786313572,20429278481
2007-01-18,1.85,10786313572,19943893548
2007-01-19,1.85,10786313572,19965465897
2007-01-22,1.85,10786313572,19927713964
2007-01-23,1.82,10786313572,19647269564
2007-01-24,1.86,10786313572,20094902565
2007-01-25,1.85,10786313572,19997825064
2007-01-26,1.84,10786313572,19873782448
2007-01-29,1.87,10786313572,20186586015
2007-01-30,1.85,10786313572,19981645481
2007-01-31,1.88,10786313572,20316021397
2007-02-01,1.93,10786313572,20871516145
2007-02-02,1.87,10786313572,20165013665
2007-02-05,1.86,10786313572,20040971049
2007-02-06,1.91,10786313572,20639610495
2007-02-07,1.95,10786313572,21022525162
2007-02-08,1.96,10786313572,21087243496
2007-02-09,1.94,10786313572,20882302962
2007-02-12,1.94,10786313572,20952414062
2007-02-13,1.97,10786313572,21200499295
2007-02-14,2.01,10786313572,21648131010
2007-02-15,2.00,10786313572,21604986311
2007-02-16,2.02,10786313572,21750601277
2007-02-20,2.08,10786313572,22386993942
2007-02-21,2.06,10786313572,22252164508
2007-02-22,2.05,10786313572,22111942308
2007-02-23,2.04,10786313572,21993293744
2007-02-26,2.04,10786313572,22047223974
2007-02-27,1.94,10786313572,20941627245
2007-02-28,1.96,10786313572,21108815846
2007-03-01,1.94,10786313572,20952414062
2007-03-02,1.88,10786313572,20326808214
2007-03-05,1.85,10786313572,19981645481
2007-03-06,1.93,10786313572,20806799096
2007-03-07,1.92,10786313572,20688149246
2007-03-08,1.90,10786313572,20547927046
2007-03-09,1.94,10786313572,20947021296
2007-03-12,1.94,10786313572,20930841713
2007-03-13,1.89,10786313572,20396919314
2007-03-14,1.90,10786313572,20537141514
2007-03-15,1.89,10786313572,20375346965
2007-03-16,1.89,10786313572,20413098898
2007-03-19,1.92,10786313572,20736687996
2007-03-20,1.93,10786313572,20806799096
2007-03-21,1.99,10786313572,21464764111
2007-03-22,1.97,10786313572,21297575510
2007-03-23,1.95,10786313572,21022525162
2007-03-26,1.95,10786313572,21038704746
2007-03-27,1.97,10786313572,21232858462
2007-03-28,1.97,10786313572,21216678878
2007-03-29,1.99,10786313572,21470156877
2007-03-30,1.99,10786313572,21459371345
2007-04-02,2.02,10786313572,21799138741
2007-04-03,2.06,10786313572,22214412575
2007-04-04,2.08,10786313572,22397779474
2007-04-05,2.08,10786313572,22478678677
2007-04-09,2.08,10786313572,22467890574
2007-04-10,2.09,10786313572,22575753607
2007-04-11,2.08,10786313572,22478678677
2007-04-12,2.11,10786313572,22796875010
2007-04-13,2.12,10786313572,22872378876
2007-04-16,2.26,10786313572,24377068570
2007-04-17,2.25,10786313572,24306957470
2007-04-18,2.25,10786313572,24263812771
2007-04-19,2.23,10786313572,24075053107
2007-04-20,2.25,10786313572,24242239136
2007-04-23,2.24,10786313572,24145164206
2007-04-24,2.24,10786313572,24134376103
2007-04-25,2.84,10786313572,30638524956
2007-04-26,3.14,10786313572,33858237644
2007-04-27,3.13,10786313572,33761162715
2007-04-30,3.07,10786313572,33076230013
2007-05-01,3.10,10786313572,33459144680
2007-05-02,3.06,10786313572,32995333381
2007-05-03,3.11,10786313572,33540041311
2007-05-04,3.16,10786313572,34100930111
2007-05-07,3.04,10786313572,32801178379
2007-05-08,3.09,10786313572,33345888881
2007-05-09,3.14,10786313572,33895989577
2007-05-10,3.05,10786313572,32855111181
2007-05-11,3.08,10786313572,33200273915
2007-05-14,3.09,10786313572,33275777781
2007-05-15,3.03,10786313572,32671744283
2007-05-16,3.16,10786313572,34095537345
2007-05-17,3.11,10786313572,33529255780
2007-05-18,3.16,10786313572,34138682044
2007-05-21,3.41,10786313572,36835260437
2007-05-22,3.44,10786313572,37148064004
2007-05-23,3.45,10786313572,37212782338
2007-05-24,3.47,10786313572,37401542002
2007-05-25,3.43,10786313572,36970089871
2007-05-29,3.48,10786313572,37552549734
2007-05-30,3.49,10786313572,37676593636
2007-05-31,3.46,10786313572,37288286204
2007-06-01,3.43,10786313572,36986268169
2007-06-04,3.52,10786313572,37978609099
2007-06-05,3.68,10786313572,39720598494
2007-06-06,3.61,10786313572,38987130900
2007-06-07,3.60,10786313572,38852301466
2007-06-08,3.66,10786313572,39499479663
2007-06-11,3.56,10786313572,38383097401
2007-06-12,3.50,10786313572,37789849435
2007-06-13,3.54,10786313572,38232089670
2007-06-14,3.60,10786313572,38798368664
2007-06-15,3.62,10786313572,39046453896
2007-06-18,3.59,10786313572,38739045667
2007-06-19,3.49,10786313572,37649627235
2007-06-20,3.45,10786313572,37266712568
2007-06-21,3.48,10786313572,37574123369
2007-06-22,3.44,10786313572,37137278472
2007-06-25,3.43,10786313572,37029415439
2007-06-26,3.37,10786313572,36393022774
2007-06-27,3.41,10786313572,36748971039
2007-06-28,3.44,10786313572,37153456770
2007-06-29,3.42,10786313572,36894586005
2007-07-02,3.48,10786313572,37541764202
2007-07-03,3.47,10786313572,37455474805
2007-07-05,3.44,10786313572,37067167372
2007-07-06,3.45,10786313572,37196601468
2007-07-09,3.60,10786313572,38868479763
2007-07-10,3.51,10786313572,37903105234
2007-07-11,3.54,10786313572,38145797700
2007-07-12,3.64,10786313572,39256787196
2007-07-13,3.76,10786313572,40502608697
2007-07-16,3.68,10786313572,39742172130
2007-07-17,3.69,10786313572,39796104932
2007-07-18,3.67,10786313572,39542624362
2007-07-19,3.67,10786313572,39558805231
2007-07-20,3.58,10786313572,38631182634
2007-07-23,3.59,10786313572,38690505631
2007-07-24,3.46,10786313572,37347611772
2007-07-25,4.31,10786313572,46478225346
2007-07-26,4.20,10786313572,45307910283
2007-07-27,4.20,10786313572,45324091152
2007-07-30,4.14,10786313572,44601409089
2007-07-31,3.93,10786313572,42357853891
2007-08-01,3.87,10786313572,41694494825
2007-08-02,3.99,10786313572,42988853790
2007-08-03,3.84,10786313572,41419443191
2007-08-06,3.95,10786313572,42605939124
2007-08-07,3.96,10786313572,42681442990
2007-08-08,3.89,10786313572,41947972823
2007-08-09,3.71,10786313572,39968683727
2007-08-10,3.74,10786313572,40330027330
2007-08-13,3.74,10786313572,40378564795
2007-08-14,3.67,10786313572,39612735462
2007-08-15,3.62,10786313572,39035668364
2007-08-16,3.64,10786313572,39256787196
2007-08-17,3.75,10786313572,40459461427
2007-08-20,3.73,10786313572,40286880060
2007-08-21,3.87,10786313572,41791572326
2007-08-22,3.92,10786313572,42336280256
2007-08-23,3.87,10786313572,41689102059
2007-08-24,3.96,10786313572,42740768558
2007-08-27,3.93,10786313572,42417176887
2007-08-28,3.81,10786313572,41106642196
2007-08-29,3.95,10786313572,42632905525
2007-08-30,3.93,10786313572,42433357757
2007-08-31,4.00,10786313572,43096716823
2007-09-04,4.14,10786313572,44601409089
2007-09-05,4.19,10786313572,45167688083
2007-09-06,4.31,10786313572,46494406216
2007-09-07,4.23,10786313572,45582959345
2007-09-10,4.17,10786313572,44946566679
2007-09-11,4.31,10786313572,46532158149
2007-09-12,4.36,10786313572,47082256273
2007-09-13,4.36,10786313572,47060685209
2007-09-14,4.39,10786313572,47335739415
2007-09-17,4.35,10786313572,46871925545
2007-09-18,4.44,10786313572,47864266476
2007-09-19,4.45,10786313572,47999093338
2007-09-20,4.48,10786313572,48349651409
2007-09-21,4.57,10786313572,49239522073
2007-09-24,4.63,10786313572,49935237735
2007-09-25,4.67,10786313572,50415227331
2007-09-26,4.67,10786313572,50388266074
2007-09-27,4.67,10786313572,50361299672
2007-09-28,4.66,10786313572,50237253199
2007-10-01,4.67,10786313572,50377475398
2007-10-02,4.62,10786313572,49811196405
2007-10-03,4.62,10786313572,49865129207
2007-10-04,4.61,10786313572,49757263602
2007-10-05,4.67,10786313572,50388266074
2007-10-08,4.79,10786313572,51693408000
2007-10-09,4.77,10786313572,51407568262
2007-10-10,4.73,10786313572,51051619997
2007-10-11,4.47,10786313572,48182462808
2007-10-12,4.62,10786313572,49816591742
2007-10-15,4.53,10786313572,48824250811
2007-10-16,4.48,10786313572,48284933075
2007-10-17,4.53,10786313572,48835036343
2007-10-18,4.49,10786313572,48457511871
2007-10-19,4.49,10786313572,48408974406
2007-10-22,4.56,10786313572,49234126736
2007-10-23,5.04,10786313572,54373805523
2007-10-24,4.44,10786313572,47853480944
2007-10-25,4.41,10786313572,47573036544
2007-10-26,4.50,10786313572,48538411074
2007-10-29,4.51,10786313572,48592343876
2007-10-30,4.41,10786313572,47589217414
2007-10-31,4.46,10786313572,48079992541
2007-11-01,4.38,10786313572,47271021081
2007-11-02,4.30,10786313572,46370359742
2007-11-05,4.22,10786313572,45502065285
2007-11-06,4.36,10786313572,47066080547
2007-11-07,4.35,10786313572,46942039216
2007-11-08,4.18,10786313572,45076003348
2007-11-09,3.94,10786313572,42546613556
2007-11-12,3.85,10786313572,41527306224
2007-11-13,3.99,10786313572,43069750422
2007-11-14,3.93,10786313572,42341673022
2007-11-15,3.89,10786313572,41985724756
2007-11-16,3.93,10786313572,42390213058
2007-11-19,3.96,10786313572,42703016625
2007-11-20,4.02,10786313572,43355585016
2007-11-21,3.99,10786313572,43015817620
2007-11-23,4.07,10786313572,43916473816
2007-11-26,4.07,10786313572,43846365287
2007-11-27,4.28,10786313572,46160029014
2007-11-28,4.51,10786313572,48700204337
2007-11-29,4.46,10786313572,48079992541
2007-11-30,4.53,10786313572,48840426537
2007-12-03,4.55,10786313572,49029186202
2007-12-04,4.72,10786313572,50916793134
2007-12-05,4.66,10786313572,50258829405
2007-12-06,4.71,10786313572,50808927530
2007-12-07,4.72,10786313572,50862860332
2007-12-10,4.65,10786313572,50167144670
2007-12-11,4.54,10786313572,48942896804
2007-12-12,4.56,10786313572,49228736542
2007-12-13,4.62,10786313572,49832767468
2007-12-14,4.45,10786313572,48042240609
2007-12-17,4.25,10786313572,45890370146
2007-12-18,4.34,10786313572,46861140013
2007-12-19,4.47,10786313572,48204033872
2007-12-20,4.53,10786313572,48851212069
2007-12-21,4.56,10786313572,49217951010
2007-12-24,4.55,10786313572,49083119004
2007-12-26,4.64,10786313572,50075459935
2007-12-27,4.71,10786313572,50830503737
2007-12-28,4.72,10786313572,50938364198
2007-12-31,4.63,10786313572,49962204136
2008-01-02,4.81,10786313572,51909134065
2008-01-03,4.76,10786313572,51348245266
2008-01-04,4.44,10786313572,47885837539
2008-01-07,4.44,10786313572,47902018409
2008-01-08,4.39,10786313572,47395062411
2008-01-09,4.26,10786313572,45960483817
2008-01-10,4.21,10786313572,45442737145
2008-01-11,4.05,10786313572,43727714151
2008-01-14,4.14,10786313572,44693088681
2008-01-15,4.01,10786313572,43274690956
2008-01-16,4.02,10786313572,43334013953
2008-01-17,4.01,10786313572,43209972622
2008-01-18,3.99,10786313572,43015817620
2008-01-22,3.92,10786313572,42325494724
2008-01-23,3.70,10786313572,39893179861
2008-01-24,3.88,10786313572,41888649827
2008-01-25,3.88,10786313572,41850897894
2008-01-28,3.79,10786313572,40890913558
2008-01-29,3.70,10786313572,39882394330
2008-01-30,3.71,10786313572,40022616529
2008-01-31,3.88,10786313572,41904828124
2008-02-01,3.73,10786313572,40249128127
2008-02-04,3.70,10786313572,39882394330
2008-02-05,3.60,10786313572,38879267867
2008-02-06,3.42,10786313572,36937730704
2008-02-07,3.55,10786313572,38242875202
2008-02-08,3.67,10786313572,39639701863
2008-02-11,3.76,10786313572,40551146162
2008-02-12,3.72,10786313572,40152053198
2008-02-13,3.89,10786313572,41921006422
2008-02-14,3.79,10786313572,40880128026
2008-02-15,3.65,10786313572,39348471931
2008-02-19,3.60,10786313572,38873875101
2008-02-20,3.68,10786313572,39715205729
2008-02-21,3.49,10786313572,37698164700
2008-02-22,3.60,10786313572,38873875101
2008-02-25,3.66,10786313572,39515660532
2008-02-26,3.58,10786313572,38663541801
2008-02-27,3.54,10786313572,38221301566
2008-02-28,3.39,10786313572,36592567970
2008-02-29,3.22,10786313572,34769681943
2008-03-03,3.12,10786313572,33669477980
2008-03-04,3.27,10786313572,35238886008
2008-03-05,3.25,10786313572,35050126343
2008-03-06,3.14,10786313572,33836666581
2008-03-07,3.20,10786313572,34564741409
2008-03-10,3.17,10786313572,34230366779
2008-03-11,3.36,10786313572,36215048641
2008-03-12,3.33,10786313572,35869885907
2008-03-13,3.42,10786313572,36846045969
2008-03-14,3.41,10786313572,36792115738
2008-03-17,3.33,10786313572,35880671439
2008-03-18,3.59,10786313572,38668934567
2008-03-19,3.51,10786313572,37843782237
2008-03-20,3.66,10786313572,39472513262
2008-03-24,3.80,10786313572,40961024658
2008-03-25,3.76,10786313572,40540360630
2008-03-26,3.69,10786313572,39801497698
2008-03-27,3.54,10786313572,38183549633
2008-03-28,3.49,10786313572,37622660834
2008-03-31,3.57,10786313572,38453208501
2008-04-01,3.84,10786313572,41365512960
2008-04-02,3.87,10786313572,41726853992
2008-04-03,3.75,10786313572,40416316728
2008-04-04,3.84,10786313572,41457195124
2008-04-07,3.85,10786313572,41473375993
2008-04-08,3.87,10786313572,41689102059
2008-04-09,3.72,10786313572,40119694031
2008-04-10,3.74,10786313572,40356991160
2008-04-11,3.60,10786313572,38825335065
2008-04-14,3.63,10786313572,39159712267
2008-04-15,3.63,10786313572,39100386699
2008-04-16,3.73,10786313572,40227557063
2008-04-17,3.70,10786313572,39930931794
2008-04-18,4.01,10786313572,43199187090
2008-04-21,4.01,10786313572,43242329217
2008-04-22,3.98,10786313572,42929528222
2008-04-23,4.05,10786313572,43684572024
2008-04-24,3.88,10786313572,41899435358
2008-04-25,4.04,10786313572,43609068158
2008-04-28,4.10,10786313572,44207703747
2008-04-29,4.04,10786313572,43544349824
2008-04-30,3.93,10786313572,42406391356
2008-05-01,3.97,10786313572,42800091554
2008-05-02,3.87,10786313572,41694494825
2008-05-05,3.80,10786313572,40944846360
2008-05-06,3.79,10786313572,40831590562
2008-05-07,3.66,10786313572,39467120496
2008-05-08,3.64,10786313572,39256787196
2008-05-09,3.62,10786313572,39051849234
2008-05-12,3.73,10786313572,40195197896
2008-05-13,3.73,10786313572,40211376194
2008-05-14,3.71,10786313572,40017223764
2008-05-15,3.81,10786313572,41052709393
2008-05-16,3.82,10786313572,41236076292
2008-05-19,4.11,10786313572,44380287686
2008-05-20,4.04,10786313572,43533559149
2008-05-21,3.91,10786313572,42228417223
2008-05-22,3.96,10786313572,42746161324
2008-05-23,3.92,10786313572,42255383624
2008-05-27,4.03,10786313572,43479631490
2008-05-28,4.00,10786313572,43188401558
2008-05-29,4.02,10786313572,43334013953
2008-05-30,4.08,10786313572,44018944083
2008-06-02,4.01,10786313572,43269295619
2008-06-03,4.01,10786313572,43204577284
2008-06-04,4.07,10786313572,43954225749
2008-06-05,4.23,10786313572,45577569151
2008-06-06,4.03,10786313572,43485021684
2008-06-09,3.97,10786313572,42837843487
2008-06-10,3.98,10786313572,42940313754
2008-06-11,3.86,10786313572,41678316527
2008-06-12,3.81,10786313572,41068887691
2008-06-13,3.96,10786313572,42697621287
2008-06-16,4.09,10786313572,44062091353
2008-06-17,4.15,10786313572,44747021483
2008-06-18,4.13,10786313572,44504329016
2008-06-19,4.21,10786313572,45442737145
2008-06-20,4.05,10786313572,43738499683
2008-06-23,4.03,10786313572,43511988085
2008-06-24,3.98,10786313572,42951101858
2008-06-25,4.03,10786313572,43420303350
2008-06-26,3.82,10786313572,41149786894
2008-06-27,3.73,10786313572,40265308996
2008-06-30,3.67,10786313572,39548019699
2008-07-01,3.68,10786313572,39704420197
2008-07-02,3.57,10786313572,38528712367
2008-07-03,3.60,10786313572,38830727831
2008-07-07,3.62,10786313572,39094993933
2008-07-08,3.75,10786313572,40470249530
2008-07-09,3.53,10786313572,38081079366
2008-07-10,3.53,10786313572,38091867470
2008-07-11,3.43,10786313572,36964697105
2008-07-14,3.31,10786313572,35745842005
2008-07-15,3.35,10786313572,36150330307
2008-07-16,3.59,10786313572,38744438433
2008-07-17,3.61,10786313572,38890053399
2008-07-18,3.46,10786313572,37277500672
2008-07-21,3.42,10786313572,36932337938
2008-07-22,3.40,10786313572,36657286304
2008-07-23,3.53,10786313572,38043327434
2008-07-24,3.94,10786313572,42454931392
2008-07-25,3.92,10786313572,42233809989
2008-07-28,3.80,10786313572,40977205527
2008-07-29,3.91,10786313572,42179879758
2008-07-30,3.91,10786313572,42179879758
2008-07-31,3.82,10786313572,41171357958
2008-08-01,3.79,10786313572,40853161625
2008-08-04,3.79,10786313572,40831590562
2008-08-05,3.96,10786313572,42665262120
2008-08-06,3.90,10786313572,42115161424
2008-08-07,3.85,10786313572,41500342394
2008-08-08,4.03,10786313572,43420303350
2008-08-11,4.40,10786313572,47508318210
2008-08-12,4.36,10786313572,47055295015
2008-08-13,4.33,10786313572,46753274409
2008-08-14,4.40,10786313572,47475961615
2008-08-15,4.32,10786313572,46596876483
2008-08-18,4.16,10786313572,44822525349
2008-08-19,4.06,10786313572,43840969950
2008-08-20,4.11,10786313572,44293998288
2008-08-21,4.16,10786313572,44903424552
2008-08-22,4.26,10786313572,45982054881
2008-08-25,4.14,10786313572,44682303149
2008-08-26,4.09,10786313572,44094447948
2008-08-27,4.09,10786313572,44078272222
2008-08-28,4.17,10786313572,44989713950
2008-08-29,4.04,10786313572,43582101757
2008-09-02,4.07,10786313572,43905688284
2008-09-03,4.04,10786313572,43560525550
2008-09-04,3.90,10786313572,42082802257
2008-09-05,3.96,10786313572,42708409391
2008-09-08,4.06,10786313572,43770861422
2008-09-09,3.95,10786313572,42627510187
2008-09-10,3.84,10786313572,41387084024
2008-09-11,3.98,10786313572,42880990758
2008-09-12,3.91,10786313572,42228417223
2008-09-15,3.87,10786313572,41710675694
2008-09-16,3.94,10786313572,42460324158
2008-09-17,3.58,10786313572,38582642598
2008-09-18,3.83,10786313572,41257649927
2008-09-19,4.05,10786313572,43684572024
2008-09-22,3.75,10786313572,40410923962
2008-09-23,3.59,10786313572,38701293734
2008-09-24,3.50,10786313572,37730523867
2008-09-25,3.60,10786313572,38873875101
2008-09-26,3.54,10786313572,38129619403
2008-09-29,3.17,10786313572,34165648445
2008-09-30,3.64,10786313572,39240608898
2008-10-01,3.48,10786313572,37525585905
2008-10-02,3.37,10786313572,36328304440
2008-10-03,3.35,10786313572,36134149438
2008-10-06,3.26,10786313572,35179560440
2008-10-07,2.93,10786313572,31560754787
2008-10-08,3.05,10786313572,32909043984
2008-10-09,2.80,10786313572,30201677487
2008-10-10,2.81,10786313572,30336506921
2008-10-13,3.10,10786313572,33448359148
2008-10-14,2.79,10786313572,30126173621
2008-10-15,2.44,10786313572,26275461034
2008-10-16,2.51,10786313572,27122184428
2008-10-17,2.53,10786313572,27316339430
2008-10-20,2.65,10786313572,28567551125
2008-10-21,2.51,10786313572,27089825261
2008-10-22,2.50,10786313572,26960391164
2008-10-23,2.52,10786313572,27138365297
2008-10-24,2.45,10786313572,26404895130
2008-10-27,2.48,10786313572,26739272333
2008-10-28,2.80,10786313572,30223251123
2008-10-29,2.84,10786313572,30681669655
2008-10-30,2.84,10786313572,30584592154
2008-10-31,2.86,10786313572,30870429320
2008-11-03,2.79,10786313572,30077636157
2008-11-04,2.92,10786313572,31523000283
2008-11-05,2.60,10786313572,28033628727
2008-11-06,2.36,10786313572,25466487002
2008-11-07,2.46,10786313572,26539724564
2008-11-10,2.42,10786313572,26135238834
2008-11-11,2.32,10786313572,24970316536
2008-11-12,2.08,10786313572,22413960343
2008-11-13,2.25,10786313572,24231453604
2008-11-14,2.09,10786313572,22516430610
2008-11-17,1.98,10786313572,21405439829
2008-11-18,1.92,10786313572,20731295231
2008-11-19,1.79,10786313572,19329074518
2008-11-20,1.75,10786313572,18892228335
2008-11-21,1.89,10786313572,20423884430
2008-11-24,2.13,10786313572,22920916341
2008-11-25,2.11,10786313572,22753727739
2008-11-26,2.20,10786313572,23708316737
2008-11-28,2.13,10786313572,23028779373
2008-12-01,2.02,10786313572,21826105143
2008-12-02,2.06,10786313572,22214412575
2008-12-03,2.26,10786313572,24382461336
2008-12-04,2.37,10786313572,25520417232
2008-12-05,2.41,10786313572,26027375801
2008-12-08,2.57,10786313572,27726217926
2008-12-09,2.56,10786313572,27639928528
2008-12-10,2.48,10786313572,26803988095
2008-12-11,2.41,10786313572,26021980464
2008-12-12,2.56,10786313572,27639928528
2008-12-15,2.44,10786313572,26345572134
2008-12-16,2.63,10786313572,28384184226
2008-12-17,2.66,10786313572,28680806924
2008-12-18,2.60,10786313572,28087561529
2008-12-19,2.58,10786313572,27807117129
2008-12-22,2.49,10786313572,26879494532
2008-12-23,2.55,10786313572,27548243793
2008-12-24,2.57,10786313572,27742398795
2008-12-26,2.59,10786313572,27925765694
2008-12-29,2.47,10786313572,26642194831
2008-12-30,2.54,10786313572,27375664998
2008-12-31,2.56,10786313572,27656106826
2009-01-02,2.72,10786313572,29317199589
2009-01-05,2.70,10786313572,29155406326
2009-01-06,2.87,10786313572,30935147654
2009-01-07,2.81,10786313572,30309540520
2009-01-08,2.86,10786313572,30827284621
2009-01-09,2.78,10786313572,29937413957
2009-01-12,2.60,10786313572,28001269560
2009-01-13,2.57,10786313572,27747791561
2009-01-14,2.42,10786313572,26151417132
2009-01-15,2.57,10786313572,27742398795
2009-01-16,2.58,10786313572,27823295427
2009-01-20,2.42,10786313572,26124450731
2009-01-21,2.53,10786313572,27257013862
2009-01-22,2.50,10786313572,26933424763
2009-01-23,2.53,10786313572,27305553898
2009-01-26,2.48,10786313572,26766236162
2009-01-27,2.42,10786313572,26124450731
2009-01-28,2.52,10786313572,27159936360
2009-01-29,2.50,10786313572,26965783930
2009-01-30,2.94,10786313572,31722548051
2009-02-02,3.06,10786313572,32979152512
2009-02-03,3.18,10786313572,34295085113
2009-02-04,3.05,10786313572,32930615047
2009-02-05,3.16,10786313572,34073963710
2009-02-06,3.33,10786313572,35891459542
2009-02-09,3.34,10786313572,35977748940
2009-02-10,3.17,10786313572,34144074810
2009-02-11,3.22,10786313572,34704963609
2009-02-12,3.20,10786313572,34494630309
2009-02-13,3.16,10786313572,34117110980
2009-02-17,3.08,10786313572,33259596912
2009-02-18,3.12,10786313572,33626333281
2009-02-19,3.10,10786313572,33410607215
2009-02-20,3.19,10786313572,34440700079
2009-02-23,3.09,10786313572,33281170547
2009-02-24,3.28,10786313572,35379108208
2009-02-25,3.19,10786313572,34359800876
2009-02-26,3.12,10786313572,33620940515
2009-02-27,3.24,10786313572,34942263310
2009-03-02,3.10,10786313572,33432178279
2009-03-03,3.09,10786313572,33275777781
2009-03-04,3.24,10786313572,34953048842
2009-03-05,3.24,10786313572,34931477778
2009-03-06,3.08,10786313572,33270385015
2009-03-09,3.02,10786313572,32623204246
2009-03-10,3.29,10786313572,35438433776
2009-03-11,3.43,10786313572,36964697105
2009-03-12,3.48,10786313572,37525585905
2009-03-13,3.43,10786313572,37013234570
2009-03-16,3.35,10786313572,36123363906
2009-03-17,3.57,10786313572,38480174903
2009-03-18,3.56,10786313572,38426242100
2009-03-19,3.51,10786313572,37806030304
2009-03-20,3.50,10786313572,37730523867
2009-03-23,3.78,10786313572,40761479462
2009-03-24,3.64,10786313572,39267575300
2009-03-25,3.62,10786313572,39046453896
2009-03-26,3.68,10786313572,39742172130
2009-03-27,3.53,10786313572,38032541902
2009-03-30,3.57,10786313572,38528712367
2009-03-31,3.67,10786313572,39607342696
2009-04-01,3.67,10786313572,39639701863
2009-04-02,3.82,10786313572,41171357958
2009-04-03,3.91,10786313572,42158306123
2009-04-06,3.90,10786313572,42061228622
2009-04-07,3.78,10786313572,40723727529
2009-04-08,3.85,10786313572,41516520692
2009-04-09,3.99,10786313572,43021212957
2009-04-13,3.95,10786313572,42573579957
2009-04-14,3.86,10786313572,41645957360
2009-04-15,3.74,10786313572,40292275397
2009-04-16,3.86,10786313572,41662135658
2009-04-17,3.90,10786313572,42093587789
2009-04-20,3.88,10786313572,41834717024
2009-04-21,3.94,10786313572,42465716924
2009-04-22,3.96,10786313572,42713802157
2009-04-23,4.03,10786313572,43474236152
2009-04-24,4.22,10786313572,45550602749
2009-04-27,4.16,10786313572,44827920687
2009-04-28,4.12,10786313572,44439610682
2009-04-29,3.99,10786313572,43031998489
2009-04-30,4.03,10786313572,43425698688
2009-05-01,3.95,10786313572,42584365488
2009-05-04,3.99,10786313572,43021212957
2009-05-05,4.09,10786313572,44169951814
2009-05-06,4.10,10786313572,44218494422
2009-05-07,3.96,10786313572,42756946855
2009-05-08,3.90,10786313572,42039657558
2009-05-11,3.93,10786313572,42395605824
2009-05-12,3.90,10786313572,42028872027
2009-05-13,3.71,10786313572,40011830998
2009-05-14,3.76,10786313572,40508001463
2009-05-15,3.68,10786313572,39693634665
2009-05-18,3.80,10786313572,40961024658
2009-05-19,3.89,10786313572,41996512860
2009-05-20,3.90,10786313572,42050443090
2009-05-21,3.80,10786313572,40966419996
2009-05-22,3.78,10786313572,40793838629
2009-05-26,3.92,10786313572,42276957259
2009-05-27,3.86,10786313572,41581239026
2009-05-28,3.88,10786313572,41877861723
2009-05-29,3.90,10786313572,42061228622
2009-06-01,4.15,10786313572,44790168754
2009-06-02,4.25,10786313572,45804080748
2009-06-03,4.28,10786313572,46208566478
2009-06-04,4.28,10786313572,46122277081
2009-06-05,4.38,10786313572,47222478473
2009-06-08,4.32,10786313572,46575300276
2009-06-09,4.35,10786313572,46963610280
2009-06-10,4.33,10786313572,46699346750
2009-06-11,4.28,10786313572,46213961816
2009-06-12,4.20,10786313572,45345662216
2009-06-15,4.16,10786313572,44860277282
2009-06-16,4.11,10786313572,44304783820
2009-06-17,4.13,10786313572,44574442688
2009-06-18,4.08,10786313572,44008158551
2009-06-19,4.15,10786313572,44741626146
2009-06-22,3.96,10786313572,42686835755
2009-06-23,3.88,10786313572,41894042593
2009-06-24,3.96,10786313572,42751554090
2009-06-25,4.11,10786313572,44331750221
2009-06-26,4.19,10786313572,45237796611
2009-06-29,4.15,10786313572,44779383222
2009-06-30,4.18,10786313572,45119150618
2009-07-01,4.08,10786313572,44008158551
2009-07-02,3.97,10786313572,42778520491
2009-07-06,3.90,10786313572,42120554190
2009-07-07,3.78,10786313572,40788445863
2009-07-08,3.87,10786313572,41721461226
2009-07-09,3.90,10786313572,42120554190
2009-07-10,3.88,10786313572,41867076191
2009-07-13,4.07,10786313572,43938050023
2009-07-14,4.10,10786313572,44196918215
2009-07-15,4.23,10786313572,45599140214
2009-07-16,4.31,10786313572,46440473413
2009-07-17,4.29,10786313572,46300251214
2009-07-20,4.41,10786313572,47583822076
2009-07-21,4.45,10786313572,48004488676
2009-07-22,4.44,10786313572,47885837539
2009-07-23,4.69,10786313572,50625563203
2009-07-24,4.32,10786313572,46645413947
2009-07-27,4.21,10786313572,45431951613
2009-07-28,4.25,10786313572,45831047149
2009-07-29,4.22,10786313572,45485884415
2009-07-30,4.30,10786313572,46429687882
2009-07-31,4.29,10786313572,46251713749
2009-08-03,4.37,10786313572,47157765282
2009-08-04,4.29,10786313572,46273284812
2009-08-05,4.21,10786313572,45458918014
2009-08-06,4.22,10786313572,45555992944
2009-08-07,4.27,10786313572,46014411476
2009-08-10,4.22,10786313572,45539817218
2009-08-11,4.18,10786313572,45065217816
2009-08-12,4.30,10786313572,46359574210
2009-08-13,4.23,10786313572,45626106615
2009-08-14,4.18,10786313572,45076003348
2009-08-17,4.05,10786313572,43716928619
2009-08-18,4.11,10786313572,44288602951
2009-08-19,4.15,10786313572,44763202352
2009-08-20,4.20,10786313572,45351057553
2009-08-21,4.25,10786313572,45841832681
2009-08-24,4.22,10786313572,45572173813
2009-08-25,4.21,10786313572,45404985212
2009-08-26,4.20,10786313572,45302514945
2009-08-27,4.22,10786313572,45469703546
2009-08-28,4.14,10786313572,44633765684
2009-08-31,4.06,10786313572,43787042291
2009-09-01,3.96,10786313572,42692228521
2009-09-02,3.91,10786313572,42142127825
2009-09-03,3.92,10786313572,42314709192
2009-09-04,3.94,10786313572,42535828024
2009-09-08,4.05,10786313572,43630639222
2009-09-09,4.11,10786313572,44353321285
2009-09-10,4.19,10786313572,45221620885
2009-09-11,4.23,10786313572,45593750020
2009-09-14,4.19,10786313572,45227011079
2009-09-15,4.18,10786313572,45059822478
2009-09-16,4.53,10786313572,48915930403
2009-09-17,4.52,10786313572,48775708203
2009-09-18,4.51,10786313572,48689418806
2009-09-21,4.53,10786313572,48840426537
2009-09-22,4.69,10786313572,50560844869
2009-09-23,4.62,10786313572,49821981936
2009-09-24,4.61,10786313572,49676369542
2009-09-25,4.53,10786313572,48818855474
2009-09-28,4.61,10786313572,49730297201
2009-09-29,4.59,10786313572,49466033671
2009-09-30,4.67,10786313572,50350514141
2009-10-01,4.55,10786313572,49099299874
2009-10-02,4.49,10786313572,48457511871
2009-10-05,4.43,10786313572,47821119205
2009-10-06,4.55,10786313572,49029186202
2009-10-07,4.70,10786313572,50679496005
2009-10-08,4.76,10786313572,51353640603
2009-10-09,4.79,10786313572,51617904134
2009-10-12,4.68,10786313572,50479945665
2009-10-13,4.74,10786313572,51143304732
2009-10-14,4.87,10786313572,52561707600
2009-10-15,4.80,10786313572,51779697397
2009-10-16,4.77,10786313572,51407568262
2009-10-19,4.73,10786313572,51062410672
2009-10-20,4.75,10786313572,51224203935
2009-10-21,4.67,10786313572,50382870736
2009-10-22,4.67,10786313572,50399051605
2009-10-23,5.92,10786313572,63903514634
2009-10-26,6.23,10786313572,67220304823
2009-10-27,6.10,10786313572,65834263693
2009-10-28,6.08,10786313572,65602356758
2009-10-29,6.13,10786313572,66109317899
2009-10-30,5.94,10786313572,64076093429
2009-11-02,5.94,10786313572,64092274298
2009-11-03,5.92,10786313572,63838796300
2009-11-04,5.86,10786313572,63153866170
2009-11-05,6.03,10786313572,65046863296
2009-11-06,6.31,10786313572,68061638022
2009-11-09,6.33,10786313572,68315116021
2009-11-10,6.51,10786313572,70191937421
2009-11-11,6.50,10786313572,70062500753
2009-11-12,6.53,10786313572,70396877955
2009-11-13,6.65,10786313572,71712805413
2009-11-16,6.58,10786313572,70968552287
2009-11-17,6.56,10786313572,70785182816
2009-11-18,6.56,10786313572,70806753880
2009-11-19,6.45,10786313572,69566330288
2009-11-20,6.48,10786313572,69927668748
2009-11-23,6.65,10786313572,71728986282
2009-11-24,6.65,10786313572,71696624544
2009-11-25,6.70,10786313572,72284479744
2009-11-27,6.59,10786313572,71049446347
2009-11-30,6.80,10786313572,73298391739
2009-12-01,6.93,10786313572,74695223543
2009-12-02,7.11,10786313572,76717657338
2009-12-03,7.06,10786313572,76135192332
2009-12-04,6.88,10786313572,74199053078
2009-12-07,6.71,10786313572,72381554674
2009-12-08,6.71,10786313572,72327627015
2009-12-09,6.57,10786313572,70817539412
2009-12-10,6.77,10786313572,73012557145
2009-12-11,6.71,10786313572,72349198078
2009-12-14,6.57,10786313572,70855291345
2009-12-15,6.51,10786313572,70235079549
2009-12-16,6.42,10786313572,69226562892
2009-12-17,6.35,10786313572,68444552689
2009-12-18,6.42,10786313572,69291276082
2009-12-21,6.64,10786313572,71615730484
2009-12-22,6.69,10786313572,72133472013
2009-12-23,6.95,10786313572,74932520673
2009-12-24,6.92,10786313572,74679042674
2009-12-28,6.97,10786313572,75132065869
2009-12-29,6.97,10786313572,75185998671
2009-12-30,6.82,10786313572,73611197877
2009-12-31,6.73,10786313572,72548743275
2010-01-04,6.70,10786313572,72214371216
2010-01-05,6.73,10786313572,72640428010
2010-01-06,6.61,10786313572,71324500552
2010-01-07,6.50,10786313572,70111038218
2010-01-08,6.68,10786313572,72009430682
2010-01-11,6.52,10786313572,70278226819
2010-01-12,6.37,10786313572,68681849818
2010-01-13,6.46,10786313572,69631048622
2010-01-14,6.37,10786313572,68681849818
2010-01-15,6.36,10786313572,68568594019
2010-01-19,6.38,10786313572,68822072018
2010-01-20,6.29,10786313572,67835126425
2010-01-21,6.33,10786313572,68288149620
2010-01-22,6.07,10786313572,65489100960
2010-01-25,6.02,10786313572,64885070033
2010-01-26,5.97,10786313572,64437437032
2010-01-27,6.14,10786313572,66200997491
2010-01-28,6.30,10786313572,67969953287
2010-01-29,6.27,10786313572,67635581228
2010-02-01,5.94,10786313572,64108455168
2010-02-02,5.91,10786313572,63703969438
2010-02-03,5.95,10786313572,64232496498
2010-02-04,5.80,10786313572,62528259036
2010-02-05,5.87,10786313572,63310269239
2010-02-08,5.84,10786313572,63008248632
2010-02-09,5.90,10786313572,63655431973
2010-02-10,5.87,10786313572,63294088370
2010-02-11,6.00,10786313572,64766418897
2010-02-12,5.98,10786313572,64534511962
2010-02-16,5.88,10786313572,63385773105
2010-02-17,5.82,10786313572,62727804233
2010-02-18,5.90,10786313572,63682393231
2010-02-19,5.88,10786313572,63380377767
2010-02-22,5.90,10786313572,63644641298
2010-02-23,5.86,10786313572,63229370036
2010-02-24,5.99,10786313572,64566873700
2010-02-25,5.91,10786313572,63747111565
2010-02-26,5.92,10786313572,63854977169
2010-03-01,6.23,10786313572,67166377164
2010-03-02,6.28,10786313572,67700299562
2010-03-03,6.29,10786313572,67894449421
2010-03-04,6.43,10786313572,69318242483
2010-03-05,6.45,10786313572,69523183017
2010-03-08,6.51,10786313572,70170361214
2010-03-09,6.44,10786313572,69474645553
2010-03-10,6.53,10786313572,70386087280
2010-03-11,6.68,10786313572,72041787278
2010-03-12,6.59,10786313572,71092593617
2010-03-15,6.56,10786313572,70720464482
2010-03-16,6.59,10786313572,71076412748
2010-03-17,6.57,10786313572,70833720281
2010-03-18,6.64,10786313572,71599549614
2010-03-19,6.52,10786313572,70299797883
2010-03-22,6.52,10786313572,70364516217
2010-03-23,6.46,10786313572,69711942682
2010-03-24,6.40,10786313572,69053978953
2010-03-25,6.74,10786313572,72661999074
2010-03-26,6.75,10786313572,72839973206
2010-03-29,6.76,10786313572,72872334945
2010-03-30,6.83,10786313572,73659735342
2010-03-31,6.79,10786313572,73222887873
2010-04-01,6.59,10786313572,71087198280
2010-04-05,6.57,10786313572,70914619484
2010-04-06,6.78,10786313572,73109632074
2010-04-07,6.74,10786313572,72737508083
2010-04-08,7.05,10786313572,76021936533
2010-04-09,7.00,10786313572,75536551599
2010-04-12,7.06,10786313572,76151373201
2010-04-13,7.01,10786313572,75590484402
2010-04-14,7.21,10786313572,77812468536
2010-04-15,7.29,10786313572,78643011060
2010-04-16,7.11,10786313572,76674510068
2010-04-19,7.12,10786313572,76814732268
2010-04-20,7.21,10786313572,77769321266
2010-04-21,7.32,10786313572,78971992925
2010-04-22,7.50,10786313572,80945889255
2010-04-23,7.18,10786313572,77461910465
2010-04-26,7.36,10786313572,79338731865
2010-04-27,7.10,10786313572,76593610864
2010-04-28,6.97,10786313572,75153642076
2010-04-29,7.09,10786313572,76437212938
2010-04-30,6.86,10786313572,73940179742
2010-05-03,6.87,10786313572,74150510470
2010-05-04,6.49,10786313572,70019353483
2010-05-05,6.55,10786313572,70612604021
2010-05-06,6.44,10786313572,69415322556
2010-05-07,6.25,10786313572,67403674293
2010-05-10,6.56,10786313572,70806753880
2010-05-11,6.52,10786313572,70359120879
2010-05-12,6.69,10786313572,72198190347
2010-05-13,6.57,10786313572,70903833953
2010-05-14,6.43,10786313572,69318242483
2010-05-17,6.45,10786313572,69523183017
2010-05-18,6.31,10786313572,68104785293
2010-05-19,6.23,10786313572,67193338422
2010-05-20,5.99,10786313572,64561478363
2010-05-21,6.14,10786313572,66184821765
2010-05-24,6.11,10786313572,65861230095
2010-05-25,6.24,10786313572,67338955959
2010-05-26,6.16,10786313572,66449085295
2010-05-27,6.34,10786313572,68331296890
2010-05-28,6.27,10786313572,67662542486
2010-06-01,6.16,10786313572,66465266165
2010-06-02,6.32,10786313572,68120961019
2010-06-03,6.44,10786313572,69442288957
2010-06-04,6.14,10786313572,66211788166
2010-06-07,6.10,10786313572,65801907098
2010-06-08,5.94,10786313572,64092274298
2010-06-09,5.90,10786313572,63590713639
2010-06-10,6.16,10786313572,66449085295
2010-06-11,6.15,10786313572,66352010366
2010-06-14,6.19,10786313572,66783462497
2010-06-15,6.34,10786313572,68406800756
2010-06-16,6.34,10786313572,68439157351
2010-06-17,6.29,10786313572,67894449421
2010-06-18,6.29,10786313572,67862092826
2010-06-21,6.13,10786313572,66093137030
2010-06-22,6.12,10786313572,65963700362
2010-06-23,6.07,10786313572,65499891635
2010-06-24,5.92,10786313572,63817225236
2010-06-25,6.05,10786313572,65257199168
2010-06-28,5.89,10786313572,63531385499
2010-06-29,5.43,10786313572,58575076182
2010-06-30,5.46,10786313572,58925629110
2010-07-01,5.55,10786313572,59842466175
2010-07-02,5.46,10786313572,58860910776
2010-07-06,5.50,10786313572,59357081241
2010-07-07,5.67,10786313572,61174579646
2010-07-08,5.81,10786313572,62679266768
2010-07-09,5.86,10786313572,63240155567
2010-07-12,5.98,10786313572,64453617902
2010-07-13,6.18,10786313572,66686382424
2010-07-14,6.16,10786313572,66497622760
2010-07-15,6.10,10786313572,65828873499
2010-07-16,5.92,10786313572,63903514634
2010-07-19,6.00,10786313572,64685524837
2010-07-20,6.01,10786313572,64771814234
2010-07-21,5.87,10786313572,63331840303
2010-07-22,6.00,10786313572,64755633365
2010-07-23,5.94,10786313572,64108455168
2010-07-26,5.92,10786313572,63854977169
2010-07-27,5.86,10786313572,63170047039
2010-07-28,5.86,10786313572,63170047039
2010-07-29,5.84,10786313572,63024429502
2010-07-30,5.89,10786313572,63579922964
2010-08-02,6.00,10786313572,64755633365
2010-08-03,6.12,10786313572,66023023358
2010-08-04,6.38,10786313572,68805896292
2010-08-05,6.39,10786313572,68940723154
2010-08-06,6.42,10786313572,69204986685
2010-08-09,6.44,10786313572,69480040890
2010-08-10,6.50,10786313572,70111038218
2010-08-11,6.29,10786313572,67894449421
2010-08-12,6.33,10786313572,68255793024
2010-08-13,6.23,10786313572,67247271224
2010-08-16,6.30,10786313572,67991529494
2010-08-17,6.44,10786313572,69496216616
2010-08-18,6.48,10786313572,69922278553
2010-08-19,6.38,10786313572,68800500954
2010-08-20,6.39,10786313572,68902971221
2010-08-23,6.33,10786313572,68277364088
2010-08-24,6.23,10786313572,67160981826
2010-08-25,6.34,10786313572,68412196093
2010-08-26,6.24,10786313572,67338955959
2010-08-27,6.33,10786313572,68298935151
2010-08-30,6.19,10786313572,66761886290
2010-08-31,6.24,10786313572,67322775090
2010-09-01,6.62,10786313572,71453932077
2010-09-02,6.76,10786313572,72920872410
2010-09-03,6.94,10786313572,74851621469
2010-09-07,6.86,10786313572,74004898076
2010-09-08,6.96,10786313572,75040381134
2010-09-09,7.02,10786313572,75709135538
2010-09-10,7.12,10786313572,76820127605
2010-09-13,7.25,10786313572,78238525330
2010-09-14,7.29,10786313572,78605259127
2010-09-15,7.27,10786313572,78443465864
2010-09-16,7.41,10786313572,79888829990
2010-09-17,7.42,10786313572,79991300257
2010-09-20,7.57,10786313572,81598462789
2010-09-21,7.54,10786313572,81291051988
2010-09-22,7.59,10786313572,81884297383
2010-09-23,7.64,10786313572,82434400651
2010-09-24,8.04,10786313572,86684208774
2010-09-27,7.97,10786313572,85950741180
2010-09-28,7.99,10786313572,86128715313
2010-09-29,7.95,10786313572,85745800646
2010-09-30,7.85,10786313572,84704922250
2010-10-01,7.69,10786313572,82898214521
2010-10-04,7.77,10786313572,83804260911
2010-10-05,8.04,10786313572,86759712640
2010-10-06,7.77,10786313572,83809656249
2010-10-07,7.81,10786313572,84278860313
2010-10-08,7.78,10786313572,83890555452
2010-10-11,7.65,10786313572,82531480724
2010-10-12,7.82,10786313572,84392116112
2010-10-13,7.76,10786313572,83685614918
2010-10-14,7.78,10786313572,83879769920
2010-10-15,8.23,10786313572,88792937110
2010-10-18,8.18,10786313572,88210477247
2010-10-19,7.93,10786313572,85573216707
2010-10-20,7.93,10786313572,85573216707
2010-10-21,8.25,10786313572,88970906100
2010-10-22,8.46,10786313572,91214461298
2010-10-25,8.45,10786313572,91144347626
2010-10-26,8.50,10786313572,91656704104
2010-10-27,8.38,10786313572,90340766360
2010-10-28,8.34,10786313572,89979427900
2010-10-29,8.26,10786313572,89111133443
2010-11-01,8.13,10786313572,87681939900
2010-11-02,8.23,10786313572,88776756241
2010-11-03,8.42,10786313572,90858513032
2010-11-04,8.45,10786313572,91106595693
2010-11-05,8.54,10786313572,92098936624
2010-11-08,8.60,10786313572,92756900353
2010-11-09,8.51,10786313572,91829282899
2010-11-10,8.67,10786313572,93479587559
2010-11-11,8.52,10786313572,91883215702
2010-11-12,8.28,10786313572,89353825910
2010-11-15,7.95,10786313572,85697263181
2010-11-16,7.89,10786313572,85093227111
2010-11-17,7.92,10786313572,85400637912
2010-11-18,8.21,10786313572,88539453968
2010-11-19,8.24,10786313572,88890012040
2010-11-22,8.52,10786313572,91893996090
2010-11-23,8.41,10786313572,90712895495
2010-11-24,8.86,10786313572,95593706089
2010-11-26,8.86,10786313572,95566734545
2010-11-29,8.97,10786313572,96801767942
2010-11-30,8.77,10786313572,94595974964
2010-12-01,8.83,10786313572,95216186760
2010-12-02,8.83,10786313572,95205396085
2010-12-03,8.78,10786313572,94746982696
2010-12-06,8.90,10786313572,96025158221
2010-12-07,8.84,10786313572,95334832753
2010-12-08,8.81,10786313572,95075959417
2010-12-09,8.74,10786313572,94299349695
2010-12-10,8.78,10786313572,94714620957
2010-12-13,8.71,10786313572,93975752881
2010-12-14,8.70,10786313572,93808564280
2010-12-15,8.78,10786313572,94687649413
2010-12-16,8.90,10786313572,96019768026
2010-12-17,8.88,10786313572,95771675079
2010-12-20,9.16,10786313572,98851173282
2010-12-21,9.24,10786313572,99638573679
2010-12-22,9.24,10786313572,99643963873
2010-12-23,9.13,10786313572,98473653953
2010-12-27,9.11,10786313572,98230961486
2010-12-28,9.05,10786313572,97664672205
2010-12-29,9.17,10786313572,98894315409
2010-12-30,9.14,10786313572,98559938207
2010-12-31,9.00,10786313572,97076822148
2011-01-03,9.21,10786313572,99352739085
2011-01-04,9.25,10786313572,99778790735
2011-01-05,9.37,10786313572,101078547610
2011-01-06,9.29,10786313572,100237214411
2011-01-07,9.27,10786313572,100037664071
2011-01-10,9.23,10786313572,99600821746
2011-01-11,9.22,10786313572,99417452275
2011-01-12,9.20,10786313572,99277235219
2011-01-13,9.28,10786313572,100059235135
2011-01-14,9.44,10786313572,101795834336
2011-01-18,9.56,10786313572,103144123532
2011-01-19,9.34,10786313572,100781922341
2011-01-20,9.10,10786313572,98133876270
2011-01-21,8.87,10786313572,95685390824
2011-01-24,8.84,10786313572,95377974880
2011-01-25,8.84,10786313572,95297080820
2011-01-26,8.77,10786313572,94590574483
2011-01-27,9.22,10786313572,99476775272
2011-01-28,8.56,10786313572,92298486964
2011-01-31,8.48,10786313572,91489515503
2011-02-01,8.61,10786313572,92821623830
2011-02-02,8.68,10786313572,93587453164
2011-02-03,8.69,10786313572,93684528093
2011-02-04,8.80,10786313572,94881809558
2011-02-07,8.82,10786313572,95151463283
2011-02-08,9.15,10786313572,98727126808
2011-02-09,9.27,10786313572,99935198948
2011-02-10,9.31,10786313572,100425974076
2011-02-11,9.46,10786313572,102065488060
2011-02-14,9.52,10786313572,102696490531
2011-02-15,9.45,10786313572,101946842067
2011-02-16,9.33,10786313572,100647095479
2011-02-17,9.39,10786313572,101261906794
2011-02-18,9.32,10786313572,100582372002
2011-02-22,9.02,10786313572,97303333745
2011-02-23,8.83,10786313572,95286290145
2011-02-24,8.89,10786313572,95863359814
2011-02-25,8.86,10786313572,95588315895
2011-02-28,8.66,10786313572,93458016496
2011-03-01,8.47,10786313572,91381649899
2011-03-02,8.60,10786313572,92773081222
2011-03-03,8.64,10786313572,93188352484
2011-03-04,8.58,10786313572,92584321558
2011-03-07,8.45,10786313572,91187500040
2011-03-08,8.34,10786313572,90006389158
2011-03-09,8.45,10786313572,91171319171
2011-03-10,8.31,10786313572,89601908571
2011-03-11,8.40,10786313572,90642781823
2011-03-14,8.34,10786313572,89920104903
2011-03-15,8.25,10786313572,89030229096
2011-03-16,8.23,10786313572,88825288562
2011-03-17,8.05,10786313572,86813645443
2011-03-18,8.09,10786313572,87272058832
2011-03-21,8.23,10786313572,88728213633
2011-03-22,8.13,10786313572,87692730575
2011-03-23,8.27,10786313572,89159665764
2011-03-24,8.56,10786313572,92276915900
2011-03-25,8.55,10786313572,92212192423
2011-03-28,8.47,10786313572,91333107291
2011-03-29,8.73,10786313572,94175303221
2011-03-30,8.97,10786313572,96764016010
2011-03-31,9.01,10786313572,97146935820
2011-04-01,9.01,10786313572,97146935820
2011-04-04,9.15,10786313572,98662413617
2011-04-05,9.26,10786313572,99929798467
2011-04-06,9.14,10786313572,98565328401
2011-04-07,9.25,10786313572,99724857933
2011-04-08,9.24,10786313572,99617002615
2011-04-11,9.20,10786313572,99255653869
2011-04-12,9.02,10786313572,97335695484
2011-04-13,9.11,10786313572,98311855546
2011-04-14,9.09,10786313572,98058372404
2011-04-15,9.00,10786313572,97082212342
2011-04-18,8.92,10786313572,96181556146
2011-04-19,8.94,10786313572,96440429483
2011-04-20,9.19,10786313572,99163969133
2011-04-21,9.29,10786313572,100253395280
2011-04-25,9.27,10786313572,99999912138
2011-04-26,9.11,10786313572,98317245740
2011-04-27,9.83,10786313572,106045642459
2011-04-28,9.75,10786313572,105204309260
2011-04-29,9.79,10786313572,105603399653
2011-05-02,10.06,10786313572,108504918580
2011-05-03,9.92,10786313572,107027192715
2011-05-04,10.00,10786313572,107846954851
2011-05-05,9.86,10786313572,106304515795
2011-05-06,9.88,10786313572,106568779326
2011-05-09,10.04,10786313572,108294587851
2011-05-10,10.20,10786313572,109988034638
2011-05-11,10.22,10786313572,110225336911
2011-05-12,10.30,10786313572,111136783782
2011-05-13,10.13,10786313572,109243786655
2011-05-16,9.63,10786313572,103823658325
2011-05-17,9.74,10786313572,105064092203
2011-05-18,9.85,10786313572,106293725120
2011-05-19,9.94,10786313572,107215952380
2011-05-20,9.93,10786313572,107135058319
2011-05-23,9.81,10786313572,105824521056
2011-05-24,9.66,10786313572,104233539393
2011-05-25,9.61,10786313572,103688831462
2011-05-26,9.75,10786313572,105166557327
2011-05-27,9.71,10786313572,104697353263
2011-05-31,9.83,10786313572,106078004198
2011-06-01,9.62,10786313572,103764335328
2011-06-02,9.68,10786313572,104438479926
2011-06-03,9.42,10786313572,101563932544
2011-06-06,9.28,10786313572,100145529676
2011-06-07,9.38,10786313572,101148650995
2011-06-08,9.40,10786313572,101418315007
2011-06-09,9.48,10786313572,102297400139
2011-06-10,9.33,10786313572,100598552871
2011-06-13,9.31,10786313572,100469116203
2011-06-14,9.50,10786313572,102448407870
2011-06-15,9.30,10786313572,100301927602
2011-06-16,9.18,10786313572,99045323140
2011-06-17,9.32,10786313572,100512258330
2011-06-20,9.39,10786313572,101240335730
2011-06-21,9.71,10786313572,104751286065
2011-06-22,9.58,10786313572,103349064066
2011-06-23,9.71,10786313572,104713534132
2011-06-24,9.63,10786313572,103845229388
2011-06-27,10.06,10786313572,108537280318
2011-06-28,10.12,10786313572,109130530856
2011-06-29,10.21,10786313572,110117471306
2011-06-30,10.22,10786313572,110284659907
2011-07-01,10.47,10786313572,112981238300
2011-07-05,10.66,10786313572,114976710837
2011-07-06,10.71,10786313572,115516028573
2011-07-07,10.84,10786313572,116891279028
2011-07-08,10.91,10786313572,117721821552
2011-07-11,10.63,10786313572,114631542960
2011-07-12,10.56,10786313572,113919646429
2011-07-13,10.68,10786313572,115143899438
2011-07-14,10.52,10786313572,113461233040
2011-07-15,10.64,10786313572,114804132042
2011-07-18,10.58,10786313572,114081444836
2011-07-19,10.90,10786313572,117603175559
2011-07-20,10.78,10786313572,116249496168
2011-07-21,10.66,10786313572,114987491226
2011-07-22,10.83,10786313572,116772633035
2011-07-25,10.67,10786313572,115138509244
2011-07-26,10.71,10786313572,115510628092
2011-07-27,11.13,10786313572,120008529164
2011-07-28,11.19,10786313572,120752777147
2011-07-29,11.13,10786313572,120008529164
2011-08-01,11.07,10786313572,119361345823
2011-08-02,10.59,10786313572,114173129571
2011-08-03,10.50,10786313572,113234721442
2011-08-04,10.07,10786313572,108661326792
2011-08-05,10.14,10786313572,109319290521
2011-08-08,9.69,10786313572,104465451471
2011-08-09,10.25,10786313572,110608256721
2011-08-10,9.71,10786313572,104697353263
2011-08-11,9.92,10786313572,106978660394
2011-08-12,10.11,10786313572,109103559312
2011-08-15,10.15,10786313572,109454117383
2011-08-16,9.88,10786313572,106611921453
2011-08-17,9.80,10786313572,105668123130
2011-08-18,9.13,10786313572,98435902020
2011-08-19,8.95,10786313572,96499752479
2011-08-22,8.88,10786313572,95750104015
2011-08-23,9.68,10786313572,104384547124
2011-08-24,9.69,10786313572,104481622054
2011-08-25,9.60,10786313572,103564784989
2011-08-26,9.96,10786313572,107469435522
2011-08-29,10.33,10786313572,111384866443
2011-08-30,10.55,10786313572,113752457828
2011-08-31,10.76,10786313572,116076917373
2011-09-01,10.63,10786313572,114626152766
2011-09-02,10.50,10786313572,113256292506
2011-09-06,10.81,10786313572,116589263564
2011-09-07,10.99,10786313572,118595516490
2011-09-08,10.86,10786313572,117171723427
2011-09-09,10.57,10786313572,114005940970
2011-09-12,10.83,10786313572,116794204098
2011-09-13,10.98,10786313572,118395966150
2011-09-14,11.13,10786313572,120035490421
2011-09-15,11.34,10786313572,122306006877
2011-09-16,11.97,10786313572,129058243535
2011-09-19,12.08,10786313572,130347209735
2011-09-20,11.66,10786313572,125795386148
2011-09-21,11.59,10786313572,125051127878
2011-09-22,11.16,10786313572,120391438687
2011-09-23,11.18,10786313572,120596379221
2011-09-26,11.49,10786313572,123961712018
2011-09-27,11.21,10786313572,120919965748
2011-09-28,11.49,10786313572,123886208152
2011-09-29,11.12,10786313572,119965376750
2011-09-30,10.81,10786313572,116616224822
2011-10-03,10.60,10786313572,114324137303
2011-10-04,10.63,10786313572,114604581703
2011-10-05,10.98,10786313572,118379795567
2011-10-06,11.08,10786313572,119463810947
2011-10-07,11.24,10786313572,121205810628
2011-10-10,11.57,10786313572,124754502609
2011-10-11,11.77,10786313572,126998057807
2011-10-12,11.84,10786313572,127715344533
2011-10-13,11.81,10786313572,127359396267
2011-10-14,12.34,10786313572,133054568516
2011-10-17,12.12,10786313572,130692367325
2011-10-18,12.19,10786313572,131528310330
2011-10-19,11.58,10786313572,124867758408
2011-10-20,11.68,10786313572,125989536007
2011-10-21,11.74,10786313572,126620538478
2011-10-24,11.88,10786313572,128146796664
2011-10-25,11.36,10786313572,122505557217
2011-10-26,9.92,10786313572,107000231457
2011-10-27,10.34,10786313572,111519693305
2011-10-28,10.87,10786313572,117204085166
2011-10-31,10.68,10786313572,115149289633
2011-11-01,10.60,10786313572,114388850493
2011-11-02,10.78,10786313572,116287248101
2011-11-03,10.91,10786313572,117727222033
2011-11-04,10.82,10786313572,116751061971
2011-11-07,10.85,10786313572,117031506371
2011-11-08,10.90,10786313572,117565423626
2011-11-09,10.56,10786313572,113914256235
2011-11-10,10.54,10786313572,113682354443
2011-11-11,10.87,10786313572,117241837099
2011-11-14,10.95,10786313572,118072379623
2011-11-15,10.89,10786313572,117479139372
2011-11-16,10.60,10786313572,114329527497
2011-11-17,10.23,10786313572,110300840777
2011-11-18,9.86,10786313572,106320696665
2011-11-21,9.46,10786313572,102065488060
2011-11-22,9.62,10786313572,103731973590
2011-11-23,9.45,10786313572,101925271004
2011-11-25,9.12,10786313572,98371178542
2011-11-28,9.71,10786313572,104708143938
2011-11-29,9.42,10786313572,101601684477
2011-11-30,9.61,10786313572,103705012332
2011-12-01,9.86,10786313572,106315296184
2011-12-02,9.80,10786313572,105722055932
2011-12-05,9.81,10786313572,105835311731
2011-12-06,9.60,10786313572,103543213925
2011-12-07,9.77,10786313572,105339136122
2011-12-08,9.52,10786313572,102728852270
2011-12-09,9.65,10786313572,104104102724
2011-12-12,9.48,10786313572,102211105598
2011-12-13,9.03,10786313572,97351876354
2011-12-14,9.01,10786313572,97190077947
2011-12-15,9.06,10786313572,97756356940
2011-12-16,9.06,10786313572,97756356940
2011-12-19,8.97,10786313572,96715483688
2011-12-20,9.13,10786313572,98435902020
2011-12-21,8.72,10786313572,94029685684
2011-12-22,8.95,10786313572,96553685281
2011-12-23,8.86,10786313572,95609886959
2011-12-27,8.81,10786313572,95065179028
2011-12-28,8.69,10786313572,93781603023
2011-12-29,8.69,10786313572,93765422153
2011-12-30,8.65,10786313572,93355541085
2012-01-03,8.95,10786313572,96553685281
2012-01-04,8.88,10786313572,95733923146
2012-01-05,8.88,10786313572,95787855948
2012-01-06,9.13,10786313572,98484434341
2012-01-09,8.93,10786313572,96300212426
2012-01-10,8.97,10786313572,96720873882
2012-01-11,8.94,10786313572,96483571610
2012-01-12,8.80,10786313572,94881809558
2012-01-13,8.92,10786313572,96224698274
2012-01-17,9.08,10786313572,97972088150
2012-01-18,9.47,10786313572,102167963471
2012-01-19,9.72,10786313572,104869932058
2012-01-20,9.55,10786313572,102971544737
2012-01-23,9.30,10786313572,100361250598
2012-01-24,9.35,10786313572,100852036013
2012-01-25,9.39,10786313572,101283488144
2012-01-26,9.67,10786313572,104260510937
2012-01-27,9.77,10786313572,105366107667
2012-01-30,9.61,10786313572,103629508466
2012-01-31,9.72,10786313572,104864541864
2012-02-01,8.97,10786313572,96785587073
2012-02-02,9.09,10786313572,98004449888
2012-02-03,9.38,10786313572,101218764667
2012-02-06,9.16,10786313572,98770268935
2012-02-07,9.21,10786313572,99336558215
2012-02-08,9.27,10786313572,100032273877
2012-02-09,9.25,10786313572,99762609866
2012-02-10,9.28,10786313572,100064635616
2012-02-13,9.58,10786313572,103327493003
2012-02-14,9.56,10786313572,103171084790
2012-02-15,9.22,10786313572,99487565947
2012-02-16,9.00,10786313572,97039070215
2012-02-17,9.13,10786313572,98425111345
2012-02-21,9.11,10786313572,98295674676
2012-02-22,9.03,10786313572,97389628286
2012-02-23,8.94,10786313572,96478181416
2012-02-24,8.96,10786313572,96607618084
2012-02-27,8.93,10786313572,96284031557
2012-02-28,9.19,10786313572,99126217201
2012-02-29,8.98,10786313572,96909633547
2012-03-01,9.00,10786313572,97098393212
2012-03-02,8.97,10786313572,96699302819
2012-03-05,9.01,10786313572,97217039205
2012-03-06,9.05,10786313572,97664672205
2012-03-07,9.19,10786313572,99110046618
2012-03-08,9.38,10786313572,101197193603
2012-03-09,9.22,10786313572,99406661600
2012-03-12,9.17,10786313572,98905106084
2012-03-13,9.23,10786313572,99552279138
2012-03-14,9.11,10786313572,98295674676
2012-03-15,9.22,10786313572,99465994883
2012-03-16,9.25,10786313572,99800361799
2012-03-19,9.28,10786313572,100053844941
2012-03-20,9.62,10786313572,103726583395
2012-03-21,9.59,10786313572,103402996868
2012-03-22,9.62,10786313572,103764335328
2012-03-23,9.75,10786313572,105188128391
2012-03-26,10.14,10786313572,109410975256
2012-03-27,10.27,10786313572,110797016386
2012-03-28,10.06,10786313572,108488737710
2012-03-29,10.23,10786313572,110349383385
2012-03-30,10.13,10786313572,109216815111
2012-04-02,9.90,10786313572,106811471793
2012-04-03,9.98,10786313572,107679766250
2012-04-04,9.70,10786313572,104621849397
2012-04-05,9.72,10786313572,104837570319
2012-04-09,9.59,10786313572,103478500734
2012-04-10,9.35,10786313572,100841245338
2012-04-11,9.40,10786313572,101375172879
2012-04-12,9.53,10786313572,102842108069
2012-04-13,9.42,10786313572,101639436410
2012-04-16,9.27,10786313572,100043054266
2012-04-17,9.42,10786313572,101601684477
2012-04-18,9.55,10786313572,103047048603
2012-04-19,9.56,10786313572,103063229472
2012-04-20,9.50,10786313572,102459188259
2012-04-23,9.41,10786313572,101520780130
2012-04-24,9.52,10786313572,102647958210
2012-04-25,9.72,10786313572,104853751189
2012-04-26,9.80,10786313572,105700484869
2012-04-27,11.34,10786313572,122343758810
2012-04-30,11.60,10786313572,125067308748
2012-05-01,11.50,10786313572,124064177142
2012-05-02,11.51,10786313572,124177432940
2012-05-03,11.47,10786313572,123745980809
2012-05-04,11.20,10786313572,120801319755
2012-05-07,11.26,10786313572,121432322226
2012-05-08,11.19,10786313572,120752777147
2012-05-09,11.15,10786313572,120256611825
2012-05-10,11.33,10786313572,122257474556
2012-05-11,11.38,10786313572,122791391811
2012-05-14,11.15,10786313572,120229640280
2012-05-15,11.22,10786313572,121017040677
2012-05-16,11.20,10786313572,120839071688
2012-05-17,10.92,10786313572,117764973966
2012-05-18,10.69,10786313572,115332659103
2012-05-21,10.91,10786313572,117630147103
2012-05-22,10.77,10786313572,116130850175
2012-05-23,10.86,10786313572,117182514103
2012-05-24,10.76,10786313572,116082307567
2012-05-25,10.64,10786313572,114814912431
2012-05-29,10.74,10786313572,115818044037
2012-05-30,10.46,10786313572,112841021244
2012-05-31,10.65,10786313572,114825703106
2012-06-01,10.41,10786313572,112296313314
2012-06-04,10.73,10786313572,115720969107
2012-06-05,10.66,10786313572,114987491226
2012-06-06,10.88,10786313572,117376663961
2012-06-07,10.94,10786313572,118002265952
2012-06-08,10.92,10786313572,117829687156
2012-06-11,10.82,10786313572,116761842360
2012-06-12,10.82,10786313572,116718700232
2012-06-13,10.74,10786313572,115807253362
2012-06-14,10.72,10786313572,115656245630
2012-06-15,10.92,10786313572,117759573485
2012-06-18,11.13,10786313572,120084033029
2012-06-19,11.20,10786313572,120822890818
2012-06-20,11.15,10786313572,120278182888
2012-06-21,11.03,10786313572,118956854950
2012-06-22,11.11,10786313572,119814369018
2012-06-25,11.00,10786313572,118687201225
2012-06-26,11.28,10786313572,121675014693
2012-06-27,11.28,10786313572,121680404887
2012-06-28,11.07,10786313572,119355955629
2012-06-29,11.42,10786313572,123152730271
2012-07-02,11.47,10786313572,123675867137
2012-07-03,11.48,10786313572,123789122936
2012-07-05,11.35,10786313572,122457014609
2012-07-06,11.25,10786313572,121372988943
2012-07-09,11.25,10786313572,121372988943
2012-07-10,10.98,10786313572,118379795567
2012-07-11,10.92,10786313572,117770364160
2012-07-12,10.77,10786313572,116147020758
2012-07-13,10.92,10786313572,117781154835
2012-07-16,10.80,10786313572,116497578829
2012-07-17,10.85,10786313572,116993754438
2012-07-18,10.87,10786313572,117284979226
2012-07-19,11.31,10786313572,121977030156
2012-07-20,11.41,10786313572,123120378819
2012-07-23,11.30,10786313572,121890735615
2012-07-24,11.15,10786313572,120288973563
2012-07-25,10.85,10786313572,117058467629
2012-07-26,11.00,10786313572,118654839486
2012-07-27,11.87,10786313572,127990398738
2012-07-30,11.80,10786313572,127327034528
2012-07-31,11.66,10786313572,125822347406
2012-08-01,11.60,10786313572,125169773871
2012-08-02,11.54,10786313572,124479448404
2012-08-03,11.75,10786313572,126723003602
2012-08-06,11.70,10786313572,126194476541
2012-08-07,11.83,10786313572,127580517670
2012-08-08,11.72,10786313572,126404807269
2012-08-09,11.70,10786313572,126232228474
2012-08-10,11.64,10786313572,125525722137
2012-08-13,11.62,10786313572,125358533536
2012-08-14,11.66,10786313572,125763024409
2012-08-15,11.87,10786313572,128044331540
2012-08-16,12.08,10786313572,130271705869
2012-08-17,12.06,10786313572,130066765335
2012-08-20,12.02,10786313572,129624522529
2012-08-21,11.97,10786313572,129139137595
2012-08-22,12.15,10786313572,131107638587
2012-08-23,12.06,10786313572,130082946204
2012-08-24,12.29,10786313572,132531431650
2012-08-27,12.20,10786313572,131549881394
2012-08-28,12.31,10786313572,132730981989
2012-08-29,12.36,10786313572,133275689920
2012-08-30,12.31,10786313572,132790304986
2012-08-31,12.41,10786313572,133895901716
2012-09-04,12.39,10786313572,133685570987
2012-09-05,12.31,10786313572,132790304986
2012-09-06,12.57,10786313572,135573177920
2012-09-07,12.96,10786313572,139758262566
2012-09-10,12.85,10786313572,138652665836
2012-09-11,12.78,10786313572,137886836503
2012-09-12,12.78,10786313572,137865265439
2012-09-13,13.01,10786313572,140351513104
2012-09-14,13.06,10786313572,140907011709
2012-09-17,12.90,10786313572,139143440964
2012-09-18,12.94,10786313572,139547931838
2012-09-19,13.08,10786313572,141128122826
2012-09-20,13.04,10786313572,140658918762
2012-09-21,12.87,10786313572,138857606370
2012-09-24,12.74,10786313572,137417632438
2012-09-25,12.62,10786313572,136155637783
2012-09-26,12.48,10786313572,134650940374
2012-09-27,12.83,10786313572,138383012112
2012-09-28,12.72,10786313572,137158759102
2012-10-01,12.60,10786313572,135912945316
2012-10-02,12.53,10786313572,135152506177
2012-10-03,12.80,10786313572,138021663365
2012-10-04,13.02,10786313572,140475559578
2012-10-05,12.93,10786313572,139418495170
2012-10-08,12.95,10786313572,139715120439
2012-10-09,12.55,10786313572,135346666322
2012-10-10,12.25,10786313572,132126951063
2012-10-11,12.21,10786313572,131711679801
2012-10-12,12.12,10786313572,130708548195
2012-10-15,12.21,10786313572,131690098450
2012-10-16,12.20,10786313572,131560661782
2012-10-17,12.37,10786313572,133475240259
2012-10-18,12.24,10786313572,132051447197
2012-10-19,12.00,10786313572,129435762864
2012-10-22,11.69,10786313572,126081220742
2012-10-23,11.72,10786313572,126367055336
2012-10-24,11.42,10786313572,123228244423
2012-10-25,11.15,10786313572,120224250086
2012-10-26,11.91,10786313572,128486564060
2012-10-31,11.64,10786313572,125601226003
2012-11-01,11.61,10786313572,125196745416
2012-11-02,11.62,10786313572,125347753147
2012-11-05,11.72,10786313572,126377846011
2012-11-06,11.88,10786313572,128119835406
2012-11-07,11.60,10786313572,125153593002
2012-11-08,11.37,10786313572,122613422821
2012-11-09,11.32,10786313572,122052534022
2012-11-12,11.32,10786313572,122138818276
2012-11-13,11.33,10786313572,122208931948
2012-11-14,11.15,10786313572,120240430955
2012-11-15,11.03,10786313572,118973035819
2012-11-16,11.26,10786313572,121470074159
2012-11-19,11.49,10786313572,123886208152
2012-11-20,11.69,10786313572,126081220742
2012-11-21,11.90,10786313572,128373308261
2012-11-23,11.99,10786313572,129371049673
2012-11-26,12.18,10786313572,131388082987
2012-11-27,12.17,10786313572,131269436994
2012-11-28,12.36,10786313572,133270299725
2012-11-29,12.56,10786313572,135513854923
2012-11-30,12.60,10786313572,135934516380
2012-12-03,12.52,10786313572,135006898926
2012-12-04,12.62,10786313572,136171818652
2012-12-05,12.70,10786313572,136964609243
2012-12-06,12.67,10786313572,136646412911
2012-12-07,12.66,10786313572,136592480109
2012-12-10,12.39,10786313572,133626247991
2012-12-11,12.53,10786313572,135201048785
2012-12-12,12.59,10786313572,135778118454
2012-12-13,12.56,10786313572,135503064248
2012-12-14,12.46,10786313572,134392077324
2012-12-17,12.69,10786313572,136910676441
2012-12-18,13.02,10786313572,140437807645
2012-12-19,12.90,10786313572,139138050770
2012-12-20,13.07,10786313572,141031047897
2012-12-21,12.85,10786313572,138560981101
2012-12-24,12.93,10786313572,139477818166
2012-12-26,12.43,10786313572,134090061861
2012-12-27,12.42,10786313572,133917472779
2012-12-28,12.26,10786313572,132229416186
2012-12-31,12.54,10786313572,135298123714
2013-01-02,12.87,10786313572,138771322116
2013-01-03,12.92,10786313572,139402314300
2013-01-04,12.96,10786313572,139763663047
2013-01-07,13.42,10786313572,144784690698
2013-01-08,13.32,10786313572,143662913099
2013-01-09,13.32,10786313572,143646732230
2013-01-10,13.27,10786313572,143102024299
2013-01-11,13.40,10786313572,144504246298
2013-01-14,13.64,10786313572,147087568892
2013-01-15,13.60,10786313572,146639935892
2013-01-16,13.45,10786313572,145038163553
2013-01-17,13.52,10786313572,145874106558
2013-01-18,13.61,10786313572,146758581885
2013-01-22,13.51,10786313572,145717698346
2013-01-23,13.41,10786313572,144595931033
2013-01-24,13.67,10786313572,147481269091
2013-01-25,14.20,10786313572,153160260471
2013-01-28,13.80,10786313572,148872700415
2013-01-29,13.02,10786313572,140410836101
2013-01-30,13.64,10786313572,147103739475
2013-01-31,13.27,10786313572,143188308554
2013-02-01,13.25,10786313572,142918654829
2013-02-04,13.00,10786313572,140211285761
2013-02-05,13.34,10786313572,143937957018
2013-02-06,13.11,10786313572,141419357901
2013-02-07,13.01,10786313572,140346122910
2013-02-08,13.10,10786313572,141273740363
2013-02-11,12.86,10786313572,138717389314
2013-02-12,12.94,10786313572,139520970580
2013-02-13,13.47,10786313572,145329398628
2013-02-14,13.46,10786313572,145205352154
2013-02-15,13.25,10786313572,142967197437
2013-02-19,13.49,10786313572,145480406360
2013-02-20,13.32,10786313572,143679093968
2013-02-21,13.30,10786313572,143425610826
2013-02-22,13.27,10786313572,143145166426
2013-02-25,12.99,10786313572,140151962764
2013-02-26,12.97,10786313572,139876918846
2013-02-27,13.16,10786313572,141974856506
2013-02-28,13.21,10786313572,142524954631
2013-03-01,13.29,10786313572,143317745222
2013-03-04,13.66,10786313572,147292509426
2013-03-05,13.78,10786313572,148630007948
2013-03-06,13.69,10786313572,147659238080
2013-03-07,13.69,10786313572,147707780688
2013-03-08,13.71,10786313572,147874969289
2013-03-11,13.56,10786313572,146283987626
2013-03-12,13.71,10786313572,147842607551
2013-03-13,13.76,10786313572,148365744417
2013-03-14,13.29,10786313572,143317745222
2013-03-15,13.09,10786313572,141203626692
2013-03-18,12.89,10786313572,139084117968
2013-03-19,12.82,10786313572,138285937182
2013-03-20,12.86,10786313572,138755141247
2013-03-21,12.67,10786313572,136657203586
2013-03-22,12.89,10786313572,139008614102
2013-03-25,12.80,10786313572,138075596167
2013-03-26,13.02,10786313572,140389265037
2013-03-27,13.27,10786313572,143080453236
2013-03-28,13.32,10786313572,143722236095
2013-04-01,13.08,10786313572,141090370893
2013-04-02,13.17,10786313572,142012608439
2013-04-03,12.95,10786313572,139698939569
2013-04-04,12.95,10786313572,139725911114
2013-04-05,12.77,10786313572,137784371379
2013-04-08,12.95,10786313572,139655797442
2013-04-09,13.06,10786313572,140836898038
2013-04-10,13.24,10786313572,142794608355
2013-04-11,13.49,10786313572,145534339162
2013-04-12,13.64,10786313572,147163072758
2013-04-15,13.39,10786313572,144385590018
2013-04-16,13.62,10786313572,146877227878
2013-04-17,13.37,10786313572,144213011223
2013-04-18,12.97,10786313572,139909270298
2013-04-19,13.02,10786313572,140394655231
2013-04-22,13.18,10786313572,142136644626
2013-04-23,13.44,10786313572,145021982684
2013-04-24,13.44,10786313572,144957269493
2013-04-25,13.73,10786313572,148150013208
2013-04-26,12.74,10786313572,137423032919
2013-04-29,12.49,10786313572,134688702593
2013-04-30,12.69,10786313572,136883715183
2013-05-01,12.41,10786313572,133874330652
2013-05-02,12.63,10786313572,136204170104
2013-05-03,12.90,10786313572,139170412509
2013-05-06,12.79,10786313572,137913808047
2013-05-07,12.89,10786313572,138997833713
2013-05-08,12.93,10786313572,139510179905
2013-05-09,13.01,10786313572,140308370977
2013-05-10,13.18,10786313572,142179797040
2013-05-13,13.23,10786313572,142654391299
2013-05-14,13.42,10786313572,144714577026
2013-05-15,13.33,10786313572,143759988028
2013-05-16,13.21,10786313572,142444060570
2013-05-17,13.49,10786313572,145561300420
2013-05-20,13.38,10786313572,144337057697
2013-05-21,13.44,10786313572,145000411620
2013-05-22,13.15,10786313572,141818448294
2013-05-23,13.09,10786313572,141192846303
2013-05-24,13.09,10786313572,141160484565
2013-05-28,13.36,10786313572,144153688227
2013-05-29,13.28,10786313572,143204489423
2013-05-30,13.34,10786313572,143905605566
2013-05-31,13.46,10786313572,145183781091
2013-06-03,13.34,10786313572,143932566823
2013-06-04,13.28,10786313572,143296174158
2013-06-05,13.36,10786313572,144088964749
2013-06-06,13.39,10786313572,144444923302
2013-06-07,13.84,10786313572,149320333415
2013-06-10,14.05,10786313572,151585459677
2013-06-11,13.74,10786313572,148193165622
2013-06-12,13.58,10786313572,146515889418
2013-06-13,13.79,10786313572,148737873552
2013-06-14,13.70,10786313572,147767103685
2013-06-17,13.90,10786313572,149962116275
2013-06-18,14.09,10786313572,151957588812
2013-06-19,13.91,10786313572,150016049077
2013-06-20,13.67,10786313572,147470478416
2013-06-21,13.67,10786313572,147427336289
2013-06-24,13.53,10786313572,145944220230
2013-06-25,13.60,10786313572,146742401015
2013-06-26,13.88,10786313572,149697852744
2013-06-27,13.88,10786313572,149687062069
2013-06-28,13.88,10786313572,149762565935
2013-07-01,14.10,10786313572,152140947995
2013-07-02,14.19,10786313572,153020033128
2013-07-03,14.20,10786313572,153181831534
2013-07-05,14.29,10786313572,154179562660
2013-07-08,14.53,10786313572,156719743127
2013-07-09,14.58,10786313572,157226699124
2013-07-10,14.62,10786313572,157658151255
2013-07-11,14.98,10786313572,161611334110
2013-07-12,15.38,10786313572,165866532427
2013-07-15,15.33,10786313572,165338005366
2013-07-16,15.34,10786313572,165499803773
2013-07-17,15.43,10786313572,166481354029
2013-07-18,15.21,10786313572,164011287234
2013-07-19,15.26,10786313572,164615328447
2013-07-22,15.17,10786313572,163671519837
2013-07-23,15.05,10786313572,162366383055
2013-07-24,14.95,10786313572,161223024105
2013-07-25,15.17,10786313572,163628377710
2013-07-26,15.60,10786313572,168271886032
2013-07-29,15.31,10786313572,165084532511
2013-07-30,15.12,10786313572,163094450168
2013-07-31,15.06,10786313572,162452667309
2013-08-01,15.28,10786313572,164798687631
2013-08-02,15.21,10786313572,164065220036
2013-08-05,15.05,10786313572,162328631122
2013-08-06,15.04,10786313572,162199194454
2013-08-07,14.85,10786313572,160128218051
2013-08-08,14.79,10786313572,159497215580
2013-08-09,14.86,10786313572,160316977715
2013-08-12,14.83,10786313572,160009572058
2013-08-13,14.70,10786313572,158542626582
2013-08-14,14.57,10786313572,157124234000
2013-08-15,14.32,10786313572,154497758992
2013-08-16,14.24,10786313572,153607893472
2013-08-19,14.28,10786313572,154012374059
2013-08-20,14.35,10786313572,154832136194
2013-08-21,14.23,10786313572,153473066609
2013-08-22,14.49,10786313572,156255929257
2013-08-23,14.50,10786313572,156406936988
2013-08-26,14.31,10786313572,154357541936
2013-08-27,14.05,10786313572,151509955811
2013-08-28,14.08,10786313572,151860513882
2013-08-29,14.20,10786313572,153154870277
2013-08-30,14.05,10786313572,151536917069
2013-09-03,14.44,10786313572,155754363454
2013-09-04,14.68,10786313572,158364657592
2013-09-05,14.70,10786313572,158612740253
2013-09-06,14.79,10786313572,159561939057
2013-09-09,14.99,10786313572,161638305654
2013-09-10,15.02,10786313572,161988853439
2013-09-11,14.98,10786313572,161600553721
2013-09-12,14.94,10786313572,161179881978
2013-09-13,14.90,10786313572,160672925981
2013-09-16,14.80,10786313572,159669804662
2013-09-17,15.21,10786313572,164043648972
2013-09-18,15.60,10786313572,168282666421
2013-09-19,15.60,10786313572,168298847290
2013-09-20,15.82,10786313572,170607125965
2013-09-23,15.57,10786313572,167991441632
2013-09-24,15.71,10786313572,169415234695
2013-09-25,15.63,10786313572,168617043623
2013-09-26,15.91,10786313572,171567105158
2013-09-27,15.80,10786313572,170429146689
2013-09-30,15.63,10786313572,168611653428
2013-10-01,16.05,10786313572,173093373630
2013-10-02,16.03,10786313572,172856061071
2013-10-03,15.74,10786313572,169755002091
2013-10-04,15.95,10786313572,172063270480
2013-10-07,15.50,10786313572,167204041235
2013-10-08,15.16,10786313572,163536692975
2013-10-09,14.91,10786313572,160840114582
2013-10-10,15.26,10786313572,164582966708
2013-10-11,15.54,10786313572,167667855105
2013-10-14,15.53,10786313572,167565379695
2013-10-15,15.32,10786313572,165246320631
2013-10-16,15.52,10786313572,167452123896
2013-10-17,15.54,10786313572,167603131628
2013-10-18,16.45,10786313572,177397114556
2013-10-21,16.32,10786313572,176054215554
2013-10-22,16.63,10786313572,179344044485
2013-10-23,16.34,10786313572,176226784062
2013-10-24,16.61,10786313572,179166065209
2013-10-25,18.17,10786313572,195981928232
2013-10-28,17.91,10786313572,193161313652
2013-10-29,18.14,10786313572,195609799097
2013-10-30,18.05,10786313572,194736114446
2013-10-31,18.20,10786313572,196327085822
2013-11-01,17.95,10786313572,193614336847
2013-11-04,17.94,10786313572,193474109504
2013-11-05,17.94,10786313572,193555003564
2013-11-06,17.81,10786313572,192093458568
2013-11-07,17.18,10786313572,185287289108
2013-11-08,17.52,10786313572,188927665824
2013-11-11,17.72,10786313572,191122688701
2013-11-12,17.48,10786313572,188507004368
2013-11-13,17.81,10786313572,192115039919
2013-11-14,18.37,10786313572,198144589370
2013-11-15,18.46,10786313572,199099168081
2013-11-18,18.31,10786313572,197486615354
2013-11-19,18.25,10786313572,196817860950
2013-11-20,18.13,10786313572,195539685425
2013-11-21,18.45,10786313572,198964330932
2013-11-22,18.62,10786313572,200792614868
2013-11-25,18.83,10786313572,203127865088
2013-11-26,19.07,10786313572,205678825944
2013-11-27,19.34,10786313572,208558773807
2013-11-29,19.68,10786313572,212285434777
2013-12-02,19.61,10786313572,211573538246
2013-12-03,19.23,10786313572,207453166791
2013-12-04,19.30,10786313572,208154282933
2013-12-05,19.22,10786313572,207361492342
2013-12-06,19.35,10786313572,208688200188
2013-12-09,19.24,10786313572,207577202978
2013-12-10,19.39,10786313572,209135833189
2013-12-11,19.11,10786313572,206121068750
2013-12-12,19.06,10786313572,205614102466
2013-12-13,19.21,10786313572,207226655193
2013-12-16,19.45,10786313572,209777616049
2013-12-17,19.38,10786313572,209065719518
2013-12-18,19.80,10786313572,213547439719
2013-12-19,19.76,10786313572,213132168457
2013-12-20,20.11,10786313572,216912772516
2013-12-23,20.15,10786313572,217301072234
2013-12-24,19.96,10786313572,215294809022
2013-12-26,20.22,10786313572,218093862825
2013-12-27,19.90,10786313572,214690778095
2013-12-30,19.67,10786313572,212150618201
2013-12-31,19.94,10786313572,215073708192
2014-01-02,19.90,10786313572,214631465385
2014-01-03,19.82,10786313572,213806313056
2014-01-06,19.68,10786313572,212290824971
2014-01-07,19.90,10786313572,214663827124
2014-01-08,20.10,10786313572,216761764785
2014-01-09,20.05,10786313572,216270989657
2014-01-10,19.88,10786313572,214464266498
2014-01-13,19.55,10786313572,210861641715
2014-01-14,19.88,10786313572,214399563594
2014-01-15,19.79,10786313572,213498907398
2014-01-16,19.79,10786313572,213461155465
2014-01-17,19.98,10786313572,215515930425
2014-01-21,20.35,10786313572,219528456849
2014-01-22,20.23,10786313572,218174756885
2014-01-23,19.99,10786313572,215656157768
2014-01-24,19.38,10786313572,209038747973
2014-01-27,19.31,10786313572,208326851442
2014-01-28,19.72,10786313572,212722287389
2014-01-29,19.21,10786313572,207205073843
2014-01-30,20.15,10786313572,217349604555
2014-01-31,17.93,10786313572,193447137959
2014-02-03,17.31,10786313572,186684131200
2014-02-04,17.40,10786313572,187654880494
2014-02-05,17.32,10786313572,186845919320
2014-02-06,17.73,10786313572,191235944500
2014-02-07,18.05,10786313572,194736114446
2014-02-10,18.04,10786313572,194622858647
2014-02-11,18.09,10786313572,195119023969
2014-02-12,17.46,10786313572,188355996636
2014-02-13,17.86,10786313572,192643566979
2014-02-14,17.87,10786313572,192724461039
2014-02-18,17.68,10786313572,190728998789
2014-02-19,17.37,10786313572,187347474836
2014-02-20,17.49,10786313572,188652621905
2014-02-21,17.34,10786313572,187013097634
2014-02-24,17.59,10786313572,189720476989
2014-02-25,17.92,10786313572,193247597906
2014-02-26,17.99,10786313572,194045778691
2014-02-27,18.01,10786313572,194223757968
2014-02-28,18.10,10786313572,195286202283
2014-03-03,17.99,10786313572,194034998303
2014-03-04,18.19,10786313572,196256972151
2014-03-05,18.62,10786313572,200824976607
2014-03-06,18.61,10786313572,200711720808
2014-03-07,18.60,10786313572,200657798293
2014-03-10,18.53,10786313572,199832645963
2014-03-11,18.44,10786313572,198910408417
2014-03-12,18.53,10786313572,199891958672
2014-03-13,18.58,10786313572,200361173023
2014-03-14,18.69,10786313572,201563844683
2014-03-17,18.75,10786313572,202264960825
2014-03-18,18.94,10786313572,204276593658
2014-03-19,18.66,10786313572,201288800764
2014-03-20,18.45,10786313572,198991302477
2014-03-21,18.03,10786313572,194488021498
2014-03-24,17.59,10786313572,189758228922
2014-03-25,17.74,10786313572,191300667977
2014-03-26,17.17,10786313572,185206395048
2014-03-27,16.92,10786313572,182542178394
2014-03-28,16.91,10786313572,182445093178
2014-03-31,16.82,10786313572,181409620407
2014-04-01,17.15,10786313572,184979883451
2014-04-02,17.10,10786313572,184424384846
2014-04-03,16.68,10786313572,179926494061
2014-04-04,16.15,10786313572,174198960073
2014-04-07,15.89,10786313572,171372945012
2014-04-08,16.35,10786313572,176393982950
2014-04-09,16.59,10786313572,178950334000
2014-04-10,15.86,10786313572,171022397227
2014-04-11,15.59,10786313572,168120878300
2014-04-14,15.80,10786313572,170375213887
2014-04-15,15.80,10786313572,170466898622
2014-04-16,16.18,10786313572,174565699014
2014-04-17,16.25,10786313572,175229063224
2014-04-21,16.54,10786313572,178443388289
2014-04-22,16.47,10786313572,177607434997
2014-04-23,16.23,10786313572,175051083948
2014-04-24,16.86,10786313572,181830281863
2014-04-25,15.19,10786313572,163860279502
2014-04-28,14.83,10786313572,159950249061
2014-04-29,15.02,10786313572,161999644114
2014-04-30,15.21,10786313572,164022077909
2014-05-01,15.39,10786313572,166049901898
2014-05-02,15.40,10786313572,166114625375
2014-05-05,15.50,10786313572,167214821624
2014-05-06,14.87,10786313572,160381701193
2014-05-07,14.64,10786313572,157863091789
2014-05-08,14.42,10786313572,155495500404
2014-05-09,14.61,10786313572,157609618934
2014-05-12,15.14,10786313572,163337142635
2014-05-13,15.23,10786313572,164297132114
2014-05-14,14.88,10786313572,160511127574
2014-05-15,14.76,10786313572,159200590311
2014-05-16,14.89,10786313572,160554279988
2014-05-19,14.84,10786313572,160047323991
2014-05-20,15.06,10786313572,162436486440
2014-05-21,15.25,10786313572,164496672167
2014-05-22,15.25,10786313572,164442739365
2014-05-23,15.61,10786313572,168395932506
2014-05-27,15.54,10786313572,167630103173
2014-05-28,15.51,10786313572,167274154907
2014-05-29,15.69,10786313572,169226475030
2014-05-30,15.63,10786313572,168563110820
2014-06-02,15.44,10786313572,166562258376
2014-06-03,15.36,10786313572,165672382568
2014-06-04,15.34,10786313572,165451261165
2014-06-05,16.18,10786313572,174506365731
2014-06-06,16.48,10786313572,177796194662
2014-06-09,16.38,10786313572,176625884742
2014-06-10,16.62,10786313572,179273930813
2014-06-11,16.76,10786313572,180778617936
2014-06-12,16.30,10786313572,175768370673
2014-06-13,16.31,10786313572,175962520532
2014-06-16,16.38,10786313572,176690608219
2014-06-17,16.28,10786313572,175611972747
2014-06-18,16.72,10786313572,180336375129
2014-06-19,16.35,10786313572,176356231017
2014-06-20,16.21,10786313572,174846133127
2014-06-23,16.36,10786313572,176485657398
2014-06-24,16.21,10786313572,174824572350
2014-06-25,16.37,10786313572,176593523003
2014-06-26,16.28,10786313572,175649724680
2014-06-27,16.23,10786313572,175045693753
2014-06-30,16.24,10786313572,175158949552
2014-07-01,16.62,10786313572,179263129851
2014-07-02,16.64,10786313572,179511222799
2014-07-03,16.87,10786313572,182013651333
2014-07-07,16.68,10786313572,179888742128
2014-07-08,16.19,10786313572,174635812685
2014-07-09,16.50,10786313572,177958003355
2014-07-10,16.40,10786313572,176852396339
2014-07-11,17.31,10786313572,186711082171
2014-07-14,17.77,10786313572,191629654985
2014-07-15,17.72,10786313572,191155050440
2014-07-16,17.80,10786313572,191942450837
2014-07-17,17.62,10786313572,190081805162
2014-07-18,17.93,10786313572,193430967376
2014-07-21,17.99,10786313572,194024217915
2014-07-22,18.04,10786313572,194606667491
2014-07-23,17.91,10786313572,193150512690
2014-07-24,17.93,10786313572,193403995832
2014-07-25,16.20,10786313572,174743678290
2014-07-28,16.02,10786313572,172802138555
2014-07-29,16.00,10786313572,172581017152
2014-07-30,16.13,10786313572,173934696543
2014-07-31,15.65,10786313572,168800413093
2014-08-01,15.35,10786313572,165602268897
2014-08-04,15.68,10786313572,169156361358
2014-08-05,15.62,10786313572,168439074633
2014-08-06,15.69,10786313572,169285798027
2014-08-07,15.57,10786313572,167969870569
2014-08-08,15.84,10786313572,170855208626
2014-08-11,15.92,10786313572,171680360956
2014-08-12,15.97,10786313572,172214278211
2014-08-13,16.31,10786313572,175967910726
2014-08-14,16.66,10786313572,179705372658
2014-08-15,16.68,10786313572,179931884255
2014-08-18,16.73,10786313572,180417269189
2014-08-19,16.76,10786313572,180740866003
2014-08-20,16.79,10786313572,181091413787
2014-08-21,16.65,10786313572,179543584538
2014-08-22,16.58,10786313572,178831688007
2014-08-25,16.70,10786313572,180142225270
2014-08-26,17.09,10786313572,184354271174
2014-08-27,17.16,10786313572,185082358861
2014-08-28,17.00,10786313572,183378111112
2014-08-29,16.95,10786313572,182849584052
2014-09-02,17.12,10786313572,184650896443
2014-09-03,16.95,10786313572,182828023275
2014-09-04,17.30,10786313572,186576265595
2014-09-05,17.32,10786313572,186808167387
2014-09-08,17.12,10786313572,184629335666
2014-09-09,16.49,10786313572,177839336789
2014-09-10,16.57,10786313572,178691460663
2014-09-11,16.53,10786313572,178254608051
2014-09-12,16.56,10786313572,178615956798
2014-09-15,16.19,10786313572,174678954813
2014-09-16,16.39,10786313572,176766112085
2014-09-17,16.20,10786313572,174738288096
2014-09-18,16.25,10786313572,175277595545
2014-09-19,16.57,10786313572,178686070469
2014-09-22,16.23,10786313572,175007941820
2014-09-23,16.18,10786313572,174538727469
2014-09-24,16.41,10786313572,177008794265
2014-09-25,16.10,10786313572,173621900691
2014-09-26,16.16,10786313572,174312215872
2014-09-29,16.09,10786313572,173562567408
2014-09-30,16.12,10786313572,173896944610
2014-10-01,15.87,10786313572,171211156892
2014-10-02,15.92,10786313572,171723503083
2014-10-03,16.14,10786313572,174058732730
2014-10-06,16.11,10786313572,173767518228
2014-10-07,15.85,10786313572,170952283556
2014-10-08,16.14,10786313572,174037171953
2014-10-09,15.77,10786313572,170083989099
2014-10-10,15.57,10786313572,167937508830
2014-10-13,15.32,10786313572,165273292176
2014-10-14,15.42,10786313572,166276413495
2014-10-15,15.30,10786313572,165014418840
2014-10-16,15.14,10786313572,163337142635
2014-10-17,15.18,10786313572,163757814378
2014-10-20,15.31,10786313572,165143855508
2014-10-21,15.77,10786313572,170062418035
2014-10-22,15.65,10786313572,168789632704
2014-10-23,15.66,10786313572,168902888503
2014-10-24,14.35,10786313572,154815955325
2014-10-27,14.50,10786313572,156385365925
2014-10-28,14.78,10786313572,159416321520
2014-10-29,14.71,10786313572,158623530928
2014-10-30,14.95,10786313572,161293137777
2014-10-31,15.27,10786313572,164739364634
2014-11-03,15.29,10786313572,164879591977
2014-11-04,15.14,10786313572,163310181378
2014-11-05,14.83,10786313572,159917887323
2014-11-06,14.83,10786313572,159982600513
2014-11-07,14.99,10786313572,161719199714
2014-11-10,15.26,10786313572,164550604969
2014-11-11,15.60,10786313572,168271886032
2014-11-12,15.58,10786313572,168002222021
2014-11-13,15.82,10786313572,170682629831
2014-11-14,16.39,10786313572,176798473823
2014-11-17,16.15,10786313572,174225931618
2014-11-18,16.25,10786313572,175239843612
2014-11-19,16.33,10786313572,176108138069
2014-11-20,16.53,10786313572,178265409013
2014-11-21,16.63,10786313572,179392576806
2014-11-24,16.78,10786313572,181015909921
2014-11-25,16.75,10786313572,180692333681
2014-11-26,16.68,10786313572,179899522517
2014-11-28,16.93,10786313572,182633852843
2014-12-01,16.30,10786313572,175816902994
2014-12-02,16.32,10786313572,175984101882
2014-12-03,15.82,10786313572,170693410220
2014-12-04,15.85,10786313572,170925322298
2014-12-05,15.63,10786313572,168606263234
2014-12-08,15.33,10786313572,165375757299
2014-12-09,15.63,10786313572,168536149563
2014-12-10,15.29,10786313572,164944305168
2014-12-11,15.37,10786313572,165764067304
2014-12-12,15.37,10786313572,165742496240
2014-12-15,15.30,10786313572,165068351642
2014-12-16,14.75,10786313572,159130486926
2014-12-17,14.94,10786313572,161190672653
2014-12-18,14.89,10786313572,160570460857
2014-12-19,14.99,10786313572,161740770778
2014-12-22,15.33,10786313572,165321824497
2014-12-23,15.31,10786313572,165186997635
2014-12-24,15.15,10786313572,163428827370
2014-12-26,15.45,10786313572,166697085238
2014-12-29,15.60,10786313572,168288066901
2014-12-30,15.52,10786313572,167349658773
2014-12-31,15.52,10786313572,167376620031
2015-01-02,15.43,10786313572,166389669294
2015-01-05,15.11,10786313572,162975804175
2015-01-06,14.76,10786313572,159254523113
2015-01-07,14.92,10786313572,160942579706
2015-01-08,15.02,10786313572,162042786241
2015-01-09,14.85,10786313572,160139008726
2015-01-12,14.57,10786313572,157161985933
2015-01-13,14.74,10786313572,158957908130
2015-01-14,14.66,10786313572,158165107253
2015-01-15,14.35,10786313572,154756632328
2015-01-16,14.54,10786313572,156800637187
2015-01-20,14.47,10786313572,156099531331
2015-01-21,14.86,10786313572,160311587521
2015-01-22,15.52,10786313572,167360439161
2015-01-23,15.62,10786313572,168476826566
2015-01-26,15.48,10786313572,167004490896
2015-01-27,15.34,10786313572,165435080296
2015-01-28,15.20,10786313572,163903431916
2015-01-29,15.59,10786313572,168147839558
2015-01-30,17.73,10786313572,191203582761
2015-02-02,18.22,10786313572,196564377808
2015-02-03,18.18,10786313572,196068212486
2015-02-04,18.24,10786313572,196715385540
2015-02-05,18.69,10786313572,201644738743
2015-02-06,18.71,10786313572,201855079757
2015-02-09,18.53,10786313572,199848816545
2015-02-10,18.65,10786313572,201164744003
2015-02-11,18.76,10786313572,202318883341
2015-02-12,18.86,10786313572,203413689395
2015-02-13,19.09,10786313572,205926898318
2015-02-17,18.77,10786313572,202475281267
2015-02-18,18.67,10786313572,201364304629
2015-02-19,18.95,10786313572,204400650419
2015-02-20,19.18,10786313572,206913859341
2015-02-23,19.01,10786313572,205015461734
2015-02-24,18.93,10786313572,204179529015
2015-02-25,19.27,10786313572,207836076314
2015-02-26,19.24,10786313572,207528670656
2015-02-27,19.01,10786313572,205026242122
2015-03-02,19.28,10786313572,207992494813
2015-03-03,19.23,10786313572,207426195246
2015-03-04,19.14,10786313572,206406893057
2015-03-05,19.39,10786313572,209162804734
2015-03-06,19.00,10786313572,204988490189
2015-03-09,18.93,10786313572,204163337859
2015-03-10,18.48,10786313572,199282537552
2015-03-11,18.32,10786313572,197589090765
2015-03-12,18.71,10786313572,201833498407
2015-03-13,18.53,10786313572,199859596934
2015-03-16,18.67,10786313572,201353503668
2015-03-17,18.60,10786313572,200582294427
2015-03-18,18.76,10786313572,202318883341
2015-03-19,18.66,10786313572,201294190958
2015-03-20,18.92,10786313572,204125585927
2015-03-23,18.76,10786313572,202302712758
2015-03-24,18.70,10786313572,201752604347
2015-03-25,18.55,10786313572,200064547754
2015-03-26,18.37,10786313572,198117617825
2015-03-27,18.53,10786313572,199848816545
2015-03-30,18.73,10786313572,202022258072
2015-03-31,18.60,10786313572,200679359069
2015-04-01,18.51,10786313572,199687028425
2015-04-02,18.61,10786313572,200760253130
2015-04-06,18.85,10786313572,203343575724
2015-04-07,18.72,10786313572,201925193429
2015-04-08,19.06,10786313572,205587130922
2015-04-09,19.18,10786313572,206849135864
2015-04-10,19.13,10786313572,206369141125
2015-04-13,19.12,10786313572,206212743199
2015-04-14,19.26,10786313572,207695869544
2015-04-15,19.17,10786313572,206800603543
2015-04-16,19.30,10786313572,208197425061
2015-04-17,18.78,10786313572,202545394938
2015-04-20,19.48,10786313572,210068851124
2015-04-21,19.56,10786313572,210969507319
2015-04-22,19.49,10786313572,210225249049
2015-04-23,19.50,10786313572,210327724460
2015-04-24,22.25,10786313572,240049399493
2015-04-27,21.93,10786313572,236522278575
2015-04-28,21.47,10786313572,231533612663
2015-04-29,21.47,10786313572,231565974402
2015-04-30,21.09,10786313572,227472574491
2015-05-01,21.14,10786313572,228060414262
2015-05-04,21.15,10786313572,228152109283
2015-05-05,21.06,10786313572,227154367872
2015-05-06,20.95,10786313572,226027200078
2015-05-07,21.34,10786313572,230223075399
2015-05-08,21.68,10786313572,233895813854
2015-05-11,21.64,10786313572,233442790659
2015-05-12,21.55,10786313572,232455850209
2015-05-13,21.34,10786313572,230217685205
2015-05-14,21.61,10786313572,233135385002
2015-05-15,21.30,10786313572,229748470854
2015-05-18,21.26,10786313572,229338589786
2015-05-19,21.09,10786313572,227434822558
2015-05-20,21.19,10786313572,228594352090
2015-05-21,21.58,10786313572,232784816644
2015-05-22,21.38,10786313572,230627566273
2015-05-26,21.27,10786313572,229462646547
2015-05-27,21.57,10786313572,232671560845
2015-05-28,21.33,10786313572,230055897085
2015-05-29,21.46,10786313572,231490470536
2015-06-01,21.55,10786313572,232401907120
2015-06-02,21.55,10786313572,232439659053
2015-06-03,21.83,10786313572,235459834260
2015-06-04,21.54,10786313572,232326403254
2015-06-05,21.35,10786313572,230260827332
2015-06-08,21.17,10786313572,228400181658
2015-06-09,21.27,10786313572,229468036741
2015-06-10,21.54,10786313572,232321013060
2015-06-11,21.65,10786313572,233507514136
2015-06-12,21.50,10786313572,231862599671
2015-06-15,21.18,10786313572,228491876680
2015-06-16,21.36,10786313572,230428026220
2015-06-17,21.39,10786313572,230724630916
2015-06-18,21.97,10786313572,236969911576
2015-06-19,21.75,10786313572,234559178064
2015-06-22,21.81,10786313572,235298046139
2015-06-23,22.30,10786313572,240529394232
2015-06-24,22.04,10786313572,237751921779
2015-06-25,22.00,10786313572,237352821100
2015-06-26,21.91,10786313572,236274206201
2015-06-29,21.49,10786313572,231830237932
2015-06-30,21.70,10786313572,234111545063
2015-07-01,21.87,10786313572,235891276104
2015-07-02,21.89,10786313572,236063865186
2015-07-06,21.80,10786313572,235163208991
2015-07-07,21.84,10786313572,235529947931
2015-07-08,21.49,10786313572,231743953678
2015-07-09,21.72,10786313572,234273333183
2015-07-10,22.18,10786313572,239191905997
2015-07-13,22.78,10786313572,245696039421
2015-07-14,23.28,10786313572,251089196207
2015-07-15,23.06,10786313572,248726995016
2015-07-16,23.77,10786313572,256433820671
2015-07-17,24.15,10786313572,260494858843
2015-07-20,24.41,10786313572,263239990131
2015-07-21,24.40,10786313572,263186047042
2015-07-22,24.41,10786313572,263331664580
2015-07-23,24.11,10786313572,260047225843
2015-07-24,26.47,10786313572,285524513806
2015-07-27,26.57,10786313572,286597738511
2015-07-28,26.30,10786313572,283696229870
2015-07-29,26.45,10786313572,285298002209
2015-07-30,26.84,10786313572,289483076568
2015-07-31,26.81,10786313572,289154110134
2015-08-03,26.75,10786313572,288550058634
2015-08-04,26.59,10786313572,286862002041
2015-08-05,26.85,10786313572,289617913717
2015-08-06,26.47,10786313572,285546074583
2015-08-07,26.13,10786313572,281857165546
2015-08-10,26.20,10786313572,282601423816
2015-08-11,26.37,10786313572,284467439111
2015-08-12,26.30,10786313572,283631506393
2015-08-13,26.48,10786313572,285653940188
2015-08-14,26.58,10786313572,286657071794
2015-08-17,26.76,10786313572,288652534044
2015-08-18,26.75,10786313572,288544668439
2015-08-19,26.65,10786313572,287412110452
2015-08-20,25.79,10786313572,278168235935
2015-08-21,24.72,10786313572,266675416026
2015-08-24,23.17,10786313572,249902715703
2015-08-25,23.32,10786313572,251520658625
2015-08-26,25.04,10786313572,270073110562
2015-08-27,25.92,10786313572,279565078026
2015-08-28,25.90,10786313572,279370907594
2015-08-31,25.64,10786313572,276609626297
2015-09-01,24.83,10786313572,267791803431
2015-09-02,25.53,10786313572,275347621355
2015-09-03,25.24,10786313572,272203409961
2015-09-04,24.95,10786313572,269118531851
2015-09-08,25.88,10786313572,279117445026
2015-09-09,25.84,10786313572,278766876668
2015-09-10,26.11,10786313572,281652214725
2015-09-11,26.47,10786313572,285535294195
2015-09-14,26.07,10786313572,281188411142
2015-09-15,26.12,10786313572,281722328397
2015-09-16,26.37,10786313572,284429687178
2015-09-17,26.94,10786313572,290621045323
2015-09-18,27.01,10786313572,291370693787
2015-09-21,27.42,10786313572,295755328773
2015-09-22,26.92,10786313572,290367562181
2015-09-23,26.80,10786313572,289110947433
2015-09-24,26.69,10786313572,287859743453
2015-09-25,26.21,10786313572,282736240391
2015-09-28,25.20,10786313572,271847451409
2015-09-29,24.80,10786313572,267538320289
2015-09-30,25.59,10786313572,276070298275
2015-10-01,26.04,10786313572,280832452590
2015-10-02,26.63,10786313572,287207180205
2015-10-05,27.18,10786313572,293215148306
2015-10-06,26.87,10786313572,289871396859
2015-10-07,27.10,10786313572,292276740177
2015-10-08,26.66,10786313572,287541557407
2015-10-09,26.99,10786313572,291122600839
2015-10-12,27.51,10786313572,296726098640
2015-10-13,27.44,10786313572,296030372692
2015-10-14,27.24,10786313572,293835370388
2015-10-15,28.12,10786313572,303332707474
2015-10-16,28.54,10786313572,307819817870
2015-10-19,28.66,10786313572,309108773783
2015-10-20,28.04,10786313572,302491384561
2015-10-21,27.79,10786313572,299735472885
2015-10-22,28.20,10786313572,304125498065
2015-10-23,29.95,10786313572,323066270293
2015-10-26,30.43,10786313572,328232915482
2015-10-27,30.55,10786313572,329527282163
2015-10-28,30.85,10786313572,332811700326
2015-10-29,31.33,10786313572,337908231843
2015-10-30,31.30,10786313572,337557684059
2015-11-02,31.42,10786313572,338879001711
2015-11-03,31.27,10786313572,337239477439
2015-11-04,32.05,10786313572,345674390782
2015-11-05,32.78,10786313572,353602337841
2015-11-06,32.97,10786313572,355608559906
2015-11-09,32.77,10786313572,353516053587
2015-11-10,32.98,10786313572,355775779367
2015-11-11,33.66,10786313572,363094264159
2015-11-12,33.28,10786313572,358968502509
2015-11-13,32.12,10786313572,346429429440
2015-11-16,32.39,10786313572,349374080208
2015-11-17,32.17,10786313572,346941785919
2015-11-18,33.18,10786313572,357857505299
2015-11-19,33.06,10786313572,356633272863
2015-11-20,33.42,10786313572,360505571944
2015-11-23,33.95,10786313572,366189963804
2015-11-24,33.56,10786313572,361961706171
2015-11-25,33.77,10786313572,364221431952
2015-11-27,33.66,10786313572,363099654353
2015-11-30,33.24,10786313572,358537081238
2015-12-01,33.95,10786313572,366227695164
2015-12-02,33.80,10786313572,364582780699
2015-12-03,33.31,10786313572,359319070867
2015-12-04,33.63,10786313572,362765297724
2015-12-07,33.49,10786313572,361249830213
2015-12-08,33.87,10786313572,365294697803
2015-12-09,33.24,10786313572,358531649897
2015-12-10,33.12,10786313572,357199572430
2015-12-11,32.01,10786313572,345242928364
2015-12-14,32.90,10786313572,354821180083
2015-12-15,32.93,10786313572,355214869995
2015-12-16,33.79,10786313572,364453374890
2015-12-17,33.53,10786313572,361692073020
2015-12-18,33.21,10786313572,358181122686
2015-12-21,33.23,10786313572,358380642165
2015-12-22,33.16,10786313572,357647205430
2015-12-23,33.19,10786313572,357943830700
2015-12-24,33.14,10786313572,357453034998
2015-12-28,33.76,10786313572,364145928086
2015-12-29,34.70,10786313572,374268918595
2015-12-30,34.45,10786313572,371626242144
2015-12-31,33.79,10786313572,364518057221
2016-01-04,31.85,10786313572,343538701189
2016-01-05,31.69,10786313572,341812892663
2016-01-06,31.63,10786313572,341198060775
2016-01-07,30.40,10786313572,327871566735
2016-01-08,30.35,10786313572,327391592569
2016-01-11,30.89,10786313572,333156857917
2016-01-12,30.89,10786313572,333237772550
2016-01-13,29.09,10786313572,313779253650
2016-01-14,29.65,10786313572,319814193295
2016-01-15,28.51,10786313572,307507022018
2016-01-19,28.72,10786313572,309826081082
2016-01-20,28.59,10786313572,308364515513
2016-01-21,28.75,10786313572,310117295583
2016-01-22,29.82,10786313572,321637087037
2016-01-25,29.83,10786313572,321717981097
2016-01-26,30.06,10786313572,324263551758
2016-01-27,29.17,10786313572,314609796174
2016-01-28,31.77,10786313572,342654215576
2016-01-29,29.35,10786313572,316578307453
2016-02-01,28.74,10786313572,310004039785
2016-02-02,27.60,10786313572,297756181217
2016-02-03,26.55,10786313572,286414369040
2016-02-04,26.81,10786313572,289213422843
2016-02-05,25.11,10786313572,270806588443
2016-02-08,24.41,10786313572,263239990131
2016-02-09,24.10,10786313572,259987913133
2016-02-10,24.52,10786313572,264523555850
2016-02-11,25.19,10786313572,271718025028
2016-02-12,25.35,10786313572,273476195292
2016-02-16,26.06,10786313572,281037403410
2016-02-17,26.70,10786313572,288048503117
2016-02-18,26.25,10786313572,283140731265
2016-02-19,26.75,10786313572,288479965535
2016-02-22,27.98,10786313572,301747126291
2016-02-23,27.65,10786313572,298209204412
2016-02-24,27.70,10786313572,298802454951
2016-02-25,27.76,10786313572,299401095683
2016-02-26,27.76,10786313572,299444237810
2016-02-29,27.63,10786313572,297982692815
2016-03-01,28.95,10786313572,312285346916
2016-03-02,29.01,10786313572,312916349387
2016-03-03,28.87,10786313572,311449414197
2016-03-04,28.76,10786313572,310182019061
2016-03-07,28.14,10786313572,303526857333
2016-03-08,28.01,10786313572,302157007359
2016-03-09,27.97,10786313572,301730935135
2016-03-10,27.95,10786313572,301439720634
2016-03-11,28.48,10786313572,307199595787
2016-03-14,28.67,10786313572,309227440349
2016-03-15,28.85,10786313572,311195931055
2016-03-16,28.71,10786313572,309712804710
2016-03-17,27.97,10786313572,301714764553
2016-03-18,27.60,10786313572,297745400829
2016-03-21,27.70,10786313572,298770093212
2016-03-22,28.02,10786313572,302275653352
2016-03-23,28.48,10786313572,307210396749
2016-03-24,29.15,10786313572,314394064965
2016-03-28,28.99,10786313572,312732979916
2016-03-29,29.69,10786313572,320278017452
2016-03-30,29.93,10786313572,322882900823
2016-03-31,29.68,10786313572,320159350886
2016-04-01,29.92,10786313572,322780425413
2016-04-04,29.66,10786313572,319916668705
2016-04-05,29.31,10786313572,316114483296
2016-04-06,30.10,10786313572,324711184759
2016-04-07,29.57,10786313572,318967480188
2016-04-08,29.73,10786313572,320677097558
2016-04-11,29.80,10786313572,321394384283
2016-04-12,30.16,10786313572,325299045103
2016-04-13,30.74,10786313572,331582057123
2016-04-14,31.04,10786313572,334780211606
2016-04-15,31.29,10786313572,337552293864
2016-04-18,31.77,10786313572,342654215576
2016-04-19,31.40,10786313572,338636319531
2016-04-20,31.65,10786313572,341381430245
2016-04-21,31.55,10786313572,340308184967
2016-04-22,31.02,10786313572,334645374457
2016-04-25,31.31,10786313572,337719472179
2016-04-26,30.84,10786313572,332693054333
2016-04-27,30.33,10786313572,327132719233
2016-04-28,30.10,10786313572,324668042632
2016-04-29,32.98,10786313572,355727226473
2016-05-02,34.19,10786313572,368811038332
2016-05-03,33.57,10786313572,362053421766
2016-05-04,33.54,10786313572,361826869022
2016-05-05,32.95,10786313572,355457552175
2016-05-06,33.70,10786313572,363471783488
2016-05-09,33.99,10786313572,366599824299
2016-05-10,35.15,10786313572,379176669874
2016-05-11,35.66,10786313572,384656110914
2016-05-12,35.90,10786313572,387190901187
2016-05-13,35.50,10786313572,382870969106
2016-05-16,35.53,10786313572,383270090358
2016-05-17,34.76,10786313572,374970014164
2016-05-18,34.87,10786313572,376145734852
2016-05-19,34.93,10786313572,376722773661
2016-05-20,35.14,10786313572,379031052337
2016-05-23,34.84,10786313572,375768215523
2016-05-24,35.21,10786313572,379786090995
2016-05-25,35.42,10786313572,382024255999
2016-05-26,35.75,10786313572,385562157304
2016-05-27,35.61,10786313572,384122193659
2016-05-31,36.14,10786313572,389811975714
2016-06-01,35.97,10786313572,388005273129
2016-06-02,36.41,10786313572,392751236288
2016-06-03,36.28,10786313572,391295102060
2016-06-06,36.34,10786313572,391936864346
2016-06-07,36.19,10786313572,390324332193
2016-06-08,36.33,10786313572,391888352598
2016-06-09,36.38,10786313572,392433050242
2016-06-10,35.90,10786313572,387180120799
2016-06-13,35.76,10786313572,385740157154
2016-06-14,35.97,10786313572,387929769263
2016-06-15,35.71,10786313572,385211630093
2016-06-16,35.88,10786313572,386964389590
2016-06-17,35.32,10786313572,380967201877
2016-06-20,35.70,10786313572,385076792944
2016-06-21,35.79,10786313572,386052953006
2016-06-22,35.53,10786313572,383237708046
2016-06-23,36.10,10786313572,389429066191
2016-06-24,34.95,10786313572,376960106794
2016-06-27,34.57,10786313572,372861296115
2016-06-28,35.40,10786313572,381808524790
2016-06-29,35.78,10786313572,385934286439
2016-06-30,35.78,10786313572,385945066828
2016-07-01,36.28,10786313572,391370605926
2016-07-05,36.40,10786313572,392675732422
2016-07-06,36.88,10786313572,397804646251
2016-07-07,36.83,10786313572,397243736878
2016-07-08,37.29,10786313572,402227033169
2016-07-11,37.69,10786313572,406525363327
2016-07-12,37.41,10786313572,403521379277
2016-07-13,37.13,10786313572,400512005032
2016-07-14,37.06,10786313572,399740795791
2016-07-15,36.77,10786313572,396634315757
2016-07-18,36.80,10786313572,396974103726
2016-07-19,37.00,10786313572,399066651193
2016-07-20,37.29,10786313572,402178480275
2016-07-21,37.22,10786313572,401482774899
2016-07-22,37.24,10786313572,401714676691
2016-07-25,36.98,10786313572,398883261149
2016-07-26,36.78,10786313572,396715209817
2016-07-27,36.83,10786313572,397297679967
2016-07-28,37.63,10786313572,405894381430
2016-07-29,37.94,10786313572,409238112303
2016-08-01,38.39,10786313572,414054230280
2016-08-02,38.03,10786313572,410192711588
2016-08-03,37.73,10786313572,406989166911
2016-08-04,38.04,10786313572,410295207571
2016-08-05,38.30,10786313572,413105021190
2016-08-08,38.33,10786313572,413417817042
2016-08-09,38.42,10786313572,414361635938
2016-08-10,38.43,10786313572,414496473087
2016-08-11,38.56,10786313572,415941826926
2016-08-12,38.63,10786313572,416653702884
2016-08-15,38.42,10786313572,414458700581
2016-08-16,38.20,10786313572,412058747457
2016-08-17,38.23,10786313572,412376933503
2016-08-18,38.22,10786313572,412285259054
2016-08-19,37.87,10786313572,408429171702
2016-08-22,37.97,10786313572,409599461050
2016-08-23,38.12,10786313572,411201253961
2016-08-24,37.86,10786313572,408396789391
2016-08-25,37.96,10786313572,409459233706
2016-08-26,38.45,10786313572,414733765073
2016-08-29,38.56,10786313572,415968777897
2016-08-30,38.38,10786313572,413967946026
2016-08-31,38.46,10786313572,414820049327
2016-09-01,38.53,10786313572,415607429151
2016-09-02,38.62,10786313572,416589020553
2016-09-06,39.44,10786313572,425449964973
2016-09-07,39.22,10786313572,423082353015
2016-09-08,39.20,10786313572,422855841417
2016-09-09,38.01,10786313572,409955419602
2016-09-12,38.57,10786313572,416076664075
2016-09-13,38.05,10786313572,410424613380
2016-09-14,38.05,10786313572,410467776080
2016-09-15,38.48,10786313572,415105894208
2016-09-16,38.93,10786313572,419868027949
2016-09-19,38.76,10786313572,418023594004
2016-09-20,39.01,10786313572,420784895874
2016-09-21,39.49,10786313572,425919158751
2016-09-22,40.24,10786313572,433987333153
2016-09-23,40.29,10786313572,434553591573
2016-09-26,39.96,10786313572,430999519685
2016-09-27,40.81,10786313572,440140918791
2016-09-28,41.44,10786313572,446941698057
2016-09-29,41.45,10786313572,447119656760
2016-09-30,41.87,10786313572,451574425990
2016-10-03,41.84,10786313572,451267020333
2016-10-04,41.70,10786313572,449805454764
2016-10-05,42.22,10786313572,455376570253
2016-10-06,42.08,10786313572,453920436026
2016-10-07,41.97,10786313572,452717764366
2016-10-10,42.09,10786313572,453947386997
2016-10-11,41.55,10786313572,448171320687
2016-10-12,41.70,10786313572,449837795930
2016-10-13,41.46,10786313572,447243713520
2016-10-14,41.15,10786313572,443835218023
2016-10-17,40.65,10786313572,438436671043
2016-10-18,40.88,10786313572,440971461316
2016-10-19,40.88,10786313572,440993022093
2016-10-20,40.52,10786313572,437018268175
2016-10-21,40.95,10786313572,441694158808
2016-10-24,41.90,10786313572,451995066874
2016-10-25,41.76,10786313572,450425656274
2016-10-26,41.13,10786313572,443635698543
2016-10-27,40.92,10786313572,441354370839
2016-10-28,38.82,10786313572,418681568019
2016-10-31,39.49,10786313572,425962321451
2016-11-01,39.27,10786313572,423583929104
2016-11-02,38.28,10786313572,412878509592
2016-11-03,38.35,10786313572,413671320757
2016-11-04,37.75,10786313572,407210288314
2016-11-07,39.25,10786313572,423325035195
2016-11-08,39.39,10786313572,424845934046
2016-11-09,38.59,10786313572,416287005090
2016-11-10,37.12,10786313572,400377167883
2016-11-11,36.95,10786313572,398559684909
2016-11-14,35.95,10786313572,387805712502
2016-11-15,37.16,10786313572,400840971467
2016-11-16,37.32,10786313572,402593772110
2016-11-17,37.82,10786313572,407938376001
2016-11-18,38.01,10786313572,409966199990
2016-11-21,39.00,10786313572,420666229308
2016-11-22,39.27,10786313572,423540766404
2016-11-23,39.01,10786313572,420730952785
2016-11-25,39.02,10786313572,420865789934
2016-11-28,38.34,10786313572,413531093414
2016-11-29,38.13,10786313572,411238985321
2016-11-30,37.53,10786313572,404794164608
2016-12-01,37.18,10786313572,401062092870
2016-12-02,37.02,10786313572,399276951061
2016-12-05,37.97,10786313572,409534737572
2016-12-06,38.24,10786313572,412425486397
2016-12-07,38.52,10786313572,415499584119
2016-12-08,38.37,10786313572,413833108877
2016-12-09,38.43,10786313572,414550375029
2016-12-12,38.01,10786313572,409944639213
2016-12-13,38.72,10786313572,417613692363
2016-12-14,38.44,10786313572,414636700430
2016-12-15,38.05,10786313572,410419223185
2016-12-16,37.89,10786313572,408677244077
2016-12-19,38.30,10786313572,413115801578
2016-12-20,38.56,10786313572,415931046538
2016-12-21,38.53,10786313572,415596648762
2016-12-22,38.32,10786313572,413299191622
2016-12-23,38.03,10786313572,410198101782
2016-12-27,38.57,10786313572,416028111180
2016-12-28,38.61,10786313572,416421801092
2016-12-29,38.26,10786313572,412657388189
2016-12-30,37.49,10786313572,404416645278
2017-01-03,37.68,10786313572,406466030044
2017-01-04,37.86,10786313572,408359058031
2017-01-05,39.02,10786313572,420908911488
2017-01-06,39.80,10786313572,429289881742
2017-01-09,39.85,10786313572,429791457832
2017-01-10,39.79,10786313572,429241328847
2017-01-11,39.95,10786313572,430924015819
2017-01-12,40.68,10786313572,438808800178
2017-01-13,40.86,10786313572,440696396823
2017-01-17,40.49,10786313572,436694691934
2017-01-18,40.37,10786313572,435486630081
2017-01-19,40.45,10786313572,436327952994
2017-01-20,40.42,10786313572,435945043470
2017-01-23,40.89,10786313572,441095518076
2017-01-24,41.12,10786313572,443554804483
2017-01-25,41.83,10786313572,451148353767
2017-01-26,41.96,10786313572,452566756635
2017-01-27,41.79,10786313572,450743883466
2017-01-30,41.52,10786313572,447836964059
2017-01-31,41.17,10786313572,444115672709
2017-02-01,41.62,10786313572,448899408374
2017-02-02,42.00,10786313572,452998219053
2017-02-03,40.51,10786313572,436953544697
2017-02-06,40.38,10786313572,435572914335
2017-02-07,40.63,10786313572,438193988863
2017-02-08,40.99,10786313572,442082458526
2017-02-09,41.07,10786313572,442972334333
2017-02-10,41.37,10786313572,446262163265
2017-02-13,41.83,10786313572,451153743961
2017-02-14,41.82,10786313572,451078240095
2017-02-15,42.13,10786313572,454481304252
2017-02-16,42.21,10786313572,455257944834
2017-02-17,42.25,10786313572,455759520923
2017-02-21,42.82,10786313572,461891504638
2017-02-22,42.78,10786313572,461443871638
2017-02-23,42.61,10786313572,459599437692
2017-02-24,42.26,10786313572,455851195372
2017-02-27,42.43,10786313572,457684848929
2017-02-28,42.25,10786313572,455743309194
2017-03-01,42.65,10786313572,460079411858
2017-03-02,42.45,10786313572,457830466466
2017-03-03,42.49,10786313572,458353603333
2017-03-06,42.33,10786313572,456590063447
2017-03-07,42.30,10786313572,456271836255
2017-03-08,42.53,10786313572,458688001108
2017-03-09,42.65,10786313572,460036290304
2017-03-10,42.62,10786313572,459745055230
2017-03-13,42.73,10786313572,460893783800
2017-03-14,42.63,10786313572,459782786589
2017-03-15,42.65,10786313572,460020078575
2017-03-16,42.67,10786313572,460262801902
2017-03-17,42.62,10786313572,459664161169
2017-03-20,42.85,10786313572,462177349519
2017-03-21,42.16,10786313572,454750978550
2017-03-22,42.40,10786313572,457372053077
2017-03-23,42.37,10786313572,457005314136
2017-03-24,42.28,10786313572,456050714852
2017-03-27,42.34,10786313572,456703298673
2017-03-28,42.80,10786313572,461654212652
2017-03-29,43.72,10786313572,471534479834
2017-03-30,43.82,10786313572,472623916268
2017-03-31,44.33,10786313572,478124918085
2017-04-03,44.58,10786313572,480805325895
2017-04-04,45.34,10786313572,489067629583
2017-04-05,45.46,10786313572,490388967808
2017-04-06,44.91,10786313572,484456503573
2017-04-07,44.74,10786313572,482622808870
2017-04-10,45.35,10786313572,489180905955
2017-04-11,45.12,10786313572,486656896071
2017-04-12,44.81,10786313572,483350896557
2017-04-13,44.23,10786313572,477116416858
2017-04-17,45.10,10786313572,486457335444
2017-04-18,45.19,10786313572,487422715117
2017-04-19,44.96,10786313572,484952648322
2017-04-20,45.10,10786313572,486495107951
2017-04-21,44.93,10786313572,484591299576
2017-04-24,45.37,10786313572,489380425435
2017-04-25,45.38,10786313572,489493701807
2017-04-26,45.46,10786313572,490394358003
2017-04-27,45.92,10786313572,495296719087
2017-04-28,46.25,10786313572,498861612511
2017-05-01,47.41,10786313572,511395295385
2017-05-02,47.35,10786313572,510699590010
2017-05-03,47.05,10786313572,507512215916
2017-05-04,46.88,10786313572,505624619270
2017-05-05,46.71,10786313572,503801746102
2017-05-08,47.45,10786313572,511832147998
2017-05-09,47.64,10786313572,513870752375
2017-05-10,47.45,10786313572,511783595103
2017-05-11,47.38,10786313572,511066328951
2017-05-12,48.07,10786313572,518471139143
2017-05-15,47.90,10786313572,516648224828
2017-05-16,48.30,10786313572,521016709804
2017-05-17,47.24,10786313572,509523869322
2017-05-18,47.92,10786313572,516928679515
2017-05-19,47.99,10786313572,517656767202
2017-05-22,48.53,10786313572,523497556988
2017-05-23,48.58,10786313572,523966750766
2017-05-24,49.02,10786313572,528718145266
2017-05-25,49.67,10786313572,535745394982
2017-05-26,49.79,10786313572,537039782237
2017-05-30,49.83,10786313572,537535926985
2017-05-31,49.73,10786313572,536414149386
2017-06-01,49.80,10786313572,537131456685
2017-06-02,50.34,10786313572,542945254354
2017-06-05,50.57,10786313572,545431532879
2017-06-06,50.15,10786313572,540933642094
2017-06-07,50.50,10786313572,544746607892
2017-06-08,50.51,10786313572,544854452923
2017-06-09,48.92,10786313572,527617928444
2017-06-12,48.25,10786313572,520391076954
2017-06-13,49.04,10786313572,528955437252
2017-06-14,48.82,10786313572,526625597799
2017-06-15,48.21,10786313572,519991996848
2017-06-16,49.39,10786313572,532687508990
2017-06-19,49.76,10786313572,536710774656
2017-06-20,49.63,10786313572,535319363905
2017-06-21,50.11,10786313572,540518350259
2017-06-22,50.06,10786313572,540016774169
2017-06-23,50.19,10786313572,541332722201
2017-06-26,49.70,10786313572,536069012369
2017-06-27,48.84,10786313572,526792776114
2017-06-28,49.52,10786313572,534100480517
2017-06-29,48.80,10786313572,526334362725
2017-06-30,48.40,10786313572,522057593343
2017-07-03,47.68,10786313572,514323775570
2017-07-05,48.57,10786313572,523891246900
2017-07-06,48.26,10786313572,520515133715
2017-07-07,48.94,10786313572,527860610624
2017-07-10,49.82,10786313572,537411911371
2017-07-11,49.71,10786313572,536149906429
2017-07-12,50.33,10786313572,542826628934
2017-07-13,50.03,10786313572,539655466570
2017-07-14,50.09,10786313572,540291838662
2017-07-17,50.50,10786313572,544730396163
2017-07-18,51.22,10786313572,552501945296
2017-07-19,51.34,10786313572,553807071792
2017-07-20,51.44,10786313572,554794053389
2017-07-21,51.28,10786313572,553159919311
2017-07-24,51.95,10786313572,560322006177
2017-07-25,51.99,10786313572,560818192072
2017-07-26,52.64,10786313572,567791539847
2017-07-27,52.30,10786313572,564124191586
2017-07-28,51.00,10786313572,550123552949
2017-07-31,49.39,10786313572,532725240349
2017-08-01,49.81,10786313572,537260903640
2017-08-02,49.79,10786313572,537099074373
2017-08-03,49.35,10786313572,532261436766
2017-08-04,49.38,10786313572,532617395318
2017-08-07,49.61,10786313572,535146754250
2017-08-08,49.49,10786313572,533836237560
2017-08-09,49.10,10786313572,529613370121
2017-08-10,47.85,10786313572,516081966408
2017-08-11,48.40,10786313572,522052203149
2017-08-14,49.17,10786313572,530309116643
2017-08-15,49.14,10786313572,530007101179
2017-08-16,48.91,10786313572,527547814772
2017-08-17,48.03,10786313572,518050457114
2017-08-18,47.92,10786313572,516917899126
2017-08-21,47.66,10786313572,514124256090
2017-08-22,48.35,10786313572,521464342805
2017-08-23,47.90,10786313572,516664436557
2017-08-24,47.62,10786313572,513671232895
2017-08-25,47.26,10786313572,509793543620
2017-08-28,47.30,10786313572,510203404115
2017-08-29,47.70,10786313572,514539506779
2017-08-30,48.38,10786313572,521836471940
2017-08-31,49.03,10786313572,528852941268
2017-09-01,48.91,10786313572,527585546132
2017-09-05,48.26,10786313572,520585247386
2017-09-06,48.39,10786313572,521949707166
2017-09-07,48.97,10786313572,528243520147
2017-09-08,48.29,10786313572,520924994209
2017-09-11,48.90,10786313572,527429148206
2017-09-12,49.13,10786313572,529920816925
2017-09-13,49.98,10786313572,539099947391
2017-09-14,49.61,10786313572,535114413085
2017-09-15,49.34,10786313572,532191323094
2017-09-18,48.71,10786313572,525395934023
2017-09-19,48.49,10786313572,523060704376
2017-09-20,48.66,10786313572,524867406962
2017-09-21,48.23,10786313572,520250849611
2017-09-22,47.76,10786313572,515100416152
2017-09-25,46.99,10786313572,506843461512
2017-09-26,46.93,10786313572,506201699226
2017-09-27,47.54,10786313572,512819088448
2017-09-28,47.82,10786313572,515801511721
2017-09-29,48.07,10786313572,518471139143
2017-10-02,47.96,10786313572,517306198844
2017-10-03,47.85,10786313572,516179031050
2017-10-04,48.27,10786313572,520682312029
2017-10-05,49.04,10786313572,528987778417
2017-10-06,49.48,10786313572,533696010217
2017-10-09,49.55,10786313572,534456439069
2017-10-10,49.36,10786313572,532412444497
2017-10-11,49.75,10786313572,536619100207
2017-10-12,50.05,10786313572,539817254690
2017-10-13,50.15,10786313572,540901259782
2017-10-16,50.32,10786313572,542734954486
2017-10-17,50.46,10786313572,544239641608
2017-10-18,49.85,10786313572,537697715106
2017-10-19,49.33,10786313572,532094258451
2017-10-20,49.15,10786313572,530098775628
2017-10-23,48.31,10786313572,521140725418
2017-10-24,48.79,10786313572,526318150995
2017-10-25,48.65,10786313572,524705618842
2017-10-26,48.62,10786313572,524446724932
2017-10-27,55.05,10786313572,593759602938
2017-10-30,55.54,10786313572,599098816635
2017-10-31,55.26,10786313572,596094832585
2017-11-01,55.18,10786313572,595231907749
2017-11-02,54.71,10786313572,590129986037
2017-11-03,55.58,10786313572,599503328082
2017-11-06,56.03,10786313572,604389518584
2017-11-07,56.16,10786313572,605743197975
2017-11-08,56.64,10786313572,610979956835
2017-11-09,56.46,10786313572,608957523040
2017-11-10,56.27,10786313572,606918918663
2017-11-13,56.46,10786313572,608979083817
2017-11-14,56.84,10786313572,613115625855
2017-11-15,56.33,10786313572,607641575009
2017-11-16,56.86,10786313572,613358308035
2017-11-17,56.49,10786313572,609361993341
2017-11-20,56.32,10786313572,607436624189
2017-11-21,56.97,10786313572,614544809112
2017-11-22,57.81,10786313572,623535200487
2017-11-24,59.30,10786313572,639628386590
2017-11-27,59.79,10786313572,644929868928
2017-11-28,59.68,10786313572,643727197269
2017-11-29,58.06,10786313572,626291112163
2017-11-30,58.84,10786313572,634639741251
2017-12-01,58.12,10786313572,626873582312
2017-12-04,56.70,10786313572,611556995644
2017-12-05,57.08,10786313572,615666586711
2017-12-06,57.62,10786313572,621480425526
2017-12-07,57.99,10786313572,625492910804
2017-12-08,58.10,10786313572,626684802075
2017-12-11,58.45,10786313572,630416873812
2017-12-12,58.25,10786313572,628345928269
2017-12-13,58.21,10786313572,627833571791
2017-12-14,58.71,10786313572,633296842249
2017-12-15,58.96,10786313572,635928697165
2017-12-18,59.53,10786313572,642098453386
2017-12-19,59.37,10786313572,640372644860
2017-12-20,58.88,10786313572,635108935029
2017-12-21,58.74,10786313572,633566475400
2017-12-22,58.42,10786313572,630114858349
2017-12-26,58.84,10786313572,634645131445
2017-12-27,59.11,10786313572,637611342990
2017-12-28,59.31,10786313572,639682329679
2017-12-29,58.47,10786313572,630713499081
2018-01-02,59.45,10786313572,641251740279
2018-01-03,60.21,10786313572,649443930295
2018-01-04,60.48,10786313572,652350849703
2018-01-05,61.46,10786313572,662894481095
2018-01-08,62.34,10786313572,672456521084
2018-01-09,62.63,10786313572,675600732478
2018-01-10,62.72,10786313572,676479827897
2018-01-11,63.83,10786313572,688533536605
2018-01-12,65.26,10786313572,703914846751
2018-01-16,65.24,10786313572,703731415561
2018-01-17,64.75,10786313572,698413803787
2018-01-18,64.67,10786313572,697507757397
2018-01-19,64.73,10786313572,698187251043
2018-01-22,66.37,10786313572,715839108504
2018-01-23,68.13,10786313572,734839172869
2018-01-24,67.88,10786313572,732126465040
2018-01-25,68.90,10786313572,743150029452
2018-01-26,70.10,10786313572,756147557056
2018-01-29,70.88,10786313572,764577080205
2018-01-30,71.89,10786313572,775438856496
2018-01-31,72.54,10786313572,782487749283
2018-02-01,69.50,10786313572,749648793254
2018-02-02,71.50,10786313572,771194428280
2018-02-05,69.50,10786313572,749648793254
2018-02-06,72.14,10786313572,778146215278
2018-02-07,70.84,10786313572,764091633551
2018-02-08,67.53,10786313572,728345840408
2018-02-09,66.98,10786313572,722467319261
2018-02-12,69.31,10786313572,747615579071
2018-02-13,70.73,10786313572,762867442262
2018-02-14,72.55,10786313572,782573992390
2018-02-15,73.09,10786313572,788350058700
2018-02-16,72.43,10786313572,781301248206
2018-02-20,73.42,10786313572,791904212881
2018-02-21,74.15,10786313572,799762046269
2018-02-22,74.27,10786313572,801067131618
2018-02-23,75.00,10786313572,808973517900
2018-02-26,76.10,10786313572,820811536546
2018-02-27,75.60,10786313572,815434509196
2018-02-28,75.62,10786313572,815687971765
2018-03-01,74.67,10786313572,805441006789
2018-03-02,75.01,10786313572,809108313902
2018-03-05,76.18,10786313572,821706720254
2018-03-06,76.88,10786313572,829273400860
2018-03-07,77.25,10786313572,833242723437
2018-03-08,77.59,10786313572,836942454009
2018-03-09,78.94,10786313572,851520172602
2018-03-12,79.92,10786313572,862036811876
2018-03-13,79.41,10786313572,856530337572
2018-03-14,79.55,10786313572,858051277570
2018-03-15,79.12,10786313572,853369955595
2018-03-16,78.58,10786313572,847631661792
2018-03-19,77.25,10786313572,833204950931
2018-03-20,79.33,10786313572,855629722522
2018-03-21,79.09,10786313572,853121924367
2018-03-22,77.25,10786313572,833199601883
2018-03-23,74.78,10786313572,806578954970
2018-03-26,77.79,10786313572,839099683806
2018-03-27,74.85,10786313572,807382546523
2018-03-28,71.57,10786313572,771987239445
2018-03-29,72.37,10786313572,780573119373
2018-04-02,68.60,10786313572,739935745533
2018-04-03,69.60,10786313572,750754400270
2018-04-04,70.53,10786313572,760742553630
2018-04-05,72.59,10786313572,782951552866
2018-04-06,70.26,10786313572,757862544047
2018-04-09,70.30,10786313572,758320998583
2018-04-10,71.81,10786313572,774575931660
2018-04-11,71.35,10786313572,769630449021
2018-04-12,72.43,10786313572,781198793369
2018-04-13,71.54,10786313572,771647451475
2018-04-16,72.07,10786313572,777423517785
2018-04-17,75.19,10786313572,811039073249
2018-04-18,76.39,10786313572,823988047959
2018-04-19,77.85,10786313572,839665942227
2018-04-20,76.37,10786313572,823799267721
2018-04-23,75.89,10786313572,818605671561
2018-04-24,73.00,10786313572,787449443651
2018-04-25,73.01,10786313572,787492565205
2018-04-26,75.90,10786313572,818659655796
2018-04-27,78.63,10786313572,848138586929
2018-04-30,78.31,10786313572,844638499276
2018-05-01,79.11,10786313572,853337614430
2018-05-02,78.48,10786313572,846553046893
2018-05-03,78.60,10786313572,847847351854
2018-05-04,79.05,10786313572,852631128666
2018-05-07,80.01,10786313572,862980630772
2018-05-08,79.62,10786313572,858800884887
2018-05-09,80.40,10786313572,867219627647
2018-05-10,80.45,10786313572,867802097797
2018-05-11,80.15,10786313572,864474496360
2018-05-14,80.08,10786313572,863735669431
2018-05-15,78.81,10786313572,850026224722
2018-05-16,79.36,10786313572,856044973211
2018-05-17,79.09,10786313572,853067940132
2018-05-18,78.72,10786313572,849082405825
2018-05-21,79.27,10786313572,855063464102
2018-05-22,79.07,10786313572,852873810846
2018-05-23,80.09,10786313572,863908237939
2018-05-24,80.15,10786313572,864560821761
2018-05-25,80.51,10786313572,868379136606
2018-05-29,80.64,10786313572,869846092369
2018-05-30,81.24,10786313572,876328644442
2018-05-31,81.48,10786313572,878879646444
2018-06-01,82.08,10786313572,885308296575
2018-06-04,83.26,10786313572,898106181260
2018-06-05,84.82,10786313572,914868121768
2018-06-06,84.79,10786313572,914544545527
2018-06-07,84.46,10786313572,911065936358
2018-06-08,84.20,10786313572,908202220797
2018-06-11,84.46,10786313572,910968912862
2018-06-12,84.94,10786313572,916162509022
2018-06-13,85.24,10786313572,919457687001
2018-06-14,86.19,10786313572,929704734270
2018-06-15,85.80,10786313572,925449525666
2018-06-18,86.19,10786313572,929666961764
2018-06-19,86.74,10786313572,935594035805
2018-06-20,87.50,10786313572,943845559104
2018-06-21,86.51,10786313572,933134790544
2018-06-22,85.78,10786313572,925287737545
2018-06-25,83.16,10786313572,896962884030
2018-06-26,84.55,10786313572,912031316031
2018-06-27,83.03,10786313572,895539049822
2018-06-28,85.07,10786313572,917618684396
2018-06-29,84.99,10786313572,916728767442
2018-07-02,85.69,10786313572,924268455930
2018-07-03,84.70,10786313572,913579165854
2018-07-05,84.99,10786313572,916691077229
2018-07-06,85.53,10786313572,922569598376
2018-07-09,86.95,10786313572,937880712557
2018-07-10,87.15,10786313572,940065016765
2018-07-11,87.75,10786313572,946499015943
2018-07-12,89.83,10786313572,968945348312
2018-07-13,90.65,10786313572,977795471197
2018-07-16,91.12,10786313572,982897392908
2018-07-17,92.20,10786313572,994460388208
2018-07-18,92.15,10786313572,993915690565
2018-07-19,90.65,10786313572,977763130031
2018-07-20,90.68,10786313572,978156819943
2018-07-23,90.10,10786313572,971846836379
2018-07-24,91.46,10786313572,986537790197
2018-07-25,93.18,10786313572,1005074050978
2018-07-26,90.40,10786313572,975082763367
2018-07-27,90.86,10786313572,980082230242
2018-07-30,88.96,10786313572,959561225878
2018-07-31,88.87,10786313572,958601277546
2018-08-01,89.86,10786313572,969241932434
2018-08-02,91.72,10786313572,989282921485
2018-08-03,91.16,10786313572,983328855326
2018-08-06,92.39,10786313572,996520512216
2018-08-07,93.12,10786313572,1004464671004
2018-08-08,94.33,10786313572,1017429775150
2018-08-09,94.93,10786313572,1023901629128
2018-08-10,94.32,10786313572,1017311190877
2018-08-13,94.81,10786313572,1022650363428
2018-08-14,95.98,10786313572,1035297322674
2018-08-15,94.13,10786313572,1015326447295
2018-08-16,94.33,10786313572,1017429775150
2018-08-17,94.11,10786313572,1015110757233
2018-08-20,93.84,10786313572,1012139155494
2018-08-21,94.17,10786313572,1015757909713
2018-08-22,95.25,10786313572,1027342465791
2018-08-23,95.14,10786313572,1026263768599
2018-08-24,95.27,10786313572,1027606708748
2018-08-27,96.38,10786313572,1039628076291
2018-08-28,96.64,10786313572,1042400117403
2018-08-29,99.90,10786313572,1077606644244
2018-08-30,100.12,10786313572,1079914964066
2018-08-31,100.64,10786313572,1085486038408
2018-09-04,101.98,10786313572,1099939741387
2018-09-05,99.74,10786313572,1075837673018
2018-09-06,97.92,10786313572,1056147252325
2018-09-07,97.60,10786313572,1052781960675
2018-09-10,96.95,10786313572,1045738499229
2018-09-11,99.36,10786313572,1071701130980
2018-09-12,99.50,10786313572,1073238200414
2018-09-13,99.49,10786313572,1073168086742
2018-09-14,98.51,10786313572,1062554341679
2018-09-17,95.40,10786313572,1029030460664
2018-09-18,97.05,10786313572,1046838674904
2018-09-19,96.32,10786313572,1038948500352
2018-09-20,97.21,10786313572,1048591434401
2018-09-21,95.75,10786313572,1032794955860
2018-09-24,96.72,10786313572,1043230701074
2018-09-25,98.73,10786313572,1064905783055
2018-09-26,98.74,10786313572,1065067571175
2018-09-27,100.65,10786313572,1085631697092
2018-09-28,100.15,10786313572,1080249320694
2018-10-01,100.22,10786313572,1080982798576
2018-10-02,98.57,10786313572,1063158372606
2018-10-03,97.64,10786313572,1053154089810
2018-10-04,95.47,10786313572,1029780150274
2018-10-05,94.48,10786313572,1019117852316
2018-10-08,93.22,10786313572,1005510944737
2018-10-09,93.52,10786313572,1008692887491
2018-10-10,87.76,10786313572,946633811945
2018-10-11,85.97,10786313572,927277830175
2018-10-12,89.43,10786313572,964625375083
2018-10-15,88.05,10786313572,949707950814
2018-10-16,91.00,10786313572,981532974275
2018-10-17,91.59,10786313572,987880730346
2018-10-18,88.54,10786313572,954977091986
2018-10-19,88.20,10786313572,951369035862
2018-10-22,89.46,10786313572,964997504218
2018-10-23,88.43,10786313572,953887614406
2018-10-24,83.21,10786313572,897529142451
2018-10-25,89.11,10786313572,961152197255
2018-10-26,82.14,10786313572,885993221561
2018-10-29,76.94,10786313572,829942114117
2018-10-30,76.52,10786313572,825379541002
2018-10-31,79.90,10786313572,861831819909
2018-11-01,83.28,10786313572,898246408603
2018-11-02,83.28,10786313572,898246408603
2018-11-05,81.39,10786313572,877898055042
2018-11-06,82.14,10786313572,885993221561
2018-11-07,87.77,10786313572,946763258900
2018-11-08,87.75,10786313572,946450463048
2018-11-09,85.62,10786313572,923540327096
2018-11-12,81.84,10786313572,882778855350
2018-11-13,81.56,10786313572,879715579162
2018-11-14,79.95,10786313572,862371168505
2018-11-15,80.97,10786313572,873389383869
2018-11-16,79.67,10786313572,859351013872
2018-11-19,75.61,10786313572,815601728657
2018-11-20,74.77,10786313572,806525053028
2018-11-21,75.84,10786313572,817996291587
2018-11-23,75.10,10786313572,810084473964
2018-11-26,79.07,10786313572,852836038340
2018-11-27,79.07,10786313572,852884591235
2018-11-28,83.89,10786313572,904836846854
2018-11-29,83.68,10786313572,902582511267
2018-11-30,84.51,10786313572,911535171283
2018-12-03,88.62,10786313572,955861495306
2018-12-04,83.42,10786313572,899794258426
2018-12-06,84.96,10786313572,916399842154
2018-12-07,81.46,10786313572,878615321194
2018-12-10,82.05,10786313572,885033190936
2018-12-11,82.16,10786313572,886225123353
2018-12-12,83.18,10786313572,897173225045
2018-12-13,82.92,10786313572,894390321251
2018-12-14,79.60,10786313572,858541990978
2018-12-17,76.05,10786313572,820250627173
2018-12-18,77.57,10786313572,836737462042
2018-12-19,74.75,10786313572,806320061061
2018-12-20,73.04,10786313572,787848482610
2018-12-21,68.87,10786313572,742880355154
2018-12-24,67.20,10786313572,724818678344
2018-12-26,73.54,10786313572,793279411902
2018-12-27,73.08,10786313572,788285376369
2018-12-28,73.90,10786313572,797119369818
2018-12-31,75.10,10786313572,810036003362
2019-01-02,76.96,10786313572,830076910120
2019-01-03,75.01,10786313572,809124525632
2019-01-04,78.77,10786313572,849632534810
2019-01-07,81.48,10786313572,878820313161
2019-01-08,82.83,10786313572,893419592531
2019-01-09,82.97,10786313572,894951230624
2019-01-10,82.81,10786313572,893225380952
2019-01-11,82.03,10786313572,884779728367
2019-01-14,80.86,10786313572,872186671063
2019-01-15,83.73,10786313572,903116428523
2019-01-16,84.19,10786313572,908088985572
2019-01-17,84.66,10786313572,913180126895
2019-01-18,84.81,10786313572,914787227708
2019-01-22,81.61,10786313572,880254845465
2019-01-23,82.00,10786313572,884488493292
2019-01-24,82.75,10786313572,892529675577
2019-01-25,83.53,10786313572,900964630066
2019-01-28,81.89,10786313572,883339764722
2019-01-29,79.69,10786313572,859604476440
2019-01-30,83.52,10786313572,900889085054
2019-01-31,85.94,10786313572,926938042205
2019-02-01,81.31,10786313572,877051341935
2019-02-04,81.67,10786313572,880869656780
2019-02-05,82.94,10786313572,894622223043
2019-02-06,82.01,10786313572,884617940247
2019-02-07,80.72,10786313572,870655032969
2019-02-08,79.41,10786313572,856551980642
2019-02-11,79.55,10786313572,858051277570
2019-02-12,81.90,10786313572,883404447053
2019-02-13,82.00,10786313572,884477712904
2019-02-14,81.13,10786313572,875120582589
2019-02-15,80.40,10786313572,867192635530
2019-02-19,81.38,10786313572,877779388475
2019-02-20,81.11,10786313572,874823998466
2019-02-21,80.97,10786313572,873389383869
2019-02-22,81.58,10786313572,879925920177
2019-02-25,81.65,10786313572,880702519612
2019-02-26,81.82,10786313572,882536173169
2019-02-27,82.05,10786313572,885065532101
2019-02-28,81.99,10786313572,884386038455
2019-03-01,83.59,10786313572,901590221770
2019-03-04,84.81,10786313572,914771098271
2019-03-05,84.62,10786313572,912754013524
2019-03-06,83.45,10786313572,900090924842
2019-03-07,81.30,10786313572,876900334203
2019-03-08,81.04,10786313572,874122861750
2019-03-11,83.53,10786313572,900991539891
2019-03-12,83.65,10786313572,902329048699
2019-03-13,84.54,10786313572,911880308300
2019-03-14,84.31,10786313572,909404851310
2019-03-15,85.62,10786313572,923502554590
2019-03-18,87.11,10786313572,939568789723
2019-03-19,88.09,10786313572,950193315175
2019-03-20,89.86,10786313572,969295916670
2019-03-21,90.96,10786313572,981155413799
2019-03-22,88.24,10786313572,951768157115
2019-03-25,88.71,10786313572,956886208262
2019-03-26,89.19,10786313572,962009773044
2019-03-27,88.29,10786313572,952269733205
2019-03-28,88.67,10786313572,956433185067
2019-03-29,89.04,10786313572,960386378208
2019-04-01,90.71,10786313572,978421145193
2019-04-02,90.70,10786313572,978307827675
2019-04-03,91.04,10786313572,981932095528
2019-04-04,90.94,10786313572,980939723737
2019-04-05,91.86,10786313572,990873892861
2019-04-08,92.49,10786313572,997658460398
2019-04-09,91.79,10786313572,990097293426
2019-04-10,92.37,10786313572,996294041765
2019-04-11,92.20,10786313572,994535850927
2019-04-12,92.15,10786313572,993991153284
2019-04-15,92.24,10786313572,994967313345
2019-04-16,93.15,10786313572,1004766686467
2019-04-17,93.24,10786313572,1005726634800
2019-04-18,93.08,10786313572,1004038639927
2019-04-22,94.37,10786313572,1017855888520
2019-04-23,96.19,10786313572,1037519317095
2019-04-24,95.09,10786313572,1025643608236
2019-04-25,95.11,10786313572,1025913282534
2019-04-26,97.53,10786313572,1052005361240
2019-04-29,96.92,10786313572,1045425703377
2019-04-30,96.33,10786313572,1039002402294
2019-05-01,95.58,10786313572,1030912667115
2019-05-02,95.04,10786313572,1025142032147
2019-05-03,98.12,10786313572,1058385458476
2019-05-06,97.53,10786313572,1051962157393
2019-05-07,96.05,10786313572,1036025451508
2019-05-08,95.89,10786313572,1034283390106
2019-05-09,94.99,10786313572,1024629675668
2019-05-10,94.50,10786313572,1019295852166
2019-05-13,91.13,10786313572,982999930038
2019-05-14,92.01,10786313572,992405530955
2019-05-15,93.56,10786313572,1009140561638
2019-05-16,95.38,10786313572,1028782429436
2019-05-17,93.45,10786313572,1007980970386
2019-05-20,92.95,10786313572,1002571684164
2019-05-21,92.88,10786313572,1001789653388
2019-05-22,92.98,10786313572,1002954593687
2019-05-23,90.77,10786313572,979116850568
2019-05-24,91.16,10786313572,983323506278
2019-05-28,91.82,10786313572,990415520619
2019-05-29,90.96,10786313572,981117723586
2019-05-30,90.82,10786313572,979569873763
2019-05-31,88.75,10786313572,957323102021
2019-06-03,84.63,10786313572,912894240868
2019-06-04,86.48,10786313572,932778790846
2019-06-05,86.93,10786313572,937600340163
2019-06-06,87.72,10786313572,946153878926
2019-06-07,90.20,10786313572,972941663006
2019-06-10,93.03,10786313572,1003466950166
2019-06-11,93.18,10786313572,1005122603873
2019-06-12,92.77,10786313572,1000603152312
2019-06-13,93.51,10786313572,1008682107102
2019-06-14,93.48,10786313572,1008342319133
2019-06-17,94.30,10786313572,1017165532193
2019-06-18,95.07,10786313572,1025438616269
2019-06-19,95.44,10786313572,1029440362305
2019-06-20,95.91,10786313572,1034509942850
2019-06-21,95.57,10786313572,1030794082842
2019-06-24,95.69,10786313572,1032196273981
2019-06-25,93.91,10786313572,1012980437260
2019-06-26,94.89,10786313572,1023529499993
2019-06-27,95.21,10786313572,1027008026869
2019-06-28,94.68,10786313572,1021264384018
2019-07-01,96.11,10786313572,1036667172648
2019-07-02,96.72,10786313572,1043203708956
2019-07-03,96.95,10786313572,1045733067888
2019-07-05,97.15,10786313572,1047841827084
2019-07-08,97.62,10786313572,1052916756677
2019-07-09,99.42,10786313572,1072321373636
2019-07-10,100.87,10786313572,1088020828681
2019-07-11,100.05,10786313572,1079208396009
2019-07-12,100.55,10786313572,1084563862582
2019-07-15,101.05,10786313572,1089951588027
2019-07-16,100.50,10786313572,1083970612044
2019-07-17,99.60,10786313572,1074333027042
2019-07-18,98.89,10786313572,1066712444494
2019-07-19,98.23,10786313572,1059496414540
2019-07-22,99.28,10786313572,1070881409991
2019-07-23,99.72,10786313572,1075659755461
2019-07-24,100.04,10786313572,1079068168666
2019-07-25,98.69,10786313572,1064512093143
2019-07-26,97.15,10786313572,1047917289803
2019-07-29,95.62,10786313572,1031414243205
2019-07-30,94.93,10786313572,1023906978176
2019-07-31,93.34,10786313572,1006783688921
2019-08-01,92.77,10786313572,1000603152312
2019-08-02,91.16,10786313572,983301945501
2019-08-05,88.26,10786313572,951962286401
2019-08-06,89.39,10786313572,964204775347
2019-08-07,89.67,10786313572,967208718251
2019-08-08,91.64,10786313572,988506322049
2019-08-09,90.38,10786313572,974856210623
2019-08-12,89.25,10786313572,962635364747
2019-08-13,91.22,10786313572,983895196039
2019-08-14,88.15,10786313572,950791997053
2019-08-15,88.81,10786313572,957889360442
2019-08-16,89.63,10786313572,966761126397
2019-08-19,90.81,10786313572,979461987586
2019-08-20,90.07,10786313572,971512479750
2019-08-21,91.18,10786313572,983463733621
2019-08-22,90.23,10786313572,973281450976
2019-08-23,87.48,10786313572,943597527876
2019-08-26,88.44,10786313572,953979288855
2019-08-27,88.09,10786313572,950182534786
2019-08-28,88.21,10786313572,951487702429
2019-08-29,89.32,10786313572,963433524959
2019-08-30,88.81,10786313572,957981034890
2019-09-03,89.49,10786313572,965288739293
2019-09-04,90.03,10786313572,971102578109
2019-09-05,92.04,10786313572,992729189488
2019-09-06,91.68,10786313572,988840678678
2019-09-09,91.57,10786313572,987675738379
2019-09-10,91.03,10786313572,981851119175
2019-09-11,91.15,10786313572,983167067206
2019-09-12,92.18,10786313572,994255396241
2019-09-13,91.97,10786313572,991984931218
2019-09-16,90.39,10786313572,974996437967
2019-09-17,91.13,10786313572,982929816366
2019-09-18,90.87,10786313572,980184685079
2019-09-19,91.07,10786313572,982363475653
2019-09-20,89.71,10786313572,967618619892
2019-09-23,89.26,10786313572,962840274421
2019-09-24,87.08,10786313572,939277554648
2019-09-25,88.42,10786313572,953688053780
2019-09-26,86.99,10786313572,938322955363
2019-09-27,86.27,10786313572,930562227765
2019-09-30,86.80,10786313572,936203498072
2019-10-01,86.78,10786313572,936063270729
2019-10-02,85.66,10786313572,923971789514
2019-10-03,86.22,10786313572,930006749733
2019-10-04,86.98,10786313572,938220500526
2019-10-07,86.63,10786313572,934450738575
2019-10-08,85.28,10786313572,919808255359
2019-10-09,86.10,10786313572,928696233043
2019-10-10,86.01,10786313572,927763194535
2019-10-11,86.60,10786313572,934051617323
2019-10-14,86.82,10786313572,936483952759
2019-10-15,88.37,10786313572,953175779595
2019-10-16,88.87,10786313572,958595846205
2019-10-17,89.37,10786313572,964015995109
2019-10-18,87.88,10786313572,947852736480
2019-10-21,89.28,10786313572,963034403707
2019-10-22,88.29,10786313572,952285862641
2019-10-23,88.11,10786313572,950365883683
2019-10-24,89.04,10786313572,960402589938
2019-10-25,88.07,10786313572,949912860488
2019-10-28,88.85,10786313572,958407065967
2019-10-29,88.14,10786313572,950657118758
2019-10-30,89.00,10786313572,959976476567
2019-10-31,88.83,10786313572,958180595517
2019-11-01,89.57,10786313572,966151664129
2019-11-04,90.23,10786313572,973281450976
2019-11-05,90.09,10786313572,971690479599
2019-11-06,89.79,10786313572,968486893776
2019-11-07,89.41,10786313572,964404335973
2019-11-08,89.29,10786313572,963153070273
2019-11-11,88.58,10786313572,955478585783
2019-11-12,88.90,10786313572,958903293009
2019-11-13,87.66,10786313572,945479734328
2019-11-14,87.73,10786313572,946283325880
2019-11-15,86.97,10786313572,938134257418
2019-11-18,87.63,10786313572,945166938476
2019-11-19,87.64,10786313572,945307165819
2019-11-20,87.28,10786313572,941391662891
2019-11-21,86.74,10786313572,935556263299
2019-11-22,87.29,10786313572,941494200021
2019-11-25,88.69,10786313572,956659737811
2019-11-26,89.85,10786313572,969117916820
2019-11-27,90.93,10786313572,980750943499
2019-11-29,90.04,10786313572,971199683898
2019-12-02,89.08,10786313572,960844832744
2019-12-03,88.50,10786313572,954567190345
2019-12-04,88.03,10786313572,949567723471
2019-12-05,87.02,10786313572,938668174673
2019-12-06,87.58,10786313572,944665362386
2019-12-09,87.48,10786313572,943538194593
2019-12-10,86.96,10786313572,937983249687
2019-12-11,87.44,10786313572,943112081223
2019-12-12,88.02,10786313572,949373594185
2019-12-13,88.05,10786313572,949702519473
2019-12-16,88.46,10786313572,954162720045
2019-12-17,89.53,10786313572,965730982100
2019-12-18,89.20,10786313572,962155349434
2019-12-19,89.61,10786313572,966604687324
2019-12-20,89.32,10786313572,963487426902
2019-12-23,89.65,10786313572,966993028188
2019-12-24,89.46,10786313572,964949033617
2019-12-26,93.44,10786313572,1007856954772
2019-12-27,93.49,10786313572,1008412432804
2019-12-30,92.34,10786313572,996056708632
2019-12-31,92.39,10786313572,996569065111
2020-01-02,94.90,10786313572,1023626523489
2020-01-03,93.75,10786313572,1011200685646
2020-01-06,95.14,10786313572,1026252988211
2020-01-07,95.34,10786313572,1028399519912
2020-01-08,94.60,10786313572,1020369118016
2020-01-09,95.05,10786313572,1025266047760
2020-01-10,94.16,10786313572,1015617682370
2020-01-13,94.57,10786313572,1020007769270
2020-01-14,93.47,10786313572,1008218303519
2020-01-15,93.10,10786313572,1004216557483
2020-01-16,93.90,10786313572,1012802519704
2020-01-17,93.24,10786313572,1005672732857
2020-01-21,94.60,10786313572,1020385247453
2020-01-22,94.37,10786313572,1017936782581
2020-01-23,94.23,10786313572,1016383501417
2020-01-24,93.08,10786313572,1004011647809
2020-01-27,91.42,10786313572,986052425836
2020-01-28,92.66,10786313572,999486764907
2020-01-29,92.90,10786313572,1002048547297
2020-01-30,93.53,10786313572,1008887016776
2020-01-31,100.44,10786313572,1083334157659
2020-02-03,100.21,10786313572,1080896473175
2020-02-04,102.48,10786313572,1105419141281
2020-02-05,101.99,10786313572,1100133870672
2020-02-06,102.51,10786313572,1105721156744
2020-02-07,103.96,10786313572,1121388270624
2020-02-10,106.70,10786313572,1150851154614
2020-02-11,107.54,10786313572,1159960171408
2020-02-12,108.00,10786313572,1164921865776
2020-02-13,107.49,10786313572,1159458595318
2020-02-14,106.74,10786313572,1151368860139
2020-02-18,107.78,10786313572,1162586636129
2020-02-19,108.51,10786313572,1170433689128
2020-02-20,107.65,10786313572,1161200574427
2020-02-21,104.80,10786313572,1130389483534
2020-02-24,100.46,10786313572,1083641604463
2020-02-25,98.64,10786313572,1063929622993
2020-02-26,98.98,10786313572,1067623922225
2020-02-27,94.21,10786313572,1016232493685
2020-02-28,94.19,10786313572,1015935909563
2020-03-02,97.70,10786313572,1053795893243
2020-03-03,95.45,10786313572,1029548248482
2020-03-04,98.79,10786313572,1065596057089
2020-03-05,96.20,10786313572,1037659544438
2020-03-06,95.05,10786313572,1025287608537
2020-03-09,90.03,10786313572,971097229061
2020-03-10,94.59,10786313572,1020288223956
2020-03-11,91.04,10786313572,982018338635
2020-03-12,83.83,10786313572,904222035539
2020-03-13,89.25,10786313572,962678486301
2020-03-16,84.46,10786313572,910985042298
2020-03-17,90.39,10786313572,974996437967
2020-03-18,91.50,10786313572,986947691838
2020-03-19,94.05,10786313572,1014415051858
2020-03-20,92.30,10786313572,995625246214
2020-03-23,95.14,10786313572,1026226078386
2020-03-24,97.00,10786313572,1046326318426
2020-03-25,94.29,10786313572,1017063077356
2020-03-26,97.77,10786313572,1054626394620
2020-03-27,95.00,10786313572,1024753691282
2020-03-30,98.20,10786313572,1059189050029
2020-03-31,97.49,10786313572,1051514565538
2020-04-01,95.39,10786313572,1028852543107
2020-04-02,95.94,10786313572,1034855079868
2020-04-03,95.33,10786313572,1028253861228
2020-04-06,99.88,10786313572,1077331620898
2020-04-07,100.58,10786313572,1084887438822
2020-04-08,102.15,10786313572,1101821947838
2020-04-09,102.14,10786313572,1101692500884
2020-04-13,108.44,10786313572,1169705560295
2020-04-14,114.17,10786313572,1231430279211
2020-04-15,115.38,10786313572,1244568034159
2020-04-16,120.41,10786313572,1298774625364
2020-04-17,118.75,10786313572,1280874736675
2020-04-20,119.68,10786313572,1290911360636
2020-04-21,116.41,10786313572,1255591598570
2020-04-22,118.17,10786313572,1274667207948
2020-04-23,119.97,10786313572,1294061044517
2020-04-24,120.51,10786313572,1299869451992
2020-04-27,118.80,10786313572,1281414085271
2020-04-28,115.70,10786313572,1248019651210
2020-04-29,118.64,10786313572,1279639682704
2020-04-30,123.70,10786313572,1334266955939
2020-05-01,114.30,10786313572,1232897234974
2020-05-04,115.80,10786313572,1249049713214
2020-05-05,115.89,10786313572,1250025873276
2020-05-06,117.56,10786313572,1268071420649
2020-05-07,118.38,10786313572,1276889202369
2020-05-08,118.98,10786313572,1283360974053
2020-05-11,120.45,10786313572,1299211436830
2020-05-12,117.85,10786313572,1271140128177
2020-05-13,118.40,10786313572,1277056421830
2020-05-14,119.44,10786313572,1288344229198
2020-05-15,120.49,10786313572,1299632118860
2020-05-18,121.31,10786313572,1308520096544
2020-05-19,122.47,10786313572,1320962063824
2020-05-20,124.90,10786313572,1347178240436
2020-05-21,122.34,10786313572,1319565221732
2020-05-22,121.84,10786313572,1314247609959
2020-05-26,121.09,10786313572,1306147094391
2020-05-27,120.52,10786313572,1299961126441
2020-05-28,120.06,10786313572,1294950879178
2020-05-29,122.12,10786313572,1317208431309
2020-06-01,123.55,10786313572,1332670635515
2020-06-02,123.62,10786313572,1333409462444
2020-06-03,123.92,10786313572,1336639958092
2020-06-04,123.03,10786313572,1327040145596
2020-06-05,124.15,10786313572,1339120846422
2020-06-08,126.20,10786313572,1361265163328
2020-06-09,130.04,10786313572,1402684567943
2020-06-10,132.37,10786313572,1427811266976
2020-06-11,127.90,10786313572,1379547961540
2020-06-12,127.25,10786313572,1372569182425
2020-06-15,128.63,10786313572,1387486688988
2020-06-16,130.76,10786313572,1410456158223
2020-06-17,132.05,10786313572,1424321877418
2020-06-18,132.70,10786313572,1431333079992
2020-06-19,133.75,10786313572,1442674871596
2020-06-22,135.69,10786313572,1463605613014
2020-06-23,138.22,10786313572,1490889706429
2020-06-24,136.72,10786313572,1474704804731
2020-06-25,137.73,10786313572,1485588224092
2020-06-26,134.64,10786313572,1452306942964
2020-06-29,134.02,10786313572,1445570928322
2020-06-30,137.94,10786313572,1487874818551
2020-07-01,143.93,10786313572,1552528017652
2020-07-02,144.51,10786313572,1558784099274
2020-07-06,152.85,10786313572,1648709656092
2020-07-07,150.01,10786313572,1618011718131
2020-07-08,154.06,10786313572,1661690889674
2020-07-09,159.13,10786313572,1716442260816
2020-07-10,160.00,10786313572,1725810171520
2020-07-13,155.20,10786313572,1674035833457
2020-07-14,154.20,10786313572,1663249519885
2020-07-15,150.44,10786313572,1622730730319
2020-07-16,149.99,10786313572,1617893051565
2020-07-17,148.10,10786313572,1597436811825
2020-07-20,159.84,10786313572,1724105882625
2020-07-21,156.91,10786313572,1692529054978
2020-07-22,155.00,10786313572,1671830050765
2020-07-23,149.33,10786313572,1610693233339
2020-07-24,150.45,10786313572,1622752291096
2020-07-27,152.76,10786313572,1647722633348
2020-07-28,150.02,10786313572,1618124953356
2020-07-29,151.68,10786313572,1636030273387
2020-07-30,152.59,10786313572,1645926670005
2020-07-31,158.23,10786313572,1706761471967
2020-08-03,155.59,10786313572,1678291042061
2020-08-04,156.94,10786313572,1692820207760
2020-08-05,160.25,10786313572,1728522879349
2020-08-06,161.25,10786313572,1739293063485
2020-08-07,158.37,10786313572,1708260851189
2020-08-10,157.41,10786313572,1697852098092
2020-08-11,154.03,10786313572,1661453556541
2020-08-12,158.11,10786313572,1705445606229
2020-08-13,158.05,10786313572,1704787591067
2020-08-14,157.40,10786313572,1697776553080
2020-08-17,159.12,10786313572,1716323594250
2020-08-18,165.62,10786313572,1786477754022
2020-08-19,163.02,10786313572,1758428006145
2020-08-20,164.87,10786313572,1778323336512
2020-08-21,164.24,10786313572,1771500914176
2020-08-24,165.37,10786313572,1783765046193
2020-08-25,167.32,10786313572,1804814454177
2020-08-26,172.09,10786313572,1856243655223
2020-08-27,170.00,10786313572,1833673307240
2020-08-28,170.09,10786313572,1834644035961
2020-08-31,172.55,10786313572,1861156878989
2020-09-01,174.96,10786313572,1887130208835
2020-09-02,176.57,10786313572,1904566293941
2020-09-03,168.40,10786313572,1816415139690
2020-09-04,164.73,10786313572,1776840251313
2020-09-08,157.49,10786313572,1698758144482
2020-09-09,163.43,10786313572,1762812579411
2020-09-10,158.76,10786313572,1712386530545
2020-09-11,155.81,10786313572,1680626354001
2020-09-14,155.15,10786313572,1673480355425
2020-09-15,157.81,10786313572,1702150428250
2020-09-16,153.90,10786313572,1660067577132
2020-09-17,150.44,10786313572,1622655185306
2020-09-18,147.75,10786313572,1593629277368
2020-09-21,148.02,10786313572,1596627871225
2020-09-22,156.45,10786313572,1687513294081
2020-09-23,149.99,10786313572,1617871490788
2020-09-24,150.99,10786313572,1628620114147
2020-09-25,154.76,10786313572,1669252138939
2020-09-28,158.70,10786313572,1711814923077
2020-09-29,157.24,10786313572,1696083126866
2020-09-30,157.44,10786313572,1698159380310
2020-10-01,161.06,10786313572,1737276061031
2020-10-02,156.25,10786313572,1685361495625
2020-10-05,159.96,10786313572,1725378791395
2020-10-06,155.00,10786313572,1671857042883
2020-10-07,159.78,10786313572,1723485722262
2020-10-08,159.53,10786313572,1720713598857
2020-10-09,164.33,10786313572,1772541921155
2020-10-12,172.15,10786313572,1856826125372
2020-10-13,172.18,10786313572,1857203685848
2020-10-14,168.19,10786313572,1814101553114
2020-10-15,166.93,10786313572,1800586237690
2020-10-16,163.64,10786313572,1765023793444
2020-10-19,160.36,10786313572,1729698682330
2020-10-20,160.85,10786313572,1734983870645
2020-10-21,159.25,10786313572,1717688012883
2020-10-22,158.82,10786313572,1713082400506
2020-10-23,160.22,10786313572,1728183173673
2020-10-26,160.35,10786313572,1729607007882
2020-10-27,164.32,10786313572,1772369270353
2020-10-28,158.14,10786313572,1705736923597
2020-10-29,160.55,10786313572,1731748108243
2020-10-30,151.81,10786313572,1637443244914
2020-11-02,150.22,10786313572,1620363159507
2020-11-03,152.42,10786313572,1644055326235
2020-11-04,162.06,10786313572,1748008390368
2020-11-05,166.10,10786313572,1791606750144
2020-11-06,165.57,10786313572,1785873723095
2020-11-09,157.19,10786313572,1695468233258
2020-11-10,151.75,10786313572,1636833947233
2020-11-11,156.87,10786313572,1692043690617
2020-11-12,155.51,10786313572,1677422850471
2020-11-13,156.44,10786313572,1687416352878
2020-11-16,156.55,10786313572,1688629681486
2020-11-17,156.78,10786313572,1691110652110
2020-11-18,155.27,10786313572,1674823213281
2020-11-19,155.85,10786313572,1681057734126
2020-11-20,154.97,10786313572,1671555027420
2020-11-23,154.92,10786313572,1671010247483
2020-11-24,155.90,10786313572,1681618643499
2020-11-25,159.25,10786313572,1717758126554
2020-11-27,159.77,10786313572,1723296942024
2020-11-30,158.40,10786313572,1708573564747
2020-12-01,161.00,10786313572,1736639606646
2020-12-02,160.18,10786313572,1727713938749
2020-12-03,159.34,10786313572,1718653474849
2020-12-04,158.13,10786313572,1705628955126
2020-12-07,157.90,10786313572,1703158847184
2020-12-08,158.86,10786313572,1713562333526
2020-12-09,155.21,10786313572,1674143801928
2020-12-10,155.07,10786313572,1672682112920
2020-12-11,155.82,10786313572,1680734157886
2020-12-14,157.85,10786313572,1702603369152
2020-12-15,158.26,10786313572,1706998805100
2020-12-16,162.05,10786313572,1747900586483
2020-12-17,161.80,10786313572,1745268690421
2020-12-18,160.08,10786313572,1726700088474
2020-12-21,160.31,10786313572,1729143204298
2020-12-22,160.33,10786313572,1729326553195
2020-12-23,159.26,10786313572,1717866095025
2020-12-24,158.63,10786313572,1711081527489
2020-12-28,164.20,10786313572,1771091094828
2020-12-29,166.10,10786313572,1791606750144
2020-12-30,164.29,10786313572,1772110376444
2020-12-31,162.85,10786313572,1756513376235
2021-01-04,159.33,10786313572,1718599490613
2021-01-05,160.93,10786313572,1735792975832
2021-01-06,156.92,10786313572,1692577607872
2021-01-07,158.11,10786313572,1705402484675
2021-01-08,159.13,10786313572,1716479951029
2021-01-11,155.71,10786313572,1679542225469
2021-01-12,156.04,10786313572,1683112591379
2021-01-13,158.29,10786313572,1707414055789
2021-01-14,156.37,10786313572,1686693655385
2021-01-15,155.21,10786313572,1674170629460
2021-01-19,156.04,10786313572,1683074736580
2021-01-20,163.17,10786313572,1759992067697
2021-01-21,165.35,10786313572,1783511583624
2021-01-22,164.61,10786313572,1775551213107
2021-01-25,164.70,10786313572,1776505812391
2021-01-26,166.31,10786313572,1793834093612
2021-01-27,161.63,10786313572,1743381052628
2021-01-28,161.88,10786313572,1746099191798
2021-01-29,160.31,10786313572,1729153902394
2021-02-01,167.14,10786313572,1802867565395
2021-02-02,169.00,10786313572,1822886993668
2021-02-03,165.63,10786313572,1786499314799
2021-02-04,166.55,10786313572,1796460558334
2021-02-05,167.61,10786313572,1807867032269
2021-02-08,166.15,10786313572,1792113675281
2021-02-09,165.25,10786313572,1782438317773
2021-02-10,164.33,10786313572,1772504066356
2021-02-11,163.11,10786313572,1759317923099
2021-02-12,163.89,10786313572,1767720371837
2021-02-16,163.45,10786313572,1762995928308
2021-02-17,165.43,10786313572,1784401500578
2021-02-18,166.41,10786313572,1794966610453
2021-02-19,162.49,10786313572,1752721971215
2021-02-22,159.04,10786313572,1715422979201
2021-02-23,159.73,10786313572,1722844001122
2021-02-24,157.98,10786313572,1703984081807
2021-02-25,152.86,10786313572,1648774338422
2021-02-26,154.65,10786313572,1668065637862
2021-03-01,157.31,10786313572,1696762702805
2021-03-02,154.73,10786313572,1668928562698
2021-03-03,150.25,10786313572,1620643614193
2021-03-04,148.88,10786313572,1605850123245
2021-03-05,150.02,10786313572,1618195067028
2021-03-08,147.60,10786313572,1592032956944
2021-03-09,153.14,10786313572,1651843045950
2021-03-10,152.88,10786313572,1649033232332
2021-03-11,155.68,10786313572,1679207951133
2021-03-12,154.47,10786313572,1666210423528
2021-03-15,154.08,10786313572,1661998336478
2021-03-16,154.59,10786313572,1667488599053
2021-03-17,156.79,10786313572,1691148342323
2021-03-18,151.40,10786313572,1633042542212
2021-03-19,153.75,10786313572,1658374150918
2021-03-22,155.54,10786313572,1677740995370
2021-03-23,156.88,10786313572,1692102941608
2021-03-24,154.35,10786313572,1664905255886
2021-03-25,152.31,10786313572,1642895817276
2021-03-26,152.60,10786313572,1646007646358
2021-03-29,153.79,10786313572,1658789401607
2021-03-30,152.76,10786313572,1647765754902
2021-03-31,154.70,10786313572,1668685798225
2021-04-01,158.05,10786313572,1704776892972
2021-04-05,161.34,10786313572,1740226101993
2021-04-06,161.19,10786313572,1738656609100
2021-04-07,163.97,10786313572,1768626418227
2021-04-08,164.96,10786313572,1779364178904
2021-04-09,168.61,10786313572,1818680337958
2021-04-12,168.97,10786313572,1822557986087
2021-04-13,170.00,10786313572,1833673307240
2021-04-14,166.65,10786313572,1797539090939
2021-04-15,168.95,10786313572,1822396197967
2021-04-16,169.97,10786313572,1833371291777
2021-04-19,168.60,10786313572,1818577800828
2021-04-20,166.73,10786313572,1798450568670
2021-04-21,168.10,10786313572,1813190075383
2021-04-22,165.45,10786313572,1784617108347
2021-04-23,167.04,10786313572,1801789032789
2021-04-26,170.45,10786313572,1838527115430
2021-04-27,170.87,10786313572,1843073641402
2021-04-28,172.93,10786313572,1865223307355
2021-04-29,173.57,10786313572,1872131972799
2021-04-30,173.37,10786313572,1870033993992
2021-05-03,169.32,10786313572,1826387081321
2021-05-04,165.59,10786313572,1786143479686
2021-05-05,163.53,10786313572,1763853421804
2021-05-06,165.32,10786313572,1783177144702
2021-05-07,164.58,10786313572,1775216938771
2021-05-10,159.52,10786313572,1720681339984
2021-05-11,161.20,10786313572,1738705161995
2021-05-12,157.60,10786313572,1699890661323
2021-05-13,158.07,10786313572,1705030355540
2021-05-14,161.15,10786313572,1738160546644
2021-05-17,163.52,10786313572,1763772610037
2021-05-18,161.61,10786313572,1743219264508
2021-05-19,161.59,10786313572,1742960370599
2021-05-20,162.38,10786313572,1751524772043
2021-05-21,160.15,10786313572,1727471338861
2021-05-24,162.25,10786313572,1750073945716
2021-05-25,162.95,10786313572,1757656755758
2021-05-26,163.26,10786313572,1760951933737
2021-05-27,161.51,10786313572,1742048892868
2021-05-28,161.15,10786313572,1738252221093
2021-06-01,160.93,10786313572,1735868356258
2021-06-02,161.70,10786313572,1744141440334
2021-06-03,159.35,10786313572,1718804400287
2021-06-04,160.31,10786313572,1729164765075
2021-06-07,159.90,10786313572,1724736905669
2021-06-08,163.21,10786313572,1760385757609
2021-06-09,164.06,10786313572,1769575586171
2021-06-10,167.48,10786313572,1806518743072
2021-06-11,167.34,10786313572,1804997967660
2021-06-14,169.19,10786313572,1824974109794
2021-06-15,169.16,10786313572,1824574988541
2021-06-16,170.76,10786313572,1841897838421
2021-06-17,174.46,10786313572,1881801898966
2021-06-18,174.35,10786313572,1880539852877
2021-06-21,172.70,10786313572,1862774760190
2021-06-22,175.27,10786313572,1890538786625
2021-06-23,175.19,10786313572,1889664999108
2021-06-24,172.45,10786313572,1860142864128
2021-06-25,170.07,10786313572,1834460687064
2021-06-28,172.19,10786313572,1857343913191
2021-06-29,172.41,10786313572,1859635938991
2021-06-30,172.01,10786313572,1855332177492
2021-07-01,171.65,10786313572,1851454529363
2021-07-02,175.55,10786313572,1893526517800
2021-07-06,183.79,10786313572,1982384240108
2021-07-07,184.83,10786313572,1993623494582
2021-07-08,186.57,10786313572,2012407868884
2021-07-09,185.97,10786313572,2005898324693
2021-07-12,185.93,10786313572,2005472375909
2021-07-13,183.87,10786313572,1983257863039
2021-07-14,184.08,10786313572,1985587743638
2021-07-15,181.56,10786313572,1958363065799
2021-07-16,178.68,10786313572,1927314724066
2021-07-19,177.48,10786313572,1914349619920
2021-07-20,178.66,10786313572,1927077390933
2021-07-21,179.26,10786313572,1933554511666
2021-07-22,181.90,10786313572,1962046666935
2021-07-23,182.83,10786313572,1972083290896
2021-07-26,184.99,10786313572,1995370905031
2021-07-27,181.32,10786313572,1955769024536
2021-07-28,181.52,10786313572,1957888564120
2021-07-29,180.00,10786313572,1941493321406
2021-07-30,166.38,10786313572,1794621473436
2021-08-02,166.57,10786313572,1796719452243
2021-08-03,168.31,10786313572,1815465971746
2021-08-04,167.74,10786313572,1809253011678
2021-08-05,168.80,10786313572,1820724332530
2021-08-06,167.25,10786313572,1803978521459
2021-08-09,167.09,10786313572,1802322950044
2021-08-10,166.03,10786313572,1790894750746
2021-08-11,164.61,10786313572,1775486530776
2021-08-12,165.18,10786313572,1781629377172
2021-08-13,164.70,10786313572,1776489682955
2021-08-16,164.95,10786313572,1779196959443
2021-08-17,162.10,10786313572,1748439935079
2021-08-18,160.06,10786313572,1726468186682
2021-08-19,159.39,10786313572,1719203521540
2021-08-20,160.00,10786313572,1725783179402
2021-08-23,163.29,10786313572,1761334925553
2021-08-24,165.29,10786313572,1782858999803
2021-08-25,164.96,10786313572,1779299496573
2021-08-26,165.80,10786313572,1788370823155
2021-08-27,167.48,10786313572,1806508044977
2021-08-30,171.08,10786313572,1845306416212
2021-08-31,173.54,10786313572,1871851518112
2021-09-01,173.95,10786313572,1876279212932
2021-09-02,173.16,10786313572,1867714976074
2021-09-03,173.90,10786313572,1875766856454
2021-09-07,175.46,10786313572,1892615040070
2021-09-08,176.27,10786313572,1901357359070
2021-09-09,174.21,10786313572,1879062034433
2021-09-10,173.46,10786313572,1870967032499
2021-09-13,172.86,10786313572,1864506041203
2021-09-14,172.50,10786313572,1860639091170
2021-09-15,173.79,10786313572,1874548096505
2021-09-16,174.41,10786313572,1881262550370
2021-09-17,173.13,10786313572,1867391399834
2021-09-20,167.79,10786313572,1809797791615
2021-09-21,167.18,10786313572,1803272117988
2021-09-22,169.00,10786313572,1822913985786
2021-09-23,170.80,10786313572,1842302391015
2021-09-24,171.28,10786313572,1847436653891
2021-09-27,170.29,10786313572,1836801265758
2021-09-28,165.80,10786313572,1788349262378
2021-09-29,165.06,10786313572,1780345770307
2021-09-30,164.25,10786313572,1771673564978
2021-10-01,164.16,10786313572,1770713534353
2021-10-04,159.49,10786313572,1720298348168
2021-10-05,161.05,10786313572,1737135833688
2021-10-06,163.10,10786313572,1759253076182
2021-10-07,165.12,10786313572,1781052338363
2021-10-08,164.43,10786313572,1773604324324
2021-10-11,162.32,10786313572,1750780513773
2021-10-12,162.37,10786313572,1751335991805
2021-10-13,164.21,10786313572,1771263745630
2021-10-14,164.99,10786313572,1779666194368
2021-10-15,170.45,10786313572,1838537978112
2021-10-18,172.34,10786313572,1858880982625
2021-10-19,172.21,10786313572,1857484140534
2021-10-20,170.75,10786313572,1841795465877
2021-10-21,171.75,10786313572,1852554787332
2021-10-22,166.78,10786313572,1798914372254
2021-10-25,166.02,10786313572,1790727531285
2021-10-26,168.80,10786313572,1820767454084
2021-10-27,169.62,10786313572,1829623008310
2021-10-28,172.33,10786313572,1858789308177
2021-10-29,168.62,10786313572,1818804435865
2021-11-01,165.91,10786313572,1789508771337
2021-11-02,165.64,10786313572,1786617981365
2021-11-03,169.20,10786313572,1825044223465
2021-11-04,173.85,10786313572,1875200680327
2021-11-05,175.95,10786313572,1897846408735
2021-11-08,174.45,10786313572,1881661671623
2021-11-09,178.81,10786313572,1928716832912
2021-11-10,174.10,10786313572,1877924086251
2021-11-11,173.63,10786313572,1872773693939
2021-11-12,176.26,10786313572,1901168743418
2021-11-15,177.28,10786313572,1912240778431
2021-11-16,177.04,10786313572,1909555062720
2021-11-17,177.45,10786313572,1914031310434
2021-11-18,184.80,10786313572,1993343039895
2021-11-19,183.83,10786313572,1982831914255
2021-11-22,178.63,10786313572,1926742952012
2021-11-23,179.00,10786313572,1930771690165
2021-11-24,179.02,10786313572,1930971168498
2021-11-26,175.23,10786313572,1890064120361
2021-11-29,178.08,10786313572,1920810611216
2021-11-30,175.35,10786313572,1891417840898
2021-12-01,172.19,10786313572,1857252238743
2021-12-02,171.87,10786313572,1853822100175
2021-12-03,169.49,10786313572,1828166915229
2021-12-06,171.37,10786313572,1848434374730
2021-12-07,176.16,10786313572,1900165591239
2021-12-08,176.16,10786313572,1900095477567
2021-12-09,174.17,10786313572,1878663077766
2021-12-10,172.21,10786313572,1857532693429
2021-12-13,169.57,10786313572,1829008279288
2021-12-14,169.09,10786313572,1823874016411
2021-12-15,173.32,10786313572,1869429963065
2021-12-16,168.87,10786313572,1821495582918
2021-12-17,170.02,10786313572,1833862087478
2021-12-20,167.08,10786313572,1802166428679
2021-12-21,170.42,10786313572,1838171280318
2021-12-22,171.04,10786313572,1844858742065
2021-12-23,171.07,10786313572,1845198447741
2021-12-27,169.67,10786313572,1830108372670
2021-12-28,170.66,10786313572,1840803011794
2021-12-29,169.20,10786313572,1825055086147
2021-12-30,168.64,10786313572,1819052467093
2021-12-31,166.72,10786313572,1798261788432
2022-01-03,170.40,10786313572,1838036319729
2022-01-04,167.52,10786313572,1806944856442
2022-01-05,164.36,10786313572,1772806081819
2022-01-06,163.25,10786313572,1760908812183
2022-01-07,162.55,10786313572,1753358425600
2022-01-10,161.49,10786313572,1741838551853
2022-01-11,165.36,10786313572,1783646379626
2022-01-12,165.21,10786313572,1781974514190
2022-01-13,161.21,10786313572,1738904804914
2022-01-14,162.14,10786313572,1748871315204
2022-01-18,158.92,10786313572,1714133940994
2022-01-19,156.30,10786313572,1685889981539
2022-01-20,151.67,10786313572,1635933167597
2022-01-21,142.64,10786313572,1538592184785
2022-01-24,144.54,10786313572,1559096977419
2022-01-25,139.99,10786313572,1509932810055
2022-01-26,138.87,10786313572,1497922305194
2022-01-27,139.64,10786313572,1506173828493
2022-01-28,143.98,10786313572,1552991821236
2022-01-31,149.57,10786313572,1613346690178
2022-02-01,151.19,10786313572,1630820465498
2022-02-02,150.61,10786313572,1624553685780
2022-02-03,138.85,10786313572,1497631152412
2022-02-04,157.64,10786313572,1700349033566
2022-02-07,157.94,10786313572,1703541839001
2022-02-08,161.41,10786313572,1741056603370
2022-02-09,161.19,10786313572,1738640479664
2022-02-10,159.00,10786313572,1715061548161
2022-02-11,153.29,10786313572,1653471789833
2022-02-14,155.17,10786313572,1673679998345
2022-02-15,156.51,10786313572,1688171309243
2022-02-16,158.10,10786313572,1705321508322
2022-02-17,154.65,10786313572,1668130320193
2022-02-18,152.60,10786313572,1646007646358
2022-02-22,150.20,10786313572,1620077273479
2022-02-23,144.83,10786313572,1562149390925
2022-02-24,151.36,10786313572,1632594868064
2022-02-25,153.79,10786313572,1658810962384
2022-02-28,153.56,10786313572,1656378709241
2022-03-01,151.14,10786313572,1630264987466
2022-03-02,152.05,10786313572,1640086003658
2022-03-03,147.90,10786313572,1595279582028
2022-03-04,145.64,10786313572,1570929564724
2022-03-07,137.45,10786313572,1482611191013
2022-03-08,136.01,10786313572,1467095002571
2022-03-09,139.28,10786313572,1502307043046
2022-03-10,146.82,10786313572,1583619645525
2022-03-11,145.52,10786313572,1569672949976
2022-03-14,141.85,10786313572,1530070904895
2022-03-15,147.37,10786313572,1589541288225
2022-03-16,153.10,10786313572,1651427795262
2022-03-17,157.24,10786313572,1696029142631
2022-03-18,161.25,10786313572,1739298494826
2022-03-21,161.49,10786313572,1741897967429
2022-03-22,164.89,10786313572,1778544540208
2022-03-23,163.41,10786313572,1762569979524
2022-03-24,163.65,10786313572,1765174883469
2022-03-25,164.77,10786313572,1777298623556
2022-03-28,168.99,10786313572,1822784456538
2022-03-29,169.32,10786313572,1826284708777
2022-03-30,166.30,10786313572,1793774678036
2022-03-31,163.00,10786313572,1758142120118
2022-04-01,163.56,10786313572,1764209421503
2022-04-04,168.35,10786313572,1815838100881
2022-04-05,164.05,10786313572,1769548594053
2022-04-06,158.76,10786313572,1712391961886
2022-04-07,157.78,10786313572,1701913095118
2022-04-08,154.46,10786313572,1666059333504
2022-04-11,151.12,10786313572,1630049215110
2022-04-12,150.79,10786313572,1626441323572
2022-04-13,155.54,10786313572,1677714003253
2022-04-14,151.71,10786313572,1636353849627
2022-04-18,152.79,10786313572,1647986958599
2022-04-19,158.12,10786313572,1705483296442
2022-04-20,154.00,10786313572,1661070729311
2022-04-21,148.30,10786313572,1599567214091
2022-04-22,144.35,10786313572,1557004429953
2022-04-25,146.07,10786313572,1575600024017
2022-04-26,139.39,10786313572,1503515104899
2022-04-27,138.17,10786313572,1490312667621
2022-04-28,144.60,10786313572,1559663153546
2022-04-29,124.28,10786313572,1340539249291
2022-05-02,124.50,10786313572,1342896039714
2022-05-03,124.25,10786313572,1340237233827
2022-05-04,125.93,10786313572,1358304259684
2022-05-05,116.41,10786313572,1255602378959
2022-05-06,114.77,10786313572,1237972164567
2022-05-09,108.79,10786313572,1173432282985
2022-05-10,108.86,10786313572,1174187321643
2022-05-11,105.37,10786313572,1136575451484
2022-05-12,106.93,10786313572,1153385862593
2022-05-13,113.06,10786313572,1219446684174
2022-05-16,110.81,10786313572,1195236811920
2022-05-17,115.37,10786313572,1244400814698
2022-05-18,107.11,10786313572,1155349045398
2022-05-19,107.32,10786313572,1157576388867
2022-05-20,107.59,10786313572,1160510300392
2022-05-23,107.56,10786313572,1160143520305
2022-05-24,104.10,10786313572,1122855226387
2022-05-25,106.78,10786313572,1151708648109
2022-05-26,111.08,10786313572,1198116739210
2022-05-27,115.15,10786313572,1242006251768
2022-05-31,120.21,10786313572,1296617395567
2022-06-01,121.68,10786313572,1312521760287
2022-06-02,125.51,10786313572,1353801019852
2022-06-03,122.35,10786313572,1319705449076
2022-06-06,124.79,10786313572,1346024080525
2022-06-07,123.00,10786313572,1326716569356
2022-06-08,121.18,10786313572,1307085481947
2022-06-09,116.15,10786313572,1252830337846
2022-06-10,109.65,10786313572,1182719299628
2022-06-13,103.67,10786313572,1118217108259
2022-06-14,102.31,10786313572,1103547715218
2022-06-15,107.67,10786313572,1161362362547
2022-06-16,103.66,10786313572,1118109304374
2022-06-17,106.22,10786313572,1145722240785
2022-06-21,108.68,10786313572,1172256562297
2022-06-22,108.95,10786313572,1175168830752
2022-06-23,112.44,10786313572,1212813124369
2022-06-24,116.46,10786313572,1256174068720
2022-06-27,113.22,10786313572,1221226435789
2022-06-28,107.40,10786313572,1158450094091
2022-06-29,108.92,10786313572,1174845254512
2022-06-30,106.21,10786313572,1145614354607
2022-07-01,109.56,10786313572,1181748488615
2022-07-05,113.50,10786313572,1224246590422
2022-07-06,114.33,10786313572,1233199250437
2022-07-07,116.33,10786313572,1254771877581
2022-07-08,115.54,10786313572,1246250679984
2022-07-11,111.75,10786313572,1205370541671
2022-07-12,109.22,10786313572,1178081181501
2022-07-13,110.40,10786313572,1190809034807
2022-07-14,110.63,10786313572,1193289840845
2022-07-15,113.55,10786313572,1224785939018
2022-07-18,113.76,10786313572,1227051054993
2022-07-19,118.21,10786313572,1275050117471
2022-07-20,122.77,10786313572,1324235681026
2022-07-21,124.63,10786313572,1344298230853
2022-07-22,122.42,10786313572,1320460487734
2022-07-25,121.14,10786313572,1306654019529
2022-07-26,114.81,10786313572,1238376634868
2022-07-27,120.97,10786313572,1304820365972
2022-07-28,122.28,10786313572,1318950410417
2022-07-29,134.95,10786313572,1455612983624
2022-08-01,135.39,10786313572,1460358987930
2022-08-02,134.16,10786313572,1447091868320
2022-08-03,139.52,10786313572,1504906515650
2022-08-04,142.57,10786313572,1537804804961
2022-08-05,140.80,10786313572,1518712983855
2022-08-08,139.41,10786313572,1503720014573
2022-08-09,137.83,10786313572,1486677619379
2022-08-10,142.69,10786313572,1539099109922
2022-08-11,140.64,10786313572,1516987134183
2022-08-12,143.55,10786313572,1548375346178
2022-08-15,143.18,10786313572,1544384298238
2022-08-16,144.78,10786313572,1561642465787
2022-08-17,142.10,10786313572,1532735224416
2022-08-18,142.30,10786313572,1534892454213
2022-08-19,138.23,10786313572,1490992078973
2022-08-22,133.22,10786313572,1436952707229
2022-08-23,133.62,10786313572,1441267166823
2022-08-24,133.80,10786313572,1443208788851
2022-08-25,137.28,10786313572,1480745113997
2022-08-26,130.75,10786313572,1410310499539
2022-08-29,129.79,10786313572,1399955566092
2022-08-30,128.73,10786313572,1388522100039
2022-08-31,126.77,10786313572,1367380935314
2022-09-01,127.82,10786313572,1378706597481
2022-09-02,127.51,10786313572,1375362866608
2022-09-06,126.11,10786313572,1360262011148
2022-09-07,129.48,10786313572,1396611835218
2022-09-08,129.82,10786313572,1400279306918
2022-09-09,133.27,10786313572,1437492055825
2022-09-12,136.45,10786313572,1471792453982
2022-09-13,126.82,10786313572,1367920283909
2022-09-14,128.55,10786313572,1386580642598
2022-09-15,126.28,10786313572,1362095664705
2022-09-16,123.53,10786313572,1332433302382
2022-09-19,124.66,10786313572,1344621889386
2022-09-20,122.19,10786313572,1317979681696
2022-09-21,118.54,10786313572,1278609620700
2022-09-22,117.31,10786313572,1265342418798
2022-09-23,113.78,10786313572,1227266745055
2022-09-26,115.15,10786313572,1242044024274
2022-09-27,114.41,10786313572,1234062175273
2022-09-28,118.01,10786313572,1272892887674
2022-09-29,114.80,10786313572,1238268830983
2022-09-30,113.00,10786313572,1218853433636
2022-10-03,115.88,10786313572,1249917987098
2022-10-04,121.09,10786313572,1306114670933
2022-10-05,120.95,10786313572,1304604593616
2022-10-06,120.30,10786313572,1297593555629
2022-10-07,114.56,10786313572,1235680056475
2022-10-10,113.67,10786313572,1226080243979
2022-10-11,112.21,10786313572,1210332236039
2022-10-12,112.90,10786313572,1217774818737
2022-10-13,112.53,10786313572,1213783853090
2022-10-14,106.90,10786313572,1153056937305
2022-10-17,113.79,10786313572,1227374631233
2022-10-18,116.36,10786313572,1255095453821
2022-10-19,115.07,10786313572,1241181099438
2022-10-20,115.25,10786313572,1243122639173
2022-10-21,119.32,10786313572,1287022932119
2022-10-24,119.82,10786313572,1292416088905
2022-10-25,120.60,10786313572,1300829400325
2022-10-26,115.66,10786313572,1247545067238
2022-10-27,110.96,10786313572,1196849344074
2022-10-28,103.41,10786313572,1115412725981
2022-10-31,102.44,10786313572,1104949988649
2022-11-01,96.79,10786313572,1044007300509
2022-11-02,92.12,10786313572,993635235878
2022-11-03,89.30,10786313572,963217834897
2022-11-04,90.98,10786313572,981338844989
2022-11-07,90.53,10786313572,976484954506
2022-11-08,89.98,10786313572,970552531417
2022-11-09,86.14,10786313572,929133044509
2022-11-10,96.63,10786313572,1042281450837
2022-11-11,100.79,10786313572,1087152554797
2022-11-14,98.49,10786313572,1062344000664
2022-11-15,98.94,10786313572,1067197891147
2022-11-16,97.12,10786313572,1047566803738
2022-11-17,94.85,10786313572,1023081825846
2022-11-18,94.14,10786313572,1015423553085
2022-11-21,92.46,10786313572,997302542992
2022-11-22,93.20,10786313572,1005284391993
2022-11-23,94.13,10786313572,1015315666907
2022-11-25,93.41,10786313572,1007549590261
2022-11-28,93.95,10786313572,1013374127172
2022-11-29,92.42,10786313572,996871080574
2022-11-30,96.54,10786313572,1041310722116
2022-12-01,95.50,10786313572,1030092946126
2022-12-02,94.13,10786313572,1015315666907
2022-12-05,91.01,10786313572,981662421230
2022-12-06,88.25,10786313572,951892172729
2022-12-07,88.46,10786313572,954157288704
2022-12-08,90.35,10786313572,974543414772
2022-12-09,89.09,10786313572,960952636629
2022-12-12,90.55,10786313572,976700726862
2022-12-13,92.49,10786313572,997626119232
2022-12-14,91.58,10786313572,987810616674
2022-12-15,88.45,10786313572,954049402526
2022-12-16,87.86,10786313572,947685517019
2022-12-19,84.92,10786313572,915973728784
2022-12-20,85.19,10786313572,918886079532
2022-12-21,86.77,10786313572,935928392434
2022-12-22,83.79,10786313572,903785224073
2022-12-23,85.25,10786313572,919533232013
2022-12-27,83.04,10786313572,895695488894
2022-12-28,81.82,10786313572,882536173169
2022-12-29,84.18,10786313572,907991879783
2022-12-30,84.00,10786313572,906050340048
2023-01-03,85.82,10786313572,925681427457
2023-01-04,85.14,10786313572,918346730937
2023-01-05,83.12,10786313572,896558413730
2023-01-06,86.08,10786313572,928485892028
2023-01-09,87.36,10786313572,942292360233
2023-01-10,89.87,10786313572,969366030341
2023-01-11,95.09,10786313572,1025670518061
2023-01-12,95.27,10786313572,1027612057796
2023-01-13,98.12,10786313572,1058353117310
2023-01-17,96.05,10786313572,1036025451508
2023-01-18,95.46,10786313572,1029661483708
2023-01-19,93.68,10786313572,1010461858717
2023-01-20,97.25,10786313572,1048968994877
2023-01-23,97.52,10786313572,1051881263333
2023-01-24,96.32,10786313572,1038937719963
2023-01-25,97.18,10786313572,1048213956219
2023-01-26,99.22,10786313572,1070218045781
2023-01-27,102.24,10786313572,1102792676559
2023-01-30,100.55,10786313572,1084563862582
2023-01-31,103.13,10786313572,1112392489055
2023-02-01,105.15,10786313572,1134180888554
2023-02-02,112.91,10786313572,1217882704915
2023-02-03,103.39,10786313572,1115196953626
2023-02-06,102.18,10786313572,1102145524079
2023-02-07,102.11,10786313572,1101390485420
2023-02-08,100.05,10786313572,1079170705796
2023-02-09,98.24,10786313572,1059647422271
2023-02-10,97.61,10786313572,1052852074346
2023-02-13,99.54,10786313572,1073669662832
2023-02-14,99.70,10786313572,1075395430211
2023-02-15,101.16,10786313572,1091143520444
2023-02-16,98.15,10786313572,1058676693550
2023-02-17,97.20,10786313572,1048429646281
2023-02-21,94.58,10786313572,1020169557390
2023-02-22,95.79,10786313572,1033220986937
2023-02-23,95.82,10786313572,1033544563177
2023-02-24,93.50,10786313572,1008520318982
2023-02-27,93.76,10786313572,1011324783553
2023-02-28,94.23,10786313572,1016394364098
2023-03-01,92.17,10786313572,994174502181
2023-03-02,92.13,10786313572,993743039763
2023-03-03,94.90,10786313572,1023621174441
2023-03-06,93.75,10786313572,1011216897375
2023-03-07,93.55,10786313572,1009059667578
2023-03-08,93.92,10786313572,1013050550932
2023-03-09,92.25,10786313572,995037427017
2023-03-10,90.73,10786313572,978642266596
2023-03-13,92.43,10786313572,996978966752
2023-03-14,94.88,10786313572,1023405402086
2023-03-15,96.20,10786313572,1037643332709
2023-03-16,100.04,10786313572,1079062819618
2023-03-17,98.95,10786313572,1067305695032
2023-03-20,97.71,10786313572,1053930689245
2023-03-21,100.61,10786313572,1085211015062
2023-03-22,98.70,10786313572,1064609116639
2023-03-23,98.71,10786313572,1064717002817
2023-03-24,98.13,10786313572,1058460921195
2023-03-27,98.04,10786313572,1057490192474
2023-03-28,97.24,10786313572,1048861108699
2023-03-29,100.25,10786313572,1081327935593
2023-03-30,102.00,10786313572,1100203984344
2023-03-31,103.29,10786313572,1114118338727
2023-04-03,102.41,10786313572,1104626412409
2023-04-04,103.95,10786313572,1121237262892
2023-04-05,101.10,10786313572,1090496285671
2023-04-06,102.06,10786313572,1100851136825
2023-04-10,102.17,10786313572,1102037637901
2023-04-11,99.92,10786313572,1077768432364
2023-04-12,97.83,10786313572,1055225076499
2023-04-13,102.40,10786313572,1104518526231
2023-04-14,102.51,10786313572,1105705027308
2023-04-17,102.74,10786313572,1108185833345
2023-04-18,102.30,10786313572,1103439911333
2023-04-19,104.30,10786313572,1125012538477
2023-04-20,103.81,10786313572,1119727185576
2023-04-21,106.96,10786313572,1153704089786
2023-04-24,106.21,10786313572,1145614354607
2023-04-25,102.57,10786313572,1106352179788
2023-04-26,104.98,10786313572,1132347234997
2023-04-27,109.82,10786313572,1184552953185
2023-04-28,105.45,10786313572,1137416733250
2023-05-01,102.05,10786313572,1100743332940
2023-05-02,103.63,10786313572,1117785645841
2023-05-03,103.65,10786313572,1118001418196
2023-05-04,104.00,10786313572,1121776611488
2023-05-05,105.66,10786313572,1139681931518
2023-05-08,105.83,10786313572,1141515585075
2023-05-09,106.62,10786313572,1150036782672
2023-05-10,110.19,10786313572,1188543918832
2023-05-11,112.18,10786313572,1210008659799
2023-05-12,110.26,10786313572,1189298957491
2023-05-15,111.20,10786313572,1199438036289
2023-05-16,113.40,10786313572,1223167975523
2023-05-17,115.50,10786313572,1245819217566
2023-05-18,118.15,10786313572,1274402964990
2023-05-19,116.25,10786313572,1253908952745
2023-05-22,115.01,10786313572,1240533946958
2023-05-23,114.99,10786313572,1240318174602
2023-05-24,116.75,10786313572,1259302109531
2023-05-25,115.00,10786313572,1240426060780
2023-05-26,120.11,10786313572,1295544129716
2023-05-30,121.66,10786313572,1312262948670
2023-05-31,120.58,10786313572,1300613710262
2023-06-01,122.77,10786313572,1324235681026
2023-06-02,124.25,10786313572,1340199461321
2023-06-05,125.30,10786313572,1351525123489
2023-06-06,126.61,10786313572,1365655167934
2023-06-07,121.23,10786313572,1307624830542
2023-06-08,124.25,10786313572,1340199461321
2023-06-09,123.43,10786313572,1331354687484
2023-06-12,126.57,10786313572,1365223705516
2023-06-13,126.66,10786313572,1366194516530
2023-06-14,126.42,10786313572,1363605742022
2023-06-15,127.11,10786313572,1371048324720
2023-06-16,125.49,10786313572,1353574467108
2023-06-20,125.78,10786313572,1356702507919
2023-06-21,124.83,10786313572,1346455542943
2023-06-22,130.15,10786313572,1403838645561
2023-06-23,129.33,10786313572,1394993954017
2023-06-26,127.33,10786313572,1373421326873
2023-06-27,129.18,10786313572,1393375908230
2023-06-28,129.04,10786313572,1391865830913
2023-06-29,127.90,10786313572,1379569522317
2023-06-30,130.36,10786313572,1406103843829
2023-07-03,130.22,10786313572,1404593766513
2023-07-05,130.38,10786313572,1406319616185
2023-07-06,128.36,10786313572,1384531216685
2023-07-07,129.78,10786313572,1399847762207
2023-07-10,127.13,10786313572,1371264014783
2023-07-11,128.78,10786313572,1389061448635
2023-07-12,130.80,10786313572,1410849848135
2023-07-13,134.30,10786313572,1448601945637
2023-07-14,134.68,10786313572,1452700632876
2023-07-17,133.56,10786313572,1440620014343
2023-07-18,132.83,10786313572,1432746051519
2023-07-19,135.36,10786313572,1460035411689
2023-07-20,129.96,10786313572,1401789384235
2023-07-21,130.00,10786313572,1402220764360
2023-07-24,128.80,10786313572,1389277220991
2023-07-25,129.13,10786313572,1392836724220
2023-07-26,128.15,10786313572,1382266018417
2023-07-27,128.25,10786313572,1383344715609
2023-07-28,132.21,10786313572,1426058589772
2023-07-31,133.68,10786313572,1441914319304
2023-08-01,131.69,10786313572,1420449660630
2023-08-02,128.21,10786313572,1382913335484
2023-08-03,128.91,10786313572,1390463722067
2023-08-04,139.57,10786313572,1505445864245
2023-08-07,142.22,10786313572,1534029529377
2023-08-08,139.94,10786313572,1509436747599
2023-08-09,137.85,10786313572,1486893391735
2023-08-10,138.56,10786313572,1494551582203
2023-08-11,138.41,10786313572,1492933701001
2023-08-14,140.57,10786313572,1516232177817
2023-08-15,137.67,10786313572,1484951769707
2023-08-16,135.07,10786313572,1456907453171
2023-08-17,133.98,10786313572,1445150246292
2023-08-18,133.22,10786313572,1436952707229
2023-08-21,134.68,10786313572,1452700632876
2023-08-22,134.25,10786313572,1448062597041
2023-08-23,135.52,10786313572,1461761261362
2023-08-24,131.84,10786313572,1422067541832
2023-08-25,133.26,10786313572,1437384087354
2023-08-28,133.14,10786313572,1436089782393
2023-08-29,134.91,10786313572,1455181603499
2023-08-30,135.07,10786313572,1456907453171
2023-08-31,138.01,10786313572,1488619076821
2023-09-01,138.12,10786313572,1489805577897
2023-09-05,137.27,10786313572,1480637310113
2023-09-06,135.36,10786313572,1460035411689
2023-09-07,137.85,10786313572,1486893391735
2023-09-08,138.23,10786313572,1490992078973
2023-09-11,143.10,10786313572,1543521537988
2023-09-12,141.23,10786313572,1523351019689
2023-09-13,144.85,10786313572,1562397586739
2023-09-14,144.72,10786313572,1560995313307
2023-09-15,140.39,10786313572,1514290555790
2023-09-18,139.98,10786313572,1509868127724
2023-09-19,137.63,10786313572,1484520389582
2023-09-20,135.29,10786313572,1459280290738
2023-09-21,129.33,10786313572,1394993954017
2023-09-22,129.12,10786313572,1392728755749
2023-09-25,131.27,10786313572,1415919428681
2023-09-26,125.98,10786313572,1358859820009
2023-09-27,125.98,10786313572,1358859820009
2023-09-28,125.98,10786313572,1358859820009
2023-09-29,127.12,10786313572,1371156210898
2023-10-02,129.46,10786313572,1396396227449
2023-10-03,124.72,10786313572,1345269041867
2023-10-04,127.00,10786313572,1369861823644
2023-10-05,125.96,10786313572,1358644047654
2023-10-06,127.96,10786313572,1380216674798
2023-10-09,128.26,10786313572,1383452519494
2023-10-10,129.48,10786313572,1396611835218
2023-10-11,131.83,10786313572,1421959737947
2023-10-12,132.33,10786313572,1427352894733
2023-10-13,129.79,10786313572,1399955566092
2023-10-16,132.55,10786313572,1429725896886
2023-10-17,131.47,10786313572,1418076658478
2023-10-18,128.13,10786313572,1382050410648
2023-10-19,128.40,10786313572,1384962596810
2023-10-20,125.17,10786313572,1350122850057
2023-10-23,126.56,10786313572,1365115819339
2023-10-24,128.56,10786313572,1386688446483
2023-10-25,121.39,10786313572,1309350597922
2023-10-26,119.57,10786313572,1289719510512
2023-10-27,127.74,10786313572,1377843672645
2023-10-30,132.71,10786313572,1431451746558
2023-10-31,133.09,10786313572,1435550433797
2023-11-01,137.00,10786313572,1477724959364
2023-11-02,138.07,10786313572,1489266393887
2023-11-03,138.60,10786313572,1494983126914
2023-11-06,139.74,10786313572,1507279517802
2023-11-07,142.71,10786313572,1539314882278
2023-11-08,142.08,10786313572,1532519452060
2023-11-09,140.60,10786313572,1516555754058
2023-11-10,143.56,10786313572,1548483150063
2023-11-13,142.59,10786313572,1538020412731
2023-11-14,145.80,10786313572,1572644551715
2023-11-15,143.20,10786313572,1544600070593
2023-11-16,142.83,10786313572,1540609187239
2023-11-17,145.18,10786313572,1565956925382
2023-11-20,146.13,10786313572,1576204054944
2023-11-21,143.90,10786313572,1552150457176
2023-11-22,146.71,10786313572,1582460136566
2023-11-24,146.74,10786313572,1582783712806
2023-11-27,147.73,10786313572,1593462057907
2023-11-28,147.03,10786313572,1585911671324
2023-11-29,146.32,10786313572,1578253480856
2023-11-30,146.09,10786313572,1575772510233
2023-12-01,147.03,10786313572,1585911671324
2023-12-04,144.84,10786313572,1562289618268
2023-12-05,146.88,10786313572,1584293790123
2023-12-06,144.52,10786313572,1558838083510
2023-12-07,146.88,10786313572,1584293790123
2023-12-08,147.42,10786313572,1590118327034
2023-12-11,145.89,10786313572,1573615280436
2023-12-12,147.48,10786313572,1590765479514
2023-12-13,148.84,10786313572,1605434872556
2023-12-14,147.42,10786313572,1590118327034
2023-12-15,149.97,10786313572,1617623459560
2023-12-18,154.07,10786313572,1661847411039
2023-12-19,153.79,10786313572,1658827091820
2023-12-20,152.12,10786313572,1640813967905
2023-12-21,153.84,10786313572,1659366440416
2023-12-22,153.42,10786313572,1654836208466
2023-12-26,153.41,10786313572,1654728404581
2023-12-27,153.34,10786313572,1653973283630
2023-12-28,153.38,10786313572,1654404828341
2023-12-29,151.94,10786313572,1638872510463
2024-01-02,149.93,10786313572,1617191914849
2024-01-03,148.47,10786313572,1601443989202
2024-01-04,144.57,10786313572,1559377432105
2024-01-05,145.24,10786313572,1566604242448
2024-01-08,149.10,10786313572,1608239419420
2024-01-09,151.37,10786313572,1632724232726
2024-01-10,153.73,10786313572,1658179939339
2024-01-11,155.18,10786313572,1673820061102
2024-01-12,154.62,10786313572,1667779751835
2024-01-16,153.16,10786313572,1652031826188
2024-01-17,151.71,10786313572,1636391704426
2024-01-18,153.50,10786313572,1655699133302
2024-01-19,155.34,10786313572,1675545910774
2024-01-22,154.78,10786313572,1669505601507
2024-01-23,156.02,10786313572,1682880689588
2024-01-24,156.87,10786313572,1692048957372
2024-01-25,157.75,10786313572,1701540965983
2024-01-26,159.12,10786313572,1716318162909
2024-01-29,161.26,10786313572,1739400867370
2024-01-30,159.00,10786313572,1715023857948
2024-01-31,155.20,10786313572,1674035833457
2024-02-01,159.28,10786313572,1718044012581
2024-02-02,171.81,10786313572,1853196508472
2024-02-05,170.31,10786313572,1837017038114
2024-02-06,169.15,10786313572,1824504874869
2024-02-07,170.53,10786313572,1839390040266
2024-02-08,169.84,10786313572,1831947457568
2024-02-09,174.45,10786313572,1881672369718
2024-02-12,172.34,10786313572,1858913241498
2024-02-13,168.64,10786313572,1819003914199
2024-02-14,170.98,10786313572,1844243848456
2024-02-15,169.80,10786313572,1831516077443
2024-02-16,169.51,10786313572,1828387954339
2024-02-20,167.08,10786313572,1802177291360
2024-02-21,168.59,10786313572,1818464565603
2024-02-22,174.58,10786313572,1883074643150
2024-02-23,174.99,10786313572,1887497071215
2024-02-26,174.73,10786313572,1884692524351
2024-02-27,173.54,10786313572,1871856784867
2024-02-28,173.16,10786313572,1867758097628
2024-02-29,176.76,10786313572,1906588727736
2024-03-01,178.22,10786313572,1922336817969
2024-03-04,177.58,10786313572,1915433583866
2024-03-05,174.12,10786313572,1878112866489
2024-03-06,173.51,10786313572,1871533208627
2024-03-07,176.82,10786313572,1907236044802
2024-03-08,175.35,10786313572,1891380150685
2024-03-11,171.96,10786313572,1854814554259
2024-03-12,175.39,10786313572,1891811530810
2024-03-13,176.56,10786313572,1904431497939
2024-03-14,178.75,10786313572,1928053550995
2024-03-15,174.42,10786313572,1881348793478
2024-03-18,174.48,10786313572,1881995945958
2024-03-19,175.90,10786313572,1897312491480
2024-03-20,178.15,10786313572,1921581697017
2024-03-21,178.15,10786313572,1921581697017
2024-03-22,178.87,10786313572,1929347855956
2024-03-25,179.71,10786313572,1938408484442
2024-03-26,178.30,10786313572,1923199742805
2024-03-27,179.83,10786313572,1939702789403
2024-03-28,180.38,10786313572,1945635294785
2024-04-01,180.97,10786313572,1951999180292
2024-04-02,180.69,10786313572,1948979025658
2024-04-03,182.41,10786313572,1967531498169
2024-04-04,180.00,10786313572,1941536442960
2024-04-05,185.07,10786313572,1996223131771
2024-04-08,185.19,10786313572,1997517436732
2024-04-09,185.67,10786313572,2002694821163
2024-04-10,185.95,10786313572,2005714975796
2024-04-11,189.05,10786313572,2039152613704
2024-04-12,186.13,10786313572,2007656597824
2024-04-15,183.62,10786313572,1980582845423
2024-04-16,183.32,10786313572,1977347083020
2024-04-17,181.28,10786313572,1955342911165
2024-04-18,179.22,10786313572,1933123131541
2024-04-19,174.63,10786313572,1883613991746
2024-04-22,177.23,10786313572,1911658308281
2024-04-23,179.54,10786313572,1936574666299
2024-04-24,176.59,10786313572,1904755074179
2024-04-25,173.67,10786313572,1873259058299
2024-04-26,179.62,10786313572,1937437591135
2024-04-29,180.96,10786313572,1951891376407
2024-04-30,175.00,10786313572,1887604875100
2024-05-01,179.00,10786313572,1930750129388
2024-05-02,184.72,10786313572,1992447856187
2024-05-03,186.21,10786313572,2008519522660
2024-05-06,188.70,10786313572,2035377338119
2024-05-07,188.76,10786313572,2036024490600
2024-05-08,188.00,10786313572,2027826951536
2024-05-09,189.50,10786313572,2044006421894
2024-05-10,187.48,10786313572,2022218022394
2024-05-13,186.57,10786313572,2012402602129
2024-05-14,187.07,10786313572,2017795758915
2024-05-15,185.99,10786313572,2006146520507
2024-05-16,183.63,10786313572,1980690813894
2024-05-17,184.70,10786313572,1992232083831
2024-05-20,183.54,10786313572,1979719920587
2024-05-21,183.15,10786313572,1975513264877
2024-05-22,183.13,10786313572,1975297657108
2024-05-23,181.05,10786313572,1952862105128
2024-05-24,180.75,10786313572,1949626178139
2024-05-28,182.15,10786313572,1964726951305
2024-05-29,182.02,10786313572,1963324842460
2024-05-30,179.32,10786313572,1934201828732
2024-05-31,176.44,10786313572,1903137192977
2024-06-03,178.34,10786313572,1923631122930
2024-06-04,179.34,10786313572,1934417436502
2024-06-05,181.28,10786313572,1955342911165
2024-06-06,185.00,10786313572,1995468010820
2024-06-07,184.30,10786313572,1987917624237
2024-06-10,187.06,10786313572,2017687790445
2024-06-11,187.23,10786313572,2019521444001
2024-06-12,186.89,10786313572,2015854136888
2024-06-13,183.83,10786313572,1982848043691
2024-06-14,183.66,10786313572,1981014390134
2024-06-17,184.06,10786313572,1985328849729
2024-06-18,182.81,10786313572,1971845957764
2024-06-20,186.10,10786313572,2007333021584
2024-06-21,189.08,10786313572,2039476189944
2024-06-24,185.57,10786313572,2001616288557
2024-06-25,186.34,10786313572,2009921631506
2024-06-26,193.61,10786313572,2088338177258
2024-06-27,197.85,10786313572,2134072206055
2024-06-28,193.25,10786313572,2084455097789
2024-07-01,197.20,10786313572,2127061003481
2024-07-02,200.00,10786313572,2157262714400
2024-07-03,197.59,10786313572,2131267659191
2024-07-05,200.00,10786313572,2157262714400
2024-07-08,199.29,10786313572,2149604359346
2024-07-09,199.34,10786313572,2150143707942
2024-07-10,199.79,10786313572,2154997516132
2024-07-11,195.05,10786313572,2103870495136
2024-07-12,194.49,10786313572,2097830185869
2024-07-15,192.72,10786313572,2078738364763
2024-07-16,193.02,10786313572,2081974291752
2024-07-17,187.93,10786313572,2027071830585
2024-07-18,183.75,10786313572,1981985118855
2024-07-19,183.13,10786313572,1975297657108
2024-07-22,182.55,10786313572,1969041575486
2024-07-23,186.41,10786313572,2010676752457
2024-07-24,180.83,10786313572,1950489102975
2024-07-25,179.85,10786313572,1939918561759
2024-07-26,182.50,10786313572,1968502226890
2024-07-29,183.20,10786313572,1976052613473
2024-07-30,181.71,10786313572,1959981111586
2024-07-31,186.98,10786313572,2016824865608
2024-08-01,184.07,10786313572,1985436818199
2024-08-02,167.90,10786313572,1811021982904
2024-08-05,161.02,10786313572,1736812257448
2024-08-06,161.93,10786313572,1746627677713
2024-08-07,162.77,10786313572,1755688306199
2024-08-08,165.80,10786313572,1788370823155
2024-08-09,166.94,10786313572,1800667214043
2024-08-12,166.80,10786313572,1799157136727
2024-08-13,170.23,10786313572,1836154113277
2024-08-14,170.10,10786313572,1834752004432
2024-08-15,177.59,10786313572,1915541387751
2024-08-16,177.06,10786313572,1909824654725
2024-08-19,178.22,10786313572,1922336817969
2024-08-20,178.88,10786313572,1929455824427
2024-08-21,180.11,10786313572,1942722944036
2024-08-22,176.13,10786313572,1899793462104
2024-08-23,177.04,10786313572,1909608882369
2024-08-26,175.50,10786313572,1892998031886
2024-08-27,173.12,10786313572,1867326552917
2024-08-28,170.80,10786313572,1842302391015
2024-08-29,172.12,10786313572,1856540239345
2024-08-30,178.50,10786313572,1925356972602
2024-09-03,176.25,10786313572,1901087767065
2024-09-04,173.33,10786313572,1869591751185
2024-09-05,177.89,10786313572,1918777314740
2024-09-06,171.39,10786313572,1848666276522
2024-09-09,175.40,10786313572,1891919334694
2024-09-10,179.55,10786313572,1936682634770
2024-09-11,184.52,10786313572,1990290626390
2024-09-12,187.00,10786313572,2017040637964
2024-09-13,186.49,10786313572,2011539677293
2024-09-16,184.89,10786313572,1994281509744
2024-09-17,186.88,10786313572,2015746333003
2024-09-18,186.43,10786313572,2010892360227
2024-09-19,189.87,10786313572,2047997305248
2024-09-20,191.60,10786313572,2066657746230
2024-09-23,193.88,10786313572,2091250528007
2024-09-24,193.96,10786313572,2092113452843
2024-09-25,192.53,10786313572,2076688938850
2024-09-26,191.16,10786313572,2061911741924
2024-09-27,187.97,10786313572,2027503375296
2024-09-30,186.33,10786313572,2009813827621
2024-10-01,185.13,10786313572,1996870284252
2024-10-02,184.76,10786313572,1992879236312
2024-10-03,181.96,10786313572,1962677689979
2024-10-04,186.51,10786313572,2011755285063
2024-10-07,180.80,10786313572,1950165526735
2024-10-08,182.72,10786313572,1970875229043
2024-10-09,185.17,10786313572,1997301664377
2024-10-10,186.65,10786313572,2013265362379
2024-10-11,188.82,10786313572,2036671807666
2024-10-14,187.54,10786313572,2022865174875
2024-10-15,187.69,10786313572,2024483220662
2024-10-16,186.89,10786313572,2015854136888
2024-10-17,187.53,10786313572,2022757370990
2024-10-18,188.99,10786313572,2038505461223
2024-10-21,189.07,10786313572,2039368386059
2024-10-22,189.70,10786313572,2046163651691
2024-10-23,184.71,10786313572,1992340052302
2024-10-24,186.38,10786313572,2010353176217
2024-10-25,187.83,10786313572,2025993297979
2024-10-28,188.39,10786313572,2032033607246
2024-10-29,190.83,10786313572,2058352238695
2024-10-30,192.73,10786313572,2078846168647
2024-10-31,186.40,10786313572,2010568783986
2024-11-01,197.93,10786313572,2134934966305
2024-11-04,195.78,10786313572,2111744457959
2024-11-05,199.50,10786313572,2151869557614
2024-11-06,207.09,10786313572,2233737638125
2024-11-07,210.05,10786313572,2265665198716
2024-11-08,208.18,10786313572,2245494680418
2024-11-11,206.84,10786313572,2231041059732
2024-11-12,208.91,10786313572,2253368807827
2024-11-13,214.10,10786313572,2309349801600
2024-11-14,211.48,10786313572,2281089548122
2024-11-15,202.61,10786313572,2185414999406
2024-11-18,201.70,10786313572,2175599414555
2024-11-19,204.61,10786313572,2206987626550
2024-11-20,202.88,10786313572,2188327350155
2024-11-21,198.38,10786313572,2139788939081
2024-11-22,197.12,10786313572,2126198078645
2024-11-25,201.45,10786313572,2172902836162
2024-11-26,207.86,10786313572,2242043145659
2024-11-27,205.74,10786313572,2219176213554
2024-11-29,207.89,10786313572,2242366721900
2024-12-02,210.71,10786313572,2272784205174
2024-12-03,213.44,10786313572,2302230795141
2024-12-04,218.16,10786313572,2353142208368
2024-12-05,220.55,10786313572,2378921491222
2024-12-06,227.03,10786313572,2448816757084
2024-12-09,226.09,10786313572,2438677595993
2024-12-10,225.04,10786313572,2427351933825
2024-12-11,230.26,10786313572,2483656503838
2024-12-12,228.97,10786313572,2469742231748
2024-12-13,227.46,10786313572,2453454957505
2024-12-16,232.93,10786313572,2512455941325
2024-12-17,231.15,10786313572,2493256316333
2024-12-18,220.52,10786313572,2378597914982
2024-12-19,223.29,10786313572,2408475885074
2024-12-20,224.92,10786313572,2426057628864
2024-12-23,225.06,10786313572,2427567706181
2024-12-24,229.05,10786313572,2470605156584
2024-12-26,227.05,10786313572,2449032529440
2024-12-27,223.75,10786313572,2413437661735
2024-12-30,221.30,10786313572,2387011226401
2024-12-31,219.39,10786313572,2366409327978
2025-01-02,220.22,10786313572,2375361987993
2025-01-03,224.19,10786313572,2418183666040
2025-01-06,227.61,10786313572,2455072838706
2025-01-07,222.11,10786313572,2395748114060
2025-01-08,222.13,10786313572,2395963886416
2025-01-10,218.94,10786313572,2361555519787
2025-01-13,218.46,10786313572,2356378135357
2025-01-14,217.76,10786313572,2348827584188
2025-01-15,223.35,10786313572,2409123202141
2025-01-16,220.66,10786313572,2380107992298
2025-01-17,225.94,10786313572,2437059714791
2025-01-21,230.71,10786313572,2488510476614
2025-01-22,235.01,10786313572,2534891493305
2025-01-23,235.42,10786313572,2539313921370
2025-01-24,234.85,10786313572,2533165808219
2025-01-27,235.42,10786313572,2539313921370
2025-01-28,238.15,10786313572,2568760511337
2025-01-29,237.07,10786313572,2557111437515
2025-01-30,234.64,10786313572,2530900609951
2025-01-31,237.68,10786313572,2563690930792
2025-02-03,237.42,10786313572,2560886548514
2025-02-04,242.06,10786313572,2610935036905
2025-02-05,236.17,10786313572,2547403656549
2025-02-06,238.83,10786313572,2576095290151
2025-02-07,229.15,10786313572,2471683689189
2025-02-10,233.14,10786313572,2514721139593
2025-02-11,232.76,10786313572,2510622287768
2025-02-12,228.93,10786313572,2469310687037
2025-02-13,230.37,10786313572,2484843004914
2025-02-14,228.68,10786313572,2466614108644
2025-02-18,226.65,10786313572,2444717905259
2025-02-19,226.63,10786313572,2444502297490
2025-02-20,222.88,10786313572,2404053621595
2025-02-21,216.58,10786313572,2336099813174
2025-02-24,212.71,10786313572,2294356832318
2025-02-25,212.80,10786313572,2295327561039
2025-02-26,214.35,10786313572,2312046379993
2025-02-27,208.74,10786313572,2251535154270
2025-02-28,212.28,10786313572,2289718631897
2025-03-03,205.02,10786313572,2211410054616
2025-03-04,203.80,10786313572,2198250738891
2025-03-05,208.36,10786313572,2247436302445
2025-03-06,200.70,10786313572,2164813100983
2025-03-07,199.25,10786313572,2149172979221
2025-03-10,194.54,10786313572,2098369369879
2025-03-11,196.59,10786313572,2120481345619
2025-03-12,198.89,10786313572,2145289899752
2025-03-13,193.89,10786313572,2091358331892
2025-03-14,197.95,10786313572,2135150738660
2025-03-17,195.74,10786313572,2111313077834
2025-03-18,192.82,10786313572,2079817061954
2025-03-19,195.54,10786313572,2109155683451
2025-03-20,194.95,10786313572,2102791797944
2025-03-21,196.21,10786313572,2116382658380
2025-03-24,203.26,10786313572,2192426037394
2025-03-25,205.71,10786313572,2218852637314
2025-03-26,201.13,10786313572,2169451301404
2025-03-27,201.36,10786313572,2171932107441
2025-03-28,192.72,10786313572,2078738364763
2025-03-31,190.26,10786313572,2052203960958
2025-04-01,192.17,10786313572,2072805859381
2025-04-02,196.01,10786313572,2114225263997
2025-04-03,178.41,10786313572,1924386243881
2025-04-04,171.00,10786313572,1844459620812
2025-04-07,175.26,10786313572,1890409257378
2025-04-08,170.66,10786313572,1840792313698
2025-04-09,191.10,10786313572,2061264589444
2025-04-10,181.22,10786313572,1954695758685
2025-04-11,184.87,10786313572,1994065737388
2025-04-14,182.12,10786313572,1964403375065
2025-04-15,179.59,10786313572,1937114014895
2025-04-16,174.33,10786313572,1880378064757
2025-04-17,172.61,10786313572,1861825592246
2025-04-21,167.32,10786313572,1804766065868
2025-04-22,173.18,10786313572,1867973705398
2025-04-23,180.60,10786313572,1948008296938
2025-04-24,186.54,10786313572,2012078861303
2025-04-25,188.99,10786313572,2038505461223
2025-04-28,187.70,10786313572,2024591024547
2025-04-29,187.39,10786313572,2021247293674
2025-04-30,184.42,10786313572,1989211929198
2025-05-01,190.20,10786313572,2051556808477
2025-05-02,189.98,10786313572,2049183806324
2025-05-05,186.35,10786313572,2010029599977
2025-05-06,185.01,10786313572,1995575814705
2025-05-07,188.71,10786313572,2035485306590
2025-05-08,192.08,10786313572,2071835130660
2025-05-09,193.06,10786313572,2082405671877
2025-05-12,208.64,10786313572,2250456457079
2025-05-13,211.37,10786313572,2279903047046
2025-05-14,210.25,10786313572,2267822428513
2025-05-15,205.17,10786313572,2213027935817
2025-05-16,205.59,10786313572,2217558167767
2025-05-19,206.16,10786313572,2223706445504
2025-05-20,204.07,10786313572,2201163089639
2025-05-21,201.12,10786313572,2169343332933
2025-05-22,203.10,10786313572,2190700352308
2025-05-23,200.99,10786313572,2167941224087
2025-05-27,206.02,10786313572,2222196368188
2025-05-28,204.72,10786313572,2208174127627
2025-05-29,205.70,10786313572,2218744668843
2025-05-30,205.01,10786313572,2211302086145
2025-06-02,206.65,10786313572,2228991633819
2025-06-03,205.71,10786313572,2218852637314
2025-06-04,207.23,10786313572,2235247715441
2025-06-05,207.91,10786313572,2242582494255
2025-06-06,213.57,10786313572,2303633068573
2025-06-09,216.98,10786313572,2340414272768
2025-06-10,217.61,10786313572,2347209702986
2025-06-11,213.20,10786313572,2299642020633
2025-06-12,213.24,10786313572,2300073565344
2025-06-13,212.10,10786313572,2287777174456
2025-06-16,216.10,10786313572,2330922428744
2025-06-17,214.82,10786313572,2317115960538
2025-06-18,212.52,10786313572,2292307406406
2025-06-20,209.69,10786313572,2261782119246
2025-06-23,208.47,10786313572,2248622803522
2025-06-24,212.77,10786313572,2295003984799
2025-06-25,211.99,10786313572,2286590673379
2025-06-26,217.12,10786313572,2341924350085
2025-06-27,223.30,10786313572,2408583853545
2025-06-30,219.39,10786313572,2366409327978
2025-07-01,220.46,10786313572,2377950762501
2025-07-02,219.92,10786313572,2372126061004
2025-07-03,223.41,10786313572,2409770354621
2025-07-07,223.47,10786313572,2410417507102
2025-07-08,219.36,10786313572,2366085751737
2025-07-09,222.54,10786313572,2400386149895
2025-07-10,222.26,10786313572,2397365995262
2025-07-11,225.02,10786313572,2427136326056
2025-07-14,225.69,10786313572,2434363136398
2025-07-15,226.35,10786313572,2441482142857
2025-07-16,223.19,10786313572,2407397352468
2025-07-17,223.88,10786313572,2414839935167
2025-07-18,226.13,10786313572,2439109140704
2025-07-21,229.30,10786313572,2473301734977
2025-07-22,227.47,10786313572,2453562761390
2025-07-23,228.29,10786313572,2462407452934
2025-07-24,232.23,10786313572,2504905554741
2025-07-25,231.44,10786313572,2496384439437
2025-07-28,232.79,10786313572,2510945864008
2025-07-29,231.01,10786313572,2491746239017
2025-07-30,230.19,10786313572,2482901547472
2025-07-31,234.11,10786313572,2525183876924
2025-08-01,214.75,10786313572,2316360839587
2025-08-04,211.65,10786313572,2282923201679
2025-08-05,213.75,10786313572,2305574526015
2025-08-06,222.31,10786313572,2397905343858
2025-08-07,223.13,10786313572,2406750199988
2025-08-08,222.69,10786313572,2402004195682
2025-08-11,221.30,10786313572,2387011226401
2025-08-12,221.47,10786313572,2388844879958
2025-08-13,224.56,10786313572,2422174549395
2025-08-14,230.98,10786313572,2491422662776
2025-08-15,231.03,10786313572,2491962011372
2025-08-18,231.49,10786313572,2496923788033
2025-08-19,228.01,10786313572,2459387298301
2025-08-20,223.81,10786313572,2414084814216
2025-08-21,221.95,10786313572,2394022264388
2025-08-22,228.84,10786313572,2468339958316
2025-08-25,227.94,10786313572,2458632341935
2025-08-26,228.71,10786313572,2466937849470
2025-08-27,229.12,10786313572,2471360112949
2025-08-28,231.60,10786313572,2498110289110
2025-08-29,229.00,10786313572,2470065807988
2025-09-02,225.34,10786313572,2430587860814
2025-09-03,225.99,10786313572,2437599063387
2025-09-04,235.68,10786313572,2542118303648
2025-09-05,232.33,10786313572,2505984251933
2025-09-08,235.84,10786313572,2543844153320
2025-09-09,238.24,10786313572,2569731404644
2025-09-10,230.33,10786313572,2484411624789
2025-09-11,229.95,10786313572,2480312772964
2025-09-12,228.15,10786313572,2460897375617
2025-09-15,231.43,10786313572,2496276470967
2025-09-16,234.05,10786313572,2524536724444
2025-09-17,231.62,10786313572,2498325896879
2025-09-18,231.23,10786313572,2494119241169
2025-09-19,231.48,10786313572,2496815819562
2025-09-22,227.63,10786313572,2455288611062
2025-09-23,220.71,10786313572,2380647340894
2025-09-24,220.21,10786313572,2375254184108
2025-09-25,218.15,10786313572,2353034239897
2025-09-26,219.78,10786313572,2370615983687
2025-09-29,222.17,10786313572,2396395266541
2025-09-30,219.57,10786313572,2368350950005
2025-10-01,220.63,10786313572,2379784416058
2025-10-02,222.41,10786313572,2398984041049
2025-10-03,219.51,10786313572,2367703632939
2025-10-06,220.90,10786313572,2382696602220
2025-10-07,221.78,10786313572,2392188610831
2025-10-08,225.22,10786313572,2429293555853
2025-10-09,227.74,10786313572,2456475112138
2025-10-10,216.37,10786313572,2333834614906
2025-10-13,220.07,10786313572,2373744106791
2025-10-14,216.39,10786313572,2334050387262
2025-10-15,215.57,10786313572,2325205695717
2025-10-16,214.47,10786313572,2313340684954
2025-10-17,213.04,10786313572,2297916170961
2025-10-20,216.48,10786313572,2335021115982
2025-10-21,222.03,10786313572,2394885189224
2025-10-22,217.95,10786313572,2350877010100
2025-10-23,221.09,10786313572,2384746028133
2025-10-24,224.21,10786313572,2418399438396
2025-10-27,226.97,10786313572,2448169604604
2025-10-28,229.25,10786313572,2472762386381
2025-10-29,230.30,10786313572,2484088048549
2025-10-30,222.86,10786313572,2403837849239
2025-10-31,244.22,10786313572,2634233513721
2025-11-03,254.00,10786313572,2739723647288
2025-11-04,249.32,10786313572,2689243778772
2025-11-05,250.20,10786313572,2698735622797
2025-11-06,243.04,10786313572,2621505578121
2025-11-07,244.41,10786313572,2636282939633
2025-11-10,248.40,10786313572,2679320225450
2025-11-11,249.10,10786313572,2686870776620
2025-11-12,244.20,10786313572,2634017741365
2025-11-13,237.58,10786313572,2562612398186
2025-11-14,234.69,10786313572,2531439958546
2025-11-17,232.87,10786313572,2511808788844
2025-11-18,222.55,10786313572,2400494118366
2025-11-19,222.69,10786313572,2402004195682
2025-11-20,217.14,10786313572,2342140122441
2025-11-21,220.69,10786313572,2380431568538
2025-11-24,226.28,10786313572,2440727021905
2025-11-25,229.67,10786313572,2477292618331
2025-11-26,229.16,10786313572,2471791657660
2025-11-28,233.22,10786313572,2515584064429
2025-12-01,233.88,10786313572,2522703070887
2025-12-02,234.42,10786313572,2528527607798
2025-12-03,232.38,10786313572,2506523600529
2025-12-04,229.11,10786313572,2471252309064
2025-12-05,229.53,10786313572,2475782541014
2025-12-08,226.89,10786313572,2447306679768
2025-12-09,227.92,10786313572,2458416569580
2025-12-10,231.78,10786313572,2500051746551
2025-12-11,230.28,10786313572,2483872276193
2025-12-12,226.19,10786313572,2439756293184
2025-12-15,222.54,10786313572,2400386149895
2025-12-16,222.56,10786313572,2400601922251
2025-12-17,221.27,10786313572,2386687650161
2025-12-18,226.76,10786313572,2445904406336
2025-12-19,227.35,10786313572,2452268456429
2025-12-22,228.43,10786313572,2463917530251
2025-12-23,232.14,10786313572,2503934826021
2025-12-24,232.38,10786313572,2506523600529
2025-12-26,232.52,10786313572,2508033677846
2025-12-29,232.07,10786313572,2503179869655
2025-12-30,232.53,10786313572,2508141481730
2025-12-31,230.82,10786313572,2489696977690
2026-01-02,226.50,10786313572,2443100024058
2026-01-05,233.06,10786313572,2513858214757
2026-01-06,240.93,10786313572,2598746449901
2026-01-07,241.56,10786313572,2605541880119
2026-01-08,246.29,10786313572,2656561097230
2026-01-09,247.38,10786313572,2668318304109
2026-01-12,246.47,10786313572,2658502719258
2026-01-13,242.60,10786313572,2616759738402
2026-01-14,236.65,10786313572,2552581040979
2026-01-15,238.18,10786313572,2569084087578
2026-01-16,239.12,10786313572,2579223248669
2026-01-20,231.00,10786313572,2491638435132
2026-01-21,231.31,10786313572,2494982166006
2026-01-22,234.34,10786313572,2527664682962
2026-01-23,239.16,10786313572,2579654793380
2026-01-26,238.42,10786313572,2571672862086
2026-01-27,244.68,10786313572,2639195125796
2026-01-28,243.01,10786313572,2621182001881
2026-01-29,241.73,10786313572,2607375533675
2026-01-30,239.30,10786313572,2581164870697
2026-02-02,242.96,10786313572,2620642817871
2026-02-03,238.62,10786313572,2573830091883
2026-02-04,232.99,10786313572,2513103258391
2026-02-05,222.69,10786313572,2402004195682
2026-02-06,210.32,10786313572,2268577549464
2026-02-09,208.72,10786313572,2251319381915
2026-02-10,206.96,10786313572,2232335529279
2026-02-11,204.08,10786313572,2201270893524
2026-02-12,199.60,10786313572,2152948254806
2026-02-13,198.79,10786313572,2144211202560
2026-02-17,201.15,10786313572,2169666909173
2026-02-18,204.79,10786313572,2208929083992
2026-02-19,204.86,10786313572,2209684204943
2026-02-20,210.11,10786313572,2266312351196
2026-02-23,205.27,10786313572,2214106633009
2026-02-24,208.56,10786313572,2249593532243
2026-02-25,210.64,10786313572,2272029084223
2026-02-26,207.92,10786313572,2242690298140
2026-02-27,210.00,10786313572,2265125850120
2026-03-02,208.39,10786313572,2247759878686
2026-03-03,208.73,10786313572,2251427185799
2026-03-04,216.82,10786313572,2338688587682
2026-03-05,218.94,10786313572,2361555519787
2026-03-06,213.21,10786313572,2299749989104
2026-03-09,213.49,10786313572,2302770143737
2026-03-10,214.33,10786313572,2311830607637
2026-03-11,212.65,10786313572,2293709515251
2026-03-12,209.53,10786313572,2260056269574
2026-03-13,207.67,10786313572,2239993719747
2026-03-16,211.74,10786313572,2283894094986
2026-03-17,215.20,10786313572,2321214647777
2026-03-18,209.87,10786313572,2263723576688
2026-03-19,208.76,10786313572,2251750762040
2026-03-20,205.37,10786313572,2215185165614
2026-03-23,210.14,10786313572,2266635927437
2026-03-24,207.24,10786313572,2235355683912
2026-03-25,211.71,10786313572,2283570518746
2026-03-26,207.54,10786313572,2238591446315
2026-03-27,199.34,10786313572,2150143707942
2026-03-30,200.95,10786313572,2167509679376
2026-03-31,208.27,10786313572,2246465573725
2026-04-01,210.57,10786313572,2271274127857
2026-04-02,209.77,10786313572,2262645044083
2026-04-06,212.79,10786313572,2295219592568
2026-04-07,213.77,10786313572,2305790298371
2026-04-08,221.25,10786313572,2386471877805
2026-04-09,233.65,10786313572,2520222100263
2026-04-10,238.38,10786313572,2571241481961
2026-04-13,239.89,10786313572,2587528756204
2026-04-14,249.02,10786313572,2686007851784
2026-04-15,248.50,10786313572,2680398922642
2026-04-16,249.70,10786313572,2693342466011
2026-04-17,250.56,10786313572,2702618702267
2026-04-20,248.28,10786313572,2678025920489
2026-04-21,249.91,10786313572,2695607664279
2026-04-22,255.36,10786313572,2754393040329
2026-04-23,255.08,10786313572,2751372885696
2026-04-24,263.99,10786313572,2847478814537
2026-04-27,261.12,10786313572,2816522147253
2026-04-28,259.70,10786313572,2801205766317
2026-04-29,263.04,10786313572,2837232014147
2026-04-30,265.06,10786313572,2859020249061
2026-05-01,268.26,10786313572,2893536584160
2026-05-04,272.05,10786313572,2934416475594
2026-05-05,273.55,10786313572,2950595945952
2026-05-06,274.99,10786313572,2966128263829
2026-05-07,271.17,10786313572,2924924796155
2026-05-08,272.68,10786313572,2941211905812
2026-05-11,268.99,10786313572,2901410382397
2026-05-12,265.82,10786313572,2867217952710
2026-05-13,270.13,10786313572,2913706937872
2026-05-14,267.22,10786313572,2882318725877
2026-05-15,264.14,10786313572,2849097024911
2026-05-18,264.86,10786313572,2856862854677
2026-05-19,259.34,10786313572,2797322522262
2026-05-20,265.01,10786313572,2858481065051
2026-05-21,268.46,10786313572,2895693649371
2026-05-22,266.32,10786313572,2872611109496
2026-05-26,265.29,10786313572,2861501219684
2026-05-27,271.85,10786313572,2932259410383
2026-05-28,274.00,10786313572,2955449918728
2026-05-29,270.64,10786313572,2919208063129
2026-06-01,261.26,10786313572,2818032389156
2026-06-02,256.52,10786313572,2766905038987
2026-06-03,250.02,10786313572,2696794165356
2026-06-04,253.79,10786313572,2737458449020
2026-06-05,246.03,10786313572,2653756714952
2026-06-08,245.22,10786313572,2645019827293
2026-06-09,244.19,10786313572,2633909937480
2026-06-10,238.00,10786313572,2567142630136
2026-06-11,241.51,10786313572,2605002531523
2026-06-12,238.55,10786313572,2573075135518
2026-06-15,246.02,10786313572,2653648911068
2026-06-16,246.00,10786313572,2653433138712
2026-06-17,237.50,10786313572,2561749473350
2026-06-18,244.39,10786313572,2636067167278
2026-06-22,232.79,10786313572,2510945864008
2026-06-23,234.11,10786313572,2525183876924
2026-06-24,234.27,10786313572,2526909726597
2026-06-25,227.01,10786313572,2448600984729
2026-06-26,232.69,10786313572,2509867331402
2026-06-29,240.14,10786313572,2590225334597
2026-06-30,238.34,10786313572,2570809937250
2026-07-01,241.70,10786313572,2607051957435
2026-07-02,242.67,10786313572,2617514694767
2026-07-06,244.16,10786313572,2633586361240
2026-07-07,245.98,10786313572,2653217366356
2026-07-08,243.62,10786313572,2627761659743
2026-07-09,247.04,10786313572,2664650832409
2026-07-10,245.34,10786313572,2646314132254
2026-07-13,247.31,10786313572,2667563183158
2026-07-14,247.49,10786313572,2669504805185
2026-07-15,254.96,10786313572,2750078580735
2026-07-16,249.89,10786313572,2695391891924
2026-07-17,247.23,10786313572,2666700258321
2026-07-20,249.99,10786313572,2696470589115
2026-07-21,247.55,10786313572,2670151957666
2026-07-22,244.85,10786313572,2641028943939
2026-07-23,233.66,10786313572,2520330068734
2026-07-24,232.11,10786313572,2503611249780
2026-07-27,231.39,10786313572,2495845090842
2026-07-28,230.86,10786313572,2490128357815
2026-07-29,226.65,10786313572,2444717905259
2026-07-30,235.50,10786313572,2540176846206
2026-07-31,271.58,10786313572,2929346895048
2026-08-03,284.02,10786313572,3063528662217
2026-08-04,277.42,10786313572,2992339255980
2026-08-05,272.65,10786313572,2940888329571
2026-08-06,272.26,10786313572,2936681838448
2026-08-07,274.48,10786313572,2960627467745
2026-08-10,278.09,10786313572,2999565901737
2026-08-11,272.27,10786313572,2936789477746
2026-08-12,267.28,10786313572,2882965878357
2026-08-13,265.13,10786313572,2859775370012
2026-08-14,262.65,10786313572,2833025193851
2026-08-17,261.31,10786313572,2818571573166
2026-08-18,259.45,10786313572,2798509187924
2026-08-19,265.84,10786313572,2867433560480
2026-08-20,260.11,10786313572,2805627865210
2026-08-21,258.63,10786313572,2789664331794
2026-08-24,262.07,10786313572,2826769276815
2026-08-25,261.06,10786313572,2815874994773
2026-08-26,260.28,10786313572,2807461683353
2026-08-27,256.26,10786313572,2764100821296
2026-08-28,266.43,10786313572,2873797445987
2026-08-31,259.77,10786313572,2801960558096
2026-09-01,254.92,10786313572,2749647036024
2026-09-02,254.98,10786313572,2750294188504
2026-09-03,258.90,10786313572,2792576517956
2026-09-04,258.51,10786313572,2788370026833
2026-09-08,256.97,10786313572,2771759011764
2026-09-09,252.40,10786313572,2722465479738
2026-09-10,251.89,10786313572,2716964519068
2026-09-11,256.78,10786313572,2769709585851