Date,Close,Shares_Outstanding,Market_Cap
2009-08-06,1.62,4773629865,7723733267
2009-08-07,1.64,4773629865,7843073900
2009-08-10,1.60,4773629865,7623486908
2009-08-11,1.57,4773629865,7480278149
2009-08-12,1.60,4773629865,7637807898
2009-08-13,1.65,4773629865,7900357290
2009-08-14,1.66,4773629865,7924225417
2009-08-17,1.62,4773629865,7742827541
2009-08-18,1.71,4773629865,8148586261
2009-08-19,1.79,4773629865,8540023992
2009-08-20,1.78,4773629865,8477966749
2009-08-21,1.78,4773629865,8506608160
2009-08-24,1.75,4773629865,8353852264
2009-08-25,1.78,4773629865,8520929150
2009-08-26,1.78,4773629865,8520929150
2009-08-27,1.82,4773629865,8668911762
2009-08-28,1.85,4773629865,8816894374
2009-08-31,1.82,4773629865,8688006605
2009-09-01,1.78,4773629865,8520929150
2009-09-02,1.77,4773629865,8439777633
2009-09-03,1.75,4773629865,8329984137
2009-09-04,1.78,4773629865,8477966749
2009-09-08,1.77,4773629865,8449324770
2009-09-09,1.73,4773629865,8239284915
2009-09-10,1.71,4773629865,8139039125
2009-09-11,1.69,4773629865,8057887039
2009-09-14,1.66,4773629865,7948093543
2009-09-15,1.72,4773629865,8201096368
2009-09-16,1.76,4773629865,8392041380
2009-09-17,1.66,4773629865,7943320259
2009-09-18,1.62,4773629865,7733280404
2009-09-21,1.66,4773629865,7928999269
2009-09-22,1.73,4773629865,8234511631
2009-09-23,1.74,4773629865,8306116011
2009-09-24,1.75,4773629865,8349078411
2009-09-25,1.71,4773629865,8177228241
2009-09-28,1.76,4773629865,8425456643
2009-09-29,1.70,4773629865,8129491419
2009-09-30,1.71,4773629865,8148586261
2009-10-01,1.63,4773629865,7785790510
2009-10-02,1.61,4773629865,7680770298
2009-10-05,1.65,4773629865,7871715880
2009-10-06,1.65,4773629865,7862168174
2009-10-07,1.61,4773629865,7699865141
2009-10-08,1.60,4773629865,7642581182
2009-10-09,1.63,4773629865,7757148531
2009-10-12,1.63,4773629865,7800110931
2009-10-13,1.65,4773629865,7890810153
2009-10-14,1.69,4773629865,8048339902
2009-10-15,1.72,4773629865,8191548662
2009-10-16,1.64,4773629865,7843073900
2009-10-19,1.62,4773629865,7752374678
2009-10-20,1.65,4773629865,7890810153
2009-10-21,1.65,4773629865,7871715880
2009-10-22,1.63,4773629865,7771469520
2009-10-23,1.61,4773629865,7661676024
2009-10-26,1.58,4773629865,7561429665
2009-10-27,1.54,4773629865,7375257937
2009-10-28,1.49,4773629865,7127029534
2009-10-29,1.50,4773629865,7179539071
2009-10-30,1.50,4773629865,7160444798
2009-11-02,1.49,4773629865,7098387555
2009-11-03,1.45,4773629865,6916989679
2009-11-04,1.48,4773629865,7055425154
2009-11-05,1.53,4773629865,7313200694
2009-11-06,1.53,4773629865,7298880273
2009-11-09,1.57,4773629865,7475504296
2009-11-10,1.54,4773629865,7375257937
2009-11-11,1.54,4773629865,7332295536
2009-11-12,1.56,4773629865,7446862316
2009-11-13,1.56,4773629865,7437315179
2009-11-16,1.60,4773629865,7642581182
2009-11-17,1.61,4773629865,7671223161
2009-11-18,1.60,4773629865,7652128888
2009-11-19,1.56,4773629865,7432541896
2009-11-20,1.54,4773629865,7370484653
2009-11-23,1.52,4773629865,7251144020
2009-11-24,1.53,4773629865,7284559283
2009-11-25,1.55,4773629865,7399126063
2009-11-27,1.59,4773629865,7570976802
2009-11-30,1.59,4773629865,7570976802
2009-12-01,1.60,4773629865,7618713055
2009-12-02,1.56,4773629865,7451636169
2009-12-03,1.59,4773629865,7604392634
2009-12-04,1.65,4773629865,7886036300
2009-12-07,1.69,4773629865,8053113755
2009-12-08,1.67,4773629865,7995829796
2009-12-09,1.68,4773629865,8024471776
2009-12-10,1.68,4773629865,8005377502
2009-12-11,1.66,4773629865,7914678280
2009-12-14,1.68,4773629865,8043566049
2009-12-15,1.67,4773629865,7991056512
2009-12-16,1.70,4773629865,8115170998
2009-12-17,1.63,4773629865,7785790510
2009-12-18,1.64,4773629865,7823979626
2009-12-21,1.65,4773629865,7871715880
2009-12-22,1.67,4773629865,7986282659
2009-12-23,1.68,4773629865,8010150786
2009-12-24,1.68,4773629865,8010150786
2009-12-28,1.74,4773629865,8296568874
2009-12-29,1.75,4773629865,8368173253
2009-12-30,1.77,4773629865,8444551486
2009-12-31,1.83,4773629865,8730969005
2010-01-04,1.89,4773629865,9003066103
2010-01-05,1.90,4773629865,9069896630
2010-01-06,1.91,4773629865,9141501009
2010-01-07,1.90,4773629865,9084217619
2010-01-08,1.92,4773629865,9151048715
2010-01-11,1.93,4773629865,9208332105
2010-01-12,1.90,4773629865,9069896630
2010-01-13,1.84,4773629865,8793026248
2010-01-14,1.84,4773629865,8797800101
2010-01-15,1.82,4773629865,8707100878
2010-01-19,1.78,4773629865,8501834876
2010-01-20,1.80,4773629865,8573439256
2010-01-21,1.80,4773629865,8587760245
2010-01-22,1.76,4773629865,8382494243
2010-01-25,1.76,4773629865,8425456643
2010-01-26,1.78,4773629865,8477966749
2010-01-27,1.74,4773629865,8310889864
2010-01-28,1.77,4773629865,8458871907
2010-01-29,1.74,4773629865,8296568874
2010-02-01,1.75,4773629865,8353852264
2010-02-02,1.77,4773629865,8449324770
2010-02-03,1.76,4773629865,8411135654
2010-02-04,1.72,4773629865,8220190641
2010-02-05,1.72,4773629865,8210643504
2010-02-08,1.70,4773629865,8119944282
2010-02-09,1.70,4773629865,8110397145
2010-02-10,1.68,4773629865,8019697923
2010-02-11,1.71,4773629865,8177228241
2010-02-12,1.74,4773629865,8287021168
2010-02-16,1.75,4773629865,8344305127
2010-02-17,1.74,4773629865,8310889864
2010-02-18,1.75,4773629865,8329984137
2010-02-19,1.75,4773629865,8368173253
2010-02-22,1.74,4773629865,8282247884
2010-02-23,1.74,4773629865,8296568874
2010-02-24,1.77,4773629865,8468419613
2010-02-25,1.81,4773629865,8635496499
2010-02-26,1.82,4773629865,8664138478
2010-03-01,1.83,4773629865,8735742858
2010-03-02,1.87,4773629865,8936235007
2010-03-03,1.89,4773629865,9026934229
2010-03-04,1.91,4773629865,9098538609
2010-03-05,1.94,4773629865,9241747369
2010-03-08,1.93,4773629865,9217879242
2010-03-09,1.93,4773629865,9236973516
2010-03-10,1.97,4773629865,9423145244
2010-03-11,1.99,4773629865,9480428634
2010-03-12,1.97,4773629865,9380182844
2010-03-15,1.94,4773629865,9270389348
2010-03-16,1.95,4773629865,9308578464
2010-03-17,1.99,4773629865,9494749624
2010-03-18,2.00,4773629865,9537712593
2010-03-19,2.01,4773629865,9599769267
2010-03-22,1.99,4773629865,9518617751
2010-03-23,2.02,4773629865,9652279942
2010-03-24,1.96,4773629865,9365861854
2010-03-25,1.97,4773629865,9380182844
2010-03-26,1.99,4773629865,9504297330
2010-03-29,2.02,4773629865,9652279942
2010-03-30,2.04,4773629865,9728658175
2010-03-31,2.06,4773629865,9814582975
2010-04-01,2.05,4773629865,9785940996
2010-04-05,2.03,4773629865,9671374216
2010-04-06,2.07,4773629865,9871866934
2010-04-07,2.05,4773629865,9776394428
2010-04-08,2.01,4773629865,9594995983
2010-04-09,2.00,4773629865,9552033014
2010-04-12,2.00,4773629865,9556807436
2010-04-13,2.02,4773629865,9618864679
2010-04-14,2.15,4773629865,10287172223
2010-04-15,2.20,4773629865,10482891657
2010-04-16,2.19,4773629865,10444701972
2010-04-19,2.19,4773629865,10454249677
2010-04-20,2.24,4773629865,10678609953
2010-04-21,2.18,4773629865,10425607698
2010-04-22,2.15,4773629865,10277625655
2010-04-23,2.15,4773629865,10258530243
2010-04-26,2.18,4773629865,10401739002
2010-04-27,2.10,4773629865,10024622261
2010-04-28,2.10,4773629865,10029396683
2010-04-29,2.14,4773629865,10215568412
2010-04-30,2.05,4773629865,9790715418
2010-05-03,2.11,4773629865,10081906220
2010-05-04,2.01,4773629865,9571128426
2010-05-05,1.96,4773629865,9351540865
2010-05-06,1.92,4773629865,9165369136
2010-05-07,1.93,4773629865,9208332105
2010-05-10,2.07,4773629865,9900507776
2010-05-11,2.07,4773629865,9862319228
2010-05-12,2.07,4773629865,9890961208
2010-05-13,2.05,4773629865,9766846722
2010-05-14,2.02,4773629865,9657053226
2010-05-17,2.05,4773629865,9795488701
2010-05-18,2.01,4773629865,9585448277
2010-05-19,2.00,4773629865,9556807436
2010-05-20,2.01,4773629865,9594995983
2010-05-21,1.98,4773629865,9456560508
2010-05-24,1.94,4773629865,9256068358
2010-05-25,1.92,4773629865,9179690126
2010-05-26,2.00,4773629865,9556807436
2010-05-27,2.13,4773629865,10186926432
2010-05-28,2.07,4773629865,9857545944
2010-06-01,2.04,4773629865,9733431459
2010-06-02,2.11,4773629865,10077132936
2010-06-03,2.17,4773629865,10339681760
2010-06-04,2.08,4773629865,9933924177
2010-06-07,2.08,4773629865,9914828765
2010-06-08,2.11,4773629865,10067585231
2010-06-09,2.11,4773629865,10058038663
2010-06-10,2.18,4773629865,10406513424
2010-06-11,2.19,4773629865,10468570667
2010-06-14,2.15,4773629865,10268077949
2010-06-15,2.22,4773629865,10621325994
2010-06-16,2.29,4773629865,10922065641
2010-06-17,2.34,4773629865,11146425917
2010-06-18,2.30,4773629865,10998442736
2010-06-21,2.30,4773629865,10974575178
2010-06-22,2.23,4773629865,10626100416
2010-06-23,2.25,4773629865,10759761470
2010-06-24,2.12,4773629865,10139190179
2010-06-25,2.15,4773629865,10248983675
2010-06-28,2.17,4773629865,10382644729
2010-06-29,2.10,4773629865,10010301272
2010-06-30,2.11,4773629865,10053264241
2010-07-01,2.14,4773629865,10220341696
2010-07-02,2.16,4773629865,10296719928
2010-07-06,2.09,4773629865,9962565018
2010-07-07,2.17,4773629865,10344456181
2010-07-08,2.18,4773629865,10401739002
2010-07-09,2.20,4773629865,10506759215
2010-07-12,2.21,4773629865,10549722184
2010-07-13,2.25,4773629865,10731119490
2010-07-14,2.23,4773629865,10640421406
2010-07-15,2.29,4773629865,10936385493
2010-07-16,2.20,4773629865,10497211509
2010-07-19,2.23,4773629865,10630873700
2010-07-20,2.20,4773629865,10501985931
2010-07-21,2.18,4773629865,10392192435
2010-07-22,2.29,4773629865,10907744651
2010-07-23,2.29,4773629865,10922065641
2010-07-26,2.28,4773629865,10883875956
2010-07-27,2.24,4773629865,10702478649
2010-07-28,2.18,4773629865,10406513424
2010-07-29,2.18,4773629865,10392192435
2010-07-30,2.18,4773629865,10387419151
2010-08-02,2.18,4773629865,10420834414
2010-08-03,2.16,4773629865,10311040918
2010-08-04,2.23,4773629865,10664288964
2010-08-05,2.27,4773629865,10855233976
2010-08-06,2.26,4773629865,10783630165
2010-08-09,2.29,4773629865,10931612209
2010-08-10,2.23,4773629865,10645194690
2010-08-11,2.02,4773629865,9657053226
2010-08-12,2.04,4773629865,9742978026
2010-08-13,2.00,4773629865,9542485877
2010-08-16,2.03,4773629865,9676147500
2010-08-17,2.04,4773629865,9723883753
2010-08-18,2.08,4773629865,9905282197
2010-08-19,2.05,4773629865,9790715418
2010-08-20,2.04,4773629865,9752525732
2010-08-23,2.04,4773629865,9738204743
2010-08-24,2.02,4773629865,9661826510
2010-08-25,2.03,4773629865,9685695205
2010-08-26,2.06,4773629865,9833677249
2010-08-27,2.03,4773629865,9695241773
2010-08-30,2.00,4773629865,9547259730
2010-08-31,2.02,4773629865,9618864679
2010-09-01,2.10,4773629865,10024622261
2010-09-02,2.11,4773629865,10048490957
2010-09-03,2.10,4773629865,10015075693
2010-09-07,2.06,4773629865,9824130681
2010-09-08,2.01,4773629865,9585448277
2010-09-09,1.97,4773629865,9389729981
2010-09-10,1.87,4773629865,8902819744
2010-09-13,1.89,4773629865,9046028503
2010-09-14,1.99,4773629865,9499523477
2010-09-15,1.91,4773629865,9122406736
2010-09-16,1.92,4773629865,9189237263
2010-09-17,2.00,4773629865,9566354004
2010-09-20,2.06,4773629865,9847998239
2010-09-21,2.08,4773629865,9914828765
2010-09-22,2.08,4773629865,9910055481
2010-09-23,2.13,4773629865,10182152010
2010-09-24,2.16,4773629865,10301493212
2010-09-27,2.19,4773629865,10478117235
2010-09-28,2.23,4773629865,10645194690
2010-09-29,2.23,4773629865,10659515680
2010-09-30,2.25,4773629865,10745440480
2010-10-01,2.26,4773629865,10802724439
2010-10-04,2.23,4773629865,10649967974
2010-10-05,2.24,4773629865,10716798501
2010-10-06,2.23,4773629865,10635646984
2010-10-07,2.29,4773629865,10922065641
2010-10-08,2.22,4773629865,10597458437
2010-10-11,2.23,4773629865,10664288964
2010-10-12,2.20,4773629865,10511532498
2010-10-13,2.20,4773629865,10501985931
2010-10-14,2.24,4773629865,10702478649
2010-10-15,2.27,4773629865,10831366419
2010-10-18,2.27,4773629865,10855233976
2010-10-19,2.24,4773629865,10688157659
2010-10-20,2.21,4773629865,10549722184
2010-10-21,2.19,4773629865,10478117235
2010-10-22,2.25,4773629865,10731119490
2010-10-25,2.29,4773629865,10912517935
2010-10-26,2.34,4773629865,11179841180
2010-10-27,2.37,4773629865,11313502234
2010-10-28,2.34,4773629865,11184614464
2010-10-29,2.47,4773629865,11781318197
2010-11-01,2.38,4773629865,11375559477
2010-11-02,2.41,4773629865,11494900679
2010-11-03,2.47,4773629865,11781318197
2010-11-04,2.53,4773629865,12072510138
2010-11-05,2.54,4773629865,12110698685
2010-11-08,2.53,4773629865,12053415864
2010-11-09,2.48,4773629865,11852923146
2010-11-10,2.46,4773629865,11747902934
2010-11-11,2.48,4773629865,11862469714
2010-11-12,2.57,4773629865,12277776140
2010-11-15,2.52,4773629865,12015226179
2010-11-16,2.49,4773629865,11886338409
2010-11-17,2.46,4773629865,11743129650
2010-11-18,2.51,4773629865,11967489926
2010-11-19,2.53,4773629865,12062962432
2010-11-22,2.60,4773629865,12416211616
2010-11-23,2.60,4773629865,12401890626
2010-11-24,2.63,4773629865,12554647091
2010-11-26,2.70,4773629865,12893574147
2010-11-29,2.69,4773629865,12850611178
2010-11-30,2.61,4773629865,12463947869
2010-12-01,2.69,4773629865,12821970336
2010-12-02,2.84,4773629865,13561882829
2010-12-03,2.65,4773629865,12673987155
2010-12-06,2.68,4773629865,12817195914
2010-12-07,2.49,4773629865,11867244136
2010-12-08,2.54,4773629865,12125019675
2010-12-09,2.64,4773629865,12607156628
2010-12-10,2.64,4773629865,12602383344
2010-12-13,2.66,4773629865,12688308145
2010-12-14,2.63,4773629865,12549872669
2010-12-15,2.64,4773629865,12602383344
2010-12-16,2.76,4773629865,13194312656
2010-12-17,2.82,4773629865,13447314911
2010-12-20,2.78,4773629865,13275464172
2010-12-21,2.79,4773629865,13308880573
2010-12-22,2.81,4773629865,13432993921
2010-12-23,2.81,4773629865,13428220637
2010-12-27,2.88,4773629865,13728959146
2010-12-28,2.83,4773629865,13509372154
2010-12-29,2.86,4773629865,13666901903
2010-12-30,2.89,4773629865,13786243105
2010-12-31,2.84,4773629865,13561882829
2011-01-03,2.78,4773629865,13270690888
2011-01-04,2.80,4773629865,13366163394
2011-01-05,2.80,4773629865,13361390110
2011-01-06,2.85,4773629865,13614392366
2011-01-07,2.83,4773629865,13499825586
2011-01-10,2.89,4773629865,13795790811
2011-01-11,2.92,4773629865,13958093844
2011-01-12,2.82,4773629865,13447314911
2011-01-13,2.84,4773629865,13533240849
2011-01-14,2.90,4773629865,13848300348
2011-01-18,2.78,4773629865,13246823331
2011-01-19,2.78,4773629865,13251596614
2011-01-20,2.77,4773629865,13222954635
2011-01-21,2.78,4773629865,13256369898
2011-01-24,2.81,4773629865,13409126364
2011-01-25,2.80,4773629865,13375711100
2011-01-26,2.83,4773629865,13485504596
2011-01-27,2.92,4773629865,13948546138
2011-01-28,2.81,4773629865,13390032090
2011-01-31,2.87,4773629865,13705091588
2011-02-01,2.91,4773629865,13876942327
2011-02-02,2.88,4773629865,13748054557
2011-02-03,2.94,4773629865,14039245360
2011-02-04,3.12,4773629865,14893724633
2011-02-07,3.08,4773629865,14698006336
2011-02-08,3.19,4773629865,15232652826
2011-02-09,3.28,4773629865,15643184831
2011-02-10,3.25,4773629865,15504749355
2011-02-11,3.33,4773629865,15891413802
2011-02-14,3.40,4773629865,16249436270
2011-02-15,3.37,4773629865,16091906521
2011-02-16,3.44,4773629865,16411739303
2011-02-17,3.36,4773629865,16053716835
2011-02-18,3.38,4773629865,16158737048
2011-02-22,3.26,4773629865,15562033314
2011-02-23,3.13,4773629865,14960556297
2011-02-24,3.40,4773629865,16220794290
2011-02-25,3.44,4773629865,16402192735
2011-02-28,3.40,4773629865,16225567574
2011-03-01,3.21,4773629865,15309031059
2011-03-02,3.25,4773629865,15495202788
2011-03-03,3.30,4773629865,15752978327
2011-03-04,3.28,4773629865,15652732537
2011-03-07,3.20,4773629865,15266068090
2011-03-08,3.24,4773629865,15461787524
2011-03-09,3.10,4773629865,14798252126
2011-03-10,3.10,4773629865,14803026548
2011-03-11,3.12,4773629865,14908045622
2011-03-14,3.10,4773629865,14798252126
2011-03-15,3.11,4773629865,14831668528
2011-03-16,2.96,4773629865,14110850309
2011-03-17,2.93,4773629865,13996282391
2011-03-18,3.03,4773629865,14473646060
2011-03-21,3.10,4773629865,14793478842
2011-03-22,3.07,4773629865,14659817789
2011-03-23,3.10,4773629865,14803026548
2011-03-24,3.11,4773629865,14831668528
2011-03-25,3.09,4773629865,14726648316
2011-03-28,3.10,4773629865,14793478842
2011-03-29,3.10,4773629865,14783931137
2011-03-30,3.15,4773629865,15032160108
2011-03-31,3.11,4773629865,14845988379
2011-04-01,3.15,4773629865,15046481098
2011-04-04,3.06,4773629865,14607307114
2011-04-05,3.17,4773629865,15118086046
2011-04-06,3.28,4773629865,15643184831
2011-04-07,3.25,4773629865,15499976072
2011-04-08,3.26,4773629865,15547712325
2011-04-11,3.22,4773629865,15385409292
2011-04-12,3.14,4773629865,14974877287
2011-04-13,3.18,4773629865,15180143289
2011-04-14,3.11,4773629865,14831668528
2011-04-15,3.17,4773629865,15151501310
2011-04-18,3.16,4773629865,15084670783
2011-04-19,3.18,4773629865,15165822300
2011-04-20,3.26,4773629865,15542939041
2011-04-21,3.26,4773629865,15562033314
2011-04-25,3.22,4773629865,15390182576
2011-04-26,3.23,4773629865,15442692113
2011-04-27,3.34,4773629865,15939150056
2011-04-28,3.29,4773629865,15700468790
2011-04-29,3.35,4773629865,15972565319
2011-05-02,3.32,4773629865,15824583276
2011-05-03,3.22,4773629865,15351994028
2011-05-04,3.25,4773629865,15533391335
2011-05-05,3.32,4773629865,15867545107
2011-05-06,3.49,4773629865,16664741558
2011-05-09,3.55,4773629865,16927291519
2011-05-10,3.58,4773629865,17094368974
2011-05-11,3.59,4773629865,17123009816
2011-05-12,3.51,4773629865,16736346507
2011-05-13,3.49,4773629865,16655194990
2011-05-16,3.43,4773629865,16354456482
2011-05-17,3.43,4773629865,16359229766
2011-05-18,3.46,4773629865,16531080505
2011-05-19,3.48,4773629865,16617005305
2011-05-20,3.44,4773629865,16416512587
2011-05-23,3.20,4773629865,15289936785
2011-05-24,3.17,4773629865,15137180320
2011-05-25,3.45,4773629865,16469023262
2011-05-26,3.47,4773629865,16569269052
2011-05-27,3.50,4773629865,16712477811
2011-05-31,3.38,4773629865,16130095068
2011-06-01,3.38,4773629865,16120548500
2011-06-02,3.35,4773629865,16001207298
2011-06-03,3.39,4773629865,16177831321
2011-06-06,3.33,4773629865,15910508076
2011-06-07,3.40,4773629865,16254209554
2011-06-08,3.34,4773629865,15948697761
2011-06-09,3.42,4773629865,16340135492
2011-06-10,3.38,4773629865,16120548500
2011-06-13,3.35,4773629865,15977338603
2011-06-14,3.42,4773629865,16335361070
2011-06-15,3.36,4773629865,16020301572
2011-06-16,3.34,4773629865,15929602350
2011-06-17,3.25,4773629865,15514297061
2011-06-20,3.28,4773629865,15633638263
2011-06-21,3.41,4773629865,16263757260
2011-06-22,3.60,4773629865,17185067059
2011-06-23,3.58,4773629865,17099142258
2011-06-24,3.55,4773629865,16955933499
2011-06-27,3.55,4773629865,16922518236
2011-06-28,3.69,4773629865,17638562033
2011-06-29,3.77,4773629865,18001357784
2011-06-30,3.80,4773629865,18139793259
2011-07-01,3.87,4773629865,18454852758
2011-07-05,3.90,4773629865,18598061517
2011-07-06,3.91,4773629865,18655345476
2011-07-07,3.87,4773629865,18454852758
2011-07-08,3.80,4773629865,18120698986
2011-07-11,3.74,4773629865,17848602457
2011-07-12,3.54,4773629865,16903422824
2011-07-13,3.54,4773629865,16889102972
2011-07-14,3.52,4773629865,16793629328
2011-07-15,3.55,4773629865,16951160215
2011-07-18,3.50,4773629865,16707704528
2011-07-19,3.62,4773629865,17280539565
2011-07-20,3.61,4773629865,17218483460
2011-07-21,3.68,4773629865,17547863948
2011-07-22,3.71,4773629865,17695845991
2011-07-25,3.61,4773629865,17228030028
2011-07-26,3.67,4773629865,17500126557
2011-07-27,3.36,4773629865,16053716835
2011-07-28,3.46,4773629865,16535853789
2011-07-29,3.36,4773629865,16053716835
2011-08-01,3.32,4773629865,15848450833
2011-08-02,3.20,4773629865,15299483353
2011-08-03,3.28,4773629865,15647959253
2011-08-04,3.09,4773629865,14750515873
2011-08-05,2.93,4773629865,14005830097
2011-08-08,2.72,4773629865,12979500085
2011-08-09,2.96,4773629865,14144265572
2011-08-10,2.92,4773629865,13962867128
2011-08-11,3.07,4773629865,14659817789
2011-08-12,3.10,4773629865,14817347538
2011-08-15,3.16,4773629865,15089444067
2011-08-16,3.10,4773629865,14783931137
2011-08-17,3.07,4773629865,14655043367
2011-08-18,2.86,4773629865,13657355335
2011-08-19,2.83,4773629865,13504598870
2011-08-22,2.76,4773629865,13194312656
2011-08-23,2.93,4773629865,13967641549
2011-08-24,3.23,4773629865,15404503565
2011-08-25,3.09,4773629865,14740969305
2011-08-26,3.15,4773629865,15046481098
2011-08-29,3.29,4773629865,15681374516
2011-08-30,3.31,4773629865,15815035570
2011-08-31,3.31,4773629865,15805489002
2011-09-01,3.16,4773629865,15065575371
2011-09-02,3.11,4773629865,14860309369
2011-09-06,3.15,4773629865,15017839118
2011-09-07,3.27,4773629865,15609769568
2011-09-08,3.31,4773629865,15795941296
2011-09-09,3.23,4773629865,15418824555
2011-09-12,3.35,4773629865,16005980582
2011-09-13,3.43,4773629865,16383097323
2011-09-14,3.66,4773629865,17452390304
2011-09-15,3.67,4773629865,17538316242
2011-09-16,3.65,4773629865,17418975041
2011-09-19,3.73,4773629865,17829507045
2011-09-20,3.63,4773629865,17337823524
2011-09-21,3.60,4773629865,17175520491
2011-09-22,3.40,4773629865,16220794290
2011-09-23,3.48,4773629865,16612232021
2011-09-26,3.41,4773629865,16278078249
2011-09-27,3.45,4773629865,16464248840
2011-09-28,3.30,4773629865,15757752749
2011-09-29,3.32,4773629865,15834129843
2011-09-30,3.28,4773629865,15643184831
2011-10-03,3.19,4773629865,15223105121
2011-10-04,3.23,4773629865,15437918829
2011-10-05,3.26,4773629865,15566806598
2011-10-06,3.30,4773629865,15729110769
2011-10-07,3.29,4773629865,15695695506
2011-10-10,3.37,4773629865,16068037825
2011-10-11,3.33,4773629865,15910508076
2011-10-12,3.37,4773629865,16063264541
2011-10-13,3.41,4773629865,16258982838
2011-10-14,3.57,4773629865,17041858299
2011-10-17,3.51,4773629865,16736346507
2011-10-18,3.58,4773629865,17108689964
2011-10-19,3.46,4773629865,16531080505
2011-10-20,3.40,4773629865,16220794290
2011-10-21,3.38,4773629865,16153963764
2011-10-24,3.54,4773629865,16874781982
2011-10-25,3.44,4773629865,16440381282
2011-10-26,3.38,4773629865,16120548500
2011-10-27,3.38,4773629865,16115774078
2011-10-28,3.36,4773629865,16034622562
2011-10-31,3.38,4773629865,16120548500
2011-11-01,3.30,4773629865,15752978327
2011-11-02,3.26,4773629865,15562033314
2011-11-03,3.43,4773629865,16387871745
2011-11-04,3.44,4773629865,16411739303
2011-11-07,3.46,4773629865,16507211809
2011-11-08,3.47,4773629865,16578816758
2011-11-09,3.32,4773629865,15862771823
2011-11-10,3.31,4773629865,15805489002
2011-11-11,3.43,4773629865,16368776334
2011-11-14,3.31,4773629865,15795941296
2011-11-15,3.30,4773629865,15748205043
2011-11-16,3.21,4773629865,15323352049
2011-11-17,3.12,4773629865,14893724633
2011-11-18,2.99,4773629865,14254059068
2011-11-21,2.94,4773629865,14058339634
2011-11-22,2.94,4773629865,14039245360
2011-11-23,2.90,4773629865,13829206074
2011-11-25,2.84,4773629865,13576203819
2011-11-28,2.86,4773629865,13643034345
2011-11-29,2.89,4773629865,13781469821
2011-11-30,2.99,4773629865,14282701048
2011-12-01,2.99,4773629865,14277926626
2011-12-02,3.12,4773629865,14874630359
2011-12-05,3.10,4773629865,14817347538
2011-12-06,3.08,4773629865,14707554042
2011-12-07,3.12,4773629865,14903272338
2011-12-08,3.07,4773629865,14645496799
2011-12-09,3.06,4773629865,14612081536
2011-12-12,2.95,4773629865,14063114056
2011-12-13,2.92,4773629865,13958093844
2011-12-14,2.87,4773629865,13705091588
2011-12-15,2.86,4773629865,13671676325
2011-12-16,2.88,4773629865,13748054557
2011-12-19,2.76,4773629865,13151350824
2011-12-20,2.88,4773629865,13762374409
2011-12-21,2.79,4773629865,13323200425
2011-12-22,2.90,4773629865,13853073632
2011-12-23,2.94,4773629865,14029697654
2011-12-27,2.93,4773629865,14005830097
2011-12-28,2.87,4773629865,13719412578
2011-12-29,2.91,4773629865,13900809885
2011-12-30,2.89,4773629865,13776695399
2012-01-03,2.89,4773629865,13819658368
2012-01-04,2.85,4773629865,13580977102
2012-01-05,2.85,4773629865,13600071376
2012-01-06,2.83,4773629865,13514146576
2012-01-09,3.02,4773629865,14425909807
2012-01-10,3.07,4773629865,14631175809
2012-01-11,3.12,4773629865,14893724633
2012-01-12,3.17,4773629865,15122859330
2012-01-13,3.16,4773629865,15070349793
2012-01-17,3.16,4773629865,15108538341
2012-01-18,3.39,4773629865,16201700017
2012-01-19,3.36,4773629865,16048943552
2012-01-20,3.38,4773629865,16139642774
2012-01-23,3.37,4773629865,16068037825
2012-01-24,3.39,4773629865,16168284753
2012-01-25,3.39,4773629865,16206473301
2012-01-26,3.41,4773629865,16268530544
2012-01-27,3.40,4773629865,16220794290
2012-01-30,3.37,4773629865,16101453089
2012-01-31,3.39,4773629865,16201700017
2012-02-01,3.46,4773629865,16526306083
2012-02-02,3.50,4773629865,16707704528
2012-02-03,3.51,4773629865,16769761770
2012-02-06,3.43,4773629865,16373550756
2012-02-07,3.46,4773629865,16507211809
2012-02-08,3.49,4773629865,16650420569
2012-02-09,3.51,4773629865,16769761770
2012-02-10,3.45,4773629865,16464248840
2012-02-13,3.48,4773629865,16617005305
2012-02-14,3.45,4773629865,16473796546
2012-02-15,3.50,4773629865,16698156822
2012-02-16,3.59,4773629865,17118236532
2012-02-17,3.52,4773629865,16822271307
2012-02-21,3.55,4773629865,16932064803
2012-02-22,3.59,4773629865,17137330806
2012-02-23,3.72,4773629865,17753129950
2012-02-24,3.63,4773629865,17337823524
2012-02-27,3.70,4773629865,17652883022
2012-02-28,3.70,4773629865,17667204012
2012-02-29,3.76,4773629865,17953621531
2012-03-01,3.73,4773629865,17815187193
2012-03-02,3.66,4773629865,17471485716
2012-03-05,3.55,4773629865,16922518236
2012-03-06,3.53,4773629865,16855686571
2012-03-07,3.58,4773629865,17065726995
2012-03-08,3.64,4773629865,17385559777
2012-03-09,3.68,4773629865,17552637232
2012-03-12,3.66,4773629865,17471485716
2012-03-13,3.76,4773629865,17963169237
2012-03-14,3.71,4773629865,17714940265
2012-03-15,3.78,4773629865,18025226479
2012-03-16,3.79,4773629865,18092057006
2012-03-19,3.81,4773629865,18168435239
2012-03-20,3.80,4773629865,18154114249
2012-03-21,3.84,4773629865,18311643998
2012-03-22,3.80,4773629865,18115925702
2012-03-23,3.81,4773629865,18187529513
2012-03-26,3.88,4773629865,18540778696
2012-03-27,3.88,4773629865,18512136717
2012-03-28,3.80,4773629865,18125472270
2012-03-29,3.83,4773629865,18302097430
2012-03-30,3.90,4773629865,18602835939
2012-04-02,3.87,4773629865,18469173747
2012-04-03,3.84,4773629865,18316417282
2012-04-04,3.74,4773629865,17858149025
2012-04-05,3.76,4773629865,17953621531
2012-04-09,3.76,4773629865,17939300541
2012-04-10,3.68,4773629865,17566958222
2012-04-11,3.75,4773629865,17891564288
2012-04-12,3.82,4773629865,18211398208
2012-04-13,3.73,4773629865,17796091782
2012-04-16,3.70,4773629865,17686298286
2012-04-17,3.77,4773629865,18015678774
2012-04-18,3.75,4773629865,17891564288
2012-04-19,3.57,4773629865,17046632721
2012-04-20,3.43,4773629865,16364003050
2012-04-23,3.32,4773629865,15862771823
2012-04-24,3.27,4773629865,15600221862
2012-04-25,3.50,4773629865,16698156822
2012-04-26,3.51,4773629865,16736346507
2012-04-27,3.46,4773629865,16516759515
2012-04-30,3.45,4773629865,16459475556
2012-05-01,3.45,4773629865,16449928988
2012-05-02,3.48,4773629865,16602684315
2012-05-03,3.34,4773629865,15924829066
2012-05-04,3.16,4773629865,15098991773
2012-05-07,3.13,4773629865,14941462024
2012-05-08,3.15,4773629865,15060802088
2012-05-09,3.11,4773629865,14831668528
2012-05-10,3.09,4773629865,14740969305
2012-05-11,3.09,4773629865,14769611285
2012-05-14,3.11,4773629865,14860309369
2012-05-15,3.11,4773629865,14822120822
2012-05-16,3.08,4773629865,14688458630
2012-05-17,3.01,4773629865,14354304858
2012-05-18,3.00,4773629865,14330437301
2012-05-21,3.09,4773629865,14755290295
2012-05-22,3.13,4773629865,14927141034
2012-05-23,3.35,4773629865,16001207298
2012-05-24,3.25,4773629865,15519070345
2012-05-25,3.32,4773629865,15824583276
2012-05-29,3.44,4773629865,16445154566
2012-05-30,3.31,4773629865,15781620306
2012-05-31,3.31,4773629865,15800714580
2012-06-01,3.10,4773629865,14788705558
2012-06-04,3.05,4773629865,14573891850
2012-06-05,3.14,4773629865,14993971561
2012-06-06,3.30,4773629865,15738657337
2012-06-07,3.30,4773629865,15729110769
2012-06-08,3.38,4773629865,16153963764
2012-06-11,3.32,4773629865,15867545107
2012-06-12,3.39,4773629865,16192152311
2012-06-13,3.40,4773629865,16249436270
2012-06-14,3.33,4773629865,15900961508
2012-06-15,3.41,4773629865,16263757260
2012-06-18,3.48,4773629865,16593137748
2012-06-19,3.47,4773629865,16564495768
2012-06-20,3.53,4773629865,16836592297
2012-06-21,3.45,4773629865,16459475556
2012-06-22,3.48,4773629865,16612232021
2012-06-25,3.42,4773629865,16330587786
2012-06-26,3.44,4773629865,16416512587
2012-06-27,3.49,4773629865,16659968274
2012-06-28,3.43,4773629865,16378324040
2012-06-29,3.59,4773629865,17137330806
2012-07-02,3.55,4773629865,16941612509
2012-07-03,3.57,4773629865,17060952573
2012-07-05,3.56,4773629865,16984575478
2012-07-06,3.45,4773629865,16459475556
2012-07-09,3.33,4773629865,15891413802
2012-07-10,3.34,4773629865,15958244329
2012-07-11,3.31,4773629865,15800714580
2012-07-12,3.26,4773629865,15552485609
2012-07-13,3.32,4773629865,15824583276
2012-07-16,3.27,4773629865,15628863841
2012-07-17,3.30,4773629865,15772072601
2012-07-18,3.38,4773629865,16130095068
2012-07-19,3.60,4773629865,17204162470
2012-07-20,3.53,4773629865,16841366719
2012-07-23,3.45,4773629865,16464248840
2012-07-24,3.42,4773629865,16316266797
2012-07-25,3.42,4773629865,16330587786
2012-07-26,3.54,4773629865,16917743814
2012-07-27,3.61,4773629865,17247124302
2012-07-30,3.60,4773629865,17170746069
2012-07-31,3.69,4773629865,17614694475
2012-08-01,3.67,4773629865,17514447547
2012-08-02,3.65,4773629865,17442843736
2012-08-03,3.71,4773629865,17714940265
2012-08-06,3.71,4773629865,17695845991
2012-08-07,3.74,4773629865,17853375741
2012-08-08,3.75,4773629865,17891564288
2012-08-09,3.73,4773629865,17815187193
2012-08-10,3.71,4773629865,17734034539
2012-08-13,3.63,4773629865,17313955966
2012-08-14,3.62,4773629865,17256672007
2012-08-15,3.66,4773629865,17461938010
2012-08-16,3.69,4773629865,17619467759
2012-08-17,3.68,4773629865,17586052495
2012-08-20,3.60,4773629865,17165972785
2012-08-21,3.64,4773629865,17366465503
2012-08-22,3.65,4773629865,17418975041
2012-08-23,3.60,4773629865,17194614765
2012-08-24,3.61,4773629865,17208935754
2012-08-27,3.58,4773629865,17075273563
2012-08-28,3.63,4773629865,17313955966
2012-08-29,3.66,4773629865,17471485716
2012-08-30,3.60,4773629865,17194614765
2012-08-31,3.66,4773629865,17457164726
2012-09-04,3.59,4773629865,17132557522
2012-09-05,3.52,4773629865,16793629328
2012-09-06,3.66,4773629865,17476258999
2012-09-07,3.62,4773629865,17280539565
2012-09-10,3.50,4773629865,16707704528
2012-09-11,3.50,4773629865,16688610254
2012-09-12,3.52,4773629865,16817498023
2012-09-13,3.51,4773629865,16741119791
2012-09-14,3.51,4773629865,16736346507
2012-09-17,3.53,4773629865,16841366719
2012-09-18,3.52,4773629865,16784082760
2012-09-19,3.51,4773629865,16731573223
2012-09-20,3.38,4773629865,16111000794
2012-09-21,3.55,4773629865,16951160215
2012-09-24,3.46,4773629865,16516759515
2012-09-25,3.30,4773629865,15757752749
2012-09-26,3.35,4773629865,15972565319
2012-09-27,3.49,4773629865,16659968274
2012-09-28,3.49,4773629865,16645647285
2012-10-01,3.47,4773629865,16559722484
2012-10-02,3.44,4773629865,16430833577
2012-10-03,3.46,4773629865,16502438525
2012-10-04,3.44,4773629865,16430833577
2012-10-05,3.44,4773629865,16440381282
2012-10-08,3.39,4773629865,16173058037
2012-10-09,3.36,4773629865,16034622562
2012-10-10,3.26,4773629865,15557260030
2012-10-11,3.29,4773629865,15719563064
2012-10-12,3.30,4773629865,15743431759
2012-10-15,3.32,4773629865,15843677549
2012-10-16,3.43,4773629865,16397418313
2012-10-17,3.41,4773629865,16282851533
2012-10-18,3.40,4773629865,16254209554
2012-10-19,3.32,4773629865,15843677549
2012-10-22,3.34,4773629865,15943923339
2012-10-23,3.32,4773629865,15867545107
2012-10-24,3.27,4773629865,15624090557
2012-10-25,3.37,4773629865,16087132099
2012-10-26,3.38,4773629865,16149189342
2012-10-31,3.30,4773629865,15767299317
2012-11-01,3.45,4773629865,16469023262
2012-11-02,3.40,4773629865,16216021006
2012-11-05,3.43,4773629865,16383097323
2012-11-06,3.53,4773629865,16841366719
2012-11-07,3.40,4773629865,16211246585
2012-11-08,3.38,4773629865,16153963764
2012-11-09,3.35,4773629865,15982113025
2012-11-12,3.36,4773629865,16044170268
2012-11-13,3.33,4773629865,15886640518
2012-11-14,3.30,4773629865,15767299317
2012-11-15,3.22,4773629865,15394955859
2012-11-16,3.19,4773629865,15246973816
2012-11-19,3.28,4773629865,15633638263
2012-11-20,3.28,4773629865,15662279105
2012-11-21,3.28,4773629865,15667053526
2012-11-23,3.36,4773629865,16015528288
2012-11-26,3.40,4773629865,16249436270
2012-11-27,3.41,4773629865,16287624817
2012-11-28,3.46,4773629865,16497665241
2012-11-29,3.51,4773629865,16755440781
2012-11-30,3.51,4773629865,16755440781
2012-12-03,3.48,4773629865,16617005305
2012-12-04,3.49,4773629865,16669515980
2012-12-05,3.45,4773629865,16483344252
2012-12-06,3.51,4773629865,16764988486
2012-12-07,3.42,4773629865,16349682060
2012-12-10,3.44,4773629865,16445154566
2012-12-11,3.46,4773629865,16497665241
2012-12-12,3.46,4773629865,16502438525
2012-12-13,3.37,4773629865,16087132099
2012-12-14,3.11,4773629865,14865083791
2012-12-17,3.20,4773629865,15270841374
2012-12-18,3.23,4773629865,15404503565
2012-12-19,3.20,4773629865,15270841374
2012-12-20,3.19,4773629865,15227879542
2012-12-21,3.14,4773629865,14970102865
2012-12-24,3.12,4773629865,14869857075
2012-12-26,3.09,4773629865,14740969305
2012-12-27,3.14,4773629865,14974877287
2012-12-28,3.12,4773629865,14869857075
2012-12-31,3.16,4773629865,15108538341
2013-01-02,3.25,4773629865,15533391335
2013-01-03,3.27,4773629865,15614542851
2013-01-04,3.25,4773629865,15514297061
2013-01-07,3.23,4773629865,15428372261
2013-01-08,3.21,4773629865,15323352049
2013-01-09,3.28,4773629865,15662279105
2013-01-10,3.35,4773629865,16001207298
2013-01-11,3.43,4773629865,16392645029
2013-01-14,3.46,4773629865,16502438525
2013-01-15,3.39,4773629865,16168284753
2013-01-16,3.46,4773629865,16497665241
2013-01-17,3.48,4773629865,16617005305
2013-01-18,3.44,4773629865,16440381282
2013-01-22,3.44,4773629865,16440381282
2013-01-23,3.44,4773629865,16430833577
2013-01-24,3.39,4773629865,16196925595
2013-01-25,3.42,4773629865,16306719091
2013-01-28,3.45,4773629865,16459475556
2013-01-29,3.46,4773629865,16502438525
2013-01-30,3.51,4773629865,16731573223
2013-01-31,3.58,4773629865,17075273563
2013-02-01,3.63,4773629865,17309181545
2013-02-04,3.52,4773629865,16793629328
2013-02-05,3.54,4773629865,16903422824
2013-02-06,3.56,4773629865,17013216320
2013-02-07,3.50,4773629865,16688610254
2013-02-08,3.53,4773629865,16860460993
2013-02-11,3.54,4773629865,16898649540
2013-02-12,3.51,4773629865,16774535054
2013-02-13,3.52,4773629865,16788856044
2013-02-14,3.56,4773629865,17013216320
2013-02-15,3.51,4773629865,16774535054
2013-02-19,3.55,4773629865,16965480067
2013-02-20,3.47,4773629865,16550174778
2013-02-21,3.37,4773629865,16072812247
2013-02-22,3.41,4773629865,16273303827
2013-02-25,3.30,4773629865,15729110769
2013-02-26,3.31,4773629865,15815035570
2013-02-27,3.37,4773629865,16082358815
2013-02-28,3.42,4773629865,16335361070
2013-03-01,3.37,4773629865,16087132099
2013-03-04,3.35,4773629865,16010755004
2013-03-05,3.43,4773629865,16387871745
2013-03-06,3.47,4773629865,16569269052
2013-03-07,3.50,4773629865,16693383538
2013-03-08,3.53,4773629865,16836592297
2013-03-11,3.53,4773629865,16831819013
2013-03-12,3.55,4773629865,16922518236
2013-03-13,3.60,4773629865,17180293775
2013-03-14,3.67,4773629865,17500126557
2013-03-15,3.60,4773629865,17185067059
2013-03-18,3.53,4773629865,16831819013
2013-03-19,3.53,4773629865,16850913287
2013-03-20,3.59,4773629865,17151651795
2013-03-21,3.56,4773629865,16975027773
2013-03-22,3.58,4773629865,17089594553
2013-03-25,3.55,4773629865,16955933499
2013-03-26,3.58,4773629865,17084821269
2013-03-27,3.56,4773629865,17013216320
2013-03-28,3.59,4773629865,17146878511
2013-04-01,3.53,4773629865,16870007561
2013-04-02,3.49,4773629865,16650420569
2013-04-03,3.43,4773629865,16378324040
2013-04-04,3.46,4773629865,16516759515
2013-04-05,3.43,4773629865,16387871745
2013-04-08,3.47,4773629865,16545401494
2013-04-09,3.48,4773629865,16602684315
2013-04-10,3.54,4773629865,16889102972
2013-04-11,3.56,4773629865,17008443036
2013-04-12,3.49,4773629865,16664741558
2013-04-15,3.38,4773629865,16125321784
2013-04-16,3.46,4773629865,16507211809
2013-04-17,3.24,4773629865,15466560808
2013-04-18,3.14,4773629865,14974877287
2013-04-19,3.13,4773629865,14922366612
2013-04-22,3.16,4773629865,15075123077
2013-04-23,3.24,4773629865,15452239818
2013-04-24,3.26,4773629865,15571581020
2013-04-25,3.26,4773629865,15576354304
2013-04-26,3.21,4773629865,15328125333
2013-04-29,3.25,4773629865,15528618051
2013-04-30,3.20,4773629865,15256521522
2013-05-01,3.13,4773629865,14951008592
2013-05-02,3.21,4773629865,15318578765
2013-05-03,3.19,4773629865,15218331837
2013-05-06,3.28,4773629865,15657505821
2013-05-07,3.25,4773629865,15533391335
2013-05-08,3.35,4773629865,15991659593
2013-05-09,3.39,4773629865,16168284753
2013-05-10,3.41,4773629865,16258982838
2013-05-13,3.36,4773629865,16048943552
2013-05-14,3.37,4773629865,16087132099
2013-05-15,3.42,4773629865,16316266797
2013-05-16,3.42,4773629865,16330587786
2013-05-17,3.44,4773629865,16435607998
2013-05-20,3.44,4773629865,16440381282
2013-05-21,3.51,4773629865,16750667497
2013-05-22,3.46,4773629865,16497665241
2013-05-23,3.40,4773629865,16216021006
2013-05-24,3.41,4773629865,16278078249
2013-05-28,3.44,4773629865,16440381282
2013-05-29,3.44,4773629865,16435607998
2013-05-30,3.78,4773629865,18053868459
2013-05-31,3.77,4773629865,18010905490
2013-06-03,3.73,4773629865,17805639487
2013-06-04,3.78,4773629865,18044320753
2013-06-05,3.70,4773629865,17662430728
2013-06-06,3.67,4773629865,17543089526
2013-06-07,3.73,4773629865,17800866204
2013-06-10,3.68,4773629865,17581279212
2013-06-11,3.63,4773629865,17323502534
2013-06-12,3.60,4773629865,17175520491
2013-06-13,3.71,4773629865,17714940265
2013-06-14,3.76,4773629865,17944074963
2013-06-17,3.81,4773629865,18182756229
2013-06-18,3.88,4773629865,18497815727
2013-06-19,3.81,4773629865,18173208523
2013-06-20,3.71,4773629865,17691072708
2013-06-21,3.74,4773629865,17843828035
2013-06-24,3.67,4773629865,17514447547
2013-06-25,3.71,4773629865,17710166981
2013-06-26,3.72,4773629865,17781770792
2013-06-27,3.73,4773629865,17815187193
2013-06-28,3.74,4773629865,17843828035
2013-07-01,3.76,4773629865,17953621531
2013-07-02,3.85,4773629865,18368927957
2013-07-03,3.86,4773629865,18421437494
2013-07-05,3.88,4773629865,18526457706
2013-07-08,3.73,4773629865,17791318498
2013-07-09,3.76,4773629865,17939300541
2013-07-10,3.83,4773629865,18297323009
2013-07-11,3.86,4773629865,18421437494
2013-07-12,3.89,4773629865,18593288233
2013-07-15,3.80,4773629865,18144567681
2013-07-16,3.89,4773629865,18555099686
2013-07-17,3.89,4773629865,18578967243
2013-07-18,3.76,4773629865,17948848247
2013-07-19,3.79,4773629865,18068189449
2013-07-22,3.78,4773629865,18039547469
2013-07-23,3.76,4773629865,17953621531
2013-07-24,3.69,4773629865,17609920053
2013-07-25,3.69,4773629865,17614694475
2013-07-26,3.68,4773629865,17557410516
2013-07-29,3.66,4773629865,17466711294
2013-07-30,3.68,4773629865,17590825779
2013-07-31,3.67,4773629865,17509674263
2013-08-01,3.74,4773629865,17853375741
2013-08-02,3.75,4773629865,17896338710
2013-08-05,3.70,4773629865,17671977296
2013-08-06,3.69,4773629865,17595600201
2013-08-07,3.73,4773629865,17800866204
2013-08-08,3.73,4773629865,17815187193
2013-08-09,3.68,4773629865,17581279212
2013-08-12,3.77,4773629865,17996584500
2013-08-13,3.80,4773629865,18149340965
2013-08-14,3.72,4773629865,17767449802
2013-08-15,3.60,4773629865,17194614765
2013-08-16,3.63,4773629865,17304408261
2013-08-19,3.63,4773629865,17304408261
2013-08-20,3.68,4773629865,17562183800
2013-08-21,3.66,4773629865,17466711294
2013-08-22,3.66,4773629865,17476258999
2013-08-23,3.67,4773629865,17538316242
2013-08-26,3.75,4773629865,17891564288
2013-08-27,3.65,4773629865,17447617020
2013-08-28,3.83,4773629865,18273455451
2013-08-29,3.89,4773629865,18593288233
2013-08-30,3.85,4773629865,18383248947
2013-09-03,3.84,4773629865,18306870714
2013-09-04,3.90,4773629865,18607609223
2013-09-05,3.88,4773629865,18516910001
2013-09-06,3.86,4773629865,18407116505
2013-09-09,3.88,4773629865,18507363433
2013-09-10,3.97,4773629865,18932216427
2013-09-11,3.92,4773629865,18736496993
2013-09-12,3.90,4773629865,18631477918
2013-09-13,3.90,4773629865,18612382507
2013-09-16,3.93,4773629865,18750817982
2013-09-17,4.01,4773629865,19151803419
2013-09-18,4.07,4773629865,19414352242
2013-09-19,4.07,4773629865,19452540789
2013-09-20,4.16,4773629865,19867848354
2013-09-23,4.19,4773629865,19987187280
2013-09-24,4.24,4773629865,20244965095
2013-09-25,4.22,4773629865,20149492589
2013-09-26,4.23,4773629865,20178134568
2013-09-27,4.27,4773629865,20383399433
2013-09-30,4.31,4773629865,20564797877
2013-10-01,4.34,4773629865,20727100910
2013-10-02,4.34,4773629865,20722327626
2013-10-03,4.33,4773629865,20669816951
2013-10-04,4.35,4773629865,20765289458
2013-10-07,4.30,4773629865,20526609330
2013-10-08,4.26,4773629865,20335664317
2013-10-09,4.22,4773629865,20144717029
2013-10-10,4.35,4773629865,20770062741
2013-10-11,4.33,4773629865,20665043667
2013-10-14,4.42,4773629865,21113764219
2013-10-15,4.37,4773629865,20879857375
2013-10-16,4.45,4773629865,21242651989
2013-10-17,4.51,4773629865,21529071784
2013-10-18,4.61,4773629865,21987338903
2013-10-21,4.70,4773629865,22459928151
2013-10-22,4.69,4773629865,22374002212
2013-10-23,4.54,4773629865,21667506121
2013-10-24,4.55,4773629865,21715241236
2013-10-25,4.56,4773629865,21782074039
2013-10-28,4.55,4773629865,21724790080
2013-10-29,4.58,4773629865,21863224418
2013-10-30,4.49,4773629865,21409730582
2013-10-31,4.54,4773629865,21686601533
2013-11-01,4.47,4773629865,21347673339
2013-11-04,4.50,4773629865,21500429804
2013-11-05,4.50,4773629865,21495654244
2013-11-06,4.54,4773629865,21657959553
2013-11-07,4.37,4773629865,20841668828
2013-11-08,4.43,4773629865,21171048178
2013-11-11,4.42,4773629865,21104217651
2013-11-12,4.51,4773629865,21543391635
2013-11-13,4.54,4773629865,21662732837
2013-11-14,4.30,4773629865,20502740634
2013-11-15,4.46,4773629865,21295162664
2013-11-18,4.40,4773629865,20984876450
2013-11-19,4.30,4773629865,20502740634
2013-11-20,4.27,4773629865,20383399433
2013-11-21,4.30,4773629865,20550475749
2013-11-22,4.33,4773629865,20669816951
2013-11-25,4.37,4773629865,20865535248
2013-11-26,4.47,4773629865,21361993191
2013-11-27,4.47,4773629865,21323804643
2013-11-29,4.47,4773629865,21352446623
2013-12-02,4.50,4773629865,21481334393
2013-12-03,4.48,4773629865,21376315318
2013-12-04,4.45,4773629865,21242651989
2013-12-05,4.76,4773629865,22717703690
2013-12-06,4.70,4773629865,22416966319
2013-12-09,4.74,4773629865,22612684616
2013-12-10,4.66,4773629865,22245114443
2013-12-11,4.61,4773629865,22011207599
2013-12-12,4.57,4773629865,21839355722
2013-12-13,4.57,4773629865,21791620607
2013-12-16,5.01,4773629865,23915886716
2013-12-17,5.36,4773629865,25567561302
2013-12-18,5.32,4773629865,25371843006
2013-12-19,5.14,4773629865,24555552280
2013-12-20,5.16,4773629865,24655798071
2013-12-23,5.21,4773629865,24851516367
2013-12-24,5.26,4773629865,25118840750
2013-12-26,5.27,4773629865,25166575865
2013-12-27,5.28,4773629865,25195217845
2013-12-30,5.27,4773629865,25157029298
2013-12-31,5.29,4773629865,25242955236
2014-01-02,5.26,4773629865,25133160602
2014-01-03,5.28,4773629865,25228633108
2014-01-06,5.25,4773629865,25056783507
2014-01-07,5.30,4773629865,25295463635
2014-01-08,5.38,4773629865,25672580376
2014-01-09,5.32,4773629865,25410031553
2014-01-10,5.33,4773629865,25443446816
2014-01-13,5.26,4773629865,25128387318
2014-01-14,5.53,4773629865,26383852027
2014-01-15,5.70,4773629865,27195369468
2014-01-16,5.54,4773629865,26460231398
2014-01-17,5.61,4773629865,26799157316
2014-01-21,5.61,4773629865,26784837464
2014-01-22,5.72,4773629865,27281295407
2014-01-23,5.61,4773629865,26756195484
2014-01-24,5.45,4773629865,26011508570
2014-01-27,5.45,4773629865,25992415434
2014-01-28,5.47,4773629865,26121303204
2014-01-29,5.41,4773629865,25811016990
2014-01-30,5.51,4773629865,26278832953
2014-01-31,5.46,4773629865,26083114657
2014-02-03,5.33,4773629865,25424353681
2014-02-04,5.40,4773629865,25782375010
2014-02-05,5.40,4773629865,25768052882
2014-02-06,5.52,4773629865,26350436764
2014-02-07,5.66,4773629865,27004424456
2014-02-10,5.63,4773629865,26880309970
2014-02-11,5.81,4773629865,27720469391
2014-02-12,5.89,4773629865,28135774679
2014-02-13,5.91,4773629865,28202605206
2014-02-14,5.81,4773629865,27725242675
2014-02-18,5.84,4773629865,27863677012
2014-02-19,5.77,4773629865,27543844230
2014-02-20,5.90,4773629865,28164416659
2014-02-21,5.86,4773629865,27949602951
2014-02-24,5.96,4773629865,28436512050
2014-02-25,5.90,4773629865,28164416659
2014-02-26,6.19,4773629865,29548769137
2014-02-27,6.14,4773629865,29300540166
2014-02-28,6.17,4773629865,29453296631
2014-03-03,6.17,4773629865,29472389767
2014-03-04,6.34,4773629865,30240945377
2014-03-05,6.31,4773629865,30112057607
2014-03-06,6.36,4773629865,30379379714
2014-03-07,6.28,4773629865,29954527858
2014-03-10,6.28,4773629865,29978396554
2014-03-11,6.20,4773629865,29606053096
2014-03-12,6.32,4773629865,30159792722
2014-03-13,6.27,4773629865,29921112595
2014-03-14,6.27,4773629865,29921112595
2014-03-17,6.34,4773629865,30269587356
2014-03-18,6.38,4773629865,30465305653
2014-03-19,6.44,4773629865,30746949888
2014-03-20,6.53,4773629865,31176577304
2014-03-21,6.39,4773629865,30503494200
2014-03-24,6.32,4773629865,30150246155
2014-03-25,6.40,4773629865,30551231591
2014-03-26,6.28,4773629865,29983169838
2014-03-27,6.28,4773629865,29968847710
2014-03-28,6.41,4773629865,30603739990
2014-03-31,6.44,4773629865,30746949888
2014-04-01,6.51,4773629865,31052462818
2014-04-02,6.46,4773629865,30856744522
2014-04-03,6.39,4773629865,30517816328
2014-04-04,6.18,4773629865,29501031746
2014-04-07,6.04,4773629865,28813628791
2014-04-08,6.02,4773629865,28722931845
2014-04-09,6.25,4773629865,29820866805
2014-04-10,5.99,4773629865,28574948663
2014-04-11,5.85,4773629865,27940056383
2014-04-14,5.88,4773629865,28078490720
2014-04-15,5.89,4773629865,28135774679
2014-04-16,5.93,4773629865,28312399840
2014-04-17,6.09,4773629865,29066633322
2014-04-21,6.19,4773629865,29543995854
2014-04-22,6.34,4773629865,30283907208
2014-04-23,6.46,4773629865,30837649110
2014-04-24,6.54,4773629865,31209992567
2014-04-25,6.23,4773629865,29758809562
2014-04-28,6.08,4773629865,29014122647
2014-04-29,6.09,4773629865,29080953174
2014-04-30,6.35,4773629865,30312549188
2014-05-01,6.35,4773629865,30307775904
2014-05-02,6.43,4773629865,30680119361
2014-05-05,6.43,4773629865,30670572793
2014-05-06,6.73,4773629865,32145624494
2014-05-07,6.68,4773629865,31892622239
2014-05-08,6.80,4773629865,32436815297
2014-05-09,6.74,4773629865,32179039758
2014-05-12,6.91,4773629865,33000103767
2014-05-13,6.88,4773629865,32823478606
2014-05-14,6.85,4773629865,32704137404
2014-05-15,6.79,4773629865,32427268729
2014-05-16,6.85,4773629865,32689817552
2014-05-19,6.83,4773629865,32613438182
2014-05-20,6.75,4773629865,32231548157
2014-05-21,6.84,4773629865,32656402289
2014-05-22,6.87,4773629865,32785290058
2014-05-23,7.05,4773629865,33677957878
2014-05-27,7.09,4773629865,33859356323
2014-05-28,7.01,4773629865,33463146446
2014-05-29,7.08,4773629865,33792525796
2014-05-30,7.07,4773629865,33735241837
2014-06-02,7.16,4773629865,34198284517
2014-06-03,7.14,4773629865,34107585294
2014-06-04,7.16,4773629865,34183962389
2014-06-05,7.19,4773629865,34308076875
2014-06-06,7.16,4773629865,34193511233
2014-06-09,7.18,4773629865,34269888327
2014-06-10,7.19,4773629865,34303303591
2014-06-11,7.18,4773629865,34250795192
2014-06-12,7.18,4773629865,34255568476
2014-06-13,7.14,4773629865,34093265443
2014-06-16,7.09,4773629865,33835487627
2014-06-17,7.15,4773629865,34121905146
2014-06-18,7.12,4773629865,33997792936
2014-06-19,7.09,4773629865,33859356323
2014-06-20,7.16,4773629865,34164869253
2014-06-23,7.12,4773629865,34007339504
2014-06-24,7.07,4773629865,33735241837
2014-06-25,7.16,4773629865,34193511233
2014-06-26,7.10,4773629865,33873678451
2014-06-27,7.09,4773629865,33864129607
2014-06-30,7.21,4773629865,34403549381
2014-07-01,7.40,4773629865,35339181308
2014-07-02,7.43,4773629865,35477617921
2014-07-03,7.52,4773629865,35888149926
2014-07-07,7.45,4773629865,35577863712
2014-07-08,7.34,4773629865,35033670654
2014-07-09,7.42,4773629865,35434653814
2014-07-10,7.32,4773629865,34919102736
2014-07-11,7.32,4773629865,34942971431
2014-07-14,7.40,4773629865,35343954592
2014-07-15,7.34,4773629865,35047990505
2014-07-16,7.36,4773629865,35157782863
2014-07-17,7.19,4773629865,34322399002
2014-07-18,7.50,4773629865,35802223988
2014-07-21,7.54,4773629865,36002715568
2014-07-22,7.54,4773629865,35988395716
2014-07-23,7.36,4773629865,35148236295
2014-07-24,7.25,4773629865,34613589805
2014-07-25,6.99,4773629865,33377220508
2014-07-28,7.05,4773629865,33658864743
2014-07-29,6.99,4773629865,33358125096
2014-07-30,7.05,4773629865,33658864743
2014-07-31,6.94,4773629865,33119444968
2014-08-01,7.04,4773629865,33625449479
2014-08-04,7.13,4773629865,34055074619
2014-08-05,7.01,4773629865,33472693014
2014-08-06,7.03,4773629865,33553843392
2014-08-07,6.96,4773629865,33238783894
2014-08-08,7.04,4773629865,33620676195
2014-08-11,7.08,4773629865,33806845648
2014-08-12,7.11,4773629865,33964375397
2014-08-13,7.20,4773629865,34355814266
2014-08-14,7.38,4773629865,35248482086
2014-08-15,7.48,4773629865,35701978197
2014-08-18,7.54,4773629865,35978849148
2014-08-19,7.56,4773629865,36098188074
2014-08-20,7.64,4773629865,36460984963
2014-08-21,7.63,4773629865,36408474288
2014-08-22,7.62,4773629865,36379832309
2014-08-25,7.58,4773629865,36169794161
2014-08-26,7.60,4773629865,36260493383
2014-08-27,7.62,4773629865,36355965889
2014-08-28,7.64,4773629865,36451438396
2014-08-29,8.21,4773629865,39186725814
2014-09-02,8.50,4773629865,40585400420
2014-09-03,8.54,4773629865,40762023305
2014-09-04,8.61,4773629865,41096180491
2014-09-05,8.79,4773629865,41950659763
2014-09-08,8.82,4773629865,42098642945
2014-09-09,8.84,4773629865,42203659743
2014-09-10,8.90,4773629865,42485303978
2014-09-11,8.91,4773629865,42518719241
2014-09-12,8.78,4773629865,41936337636
2014-09-15,8.67,4773629865,41392142301
2014-09-16,8.79,4773629865,41969752899
2014-09-17,8.77,4773629865,41883829237
2014-09-18,8.95,4773629865,42733532949
2014-09-19,8.91,4773629865,42533041369
2014-09-22,8.72,4773629865,41616507130
2014-09-23,8.76,4773629865,41797901022
2014-09-24,8.90,4773629865,42494855098
2014-09-25,8.65,4773629865,41272803376
2014-09-26,8.75,4773629865,41769261319
2014-09-29,8.71,4773629865,41583091866
2014-09-30,8.70,4773629865,41530578915
2014-10-01,8.55,4773629865,40833629392
2014-10-02,8.32,4773629865,39721374580
2014-10-03,8.35,4773629865,39845489066
2014-10-06,8.29,4773629865,39563844831
2014-10-07,8.10,4773629865,38680721303
2014-10-08,8.33,4773629865,39764336411
2014-10-09,8.06,4773629865,38475458715
2014-10-10,7.14,4773629865,34064623463
2014-10-13,6.90,4773629865,32957139659
2014-10-14,7.20,4773629865,34379682961
2014-10-15,7.26,4773629865,34632685217
2014-10-16,7.56,4773629865,36088641506
2014-10-17,7.72,4773629865,36828555137
2014-10-20,7.80,4773629865,37229538297
2014-10-21,8.24,4773629865,39325162427
2014-10-22,8.09,4773629865,38599573201
2014-10-23,8.14,4773629865,38847797620
2014-10-24,8.19,4773629865,39072162448
2014-10-27,8.16,4773629865,38938496842
2014-10-28,8.42,4773629865,40193963827
2014-10-29,8.49,4773629865,40518569894
2014-10-30,8.24,4773629865,39329937987
2014-10-31,8.63,4773629865,41172557586
2014-11-03,8.63,4773629865,41215519417
2014-11-04,8.54,4773629865,40747705729
2014-11-05,8.67,4773629865,41392142301
2014-11-06,8.76,4773629865,41831316285
2014-11-07,8.50,4773629865,40594946988
2014-11-10,8.59,4773629865,41010252276
2014-11-11,8.62,4773629865,41129595754
2014-11-12,8.70,4773629865,41554447611
2014-11-13,8.74,4773629865,41745392623
2014-11-14,8.90,4773629865,42494855098
2014-11-17,8.85,4773629865,42256172694
2014-11-18,9.14,4773629865,43635749613
2014-11-19,8.93,4773629865,42604647456
2014-11-20,8.99,4773629865,42929253522
2014-11-21,9.02,4773629865,43062914575
2014-11-24,9.11,4773629865,43506864119
2014-11-25,9.11,4773629865,43511635127
2014-11-26,9.38,4773629865,44767102112
2014-11-28,9.34,4773629865,44585703667
2014-12-01,9.10,4773629865,43416164897
2014-12-02,9.22,4773629865,44012868630
2014-12-03,9.51,4773629865,45411538684
2014-12-04,10.31,4773629865,49201803783
2014-12-05,10.40,4773629865,49640977767
2014-12-08,10.07,4773629865,48075226844
2014-12-09,10.26,4773629865,48996536643
2014-12-10,9.93,4773629865,47378277321
2014-12-11,10.06,4773629865,47998849749
2014-12-12,9.92,4773629865,47354408625
2014-12-15,9.82,4773629865,46881819378
2014-12-16,9.73,4773629865,46461738529
2014-12-17,9.90,4773629865,47254162835
2014-12-18,10.16,4773629865,48523947396
2014-12-19,10.02,4773629865,47807904737
2014-12-22,10.14,4773629865,48409379478
2014-12-23,10.08,4773629865,48108642107
2014-12-24,10.07,4773629865,48079997852
2014-12-26,10.06,4773629865,48032265013
2014-12-29,10.13,4773629865,48352095519
2014-12-30,10.09,4773629865,48142057371
2014-12-31,10.06,4773629865,48017942885
2015-01-02,10.01,4773629865,47779260481
2015-01-05,9.85,4773629865,47015480431
2015-01-06,9.63,4773629865,45946187451
2015-01-07,9.89,4773629865,47187332308
2015-01-08,10.38,4773629865,49545502985
2015-01-09,10.49,4773629865,50075376191
2015-01-12,10.32,4773629865,49244765615
2015-01-13,10.26,4773629865,48967896940
2015-01-14,10.34,4773629865,49354557972
2015-01-15,10.13,4773629865,48366417647
2015-01-16,10.38,4773629865,49559825113
2015-01-20,10.49,4773629865,50061058616
2015-01-21,10.54,4773629865,50304512027
2015-01-22,10.52,4773629865,50218588365
2015-01-23,10.70,4773629865,51068292077
2015-01-26,10.67,4773629865,50948953152
2015-01-27,10.48,4773629865,50022867792
2015-01-28,10.50,4773629865,50123113583
2015-01-29,10.65,4773629865,50853478369
2015-01-30,10.29,4773629865,49111104561
2015-02-02,10.24,4773629865,48891515293
2015-02-03,10.32,4773629865,49263858750
2015-02-04,10.48,4773629865,50027638800
2015-02-05,10.62,4773629865,50695948620
2015-02-06,10.47,4773629865,49998999097
2015-02-09,10.22,4773629865,48805591631
2015-02-10,10.70,4773629865,51096936333
2015-02-11,10.79,4773629865,51526559197
2015-02-12,10.97,4773629865,52366720894
2015-02-13,11.02,4773629865,52581534602
2015-02-17,11.09,4773629865,52925233803
2015-02-18,11.00,4773629865,52509928515
2015-02-19,11.09,4773629865,52939555931
2015-02-20,11.21,4773629865,53493297833
2015-02-23,11.28,4773629865,53870412298
2015-02-24,11.32,4773629865,54027942047
2015-02-25,11.27,4773629865,53789259644
2015-02-26,12.93,4773629865,61699166916
2015-02-27,12.76,4773629865,60921064738
2015-03-02,12.90,4773629865,61589374558
2015-03-03,12.82,4773629865,61207479980
2015-03-04,12.94,4773629865,61770768450
2015-03-05,13.06,4773629865,62329285912
2015-03-06,12.79,4773629865,61049950231
2015-03-09,12.71,4773629865,60682382334
2015-03-10,12.51,4773629865,59727657271
2015-03-11,12.47,4773629865,59508068003
2015-03-12,12.61,4773629865,60205022079
2015-03-13,12.50,4773629865,59670373313
2015-03-16,12.99,4773629865,61995133278
2015-03-17,12.91,4773629865,61627560829
2015-03-18,13.04,4773629865,62267226393
2015-03-19,13.20,4773629865,63031010995
2015-03-20,13.33,4773629865,63627714729
2015-03-23,13.44,4773629865,64176681070
2015-03-24,13.31,4773629865,63546562074
2015-03-25,12.44,4773629865,59398275645
2015-03-26,12.47,4773629865,59531936699
2015-03-27,12.82,4773629865,61202708973
2015-03-30,13.06,4773629865,62319739344
2015-03-31,12.70,4773629865,60615551807
2015-04-01,12.56,4773629865,59971110683
2015-04-02,12.50,4773629865,59679919880
2015-04-06,12.58,4773629865,60066585465
2015-04-07,12.56,4773629865,59980657251
2015-04-08,12.68,4773629865,60524852585
2015-04-09,12.72,4773629865,60730119725
2015-04-10,12.68,4773629865,60539174713
2015-04-13,12.53,4773629865,59837449629
2015-04-14,12.40,4773629865,59183461937
2015-04-15,12.59,4773629865,60100000729
2015-04-16,12.53,4773629865,59827903062
2015-04-17,12.19,4773629865,58166681908
2015-04-20,12.30,4773629865,58729970378
2015-04-21,12.31,4773629865,58763385641
2015-04-22,12.79,4773629865,61054725791
2015-04-23,12.41,4773629865,59226423768
2015-04-24,11.95,4773629865,57044875976
2015-04-27,12.02,4773629865,57355164467
2015-04-28,11.74,4773629865,56066282218
2015-04-29,11.70,4773629865,55865790638
2015-04-30,11.69,4773629865,55794184551
2015-05-01,12.28,4773629865,58620173468
2015-05-04,12.12,4773629865,57837300282
2015-05-05,11.68,4773629865,55751222720
2015-05-06,11.68,4773629865,55746451712
2015-05-07,12.25,4773629865,58467419278
2015-05-08,12.33,4773629865,58873177999
2015-05-11,12.28,4773629865,58624949028
2015-05-12,12.30,4773629865,58691779554
2015-05-13,12.31,4773629865,58777703217
2015-05-14,12.69,4773629865,60596458672
2015-05-15,12.79,4773629865,61040403663
2015-05-18,13.02,4773629865,62143111907
2015-05-19,12.95,4773629865,61804183713
2015-05-20,12.91,4773629865,61632336389
2015-05-21,12.96,4773629865,61861467672
2015-05-22,13.26,4773629865,63317426238
2015-05-26,13.13,4773629865,62677760674
2015-05-27,14.15,4773629865,67542089761
2015-05-28,14.24,4773629865,67966941617
2015-05-29,14.81,4773629865,70683138176
2015-06-01,14.66,4773629865,69990959660
2015-06-02,14.42,4773629865,68816649882
2015-06-03,14.31,4773629865,68291547683
2015-06-04,14.12,4773629865,67403653148
2015-06-05,14.38,4773629865,68649569013
2015-06-08,13.86,4773629865,66176830418
2015-06-09,14.02,4773629865,66931063900
2015-06-10,14.29,4773629865,68196077453
2015-06-11,14.20,4773629865,67780772165
2015-06-12,14.05,4773629865,67055178386
2015-06-15,14.31,4773629865,68320191939
2015-06-16,14.20,4773629865,67780772165
2015-06-17,14.07,4773629865,67160199736
2015-06-18,14.30,4773629865,68262907980
2015-06-19,14.29,4773629865,68210395029
2015-06-22,14.33,4773629865,68396569033
2015-06-23,14.16,4773629865,67613691296
2015-06-24,14.00,4773629865,66816495982
2015-06-25,13.92,4773629865,66463250213
2015-06-26,13.52,4773629865,64515609264
2015-06-29,13.20,4773629865,63016688868
2015-06-30,13.29,4773629865,63455862852
2015-07-01,13.55,4773629865,64682685581
2015-07-02,13.76,4773629865,65704241171
2015-07-06,13.42,4773629865,64062113152
2015-07-07,13.28,4773629865,63412901020
2015-07-08,12.81,4773629865,61126331878
2015-07-09,12.47,4773629865,59517619123
2015-07-10,12.98,4773629865,61980811150
2015-07-13,12.92,4773629865,61665751652
2015-07-14,13.23,4773629865,63155120929
2015-07-15,13.17,4773629865,62878252254
2015-07-16,13.47,4773629865,64300795556
2015-07-17,13.37,4773629865,63804337613
2015-07-20,13.46,4773629865,64272151301
2015-07-21,13.45,4773629865,64210096334
2015-07-22,12.96,4773629865,61861467672
2015-07-23,13.20,4773629865,62997591180
2015-07-24,12.85,4773629865,61331594466
2015-07-27,12.47,4773629865,59503296996
2015-07-28,12.84,4773629865,61302954763
2015-07-29,12.86,4773629865,61379331857
2015-07-30,12.77,4773629865,60935386866
2015-07-31,12.51,4773629865,59737203839
2015-08-03,12.58,4773629865,60052263338
2015-08-04,12.35,4773629865,58940008526
2015-08-05,12.48,4773629865,59551034387
2015-08-06,12.33,4773629865,58844533743
2015-08-07,12.26,4773629865,58500834542
2015-08-10,12.73,4773629865,60758759429
2015-08-11,12.42,4773629865,59293254295
2015-08-12,12.57,4773629865,60018848074
2015-08-13,12.42,4773629865,59283707727
2015-08-14,12.20,4773629865,58219190307
2015-08-17,12.55,4773629865,59918602284
2015-08-18,12.22,4773629865,58352851361
2015-08-19,12.15,4773629865,57975736896
2015-08-20,11.50,4773629865,54911065575
2015-08-21,11.15,4773629865,53202107031
2015-08-24,10.99,4773629865,52481288812
2015-08-25,10.85,4773629865,51798656864
2015-08-26,11.62,4773629865,55469578485
2015-08-27,12.63,4773629865,60271852606
2015-08-28,12.76,4773629865,60921064738
2015-08-31,12.60,4773629865,60133415992
2015-09-01,11.94,4773629865,56982821010
2015-09-02,12.40,4773629865,59212106193
2015-09-03,12.38,4773629865,59083216147
2015-09-04,12.11,4773629865,57832524722
2015-09-08,12.92,4773629865,61656205084
2015-09-09,12.72,4773629865,60706251030
2015-09-10,12.87,4773629865,61446162384
2015-09-11,13.11,4773629865,62572739324
2015-09-14,13.12,4773629865,62625252275
2015-09-15,13.44,4773629865,64148036815
2015-09-16,13.15,4773629865,62768459896
2015-09-17,13.06,4773629865,62348379048
2015-09-18,12.76,4773629865,60906742610
2015-09-21,12.73,4773629865,60749212861
2015-09-22,12.47,4773629865,59527165691
2015-09-23,12.55,4773629865,59928148852
2015-09-24,12.41,4773629865,59240745896
2015-09-25,12.67,4773629865,60500983889
2015-09-28,12.09,4773629865,57689317101
2015-09-29,11.97,4773629865,57126028631
2015-09-30,12.50,4773629865,59675148873
2015-10-01,12.21,4773629865,58305113969
2015-10-02,12.33,4773629865,58873177999
2015-10-05,12.12,4773629865,57865939985
2015-10-06,11.71,4773629865,55903981461
2015-10-07,11.86,4773629865,56634346248
2015-10-08,11.67,4773629865,55703485329
2015-10-09,11.69,4773629865,55808506679
2015-10-12,11.77,4773629865,56176074576
2015-10-13,11.34,4773629865,54142509965
2015-10-14,11.75,4773629865,56071057778
2015-10-15,12.19,4773629865,58176228476
2015-10-16,12.11,4773629865,57794338451
2015-10-19,11.90,4773629865,56787100437
2015-10-20,11.99,4773629865,57231049981
2015-10-21,12.05,4773629865,57522240784
2015-10-22,12.53,4773629865,59832678622
2015-10-23,12.96,4773629865,61856696665
2015-10-26,12.36,4773629865,59006839053
2015-10-27,12.15,4773629865,57994830031
2015-10-28,12.71,4773629865,60668060206
2015-10-29,12.01,4773629865,57326520211
2015-10-30,12.31,4773629865,58777703217
2015-11-02,12.38,4773629865,59097538275
2015-11-03,12.21,4773629865,58305113969
2015-11-04,12.41,4773629865,59245521456
2015-11-05,12.11,4773629865,57789562891
2015-11-06,12.97,4773629865,61899658496
2015-11-09,12.65,4773629865,60386415971
2015-11-10,11.99,4773629865,57216727853
2015-11-11,11.99,4773629865,57259689684
2015-11-12,11.98,4773629865,57211952293
2015-11-13,11.75,4773629865,56109244049
2015-11-16,12.15,4773629865,57985283463
2015-11-17,12.21,4773629865,58266927698
2015-11-18,12.59,4773629865,60109547296
2015-11-19,12.52,4773629865,59770619103
2015-11-20,12.64,4773629865,60338683132
2015-11-23,12.44,4773629865,59388729078
2015-11-24,12.83,4773629865,61264763939
2015-11-25,12.84,4773629865,61288632635
2015-11-27,13.00,4773629865,62076281381
2015-11-30,13.05,4773629865,62272001953
2015-12-01,13.29,4773629865,63436765164
2015-12-02,13.22,4773629865,63112159098
2015-12-03,14.48,4773629865,69112611692
2015-12-04,14.76,4773629865,70439680212
2015-12-07,14.88,4773629865,71045935065
2015-12-08,14.78,4773629865,70544701562
2015-12-09,14.56,4773629865,69527916981
2015-12-10,14.73,4773629865,70329887854
2015-12-11,14.44,4773629865,68940764368
2015-12-14,14.25,4773629865,68029001136
2015-12-15,14.33,4773629865,68391793473
2015-12-16,14.39,4773629865,68682984276
2015-12-17,14.05,4773629865,67059953946
2015-12-18,14.02,4773629865,66926292892
2015-12-21,14.58,4773629865,69599523068
2015-12-22,14.51,4773629865,69265370434
2015-12-23,14.65,4773629865,69938451261
2015-12-24,14.63,4773629865,69847752039
2015-12-28,14.64,4773629865,69862074167
2015-12-29,14.79,4773629865,70621078657
2015-12-30,14.74,4773629865,70348985542
2015-12-31,14.52,4773629865,69289239129
2016-01-04,14.23,4773629865,67919204226
2016-01-05,13.75,4773629865,65646957212
2016-01-06,13.33,4773629865,63627714729
2016-01-07,12.90,4773629865,61603692133
2016-01-08,12.82,4773629865,61197933413
2016-01-11,12.80,4773629865,61121556318
2016-01-12,12.99,4773629865,62018997422
2016-01-13,12.33,4773629865,58863631431
2016-01-14,12.52,4773629865,59761072535
2016-01-15,12.00,4773629865,57269236252
2016-01-19,12.01,4773629865,57316973643
2016-01-20,12.38,4773629865,59111860403
2016-01-21,12.45,4773629865,59446013037
2016-01-22,12.45,4773629865,59436466469
2016-01-25,12.45,4773629865,59426919901
2016-01-26,12.44,4773629865,59379182510
2016-01-27,12.23,4773629865,58405359759
2016-01-28,12.64,4773629865,60324361005
2016-01-29,13.37,4773629865,63828206309
2016-02-01,13.77,4773629865,65723334306
2016-02-02,13.32,4773629865,63603846033
2016-02-03,13.14,4773629865,62706400377
2016-02-04,13.61,4773629865,64978651944
2016-02-05,12.84,4773629865,61274315059
2016-02-08,12.19,4773629865,58171452916
2016-02-09,11.97,4773629865,57145121766
2016-02-10,11.92,4773629865,56901668355
2016-02-11,11.63,4773629865,55522086884
2016-02-12,12.17,4773629865,58075982686
2016-02-16,12.62,4773629865,60262301486
2016-02-17,13.07,4773629865,62381794311
2016-02-18,12.71,4773629865,60658513638
2016-02-19,12.87,4773629865,61422293688
2016-02-22,13.06,4773629865,62362701175
2016-02-23,12.82,4773629865,61178840277
2016-02-24,13.03,4773629865,62219493554
2016-02-25,13.25,4773629865,63236273583
2016-02-26,13.31,4773629865,63541786514
2016-02-29,13.40,4773629865,63952320795
2016-03-01,13.84,4773629865,66081360188
2016-03-02,13.70,4773629865,65384406112
2016-03-03,13.73,4773629865,65556257989
2016-03-04,14.61,4773629865,69723637553
2016-03-07,14.35,4773629865,68506361391
2016-03-08,13.96,4773629865,66654195225
2016-03-09,14.20,4773629865,67766450037
2016-03-10,14.44,4773629865,68940764368
2016-03-11,14.88,4773629865,71041159505
2016-03-14,14.81,4773629865,70716553439
2016-03-15,14.85,4773629865,70874083188
2016-03-16,14.86,4773629865,70950460283
2016-03-17,15.15,4773629865,72344359329
2016-03-18,15.25,4773629865,72793079881
2016-03-21,15.29,4773629865,72984024894
2016-03-22,15.48,4773629865,73876694990
2016-03-23,15.30,4773629865,73031762285
2016-03-24,15.30,4773629865,73036537845
2016-03-28,15.31,4773629865,73084275236
2016-03-29,15.41,4773629865,73575957619
2016-03-30,15.69,4773629865,74912572707
2016-03-31,15.45,4773629865,73752580504
2016-04-01,15.78,4773629865,75327877995
2016-04-04,15.60,4773629865,74473398723
2016-04-05,15.50,4773629865,74005585035
2016-04-06,15.75,4773629865,75203763509
2016-04-07,15.50,4773629865,73976940780
2016-04-08,15.61,4773629865,74540229249
2016-04-11,15.56,4773629865,74282453710
2016-04-12,15.54,4773629865,74196530048
2016-04-13,15.95,4773629865,76129848869
2016-04-14,15.88,4773629865,75814789370
2016-04-15,15.55,4773629865,74225169751
2016-04-18,15.59,4773629865,74420890324
2016-04-19,15.11,4773629865,72115228046
2016-04-20,15.32,4773629865,73146330203
2016-04-21,15.14,4773629865,72248889099
2016-04-22,15.03,4773629865,71761977724
2016-04-25,14.91,4773629865,71174820559
2016-04-26,15.08,4773629865,71967244864
2016-04-27,15.15,4773629865,72334812762
2016-04-28,14.80,4773629865,70644947352
2016-04-29,14.57,4773629865,69575654372
2016-05-02,14.61,4773629865,69733184121
2016-05-03,14.32,4773629865,68358378210
2016-05-04,14.21,4773629865,67818958436
2016-05-05,14.26,4773629865,68062416400
2016-05-06,14.19,4773629865,67733034774
2016-05-09,14.24,4773629865,67976488185
2016-05-10,14.46,4773629865,69031463590
2016-05-11,14.39,4773629865,68668666701
2016-05-12,14.10,4773629865,67327276053
2016-05-13,14.01,4773629865,66854686806
2016-05-16,14.27,4773629865,68095831663
2016-05-17,14.12,4773629865,67389331020
2016-05-18,14.39,4773629865,68682984276
2016-05-19,14.27,4773629865,68138793494
2016-05-20,14.67,4773629865,70043472612
2016-05-23,14.81,4773629865,70697460304
2016-05-24,15.14,4773629865,72282304363
2016-05-25,15.36,4773629865,73308635512
2016-05-26,15.30,4773629865,73046084413
2016-05-27,15.33,4773629865,73179745466
2016-05-31,15.44,4773629865,73685749977
2016-06-01,15.48,4773629865,73881470550
2016-06-02,15.49,4773629865,73948301076
2016-06-03,16.26,4773629865,77600129562
2016-06-06,16.28,4773629865,77733790615
2016-06-07,16.48,4773629865,78688511126
2016-06-08,16.37,4773629865,78144324896
2016-06-09,16.41,4773629865,78354358492
2016-06-10,16.08,4773629865,76769518985
2016-06-13,16.00,4773629865,76382848848
2016-06-14,15.90,4773629865,75895942025
2016-06-15,15.84,4773629865,75614297790
2016-06-16,15.86,4773629865,75724090148
2016-06-17,15.60,4773629865,74468627715
2016-06-20,15.69,4773629865,74912572707
2016-06-21,15.58,4773629865,74377928493
2016-06-22,15.51,4773629865,74058093434
2016-06-23,15.86,4773629865,75719319140
2016-06-24,14.87,4773629865,70993422114
2016-06-27,14.36,4773629865,68563645350
2016-06-28,14.98,4773629865,71494655617
2016-06-29,15.50,4773629865,73991262908
2016-06-30,15.54,4773629865,74182207920
2016-07-01,15.42,4773629865,73618919450
2016-07-05,15.08,4773629865,71967244864
2016-07-06,15.06,4773629865,71905185345
2016-07-07,15.10,4773629865,72077037222
2016-07-08,15.51,4773629865,74058093434
2016-07-11,15.74,4773629865,75117839847
2016-07-12,15.86,4773629865,75704997012
2016-07-13,15.74,4773629865,75141708543
2016-07-14,16.08,4773629865,76755196857
2016-07-15,16.12,4773629865,76931815190
2016-07-18,16.23,4773629865,77490332652
2016-07-19,16.05,4773629865,76631077819
2016-07-20,16.27,4773629865,77652637961
2016-07-21,16.04,4773629865,76573798413
2016-07-22,15.97,4773629865,76220548091
2016-07-25,15.98,4773629865,76273056490
2016-07-26,16.34,4773629865,78020205858
2016-07-27,16.57,4773629865,79079952271
2016-07-28,16.42,4773629865,78397324875
2016-07-29,16.20,4773629865,77323256335
2016-08-01,16.35,4773629865,78053621121
2016-08-02,16.29,4773629865,77757654759
2016-08-03,16.41,4773629865,78340036364
2016-08-04,16.70,4773629865,79714842275
2016-08-05,17.01,4773629865,81208987112
2016-08-08,16.83,4773629865,80364054407
2016-08-09,17.12,4773629865,81710225167
2016-08-10,17.18,4773629865,82034826681
2016-08-11,17.21,4773629865,82149394599
2016-08-12,17.25,4773629865,82330793043
2016-08-15,17.55,4773629865,83796302729
2016-08-16,17.24,4773629865,82297377780
2016-08-17,17.30,4773629865,82598115150
2016-08-18,17.39,4773629865,83027742567
2016-08-19,17.49,4773629865,83505107374
2016-08-22,17.59,4773629865,83982472182
2016-08-23,17.73,4773629865,84655548457
2016-08-24,17.53,4773629865,83681734811
2016-08-25,17.60,4773629865,84034980580
2016-08-26,17.72,4773629865,84569624795
2016-08-29,17.74,4773629865,84684192713
2016-08-30,17.70,4773629865,84493252252
2016-08-31,17.64,4773629865,84216379025
2016-09-01,17.71,4773629865,84536209531
2016-09-02,17.31,4773629865,82636310526
2016-09-06,17.11,4773629865,81676809904
2016-09-07,16.89,4773629865,80626605506
2016-09-08,16.84,4773629865,80378376535
2016-09-09,16.08,4773629865,76750416745
2016-09-12,16.45,4773629865,78516663801
2016-09-13,16.52,4773629865,78879460690
2016-09-14,16.96,4773629865,80965538253
2016-09-15,17.27,4773629865,82450131969
2016-09-16,17.12,4773629865,81743640430
2016-09-19,17.07,4773629865,81500182467
2016-09-20,16.82,4773629865,80306775000
2016-09-21,16.98,4773629865,81070555050
2016-09-22,16.88,4773629865,80597970355
2016-09-23,16.67,4773629865,79552546071
2016-09-26,16.67,4773629865,79571639206
2016-09-27,17.09,4773629865,81562241986
2016-09-28,17.07,4773629865,81485860339
2016-09-29,17.25,4773629865,82326022036
2016-09-30,17.25,4773629865,82354666291
2016-10-03,17.01,4773629865,81185122968
2016-10-04,16.91,4773629865,80698216146
2016-10-05,17.35,4773629865,82812928859
2016-10-06,17.42,4773629865,83151861605
2016-10-07,17.42,4773629865,83161403620
2016-10-10,17.48,4773629865,83428725727
2016-10-11,17.12,4773629865,81710225167
2016-10-12,17.05,4773629865,81376072533
2016-10-13,16.89,4773629865,80645698642
2016-10-14,17.01,4773629865,81194674089
2016-10-17,16.89,4773629865,80617063491
2016-10-18,17.22,4773629865,82187580870
2016-10-19,17.19,4773629865,82044377801
2016-10-20,17.34,4773629865,82779513595
2016-10-21,17.29,4773629865,82545606752
2016-10-24,17.66,4773629865,84278438544
2016-10-25,17.36,4773629865,82894081513
2016-10-26,17.30,4773629865,82583793023
2016-10-27,17.22,4773629865,82221005238
2016-10-28,16.93,4773629865,80841419214
2016-10-31,17.03,4773629865,81285368759
2016-11-01,16.88,4773629865,80578868115
2016-11-02,17.26,4773629865,82373759427
2016-11-03,17.30,4773629865,82579022015
2016-11-04,17.22,4773629865,82187580870
2016-11-07,17.70,4773629865,84474150012
2016-11-08,17.70,4773629865,84493252252
2016-11-09,17.34,4773629865,82784284603
2016-11-10,16.79,4773629865,80168342939
2016-11-11,16.75,4773629865,79977393374
2016-11-14,16.38,4773629865,78182511167
2016-11-15,16.65,4773629865,79457071288
2016-11-16,16.78,4773629865,80115834540
2016-11-17,16.70,4773629865,79738715523
2016-11-18,16.82,4773629865,80273359737
2016-11-21,17.26,4773629865,82383301442
2016-11-22,17.70,4773629865,84502794268
2016-11-23,17.71,4773629865,84531438523
2016-11-25,17.67,4773629865,84373904222
2016-11-28,17.47,4773629865,83371446321
2016-11-29,17.55,4773629865,83753336346
2016-11-30,17.05,4773629865,81385614549
2016-12-01,16.28,4773629865,77709917367
2016-12-02,16.42,4773629865,78392553868
2016-12-05,16.61,4773629865,79304317099
2016-12-06,16.48,4773629865,78650324855
2016-12-07,16.85,4773629865,80459529189
2016-12-08,17.07,4773629865,81490631346
2016-12-09,17.91,4773629865,85490939146
2016-12-12,17.82,4773629865,85046989602
2016-12-13,17.94,4773629865,85658015463
2016-12-14,17.76,4773629865,84789209510
2016-12-15,18.00,4773629865,85930108578
2016-12-16,17.84,4773629865,85171099535
2016-12-19,18.05,4773629865,86144922286
2016-12-20,18.21,4773629865,86913482448
2016-12-21,18.23,4773629865,87018499246
2016-12-22,18.06,4773629865,86211752813
2016-12-23,18.19,4773629865,86851422929
2016-12-27,18.23,4773629865,87028050366
2016-12-28,18.02,4773629865,86016032240
2016-12-29,17.99,4773629865,85863278051
2016-12-30,17.68,4773629865,84383455342
2017-01-03,17.83,4773629865,85132913264
2017-01-04,17.71,4773629865,84526667516
2017-01-05,17.43,4773629865,83194818884
2017-01-06,17.66,4773629865,84297531680
2017-01-09,17.70,4773629865,84478930125
2017-01-10,18.06,4773629865,86197430685
2017-01-11,17.94,4773629865,85648464343
2017-01-12,17.89,4773629865,85381142236
2017-01-13,18.05,4773629865,86140151278
2017-01-17,17.91,4773629865,85500481161
2017-01-18,18.50,4773629865,88321703623
2017-01-19,18.56,4773629865,88579474610
2017-01-20,19.11,4773629865,91214518514
2017-01-23,19.10,4773629865,91176332242
2017-01-24,19.77,4773629865,94398528759
2017-01-25,20.25,4773629865,96656453646
2017-01-26,20.42,4773629865,97463200080
2017-01-27,20.57,4773629865,98198335874
2017-01-30,20.32,4773629865,97009708520
2017-01-31,19.95,4773629865,95233919449
2017-02-01,20.37,4773629865,97234064244
2017-02-02,20.41,4773629865,97405920673
2017-02-03,20.62,4773629865,98413149582
2017-02-06,20.66,4773629865,98604099147
2017-02-07,20.59,4773629865,98293810656
2017-02-08,20.69,4773629865,98761624344
2017-02-09,20.53,4773629865,98021717542
2017-02-10,20.55,4773629865,98107641204
2017-02-13,20.67,4773629865,98675700681
2017-02-14,20.53,4773629865,98016946534
2017-02-15,20.60,4773629865,98332006032
2017-02-16,20.82,4773629865,99377430317
2017-02-17,21.04,4773629865,100441947738
2017-02-21,21.27,4773629865,101558973557
2017-02-22,21.42,4773629865,102232058937
2017-02-23,21.06,4773629865,100523100392
2017-02-24,21.04,4773629865,100422854602
2017-02-27,21.33,4773629865,101811973536
2017-02-28,21.09,4773629865,100690176709
2017-03-01,21.51,4773629865,102699872624
2017-03-02,21.73,4773629865,103726203774
2017-03-03,21.83,4773629865,104217890709
2017-03-06,21.79,4773629865,104036492264
2017-03-07,21.92,4773629865,104661831148
2017-03-08,21.96,4773629865,104843229593
2017-03-09,22.20,4773629865,105979357653
2017-03-10,22.64,4773629865,108051113087
2017-03-13,22.65,4773629865,108098850478
2017-03-14,22.43,4773629865,107096383472
2017-03-15,22.59,4773629865,107850621507
2017-03-16,22.24,4773629865,106146433969
2017-03-17,22.12,4773629865,105583145500
2017-03-20,22.12,4773629865,105611789755
2017-03-21,21.60,4773629865,103119948920
2017-03-22,21.74,4773629865,103788263293
2017-03-23,21.69,4773629865,103520941186
2017-03-24,21.90,4773629865,104528170095
2017-03-27,21.91,4773629865,104566365471
2017-03-28,22.09,4773629865,105473348589
2017-03-29,22.13,4773629865,105645205019
2017-03-30,22.00,4773629865,105038950166
2017-03-31,21.90,4773629865,104523399087
2017-04-03,21.88,4773629865,104447017440
2017-04-04,21.90,4773629865,104523399087
2017-04-05,21.71,4773629865,103649822127
2017-04-06,21.75,4773629865,103826449564
2017-04-07,21.83,4773629865,104184475446
2017-04-10,21.80,4773629865,104074678535
2017-04-11,21.75,4773629865,103850313707
2017-04-12,20.92,4773629865,99864337140
2017-04-13,21.13,4773629865,100876346162
2017-04-17,21.39,4773629865,102093617771
2017-04-18,21.31,4773629865,101726049874
2017-04-19,21.36,4773629865,101979058958
2017-04-20,21.82,4773629865,104165373205
2017-04-21,21.77,4773629865,103902831211
2017-04-24,22.12,4773629865,105611789755
2017-04-25,22.32,4773629865,106547417130
2017-04-26,22.17,4773629865,105821823351
2017-04-27,22.31,4773629865,106494908731
2017-04-28,22.08,4773629865,105406518063
2017-05-01,22.13,4773629865,105649976027
2017-05-02,22.55,4773629865,107621485671
2017-05-03,22.49,4773629865,107358934571
2017-05-04,22.34,4773629865,106642891912
2017-05-05,22.65,4773629865,108098850478
2017-05-08,22.51,4773629865,107444858234
2017-05-09,22.85,4773629865,109058351101
2017-05-10,23.13,4773629865,110428376899
2017-05-11,23.11,4773629865,110313808981
2017-05-12,23.60,4773629865,112638573499
2017-05-15,23.90,4773629865,114104074080
2017-05-16,24.07,4773629865,114891727378
2017-05-17,23.12,4773629865,110356775365
2017-05-18,23.77,4773629865,113450090941
2017-05-19,23.41,4773629865,111750674411
2017-05-22,23.84,4773629865,113793785590
2017-05-23,23.65,4773629865,112915437622
2017-05-24,23.96,4773629865,114376167195
2017-05-25,24.09,4773629865,114977651041
2017-05-26,24.12,4773629865,115144727358
2017-05-30,23.98,4773629865,114481193098
2017-05-31,23.95,4773629865,114318887789
2017-06-01,23.46,4773629865,111984581255
2017-06-02,25.45,4773629865,121503196729
2017-06-05,25.22,4773629865,120395722030
2017-06-06,25.39,4773629865,121183366223
2017-06-07,25.43,4773629865,121383857804
2017-06-08,25.50,4773629865,121703697414
2017-06-09,24.33,4773629865,116161507387
2017-06-12,24.27,4773629865,115841676881
2017-06-13,24.29,4773629865,115970566927
2017-06-14,24.05,4773629865,114824896852
2017-06-15,23.80,4773629865,113607616137
2017-06-16,23.63,4773629865,112777005561
2017-06-19,24.11,4773629865,115116083102
2017-06-20,24.00,4773629865,114562345752
2017-06-21,24.51,4773629865,117011211099
2017-06-22,24.40,4773629865,116495660021
2017-06-23,24.53,4773629865,117078041626
2017-06-26,24.27,4773629865,115879863152
2017-06-27,23.53,4773629865,112337836129
2017-06-28,24.10,4773629865,115068345711
2017-06-29,23.40,4773629865,111722030156
2017-06-30,23.31,4773629865,111249445461
2017-07-03,22.98,4773629865,109678918977
2017-07-05,23.16,4773629865,110562037953
2017-07-06,23.50,4773629865,112199394963
2017-07-07,23.96,4773629865,114385718315
2017-07-10,24.18,4773629865,115412049465
2017-07-11,24.09,4773629865,114991973169
2017-07-12,24.64,4773629865,117631788080
2017-07-13,24.73,4773629865,118056644489
2017-07-14,25.03,4773629865,119479178686
2017-07-17,24.90,4773629865,118872932938
2017-07-18,25.09,4773629865,119760822921
2017-07-19,25.44,4773629865,121441146315
2017-07-20,25.34,4773629865,120978103635
2017-07-21,25.31,4773629865,120825349446
2017-07-24,25.30,4773629865,120787154070
2017-07-25,25.43,4773629865,121393408924
2017-07-26,25.70,4773629865,122687062180
2017-07-27,25.09,4773629865,119794238184
2017-07-28,25.04,4773629865,119517374062
2017-07-31,24.67,4773629865,117746355998
2017-08-01,24.84,4773629865,118572195567
2017-08-02,25.34,4773629865,120944688372
2017-08-03,25.03,4773629865,119479178686
2017-08-04,24.92,4773629865,118944534472
2017-08-07,25.24,4773629865,120505509836
2017-08-08,25.14,4773629865,119989958757
2017-08-09,24.92,4773629865,118944534472
2017-08-10,24.07,4773629865,114906040401
2017-08-11,24.42,4773629865,116557719540
2017-08-14,25.09,4773629865,119775145049
2017-08-15,25.37,4773629865,121102213569
2017-08-16,25.34,4773629865,120973323523
2017-08-17,24.69,4773629865,117884788059
2017-08-18,24.94,4773629865,119040009255
2017-08-21,24.96,4773629865,119159348180
2017-08-22,25.52,4773629865,121818256227
2017-08-23,25.69,4773629865,122644095797
2017-08-24,25.50,4773629865,121751425701
2017-08-25,24.56,4773629865,117235575927
2017-08-28,24.33,4773629865,116118550108
2017-08-29,24.17,4773629865,115392956329
2017-08-30,24.60,4773629865,117440838515
2017-08-31,25.21,4773629865,120328891503
2017-09-01,25.27,4773629865,120643951002
2017-09-05,24.91,4773629865,118887255066
2017-09-06,24.94,4773629865,119044780262
2017-09-07,24.66,4773629865,117693847599
2017-09-08,24.41,4773629865,116529075284
2017-09-11,24.77,4773629865,118261907077
2017-09-12,24.71,4773629865,117975491834
2017-09-13,24.62,4773629865,117545864418
2017-09-14,24.69,4773629865,117884788059
2017-09-15,25.06,4773629865,119603297724
2017-09-18,24.98,4773629865,119254822963
2017-09-19,24.98,4773629865,119226178707
2017-09-20,24.29,4773629865,115956244799
2017-09-21,24.04,4773629865,114748515205
2017-09-22,23.92,4773629865,114204319871
2017-09-25,23.55,4773629865,112423759791
2017-09-26,23.73,4773629865,113263912383
2017-09-27,24.06,4773629865,114843989987
2017-09-28,24.29,4773629865,115970566927
2017-09-29,24.25,4773629865,115779617362
2017-10-02,24.05,4773629865,114791481588
2017-10-03,23.95,4773629865,114328438909
2017-10-04,24.20,4773629865,115521846375
2017-10-05,24.37,4773629865,116319041688
2017-10-06,24.57,4773629865,117307177462
2017-10-09,24.64,4773629865,117631788080
2017-10-10,24.60,4773629865,117426525492
2017-10-11,25.04,4773629865,119531696190
2017-10-12,24.87,4773629865,118739271884
2017-10-13,24.80,4773629865,118366923875
2017-10-16,24.67,4773629865,117751127006
2017-10-17,24.26,4773629865,115817803633
2017-10-18,24.40,4773629865,116476566885
2017-10-19,24.43,4773629865,116615008051
2017-10-20,24.42,4773629865,116591134803
2017-10-23,24.43,4773629865,116605456931
2017-10-24,24.77,4773629865,118233262821
2017-10-25,24.58,4773629865,117345372838
2017-10-26,24.38,4773629865,116361998967
2017-10-27,25.29,4773629865,120725103656
2017-10-30,26.12,4773629865,124701529103
2017-10-31,26.39,4773629865,125980869336
2017-11-01,25.93,4773629865,123775452849
2017-11-02,25.95,4773629865,123875698639
2017-11-03,27.36,4773629865,130620838148
2017-11-06,27.75,4773629865,132477779874
2017-11-07,27.13,4773629865,129518125352
2017-11-08,27.24,4773629865,130033676430
2017-11-09,26.56,4773629865,126806699801
2017-11-10,26.50,4773629865,126482098287
2017-11-13,26.50,4773629865,126505962430
2017-11-14,26.33,4773629865,125670580846
2017-11-15,26.56,4773629865,126787606665
2017-11-16,27.21,4773629865,129895244369
2017-11-17,27.19,4773629865,129775905443
2017-11-20,27.49,4773629865,131217541881
2017-11-21,27.66,4773629865,132033830330
2017-11-22,27.54,4773629865,131451448725
2017-11-24,28.24,4773629865,134797764280
2017-11-27,28.46,4773629865,135867052708
2017-11-28,27.74,4773629865,132420491363
2017-11-29,27.15,4773629865,129604049014
2017-11-30,27.79,4773629865,132678271454
2017-12-01,27.16,4773629865,129632693269
2017-12-04,26.36,4773629865,125837657163
2017-12-05,26.17,4773629865,124902029788
2017-12-06,26.39,4773629865,125971318216
2017-12-07,26.39,4773629865,125971318216
2017-12-08,25.99,4773629865,124071410106
2017-12-11,26.00,4773629865,124090512347
2017-12-12,25.87,4773629865,123493808614
2017-12-13,26.20,4773629865,125083419128
2017-12-14,25.93,4773629865,123799316992
2017-12-15,26.57,4773629865,126849666184
2017-12-18,26.44,4773629865,126209996067
2017-12-19,26.37,4773629865,125880623546
2017-12-20,26.56,4773629865,126806699801
2017-12-21,26.15,4773629865,124844741277
2017-12-22,26.24,4773629865,125236182422
2017-12-26,25.81,4773629865,123207384266
2017-12-27,25.91,4773629865,123694300194
2017-12-28,26.04,4773629865,124314868070
2017-12-29,25.69,4773629865,122634553781
2018-01-02,26.70,4773629865,127460692045
2018-01-03,26.99,4773629865,128854591092
2018-01-04,27.00,4773629865,128897557475
2018-01-05,27.16,4773629865,129661337525
2018-01-08,27.23,4773629865,129971616911
2018-01-09,26.85,4773629865,128171963696
2018-01-10,26.28,4773629865,125465318258
2018-01-11,26.35,4773629865,125785148764
2018-01-12,26.43,4773629865,126162267781
2018-01-16,26.33,4773629865,125665809838
2018-01-17,26.58,4773629865,126887852455
2018-01-18,26.98,4773629865,128792531573
2018-01-19,26.64,4773629865,127164725682
2018-01-22,26.21,4773629865,125121614504
2018-01-23,26.29,4773629865,125498733521
2018-01-24,25.69,4773629865,122615460646
2018-01-25,24.73,4773629865,118047093369
2018-01-26,25.08,4773629865,119717865642
2018-01-29,24.55,4773629865,117178296521
2018-01-30,24.10,4773629865,115034930447
2018-01-31,24.80,4773629865,118400339138
2018-02-01,23.88,4773629865,113989506162
2018-02-02,23.55,4773629865,112409437663
2018-02-05,22.81,4773629865,108886494671
2018-02-06,24.04,4773629865,114748515205
2018-02-07,23.74,4773629865,113316429887
2018-02-08,22.96,4773629865,109588224307
2018-02-09,23.55,4773629865,112418979679
2018-02-12,24.44,4773629865,116667516450
2018-02-13,24.59,4773629865,117364465973
2018-02-14,24.77,4773629865,118223720806
2018-02-15,25.18,4773629865,120214323585
2018-02-16,24.89,4773629865,118810873419
2018-02-20,24.96,4773629865,119159348180
2018-02-21,24.86,4773629865,118681983373
2018-02-22,24.93,4773629865,119030458134
2018-02-23,25.37,4773629865,121111764689
2018-02-26,25.30,4773629865,120748967799
2018-02-27,25.18,4773629865,120204772465
2018-02-28,24.65,4773629865,117650881216
2018-03-01,24.33,4773629865,116147185259
2018-03-02,25.09,4773629865,119756051913
2018-03-05,24.70,4773629865,117899110187
2018-03-06,25.10,4773629865,119799018297
2018-03-07,24.70,4773629865,117932525451
2018-03-08,24.69,4773629865,117884788059
2018-03-09,25.38,4773629865,121145179952
2018-03-12,26.28,4773629865,125470089265
2018-03-13,26.12,4773629865,124696758095
2018-03-14,26.06,4773629865,124396020725
2018-03-15,26.78,4773629865,127818708822
2018-03-16,25.49,4773629865,121665502038
2018-03-19,24.50,4773629865,116930067549
2018-03-20,24.24,4773629865,115693693699
2018-03-21,24.60,4773629865,117431296500
2018-03-22,24.36,4773629865,116271304297
2018-03-23,24.25,4773629865,115750973106
2018-03-26,24.77,4773629865,118257136069
2018-03-27,24.44,4773629865,116653194322
2018-03-28,23.67,4773629865,112982268149
2018-03-29,23.57,4773629865,112490590318
2018-04-02,22.77,4773629865,108686003091
2018-04-03,23.68,4773629865,113030005540
2018-04-04,23.70,4773629865,113130251330
2018-04-05,23.63,4773629865,112805649816
2018-04-06,22.89,4773629865,109254062568
2018-04-09,23.47,4773629865,112056191894
2018-04-10,23.98,4773629865,114447777834
2018-04-11,24.03,4773629865,114719870949
2018-04-12,23.94,4773629865,114295023645
2018-04-13,24.69,4773629865,117880017052
2018-04-16,24.94,4773629865,119040009255
2018-04-17,25.17,4773629865,120171357202
2018-04-18,24.96,4773629865,119145026052
2018-04-19,24.29,4773629865,115932371551
2018-04-20,23.71,4773629865,113192310849
2018-04-23,23.34,4773629865,111440385921
2018-04-24,22.84,4773629865,109024935837
2018-04-25,22.90,4773629865,109316122088
2018-04-26,23.04,4773629865,109993978475
2018-04-27,23.28,4773629865,111120555415
2018-04-30,22.94,4773629865,109516613668
2018-05-01,23.04,4773629865,109974885340
2018-05-02,22.87,4773629865,109192012154
2018-05-03,22.52,4773629865,107526010888
2018-05-04,23.05,4773629865,110041715866
2018-05-07,23.60,4773629865,112643344507
2018-05-08,23.89,4773629865,114018150418
2018-05-09,23.81,4773629865,113636260393
2018-05-10,24.35,4773629865,116242660041
2018-05-11,24.34,4773629865,116180600522
2018-05-14,24.48,4773629865,116839363775
2018-05-15,24.16,4773629865,115321354795
2018-05-16,24.05,4773629865,114810574724
2018-05-17,23.94,4773629865,114304565661
2018-05-18,23.60,4773629865,112652895627
2018-05-21,23.91,4773629865,114113625201
2018-05-22,23.85,4773629865,113846303094
2018-05-23,24.06,4773629865,114834438867
2018-05-24,24.35,4773629865,116252211162
2018-05-25,25.00,4773629865,119355068753
2018-05-29,24.97,4773629865,119192763444
2018-05-30,24.94,4773629865,119054331382
2018-05-31,25.21,4773629865,120328891503
2018-06-01,25.63,4773629865,122367231674
2018-06-04,25.84,4773629865,123336274312
2018-06-05,25.93,4773629865,123761130721
2018-06-06,26.35,4773629865,125794690779
2018-06-07,26.47,4773629865,126348437233
2018-06-08,25.80,4773629865,123145333852
2018-06-11,26.08,4773629865,124510588643
2018-06-12,26.14,4773629865,124797003885
2018-06-13,26.36,4773629865,125823335035
2018-06-14,26.85,4773629865,128152870561
2018-06-15,27.02,4773629865,128997803265
2018-06-18,26.45,4773629865,126262513571
2018-06-19,26.09,4773629865,124567868049
2018-06-20,26.12,4773629865,124696758095
2018-06-21,25.97,4773629865,123947300173
2018-06-22,25.97,4773629865,123975944429
2018-06-25,25.24,4773629865,120495967820
2018-06-26,25.15,4773629865,120075882419
2018-06-27,24.71,4773629865,117961169706
2018-06-28,24.49,4773629865,116906194301
2018-06-29,24.26,4773629865,115827354753
2018-07-02,24.20,4773629865,115545710518
2018-07-03,23.93,4773629865,114228193119
2018-07-05,24.54,4773629865,117144881257
2018-07-06,24.77,4773629865,118233262821
2018-07-09,24.74,4773629865,118113923895
2018-07-10,25.06,4773629865,119608068732
2018-07-11,24.34,4773629865,116209244778
2018-07-12,21.00,4773629865,100236676045
2018-07-13,20.25,4773629865,96646911631
2018-07-16,20.33,4773629865,97024030648
2018-07-17,20.83,4773629865,99439480731
2018-07-18,20.88,4773629865,99663845560
2018-07-19,21.04,4773629865,100422854602
2018-07-20,21.03,4773629865,100403761467
2018-07-23,21.67,4773629865,103454110659
2018-07-24,21.73,4773629865,103750067917
2018-07-25,22.60,4773629865,107869714642
2018-07-26,22.32,4773629865,106537875115
2018-07-27,22.10,4773629865,105521085981
2018-07-30,22.52,4773629865,107497366632
2018-07-31,22.18,4773629865,105864789735
2018-08-01,21.68,4773629865,103492296930
2018-08-02,21.64,4773629865,103277483222
2018-08-03,21.78,4773629865,103974432745
2018-08-06,21.69,4773629865,103563898464
2018-08-07,22.03,4773629865,105167840211
2018-08-08,21.95,4773629865,104762076938
2018-08-09,21.66,4773629865,103387280132
2018-08-10,21.22,4773629865,101310744585
2018-08-13,21.11,4773629865,100761778244
2018-08-14,20.73,4773629865,98957344916
2018-08-15,20.66,4773629865,98613650267
2018-08-16,20.87,4773629865,99620879176
2018-08-17,20.93,4773629865,99897752403
2018-08-20,20.67,4773629865,98680480794
2018-08-21,21.05,4773629865,100489685129
2018-08-22,20.75,4773629865,99071912834
2018-08-23,20.56,4773629865,98141056467
2018-08-24,20.90,4773629865,99768862358
2018-08-27,21.30,4773629865,101663999460
2018-08-28,21.44,4773629865,102360948983
2018-08-29,21.50,4773629865,102628271090
2018-08-30,21.67,4773629865,103420695396
2018-08-31,21.90,4773629865,104556814350
2018-09-04,21.94,4773629865,104747763915
2018-09-05,22.14,4773629865,105697713418
2018-09-06,21.60,4773629865,103096084777
2018-09-07,23.26,4773629865,111025080632
2018-09-10,24.06,4773629865,114858312115
2018-09-11,23.25,4773629865,111010758504
2018-09-12,22.99,4773629865,109740978496
2018-09-13,23.54,4773629865,112380793408
2018-09-14,23.63,4773629865,112819971944
2018-09-17,23.48,4773629865,112099149173
2018-09-18,23.97,4773629865,114438226714
2018-09-19,24.18,4773629865,115421600585
2018-09-20,24.49,4773629865,116920516429
2018-09-21,24.81,4773629865,118433754401
2018-09-24,24.94,4773629865,119078195526
2018-09-25,24.76,4773629865,118218940693
2018-09-26,24.54,4773629865,117159194280
2018-09-27,24.65,4773629865,117646110208
2018-09-28,24.67,4773629865,117779771262
2018-10-01,24.95,4773629865,119106839781
2018-10-02,24.81,4773629865,118433754401
2018-10-03,24.94,4773629865,119063873398
2018-10-04,24.82,4773629865,118467169665
2018-10-05,24.42,4773629865,116586363795
2018-10-08,24.14,4773629865,115221099900
2018-10-09,24.47,4773629865,116810719519
2018-10-10,23.18,4773629865,110667063855
2018-10-11,22.89,4773629865,109268384696
2018-10-12,23.30,4773629865,111201708069
2018-10-15,23.25,4773629865,110972572233
2018-10-16,23.83,4773629865,113765150439
2018-10-17,23.72,4773629865,113216174992
2018-10-18,22.80,4773629865,108848308400
2018-10-19,22.83,4773629865,108972418334
2018-10-22,22.86,4773629865,109134723643
2018-10-23,22.91,4773629865,109339995336
2018-10-24,21.87,4773629865,104404060161
2018-10-25,22.22,4773629865,106089154563
2018-10-26,21.32,4773629865,101749923122
2018-10-29,21.15,4773629865,100962269824
2018-10-30,22.10,4773629865,105501992845
2018-10-31,22.35,4773629865,106685858296
2018-11-01,22.99,4773629865,109736207488
2018-11-02,22.08,4773629865,105387424927
2018-11-05,22.01,4773629865,105062823414
2018-11-06,22.83,4773629865,108958105311
2018-11-07,23.44,4773629865,111893886585
2018-11-08,24.02,4773629865,114686455686
2018-11-09,23.90,4773629865,114084980945
2018-11-12,22.36,4773629865,106752688823
2018-11-13,22.48,4773629865,107325519308
2018-11-14,22.62,4773629865,107979511552
2018-11-15,23.63,4773629865,112819971944
2018-11-16,23.76,4773629865,113426217693
2018-11-19,22.91,4773629865,109378181607
2018-11-20,22.77,4773629865,108700325219
2018-11-21,23.00,4773629865,109793486895
2018-11-23,22.99,4773629865,109745749504
2018-11-26,23.53,4773629865,112328285009
2018-11-27,23.58,4773629865,112576513980
2018-11-28,23.52,4773629865,112285318625
2018-11-29,23.58,4773629865,112552640732
2018-11-30,23.74,4773629865,113330742910
2018-12-03,24.21,4773629865,115555261638
2018-12-04,23.20,4773629865,110767309645
2018-12-06,22.72,4773629865,108475969495
2018-12-07,22.86,4773629865,109106088492
2018-12-10,23.92,4773629865,114209090878
2018-12-11,24.68,4773629865,117832279660
2018-12-12,25.50,4773629865,121718010437
2018-12-13,25.83,4773629865,123302859049
2018-12-14,25.48,4773629865,121646408903
2018-12-17,25.41,4773629865,121312256269
2018-12-18,24.97,4773629865,119183212323
2018-12-19,24.39,4773629865,116424058486
2018-12-20,24.19,4773629865,115469328871
2018-12-21,24.49,4773629865,116910965309
2018-12-24,23.38,4773629865,111607462238
2018-12-26,24.81,4773629865,118452847537
2018-12-27,25.08,4773629865,119746500793
2018-12-28,25.36,4773629865,121054476177
2018-12-31,25.43,4773629865,121383857804
2019-01-02,25.35,4773629865,121016289906
2019-01-03,23.10,4773629865,110251758567
2019-01-04,23.32,4773629865,111335369123
2019-01-07,23.80,4773629865,113602845130
2019-01-08,23.61,4773629865,112691081898
2019-01-09,24.63,4773629865,117564957553
2019-01-10,24.95,4773629865,119111610789
2019-01-11,25.06,4773629865,119612839740
2019-01-14,25.09,4773629865,119756051913
2019-01-15,25.65,4773629865,122438833209
2019-01-16,25.17,4773629865,120152264066
2019-01-17,25.53,4773629865,121885095859
2019-01-18,26.08,4773629865,124505817635
2019-01-22,25.83,4773629865,123298088041
2019-01-23,25.75,4773629865,122930520144
2019-01-24,26.35,4773629865,125809012907
2019-01-25,26.79,4773629865,127904641589
2019-01-28,26.76,4773629865,127751878295
2019-01-29,26.63,4773629865,127131310419
2019-01-30,27.08,4773629865,129279447500
2019-01-31,26.83,4773629865,128052624771
2019-02-01,26.68,4773629865,127365217263
2019-02-04,27.21,4773629865,129900015377
2019-02-05,27.00,4773629865,128888006355
2019-02-06,27.62,4773629865,131852431885
2019-02-07,26.91,4773629865,128453607931
2019-02-08,27.41,4773629865,130826100736
2019-02-11,27.57,4773629865,131618525041
2019-02-12,27.94,4773629865,133370440865
2019-02-13,28.13,4773629865,134291755217
2019-02-14,28.15,4773629865,134377678879
2019-02-15,28.19,4773629865,134582950572
2019-02-19,28.17,4773629865,134454060526
2019-02-20,28.34,4773629865,135294213118
2019-02-21,28.09,4773629865,134110356772
2019-02-22,27.65,4773629865,131990863946
2019-02-25,27.86,4773629865,132993330952
2019-02-26,27.50,4773629865,131274821288
2019-02-27,27.15,4773629865,129599278006
2019-02-28,27.54,4773629865,131446668612
2019-03-01,27.27,4773629865,130200752747
2019-03-04,27.49,4773629865,131222312889
2019-03-05,27.70,4773629865,132234321910
2019-03-06,27.14,4773629865,129532447479
2019-03-07,26.55,4773629865,126744649386
2019-03-08,26.42,4773629865,126114530390
2019-03-11,26.91,4773629865,128439285803
2019-03-12,26.96,4773629865,128711378918
2019-03-13,27.12,4773629865,129465616953
2019-03-14,26.82,4773629865,128028751523
2019-03-15,29.03,4773629865,138573698146
2019-03-18,29.38,4773629865,140268343668
2019-03-19,29.93,4773629865,142879514324
2019-03-20,29.10,4773629865,138926953020
2019-03-21,29.68,4773629865,141681335850
2019-03-22,29.26,4773629865,139700275086
2019-03-25,29.22,4773629865,139466368242
2019-03-26,29.70,4773629865,141791123655
2019-03-27,29.60,4773629865,141285123697
2019-03-28,29.91,4773629865,142764946406
2019-03-29,30.07,4773629865,143547819591
2019-04-01,30.58,4773629865,145972829900
2019-04-02,30.31,4773629865,144664854516
2019-04-03,30.42,4773629865,145213820857
2019-04-04,30.20,4773629865,144163625565
2019-04-05,30.43,4773629865,145252007129
2019-04-08,30.45,4773629865,145347481911
2019-04-09,30.34,4773629865,144855794976
2019-04-10,30.75,4773629865,146793889356
2019-04-11,30.94,4773629865,147700881580
2019-04-12,31.70,4773629865,151338383385
2019-04-15,31.64,4773629865,151037646015
2019-04-16,31.85,4773629865,152040113021
2019-04-17,32.05,4773629865,153009164764
2019-04-18,31.86,4773629865,152097392428
2019-04-22,31.50,4773629865,150369340748
2019-04-23,31.56,4773629865,150674849126
2019-04-24,31.43,4773629865,150049510242
2019-04-25,31.18,4773629865,148851322663
2019-04-26,31.04,4773629865,148178246388
2019-04-29,31.27,4773629865,149280950079
2019-04-30,31.84,4773629865,151992375630
2019-05-01,31.89,4773629865,152231053481
2019-05-02,31.58,4773629865,150760781893
2019-05-03,31.57,4773629865,150708264389
2019-05-06,31.16,4773629865,148731983737
2019-05-07,30.73,4773629865,146688872559
2019-05-08,30.34,4773629865,144827159825
2019-05-09,30.41,4773629865,145146990331
2019-05-10,30.40,4773629865,145099252940
2019-05-13,29.34,4773629865,140048749847
2019-05-14,30.20,4773629865,144163625565
2019-05-15,30.44,4773629865,145294973512
2019-05-16,29.73,4773629865,141915242694
2019-05-17,28.99,4773629865,138382757686
2019-05-20,27.26,4773629865,130124380205
2019-05-21,27.53,4773629865,131432355589
2019-05-22,26.92,4773629865,128515667450
2019-05-23,26.01,4773629865,124157342874
2019-05-24,25.59,4773629865,122176282109
2019-05-28,25.45,4773629865,121479332586
2019-05-29,25.41,4773629865,121307485261
2019-05-30,25.66,4773629865,122500892728
2019-05-31,25.16,4773629865,120123619811
2019-06-03,25.32,4773629865,120858764710
2019-06-04,26.57,4773629865,126835344056
2019-06-05,26.57,4773629865,126844895176
2019-06-06,27.28,4773629865,130219845882
2019-06-07,27.49,4773629865,131212761768
2019-06-10,28.02,4773629865,133761882010
2019-06-11,28.35,4773629865,135322857374
2019-06-12,27.97,4773629865,133532746174
2019-06-13,28.16,4773629865,134430187278
2019-06-14,26.59,4773629865,126945140967
2019-06-17,26.60,4773629865,126964234102
2019-06-18,27.81,4773629865,132730779853
2019-06-19,27.75,4773629865,132463457746
2019-06-20,27.91,4773629865,133208144661
2019-06-21,27.40,4773629865,130792685472
2019-06-24,27.92,4773629865,133279746195
2019-06-25,27.65,4773629865,131995634954
2019-06-26,28.14,4773629865,134349034623
2019-06-27,28.57,4773629865,136387374794
2019-06-28,28.79,4773629865,137413705943
2019-07-01,30.03,4773629865,143375972267
2019-07-02,29.53,4773629865,140979615319
2019-07-03,28.49,4773629865,135995942754
2019-07-05,28.27,4773629865,134931425333
2019-07-08,27.50,4773629865,131255728152
2019-07-09,27.55,4773629865,131527821267
2019-07-10,27.45,4773629865,131036143436
2019-07-11,27.61,4773629865,131780830351
2019-07-12,28.54,4773629865,136234620605
2019-07-15,28.83,4773629865,137642841779
2019-07-16,28.41,4773629865,135633145864
2019-07-17,28.51,4773629865,136086637424
2019-07-18,28.98,4773629865,138330249287
2019-07-19,29.00,4773629865,138435266085
2019-07-22,29.61,4773629865,141371047359
2019-07-23,30.08,4773629865,143581234855
2019-07-24,30.38,4773629865,145008558270
2019-07-25,30.04,4773629865,143395065402
2019-07-26,30.09,4773629865,143648065382
2019-07-29,30.17,4773629865,144039506527
2019-07-30,29.96,4773629865,142998853250
2019-07-31,29.00,4773629865,138430495077
2019-08-01,28.53,4773629865,136210756462
2019-08-02,27.85,4773629865,132959915689
2019-08-05,26.77,4773629865,127770980536
2019-08-06,26.64,4773629865,127188589826
2019-08-07,27.00,4773629865,128911870498
2019-08-08,27.10,4773629865,129355820042
2019-08-09,27.57,4773629865,131623296049
2019-08-12,27.56,4773629865,131580329666
2019-08-13,28.37,4773629865,135427883276
2019-08-14,27.16,4773629865,129632693269
2019-08-15,26.86,4773629865,128238794223
2019-08-16,27.38,4773629865,130692439682
2019-08-19,27.88,4773629865,133079254615
2019-08-20,28.04,4773629865,133838263657
2019-08-21,28.75,4773629865,137241858619
2019-08-22,28.76,4773629865,137299138025
2019-08-23,27.21,4773629865,129904786384
2019-08-26,27.72,4773629865,132334567700
2019-08-27,27.56,4773629865,131546914402
2019-08-28,27.61,4773629865,131780830351
2019-08-29,28.34,4773629865,135270348975
2019-08-30,28.26,4773629865,134921874213
2019-09-03,27.41,4773629865,130821329728
2019-09-04,28.30,4773629865,135103272658
2019-09-05,29.10,4773629865,138922172908
2019-09-06,29.19,4773629865,139347029316
2019-09-09,29.26,4773629865,139681181950
2019-09-10,29.44,4773629865,140554758910
2019-09-11,29.80,4773629865,142258946448
2019-09-12,30.06,4773629865,143485769177
2019-09-13,29.03,4773629865,138588020274
2019-09-16,28.87,4773629865,137795595968
2019-09-17,28.88,4773629865,137876748623
2019-09-18,28.77,4773629865,137356426537
2019-09-19,29.06,4773629865,138740774463
2019-09-20,28.43,4773629865,135695205383
2019-09-23,28.55,4773629865,136268035868
2019-09-24,28.23,4773629865,134764349016
2019-09-25,27.58,4773629865,131642389185
2019-09-26,27.69,4773629865,132186584519
2019-09-27,27.41,4773629865,130864287007
2019-09-30,27.61,4773629865,131785601358
2019-10-01,27.49,4773629865,131203219753
2019-10-02,27.01,4773629865,128921421618
2019-10-03,27.44,4773629865,131002728173
2019-10-04,28.14,4773629865,134344263615
2019-10-07,27.61,4773629865,131790372366
2019-10-08,27.03,4773629865,129045540657
2019-10-09,27.32,4773629865,130391702312
2019-10-10,27.44,4773629865,131012270188
2019-10-11,28.09,4773629865,134096034644
2019-10-14,28.17,4773629865,134454060526
2019-10-15,29.03,4773629865,138588020274
2019-10-16,28.85,4773629865,137709672306
2019-10-17,28.94,4773629865,138163172970
2019-10-18,28.67,4773629865,136874290722
2019-10-21,28.96,4773629865,138230003497
2019-10-22,28.75,4773629865,137222765483
2019-10-23,28.03,4773629865,133814390409
2019-10-24,28.23,4773629865,134764349016
2019-10-25,28.98,4773629865,138349342423
2019-10-28,29.16,4773629865,139175181992
2019-10-29,28.82,4773629865,137556918117
2019-10-30,29.02,4773629865,138549834003
2019-10-31,29.28,4773629865,139795749868
2019-11-01,29.66,4773629865,141581090060
2019-11-04,30.50,4773629865,145595710883
2019-11-05,31.40,4773629865,149911069076
2019-11-06,31.32,4773629865,149490992780
2019-11-07,31.17,4773629865,148813136392
2019-11-08,31.34,4773629865,149610331705
2019-11-11,31.27,4773629865,149295272207
2019-11-12,31.55,4773629865,150622340727
2019-11-13,31.37,4773629865,149734450743
2019-11-14,30.90,4773629865,147490838880
2019-11-15,31.29,4773629865,149371653854
2019-11-18,31.11,4773629865,148493305886
2019-11-19,31.77,4773629865,151658222996
2019-11-20,31.17,4773629865,148779721128
2019-11-21,31.52,4773629865,150488679673
2019-11-22,31.49,4773629865,150331154476
2019-11-25,31.96,4773629865,152574757235
2019-11-26,31.63,4773629865,150975595601
2019-11-27,31.84,4773629865,152011468766
2019-11-29,31.62,4773629865,150946951345
2019-12-02,31.07,4773629865,148326229569
2019-12-03,30.65,4773629865,146321304661
2019-12-04,30.97,4773629865,147848864761
2019-12-05,31.12,4773629865,148550585292
2019-12-06,31.60,4773629865,150870569698
2019-12-09,31.44,4773629865,150073374385
2019-12-10,31.51,4773629865,150397985003
2019-12-11,31.97,4773629865,152622494626
2019-12-12,32.78,4773629865,156479581148
2019-12-13,31.54,4773629865,150569832328
2019-12-16,32.31,4773629865,154250300517
2019-12-17,32.38,4773629865,154570140127
2019-12-18,32.74,4773629865,156307733823
2019-12-19,32.41,4773629865,154713343196
2019-12-20,31.90,4773629865,152278790873
2019-12-23,31.95,4773629865,152531790852
2019-12-24,32.05,4773629865,152994833531
2019-12-26,31.80,4773629865,151791884050
2019-12-27,31.65,4773629865,151099705534
2019-12-30,31.35,4773629865,149634204953
2019-12-31,31.60,4773629865,150856247570
2020-01-02,32.24,4773629865,153897045642
2020-01-03,31.42,4773629865,149982679715
2020-01-06,31.37,4773629865,149758314887
2020-01-07,31.26,4773629865,149242763808
2020-01-08,30.87,4773629865,147381051074
2020-01-09,30.63,4773629865,146197185623
2020-01-10,29.92,4773629865,142836557045
2020-01-13,30.12,4773629865,143772184420
2020-01-14,30.82,4773629865,147113728967
2020-01-15,30.31,4773629865,144707811794
2020-01-16,30.70,4773629865,146574304641
2020-01-17,30.88,4773629865,147404915217
2020-01-21,30.81,4773629865,147061211463
2020-01-22,31.30,4773629865,149400298110
2020-01-23,31.97,4773629865,152589079363
2020-01-24,32.40,4773629865,154665614910
2020-01-27,30.90,4773629865,147519483135
2020-01-28,31.83,4773629865,151949409246
2020-01-29,31.75,4773629865,151567519221
2020-01-30,31.52,4773629865,150464815530
2020-01-31,30.52,4773629865,145672092529
2020-02-03,30.52,4773629865,145705507793
2020-02-04,31.16,4773629865,148746305865
2020-02-05,31.74,4773629865,151505468807
2020-02-06,31.97,4773629865,152608172499
2020-02-07,31.52,4773629865,150479137658
2020-02-10,31.42,4773629865,149987450722
2020-02-11,32.02,4773629865,152832528222
2020-02-12,32.47,4773629865,154999767544
2020-02-13,32.40,4773629865,154651283677
2020-02-14,31.78,4773629865,151691638260
2020-02-18,31.08,4773629865,148340551697
2020-02-19,31.57,4773629865,150698722374
2020-02-20,30.92,4773629865,147619728926
2020-02-21,30.45,4773629865,145357033031
2020-02-24,29.16,4773629865,139199046135
2020-02-25,28.27,4773629865,134940967349
2020-02-26,28.59,4773629865,136468527449
2020-02-27,27.40,4773629865,130773592337
2020-02-28,27.26,4773629865,130138693228
2020-03-02,28.50,4773629865,136034129025
2020-03-03,27.42,4773629865,130916795406
2020-03-04,28.55,4773629865,136263264861
2020-03-05,27.40,4773629865,130816549616
2020-03-06,26.94,4773629865,128625455256
2020-03-09,24.77,4773629865,118252355957
2020-03-10,26.29,4773629865,125498733521
2020-03-11,24.60,4773629865,117416974372
2020-03-12,21.88,4773629865,104437475425
2020-03-13,23.42,4773629865,111807962923
2020-03-16,18.76,4773629865,89543746240
2020-03-17,19.95,4773629865,95238690456
2020-03-18,16.79,4773629865,80134927676
2020-03-19,19.44,4773629865,92823231268
2020-03-20,19.22,4773629865,91758713848
2020-03-23,19.35,4773629865,92355417581
2020-03-24,21.28,4773629865,101563744565
2020-03-25,21.75,4773629865,103850313707
2020-03-26,24.32,4773629865,116080354732
2020-03-27,23.07,4773629865,110122868521
2020-03-30,24.01,4773629865,114619625159
2020-03-31,23.71,4773629865,113182759729
2020-04-01,22.36,4773629865,106752688823
2020-04-02,23.71,4773629865,113163666593
2020-04-03,23.43,4773629865,111827056058
2020-04-06,25.24,4773629865,120505509836
2020-04-07,25.33,4773629865,120901721988
2020-04-08,26.11,4773629865,124639478689
2020-04-09,25.43,4773629865,121393408924
2020-04-13,25.99,4773629865,124076190219
2020-04-14,26.76,4773629865,127756658408
2020-04-15,25.74,4773629865,122892324768
2020-04-16,25.83,4773629865,123298088041
2020-04-17,26.59,4773629865,126921267719
2020-04-20,25.83,4773629865,123293307929
2020-04-21,24.76,4773629865,118218940693
2020-04-22,26.00,4773629865,124100054362
2020-04-23,25.89,4773629865,123603596419
2020-04-24,26.48,4773629865,126410496753
2020-04-27,26.84,4773629865,128148090448
2020-04-28,26.47,4773629865,126372301377
2020-04-29,27.60,4773629865,131761728110
2020-04-30,27.16,4773629865,129661337525
2020-05-01,25.97,4773629865,123971164316
2020-05-04,26.23,4773629865,125193216038
2020-05-05,26.49,4773629865,126439131903
2020-05-06,26.42,4773629865,126109750277
2020-05-07,26.77,4773629865,127813937814
2020-05-08,27.50,4773629865,131289143415
2020-05-11,27.54,4773629865,131465770852
2020-05-12,26.84,4773629865,128148090448
2020-05-13,26.32,4773629865,125618072447
2020-05-14,26.66,4773629865,127264971473
2020-05-15,26.04,4773629865,124310097063
2020-05-18,27.35,4773629865,130573100757
2020-05-19,27.19,4773629865,129818862722
2020-05-20,27.87,4773629865,133031517223
2020-05-21,27.48,4773629865,131179346505
2020-05-22,27.67,4773629865,132062474586
2020-05-26,28.20,4773629865,134625907850
2020-05-27,28.76,4773629865,137284825002
2020-05-28,28.31,4773629865,135160552064
2020-05-29,29.13,4773629865,139041520938
2020-06-01,29.00,4773629865,138430495077
2020-06-02,29.81,4773629865,142282810591
2020-06-03,30.95,4773629865,147758160987
2020-06-04,30.89,4773629865,147452652609
2020-06-05,31.71,4773629865,151362256633
2020-06-08,31.75,4773629865,151572299334
2020-06-09,31.53,4773629865,150522094937
2020-06-10,31.50,4773629865,150388433883
2020-06-11,29.38,4773629865,140225377284
2020-06-12,30.02,4773629865,143328234876
2020-06-15,30.41,4773629865,145161312459
2020-06-16,31.07,4773629865,148326229569
2020-06-17,31.34,4773629865,149624653833
2020-06-18,31.87,4773629865,152140358811
2020-06-19,30.28,4773629865,144531193462
2020-06-22,31.35,4773629865,149672391224
2020-06-23,31.13,4773629865,148603093691
2020-06-24,30.70,4773629865,146536118370
2020-06-25,30.89,4773629865,147433559473
2020-06-26,30.74,4773629865,146746151965
2020-06-29,30.98,4773629865,147877509017
2020-06-30,31.56,4773629865,150660536103
2020-07-01,31.27,4773629865,149285730192
2020-07-02,31.55,4773629865,150593705576
2020-07-06,31.88,4773629865,152178545082
2020-07-07,31.31,4773629865,149471899644
2020-07-08,31.96,4773629865,152550893092
2020-07-09,32.15,4773629865,153472207444
2020-07-10,31.94,4773629865,152488833573
2020-07-13,31.13,4773629865,148607873804
2020-07-14,31.51,4773629865,150407527019
2020-07-15,31.38,4773629865,149786959142
2020-07-16,31.13,4773629865,148622195932
2020-07-17,31.27,4773629865,149276179071
2020-07-20,31.71,4773629865,151386120777
2020-07-21,31.43,4773629865,150054281249
2020-07-22,31.38,4773629865,149796501158
2020-07-23,30.97,4773629865,147824991513
2020-07-24,30.58,4773629865,145972829900
2020-07-27,31.27,4773629865,149261856944
2020-07-28,30.74,4773629865,146717516814
2020-07-29,30.89,4773629865,147433559473
2020-07-30,31.21,4773629865,148984983716
2020-07-31,31.67,4773629865,151204722332
2020-08-03,32.12,4773629865,153343317398
2020-08-04,32.84,4773629865,156761234487
2020-08-05,32.95,4773629865,157310191724
2020-08-06,32.92,4773629865,157128802384
2020-08-07,32.59,4773629865,155586911052
2020-08-10,32.74,4773629865,156269547552
2020-08-11,32.40,4773629865,154679927933
2020-08-12,33.36,4773629865,159267379241
2020-08-13,32.94,4773629865,157252921423
2020-08-14,32.78,4773629865,156489141373
2020-08-17,33.03,4773629865,157682548839
2020-08-18,32.86,4773629865,156880564308
2020-08-19,32.92,4773629865,157152675633
2020-08-20,32.88,4773629865,156971268083
2020-08-21,33.00,4773629865,157539327560
2020-08-24,33.40,4773629865,159439244775
2020-08-25,33.61,4773629865,160460786707
2020-08-26,33.97,4773629865,162145881108
2020-08-27,33.91,4773629865,161892890234
2020-08-28,34.48,4773629865,164604297575
2020-08-31,34.72,4773629865,165716561492
2020-09-01,35.95,4773629865,171631081319
2020-09-02,37.50,4773629865,179015890945
2020-09-03,35.21,4773629865,168074732169
2020-09-04,36.29,4773629865,173258887209
2020-09-08,35.05,4773629865,167334825367
2020-09-09,36.00,4773629865,171864988163
2020-09-10,35.71,4773629865,170456776093
2020-09-11,35.97,4773629865,171707472071
2020-09-14,36.22,4773629865,172900879537
2020-09-15,36.69,4773629865,175149262409
2020-09-16,36.70,4773629865,175211303718
2020-09-17,36.59,4773629865,174676659504
2020-09-18,35.97,4773629865,171721785094
2020-09-21,35.18,4773629865,167931529100
2020-09-22,36.16,4773629865,172609684182
2020-09-23,35.16,4773629865,167836054317
2020-09-24,35.25,4773629865,168279994757
2020-09-25,35.68,4773629865,170323115040
2020-09-28,36.73,4773629865,175335422756
2020-09-29,36.43,4773629865,173884235198
2020-09-30,36.43,4773629865,173912879454
2020-10-01,36.86,4773629865,175955999737
2020-10-02,35.68,4773629865,170337428063
2020-10-05,36.61,4773629865,174762592271
2020-10-06,36.40,4773629865,173750574145
2020-10-07,36.67,4773629865,175068100649
2020-10-08,37.33,4773629865,178213924624
2020-10-09,37.67,4773629865,179822628274
2020-10-12,38.24,4773629865,182557927073
2020-10-13,38.15,4773629865,182109197416
2020-10-14,38.03,4773629865,181541137939
2020-10-15,37.99,4773629865,181364519607
2020-10-16,37.87,4773629865,180753502851
2020-10-19,37.58,4773629865,179378687835
2020-10-20,37.70,4773629865,179961078545
2020-10-21,37.21,4773629865,177602907868
2020-10-22,37.34,4773629865,178233026865
2020-10-23,37.27,4773629865,177922729269
2020-10-26,36.30,4773629865,173301862698
2020-10-27,35.96,4773629865,171659725575
2020-10-28,34.72,4773629865,165745205748
2020-10-29,35.50,4773629865,169468631215
2020-10-30,34.96,4773629865,166900426943
2020-11-02,35.13,4773629865,167673749008
2020-11-03,35.38,4773629865,168871927482
2020-11-04,36.46,4773629865,174060871740
2020-11-05,38.09,4773629865,181813249263
2020-11-06,38.06,4773629865,181693901233
2020-11-09,37.55,4773629865,179268900029
2020-11-10,36.31,4773629865,173344819977
2020-11-11,37.59,4773629865,179450289369
2020-11-12,37.02,4773629865,176719779787
2020-11-13,37.35,4773629865,178295068174
2020-11-16,38.08,4773629865,181784605008
2020-11-17,38.06,4773629865,181684359217
2020-11-18,38.06,4773629865,181693901233
2020-11-19,38.43,4773629865,183464910192
2020-11-20,38.33,4773629865,182987554489
2020-11-23,38.70,4773629865,184739479417
2020-11-24,39.22,4773629865,187236082155
2020-11-25,39.08,4773629865,186567776888
2020-11-27,39.49,4773629865,188534506419
2020-11-30,40.16,4773629865,191699432635
2020-12-01,40.46,4773629865,193126746945
2020-12-02,40.37,4773629865,192725763784
2020-12-03,39.98,4773629865,190849719818
2020-12-04,41.17,4773629865,196520790786
2020-12-07,42.09,4773629865,200917310739
2020-12-08,42.34,4773629865,202120260220
2020-12-09,41.62,4773629865,198688030108
2020-12-10,41.00,4773629865,195737926705
2020-12-11,40.58,4773629865,193723450678
2020-12-14,41.18,4773629865,196578079297
2020-12-15,41.81,4773629865,199566368971
2020-12-16,42.49,4773629865,202831540976
2020-12-17,42.61,4773629865,203404371461
2020-12-18,43.46,4773629865,207442865532
2020-12-21,42.89,4773629865,204731439981
2020-12-22,43.31,4773629865,206745916009
2020-12-23,42.55,4773629865,203098863083
2020-12-24,43.15,4773629865,205963033718
2020-12-28,43.19,4773629865,206163525299
2020-12-29,42.90,4773629865,204807812523
2020-12-30,43.48,4773629865,207571755578
2020-12-31,43.78,4773629865,209013382911
2021-01-04,42.52,4773629865,202984286060
2021-01-05,42.81,4773629865,204359101076
2021-01-06,42.55,4773629865,203098863083
2021-01-07,44.34,4773629865,211657977935
2021-01-08,44.56,4773629865,212732037371
2021-01-11,44.58,4773629865,212789325882
2021-01-12,44.94,4773629865,214522148570
2021-01-13,45.12,4773629865,215390945418
2021-01-14,45.21,4773629865,215801488803
2021-01-15,44.58,4773629865,212832283161
2021-01-19,45.93,4773629865,219238489923
2021-01-20,46.19,4773629865,220484414894
2021-01-21,46.68,4773629865,222842585570
2021-01-22,46.50,4773629865,221983330738
2021-01-25,46.48,4773629865,221873542932
2021-01-26,46.39,4773629865,221434373501
2021-01-27,44.47,4773629865,212283325924
2021-01-28,45.17,4773629865,215643954502
2021-01-29,45.05,4773629865,215052021776
2021-02-01,46.67,4773629865,222804399299
2021-02-02,47.69,4773629865,227644859691
2021-02-03,46.52,4773629865,222064492497
2021-02-04,47.06,4773629865,224661341025
2021-02-05,46.60,4773629865,222455933643
2021-02-08,47.27,4773629865,225649485904
2021-02-09,47.46,4773629865,226570800255
2021-02-10,47.01,4773629865,224384476903
2021-02-11,47.84,4773629865,228365682462
2021-02-12,48.63,4773629865,232151167449
2021-02-16,48.91,4773629865,233492548992
2021-02-17,48.25,4773629865,230318098971
2021-02-18,48.33,4773629865,230690437876
2021-02-19,49.00,4773629865,233888761145
2021-02-22,47.64,4773629865,227396639824
2021-02-23,47.19,4773629865,225267586774
2021-02-24,48.09,4773629865,229554318921
2021-02-25,45.72,4773629865,218231261015
2021-02-26,46.99,4773629865,224298544136
2021-03-01,48.96,4773629865,233707371805
2021-03-02,48.05,4773629865,229377682379
2021-03-03,46.31,4773629865,221047703363
2021-03-04,44.36,4773629865,211753452717
2021-03-05,45.01,4773629865,214880174452
2021-03-08,42.13,4773629865,201089158063
2021-03-09,44.36,4773629865,211758223725
2021-03-10,43.76,4773629865,208889263872
2021-03-11,45.37,4773629865,216574810869
2021-03-12,45.12,4773629865,215371861387
2021-03-15,47.08,4773629865,224728171552
2021-03-16,47.82,4773629865,228265436672
2021-03-17,48.36,4773629865,230847972177
2021-03-18,46.42,4773629865,221568034554
2021-03-19,47.45,4773629865,226489638496
2021-03-22,47.53,4773629865,226881079641
2021-03-23,46.41,4773629865,221525059066
2021-03-24,45.73,4773629865,218283778518
2021-03-25,46.17,4773629865,220398482126
2021-03-26,48.20,4773629865,230108047166
2021-03-29,47.26,4773629865,225611299633
2021-03-30,45.62,4773629865,217753905312
2021-03-31,46.37,4773629865,221334127711
2021-04-01,47.60,4773629865,227200919252
2021-04-05,48.85,4773629865,233182269606
2021-04-06,48.39,4773629865,230981633231
2021-04-07,48.25,4773629865,230308538746
2021-04-08,48.55,4773629865,231750184288
2021-04-09,48.51,4773629865,231564005731
2021-04-12,48.37,4773629865,230886158448
2021-04-13,48.50,4773629865,231501946212
2021-04-14,47.73,4773629865,227845351271
2021-04-15,48.00,4773629865,229134233520
2021-04-16,47.88,4773629865,228556632027
2021-04-19,46.20,4773629865,220541703405
2021-04-20,45.73,4773629865,218279007511
2021-04-21,45.98,4773629865,219486728000
2021-04-22,45.51,4773629865,217252676361
2021-04-23,46.61,4773629865,222513203944
2021-04-26,47.19,4773629865,225243731736
2021-04-27,46.63,4773629865,222618220742
2021-04-28,45.92,4773629865,219205074660
2021-04-29,46.63,4773629865,222589594696
2021-04-30,45.62,4773629865,217772989343
2021-05-03,45.01,4773629865,214880174452
2021-05-04,44.45,4773629865,212206935172
2021-05-05,44.38,4773629865,211868011530
2021-05-06,44.86,4773629865,214135496642
2021-05-07,45.26,4773629865,216044937662
2021-05-10,43.61,4773629865,208178001326
2021-05-11,44.01,4773629865,210073129323
2021-05-12,42.24,4773629865,201628573285
2021-05-13,43.06,4773629865,205552508542
2021-05-14,44.16,4773629865,210813036125
2021-05-17,43.99,4773629865,210011069804
2021-05-18,43.37,4773629865,207051424387
2021-05-19,44.17,4773629865,210860782621
2021-05-20,45.50,4773629865,217200158858
2021-05-21,45.12,4773629865,215405276650
2021-05-24,45.92,4773629865,219200303652
2021-05-25,45.95,4773629865,219367379969
2021-05-26,46.05,4773629865,219820880634
2021-05-27,46.77,4773629865,223253128956
2021-05-28,47.23,4773629865,225472867572
2021-06-01,46.83,4773629865,223553866326
2021-06-02,47.37,4773629865,226141172839
2021-06-03,46.48,4773629865,221878313940
2021-06-04,47.50,4773629865,226747418588
2021-06-07,46.38,4773629865,221391398012
2021-06-08,46.35,4773629865,221272068192
2021-06-09,46.39,4773629865,221463017757
2021-06-10,46.87,4773629865,223725713651
2021-06-11,47.07,4773629865,224694756289
2021-06-14,47.58,4773629865,227143630740
2021-06-15,47.07,4773629865,224713858529
2021-06-16,46.58,4773629865,222331814604
2021-06-17,47.12,4773629865,224919121117
2021-06-18,46.35,4773629865,221257736959
2021-06-21,46.46,4773629865,221787610165
2021-06-22,46.44,4773629865,221711237623
2021-06-23,46.67,4773629865,222766213028
2021-06-24,47.01,4773629865,224389247911
2021-06-25,46.22,4773629865,220637178187
2021-06-28,47.28,4773629865,225697214190
2021-06-29,47.72,4773629865,227773749737
2021-06-30,47.68,4773629865,227625757451
2021-07-01,46.96,4773629865,224188756330
2021-07-02,46.82,4773629865,223487035800
2021-07-06,47.33,4773629865,225926350026
2021-07-07,46.95,4773629865,224141009834
2021-07-08,47.05,4773629865,224599281506
2021-07-09,48.02,4773629865,229220166287
2021-07-12,48.58,4773629865,231879074334
2021-07-13,48.40,4773629865,231048463758
2021-07-14,48.16,4773629865,229893242562
2021-07-15,47.73,4773629865,227864453512
2021-07-16,46.81,4773629865,223439289303
2021-07-19,46.57,4773629865,222293628333
2021-07-20,46.86,4773629865,223687527380
2021-07-21,47.90,4773629865,228666419833
2021-07-22,47.63,4773629865,227382308592
2021-07-23,48.31,4773629865,230637920372
2021-07-26,48.22,4773629865,230203521948
2021-07-27,47.54,4773629865,226919265912
2021-07-28,47.76,4773629865,228012427588
2021-07-29,48.41,4773629865,231096192044
2021-07-30,48.54,4773629865,231711998017
2021-08-02,48.47,4773629865,231368285159
2021-08-03,48.68,4773629865,232375532277
2021-08-04,48.78,4773629865,232857658988
2021-08-05,48.77,4773629865,232795599468
2021-08-06,48.54,4773629865,231726311040
2021-08-09,48.47,4773629865,231368285159
2021-08-10,48.23,4773629865,230213082173
2021-08-11,48.35,4773629865,230828869937
2021-08-12,48.43,4773629865,231167793578
2021-08-13,48.62,4773629865,232074794907
2021-08-16,48.81,4773629865,233019964297
2021-08-17,47.87,4773629865,228508885531
2021-08-18,46.90,4773629865,223868916720
2021-08-19,47.35,4773629865,226045698057
2021-08-20,47.52,4773629865,226828562137
2021-08-23,48.24,4773629865,230303767738
2021-08-24,48.14,4773629865,229816870020
2021-08-25,48.34,4773629865,230762039410
2021-08-26,48.57,4773629865,231874303327
2021-08-27,49.59,4773629865,236743407974
2021-08-30,49.89,4773629865,238151620044
2021-08-31,49.72,4773629865,237349653723
2021-09-01,49.32,4773629865,235416339454
2021-09-02,49.19,4773629865,234814846504
2021-09-03,49.77,4773629865,237574018551
2021-09-07,49.66,4773629865,237053687360
2021-09-08,49.44,4773629865,235998711955
2021-09-09,49.35,4773629865,235573855546
2021-09-10,49.81,4773629865,237798365169
2021-09-13,49.90,4773629865,238185035307
2021-09-14,50.19,4773629865,239574163346
2021-09-15,50.97,4773629865,243331004077
2021-09-16,50.74,4773629865,242190114114
2021-09-17,50.60,4773629865,241545663885
2021-09-20,49.48,4773629865,236208745550
2021-09-21,49.10,4773629865,234380448080
2021-09-22,50.06,4773629865,238963128380
2021-09-23,50.43,4773629865,240734155549
2021-09-24,50.49,4773629865,241030121911
2021-09-27,50.49,4773629865,240996706648
2021-09-28,49.10,4773629865,234394779313
2021-09-29,48.95,4773629865,233659643518
2021-09-30,48.49,4773629865,231487633189
2021-10-01,48.74,4773629865,232642854384
2021-10-04,47.60,4773629865,227200919252
2021-10-05,48.54,4773629865,231721540033
2021-10-06,48.88,4773629865,233325472675
2021-10-07,49.39,4773629865,235779118134
2021-10-08,49.28,4773629865,235268347168
2021-10-11,49.23,4773629865,235024898309
2021-10-12,48.53,4773629865,231654709506
2021-10-13,48.50,4773629865,231525819460
2021-10-14,49.76,4773629865,237535814070
2021-10-15,50.33,4773629865,240232926598
2021-10-18,50.34,4773629865,240285425892
2021-10-19,51.04,4773629865,243641301672
2021-10-20,50.94,4773629865,243163927760
2021-10-21,51.42,4773629865,245436183879
2021-10-22,51.54,4773629865,246037658620
2021-10-25,52.21,4773629865,249216897858
2021-10-26,53.39,4773629865,254849782556
2021-10-27,52.31,4773629865,249713355801
2021-10-28,52.96,4773629865,252797120257
2021-10-29,53.17,4773629865,253799578158
2021-11-01,52.81,4773629865,252071526478
2021-11-02,53.71,4773629865,256377342656
2021-11-03,54.24,4773629865,258907360657
2021-11-04,54.86,4773629865,261890879323
2021-11-05,55.89,4773629865,266807712257
2021-11-08,55.90,4773629865,266822043489
2021-11-09,55.78,4773629865,266273068043
2021-11-10,54.88,4773629865,261962480857
2021-11-11,55.54,4773629865,265127407072
2021-11-12,56.32,4773629865,268860374555
2021-11-15,56.58,4773629865,270077655270
2021-11-16,56.88,4773629865,271509740587
2021-11-17,56.96,4773629865,271925054980
2021-11-18,57.48,4773629865,274393013463
2021-11-19,56.87,4773629865,271485885549
2021-11-22,55.33,4773629865,264115388946
2021-11-23,55.51,4773629865,264993746019
2021-11-24,55.87,4773629865,266717026692
2021-11-26,54.66,4773629865,260921836685
2021-11-29,56.43,4773629865,269395018769
2021-11-30,55.37,4773629865,264306338511
2021-12-01,55.48,4773629865,264821898694
2021-12-02,55.24,4773629865,263719176793
2021-12-03,55.81,4773629865,266425831336
2021-12-06,56.50,4773629865,269700545357
2021-12-07,59.04,4773629865,281835111600
2021-12-08,58.86,4773629865,280956754527
2021-12-09,58.34,4773629865,278503109068
2021-12-10,63.17,4773629865,301540647816
2021-12-13,62.17,4773629865,296757475936
2021-12-14,61.49,4773629865,293535279419
2021-12-15,63.99,4773629865,305445480833
2021-12-16,62.07,4773629865,296289662248
2021-12-17,63.50,4773629865,303106394187
2021-12-20,64.50,4773629865,307913439315
2021-12-21,64.62,4773629865,308491059018
2021-12-22,65.52,4773629865,312768212730
2021-12-23,66.48,4773629865,317350929450
2021-12-27,67.43,4773629865,321876321238
2021-12-28,66.90,4773629865,319355845252
2021-12-29,67.26,4773629865,321079125925
2021-12-30,66.51,4773629865,317484590503
2021-12-31,66.54,4773629865,317642106595
2022-01-03,66.33,4773629865,316644419701
2022-01-04,67.09,4773629865,320272388596
2022-01-05,64.30,4773629865,306944414887
2022-01-06,63.70,4773629865,304094539065
2022-01-07,61.92,4773629865,295559297462
2022-01-10,62.12,4773629865,296518798084
2022-01-11,62.21,4773629865,296943654493
2022-01-12,62.20,4773629865,296919781245
2022-01-13,59.72,4773629865,285076410357
2022-01-14,59.64,4773629865,284684969212
2022-01-18,57.78,4773629865,275815556765
2022-01-19,56.40,4773629865,269218400437
2022-01-20,54.77,4773629865,261461251907
2022-01-21,53.32,4773629865,254544274178
2022-01-24,54.16,4773629865,258530250745
2022-01-25,53.41,4773629865,254978672602
2022-01-26,55.71,4773629865,265948475634
2022-01-27,54.23,4773629865,258878716401
2022-01-28,56.01,4773629865,267371000726
2022-01-31,58.59,4773629865,279677432503
2022-02-01,59.27,4773629865,282942586299
2022-02-02,60.34,4773629865,288055139805
2022-02-03,58.08,4773629865,277276286338
2022-02-04,59.02,4773629865,281720534577
2022-02-07,58.76,4773629865,280512814088
2022-02-08,60.02,4773629865,286522808698
2022-02-09,61.13,4773629865,291831082777
2022-02-10,59.14,4773629865,282293383272
2022-02-11,57.34,4773629865,273729479203
2022-02-14,57.86,4773629865,276192684887
2022-02-15,60.28,4773629865,287740089412
2022-02-16,59.72,4773629865,285085952373
2022-02-17,57.90,4773629865,276393176467
2022-02-18,58.00,4773629865,276865761162
2022-02-22,57.75,4773629865,275658022463
2022-02-23,56.52,4773629865,269800791147
2022-02-24,58.00,4773629865,276870532170
2022-02-25,58.80,4773629865,280694203428
2022-02-28,58.74,4773629865,280422110313
2022-03-01,57.01,4773629865,272154190816
2022-03-02,58.58,4773629865,279629686007
2022-03-03,57.86,4773629865,276202226902
2022-03-04,59.60,4773629865,284503561662
2022-03-07,57.07,4773629865,272431054939
2022-03-08,57.60,4773629865,274937217902
2022-03-09,59.70,4773629865,284995248598
2022-03-10,58.77,4773629865,280560542374
2022-03-11,57.78,4773629865,275844201021
2022-03-14,56.78,4773629865,271046697908
2022-03-15,59.28,4773629865,282961688539
2022-03-16,60.71,4773629865,289816624959
2022-03-17,60.27,4773629865,287692342916
2022-03-18,61.04,4773629865,291387142338
2022-03-21,60.13,4773629865,287033597874
2022-03-22,61.13,4773629865,291831082777
2022-03-23,59.94,4773629865,286121825537
2022-03-24,62.64,4773629865,299034503063
2022-03-25,62.89,4773629865,300199266273
2022-03-28,63.29,4773629865,302113478301
2022-03-29,64.15,4773629865,306214050101
2022-03-30,63.11,4773629865,301259012686
2022-03-31,62.97,4773629865,300585918201
2022-04-01,62.70,4773629865,299297054162
2022-04-04,63.49,4773629865,303053894893
2022-04-05,61.41,4773629865,293158151297
2022-04-06,60.20,4773629865,287372521515
2022-04-07,60.31,4773629865,287873750466
2022-04-08,58.70,4773629865,280212076717
2022-04-11,58.06,4773629865,277161727525
2022-04-12,58.51,4773629865,279290762366
2022-04-13,59.25,4773629865,282856671742
2022-04-14,57.38,4773629865,273934741791
2022-04-18,58.65,4773629865,279973398866
2022-04-19,59.76,4773629865,285281672945
2022-04-20,59.77,4773629865,285329401232
2022-04-21,59.27,4773629865,282947357307
2022-04-22,58.69,4773629865,280188203469
2022-04-25,58.79,4773629865,280632143909
2022-04-26,56.01,4773629865,267356687703
2022-04-27,55.95,4773629865,267103678619
2022-04-28,57.89,4773629865,276364532212
2022-04-29,55.44,4773629865,264645262152
2022-05-02,57.63,4773629865,275128149257
2022-05-03,58.12,4773629865,277429049632
2022-05-04,60.37,4773629865,288164945821
2022-05-05,58.00,4773629865,276865761162
2022-05-06,58.01,4773629865,276918260456
2022-05-09,56.29,4773629865,268717171487
2022-05-10,58.14,4773629865,277534066430
2022-05-11,56.71,4773629865,270717316281
2022-05-12,57.16,4773629865,272846369332
2022-05-13,58.82,4773629865,280804009443
2022-05-16,58.27,4773629865,278145083186
2022-05-17,60.81,4773629865,290308293684
2022-05-18,57.06,4773629865,272368995420
2022-05-19,54.62,4773629865,260740429135
2022-05-20,54.32,4773629865,259298801802
2022-05-23,52.64,4773629865,251264789149
2022-05-24,52.42,4773629865,250233668783
2022-05-25,53.16,4773629865,253780475918
2022-05-26,55.07,4773629865,262864711178
2022-05-27,58.33,4773629865,278436278541
2022-05-31,58.01,4773629865,276932591689
2022-06-01,57.36,4773629865,273824953985
2022-06-02,57.67,4773629865,275314327814
2022-06-03,56.33,4773629865,268908121051
2022-06-06,56.12,4773629865,267910434158
2022-06-07,57.30,4773629865,273524216615
2022-06-08,56.54,4773629865,269881934697
2022-06-09,55.62,4773629865,265518848218
2022-06-10,54.13,4773629865,258382258458
2022-06-13,51.76,4773629865,247092634025
2022-06-14,52.02,4773629865,248309896530
2022-06-15,52.67,4773629865,251431865466
2022-06-16,49.72,4773629865,237335322490
2022-06-17,49.87,4773629865,238037061231
2022-06-21,50.38,4773629865,240481146465
2022-06-22,49.61,4773629865,236819780516
2022-06-23,49.66,4773629865,237048916352
2022-06-24,50.91,4773629865,243020724691
2022-06-27,50.57,4773629865,241407231824
2022-06-28,49.85,4773629865,237941586448
2022-06-29,49.04,4773629865,234103583958
2022-06-30,48.58,4773629865,231907718590
2022-07-01,47.78,4773629865,228103131363
2022-07-05,47.63,4773629865,227367995569
2022-07-06,48.26,4773629865,230380158490
2022-07-07,49.85,4773629865,237984543727
2022-07-08,49.87,4773629865,238056145261
2022-07-11,48.29,4773629865,230499488311
2022-07-12,48.14,4773629865,229788225765
2022-07-13,48.17,4773629865,229960073089
2022-07-14,48.46,4773629865,231349201128
2022-07-15,49.45,4773629865,236036898226
2022-07-18,49.11,4773629865,234413863343
2022-07-19,50.90,4773629865,242977767412
2022-07-20,51.18,4773629865,244300046715
2022-07-21,51.77,4773629865,247121278281
2022-07-22,51.25,4773629865,244658072597
2022-07-25,51.31,4773629865,244939725936
2022-07-26,51.11,4773629865,243975454306
2022-07-27,52.78,4773629865,251947407440
2022-07-28,53.36,4773629865,254725663518
2022-07-29,53.55,4773629865,255618333613
2022-08-01,53.64,4773629865,256043190022
2022-08-02,53.12,4773629865,253579984338
2022-08-03,54.67,4773629865,260993438219
2022-08-04,55.28,4773629865,263886253110
2022-08-05,55.14,4773629865,263237050083
2022-08-08,54.55,4773629865,260415836727
2022-08-09,53.28,4773629865,254338993380
2022-08-10,55.04,4773629865,262745363148
2022-08-11,54.54,4773629865,260368090230
2022-08-12,55.82,4773629865,266478348840
2022-08-15,55.90,4773629865,266826814497
2022-08-16,55.17,4773629865,263337295873
2022-08-17,53.86,4773629865,257102936435
2022-08-18,55.85,4773629865,266583365638
2022-08-19,54.84,4773629865,261800175548
2022-08-22,52.88,4773629865,252405679112
2022-08-23,52.98,4773629865,252897366047
2022-08-24,53.08,4773629865,253403366006
2022-08-25,55.01,4773629865,262611702094
2022-08-26,52.09,4773629865,248639278156
2022-08-29,51.42,4773629865,245450496902
2022-08-30,50.64,4773629865,241731842442
2022-08-31,49.91,4773629865,238256636841
2022-09-01,49.20,4773629865,234867364008
2022-09-02,50.02,4773629865,238786510048
2022-09-06,49.82,4773629865,237822238418
2022-09-07,50.51,4773629865,241130367702
2022-09-08,51.19,4773629865,244376437467
2022-09-09,52.24,4773629865,249374432160
2022-09-12,52.91,4773629865,252553653188
2022-09-13,50.37,4773629865,240423876163
2022-09-14,51.08,4773629865,243813148997
2022-09-15,50.01,4773629865,238748323777
2022-09-16,50.25,4773629865,239874900716
2022-09-19,50.18,4773629865,239559832113
2022-09-20,49.31,4773629865,235368592958
2022-09-21,48.21,4773629865,230155793662
2022-09-22,47.76,4773629865,227993343558
2022-09-23,46.87,4773629865,223730484658
2022-09-26,46.23,4773629865,220665822443
2022-09-27,46.47,4773629865,221854440692
2022-09-28,46.60,4773629865,222432060394
2022-09-29,45.01,4773629865,214875403444
2022-09-30,44.40,4773629865,211953944298
2022-10-03,45.68,4773629865,218049871675
2022-10-04,47.99,4773629865,229067402993
2022-10-05,48.48,4773629865,231425573670
2022-10-06,47.95,4773629865,228895555669
2022-10-07,46.05,4773629865,219816109626
2022-10-10,43.77,4773629865,208941781376
2022-10-11,43.08,4773629865,205628881084
2022-10-12,43.06,4773629865,205538177310
2022-10-13,43.80,4773629865,209070671422
2022-10-14,42.71,4773629865,203881727164
2022-10-17,43.54,4773629865,207829517460
2022-10-18,43.48,4773629865,207571755578
2022-10-19,43.53,4773629865,207796102196
2022-10-20,43.03,4773629865,205409287264
2022-10-21,44.97,4773629865,214684453879
2022-10-24,45.65,4773629865,217925752636
2022-10-25,46.01,4773629865,219620389053
2022-10-26,46.12,4773629865,220150262260
2022-10-27,45.54,4773629865,217391108422
2022-10-28,47.29,4773629865,225744960686
2022-10-31,47.01,4773629865,224417892166
2022-11-01,46.79,4773629865,223358145754
2022-11-02,45.60,4773629865,217691845793
2022-11-03,44.41,4773629865,212006443592
2022-11-04,46.53,4773629865,222116991791
2022-11-07,47.52,4773629865,226852435385
2022-11-08,48.21,4773629865,230141462429
2022-11-09,46.95,4773629865,224107594571
2022-11-10,50.66,4773629865,241817775210
2022-11-11,51.81,4773629865,247316980644
2022-11-14,51.32,4773629865,244992225230
2022-11-15,52.44,4773629865,250338703790
2022-11-16,51.17,4773629865,244280962684
2022-11-17,51.21,4773629865,244462352024
2022-11-18,51.52,4773629865,245918310590
2022-11-21,51.74,4773629865,247006701258
2022-11-22,53.01,4773629865,253026256093
2022-11-23,53.36,4773629865,254739976541
2022-11-25,52.99,4773629865,252959425566
2022-11-28,52.22,4773629865,249283728385
2022-11-29,52.14,4773629865,248892287240
2022-11-30,55.10,4773629865,263041329510
2022-12-01,55.08,4773629865,262907668457
2022-12-02,54.08,4773629865,258157911840
2022-12-05,53.06,4773629865,253307891223
2022-12-06,52.58,4773629865,251007009058
2022-12-07,51.85,4773629865,247512701216
2022-12-08,53.11,4773629865,253517943028
2022-12-09,54.47,4773629865,260029166589
2022-12-12,55.66,4773629865,265714550580
2022-12-13,57.10,4773629865,272593360248
2022-12-14,57.44,4773629865,274216395130
2022-12-15,55.80,4773629865,266368542825
2022-12-16,55.59,4773629865,265370855931
2022-12-19,54.96,4773629865,262373024243
2022-12-20,54.40,4773629865,259695013955
2022-12-21,56.12,4773629865,267910434158
2022-12-22,55.31,4773629865,264024685171
2022-12-23,55.24,4773629865,263709634778
2022-12-27,55.35,4773629865,264239507984
2022-12-28,54.49,4773629865,260110310139
2022-12-29,55.78,4773629865,266277839050
2022-12-30,55.91,4773629865,266907958047
2023-01-03,55.35,4773629865,264210863729
2023-01-04,56.02,4773629865,267437831253
2023-01-05,55.50,4773629865,264945999523
2023-01-06,58.84,4773629865,280894695008
2023-01-09,57.69,4773629865,275385929349
2023-01-10,57.49,4773629865,274450301974
2023-01-11,57.81,4773629865,275982633082
2023-01-12,58.19,4773629865,277796617529
2023-01-13,57.90,4773629865,276393176467
2023-01-17,57.92,4773629865,276507735281
2023-01-18,57.43,4773629865,274144793596
2023-01-19,56.32,4773629865,268860374555
2023-01-20,57.08,4773629865,272469241210
2023-01-23,58.16,4773629865,277648625243
2023-01-24,58.50,4773629865,279271660125
2023-01-25,58.57,4773629865,279581957721
2023-01-26,59.86,4773629865,285739944617
2023-01-27,59.10,4773629865,282116746730
2023-01-30,58.15,4773629865,277562710686
2023-01-31,58.50,4773629865,279262118110
2023-02-01,60.28,4773629865,287730547397
2023-02-02,60.58,4773629865,289172174730
2023-02-03,59.76,4773629865,285281672945
2023-02-06,60.13,4773629865,287038368881
2023-02-07,61.44,4773629865,293315685598
2023-02-08,60.17,4773629865,287234089454
2023-02-09,59.94,4773629865,286136156770
2023-02-10,59.33,4773629865,283195595383
2023-02-13,60.11,4773629865,286952436114
2023-02-14,60.23,4773629865,287520495591
2023-02-15,60.77,4773629865,290088718074
2023-02-16,60.05,4773629865,286675571992
2023-02-17,59.56,4773629865,284312612097
2023-02-21,58.15,4773629865,277605667964
2023-02-22,57.62,4773629865,275042234700
2023-02-23,58.38,4773629865,278684516617
2023-02-24,57.78,4773629865,275796472734
2023-02-27,58.54,4773629865,279472151706
2023-02-28,59.43,4773629865,283692053326
2023-03-01,59.36,4773629865,283348340467
2023-03-02,59.87,4773629865,285773359881
2023-03-03,63.28,4773629865,302056207999
2023-03-06,63.29,4773629865,302132580542
2023-03-07,62.51,4773629865,298423468097
2023-03-08,63.23,4773629865,301817530148
2023-03-09,62.25,4773629865,297168001112
2023-03-10,61.48,4773629865,293497093148
2023-03-13,61.65,4773629865,294279957228
2023-03-14,63.25,4773629865,301912986721
2023-03-15,62.60,4773629865,298848324505
2023-03-16,63.65,4773629865,303841548191
2023-03-17,63.10,4773629865,301201724175
2023-03-20,64.37,4773629865,307283338529
2023-03-21,63.67,4773629865,303960878012
2023-03-22,63.09,4773629865,301177850927
2023-03-23,63.92,4773629865,305144743463
2023-03-24,63.62,4773629865,303684013890
2023-03-27,62.68,4773629865,299230205426
2023-03-28,62.47,4773629865,298208663494
2023-03-29,62.55,4773629865,298590544414
2023-03-30,63.38,4773629865,302528792694
2023-03-31,64.15,4773629865,306247447154
2023-04-03,64.25,4773629865,306691405803
2023-04-04,63.44,4773629865,302843861298
2023-04-05,62.90,4773629865,300266096800
2023-04-06,62.26,4773629865,297225289623
2023-04-10,62.74,4773629865,299492756525
2023-04-11,62.16,4773629865,296714518657
2023-04-12,61.67,4773629865,294389745034
2023-04-13,62.42,4773629865,297989069673
2023-04-14,61.95,4773629865,295745457809
2023-04-17,62.74,4773629865,299478443502
2023-04-18,63.23,4773629865,301846156194
2023-04-19,63.45,4773629865,302886818576
2023-04-20,63.30,4773629865,302180308828
2023-04-21,63.29,4773629865,302123038526
2023-04-24,63.45,4773629865,302905902607
2023-04-25,62.20,4773629865,296929323260
2023-04-26,61.62,4773629865,294146296175
2023-04-27,61.84,4773629865,295206042588
2023-04-28,62.65,4773629865,299067918326
2023-05-01,63.79,4773629865,304533708497
2023-05-02,61.23,4773629865,292308456689
2023-05-03,61.32,4773629865,292718981865
2023-05-04,61.02,4773629865,291267794307
2023-05-05,63.01,4773629865,300795970006
2023-05-08,62.91,4773629865,300289951838
2023-05-09,61.85,4773629865,295253789084
2023-05-10,62.63,4773629865,298958112311
2023-05-11,62.77,4773629865,299626417578
2023-05-12,63.12,4773629865,301287656942
2023-05-15,63.98,4773629865,305416836578
2023-05-16,64.14,4773629865,306199700658
2023-05-17,65.75,4773629865,313851850601
2023-05-18,67.79,4773629865,323604372919
2023-05-19,68.22,4773629865,325680890256
2023-05-22,67.84,4773629865,323828719537
2023-05-23,68.65,4773629865,327709697516
2023-05-24,67.95,4773629865,324382484202
2023-05-25,72.88,4773629865,347902131450
2023-05-26,81.27,4773629865,387967232547
2023-05-30,80.33,4773629865,383484779827
2023-05-31,80.80,4773629865,385690187210
2023-06-01,79.00,4773629865,377092904297
2023-06-02,81.20,4773629865,387618730470
2023-06-05,80.23,4773629865,382988340094
2023-06-06,79.00,4773629865,377116759335
2023-06-07,79.26,4773629865,378372226320
2023-06-08,80.42,4773629865,383895305003
2023-06-09,80.46,4773629865,384095796583
2023-06-12,85.54,4773629865,408317218992
2023-06-13,85.11,4773629865,406293182739
2023-06-14,88.62,4773629865,423029513312
2023-06-15,88.34,4773629865,421716794235
2023-06-16,86.81,4773629865,414403567934
2023-06-20,86.80,4773629865,414365399873
2023-06-21,84.77,4773629865,404641503601
2023-06-22,84.24,4773629865,402144882653
2023-06-23,82.21,4773629865,392463961869
2023-06-26,82.16,4773629865,392215760213
2023-06-27,84.84,4773629865,404994740265
2023-06-28,84.79,4773629865,404775164654
2023-06-29,86.26,4773629865,411759009330
2023-06-30,86.74,4773629865,414078957315
2023-07-03,87.64,4773629865,418380002486
2023-07-05,86.19,4773629865,411420049268
2023-07-06,84.80,4773629865,404803827120
2023-07-07,84.68,4773629865,404207123387
2023-07-10,87.77,4773629865,418995826669
2023-07-11,88.21,4773629865,421058030983
2023-07-12,89.00,4773629865,424829202947
2023-07-13,89.04,4773629865,425024923519
2023-07-14,88.86,4773629865,424175210702
2023-07-17,91.04,4773629865,434567412242
2023-07-18,90.34,4773629865,431264053965
2023-07-19,90.14,4773629865,430280680095
2023-07-20,88.83,4773629865,424060633679
2023-07-21,89.68,4773629865,428075272712
2023-07-24,90.16,4773629865,430385678682
2023-07-25,91.80,4773629865,438214465167
2023-07-26,89.31,4773629865,426328100581
2023-07-27,89.35,4773629865,426538134177
2023-07-28,89.98,4773629865,429526423850
2023-07-31,89.86,4773629865,428982237621
2023-08-01,92.00,4773629865,439173947580
2023-08-02,89.23,4773629865,425951008879
2023-08-03,88.50,4773629865,422456701037
2023-08-04,88.17,4773629865,420867081418
2023-08-07,89.71,4773629865,428223246788
2023-08-08,88.32,4773629865,421587904189
2023-08-09,85.07,4773629865,406107004182
2023-08-10,84.29,4773629865,402369265691
2023-08-11,82.98,4773629865,396096701772
2023-08-14,85.41,4773629865,407715744251
2023-08-15,84.25,4773629865,402187858142
2023-08-16,83.30,4773629865,397638611315
2023-08-17,82.71,4773629865,394826921764
2023-08-18,82.58,4773629865,394225447023
2023-08-21,86.51,4773629865,412985813849
2023-08-22,85.58,4773629865,408522481580
2023-08-23,87.66,4773629865,418446833012
2023-08-24,85.45,4773629865,407887573366
2023-08-25,85.18,4773629865,406627335373
2023-08-28,86.11,4773629865,411047728573
2023-08-29,88.99,4773629865,424819624512
2023-08-30,89.23,4773629865,425941430444
2023-08-31,92.29,4773629865,440553533604
2023-09-01,87.25,4773629865,416508747737
2023-09-05,87.22,4773629865,416341689630
2023-09-06,87.23,4773629865,416389399706
2023-09-07,85.70,4773629865,409114414305
2023-09-08,85.75,4773629865,409362615962
2023-09-11,85.91,4773629865,410121643214
2023-09-12,84.45,4773629865,403142605966
2023-09-13,85.29,4773629865,407157208579
2023-09-14,87.16,4773629865,416088680545
2023-09-15,85.17,4773629865,406560504846
2023-09-18,85.00,4773629865,405758538525
2023-09-19,84.92,4773629865,405376639395
2023-09-20,83.06,4773629865,396483371910
2023-09-21,80.84,4773629865,385881136775
2023-09-22,82.91,4773629865,395772091154
2023-09-25,83.39,4773629865,398068220521
2023-09-26,81.62,4773629865,389618911685
2023-09-27,81.68,4773629865,389914859838
2023-09-28,83.20,4773629865,397165990200
2023-09-29,83.06,4773629865,396488142917
2023-10-02,83.50,4773629865,398574238689
2023-10-03,81.48,4773629865,388969690448
2023-10-04,82.38,4773629865,393256386175
2023-10-05,82.39,4773629865,393280277633
2023-10-06,84.53,4773629865,403495842631
2023-10-09,85.59,4773629865,408565420649
2023-10-10,85.84,4773629865,409773177558
2023-10-11,87.46,4773629865,417482579592
2023-10-12,90.56,4773629865,432299908920
2023-10-13,88.32,4773629865,421597446205
2023-10-16,90.26,4773629865,430853528790
2023-10-17,88.44,4773629865,422179836915
2023-10-18,88.70,4773629865,423435303900
2023-10-19,86.78,4773629865,414269906880
2023-10-20,85.36,4773629865,407491361213
2023-10-23,86.22,4773629865,411591914803
2023-10-24,88.11,4773629865,420609301326
2023-10-25,84.96,4773629865,405581901983
2023-10-26,82.68,4773629865,394659863657
2023-10-27,83.84,4773629865,400202026370
2023-10-30,84.13,4773629865,401581612393
2023-10-31,84.14,4773629865,401638900905
2023-11-01,85.29,4773629865,407161979587
2023-11-02,87.13,4773629865,415926357026
2023-11-03,88.27,4773629865,421358750144
2023-11-06,88.08,4773629865,420475640273
2023-11-07,89.78,4773629865,428586025468
2023-11-08,91.11,4773629865,434939732937
2023-11-09,91.14,4773629865,435059080967
2023-11-10,95.75,4773629865,457084601589
2023-11-13,94.69,4773629865,452029336594
2023-11-14,97.30,4773629865,464455079982
2023-11-15,97.54,4773629865,465619861402
2023-11-16,95.96,4773629865,458053662437
2023-11-17,97.77,4773629865,466732125319
2023-11-20,99.57,4773629865,475315095209
2023-11-21,98.12,4773629865,468388575465
2023-11-22,97.20,4773629865,463996808310
2023-11-24,97.89,4773629865,467276311548
2023-11-27,95.02,4773629865,453609414198
2023-11-28,94.64,4773629865,451752472472
2023-11-29,94.08,4773629865,449117419463
2023-11-30,92.57,4773629865,441909228169
2023-12-01,93.00,4773629865,443947577445
2023-12-04,92.40,4773629865,441069093787
2023-12-05,91.31,4773629865,435889673334
2023-12-06,90.36,4773629865,431364281546
2023-12-07,92.23,4773629865,440252778023
2023-12-08,94.43,4773629865,450773869609
2023-12-11,102.92,4773629865,491321097415
2023-12-12,107.23,4773629865,511866768014
2023-12-13,108.97,4773629865,520177681209
2023-12-14,110.65,4773629865,528197380839
2023-12-15,112.97,4773629865,539296055707
2023-12-18,114.70,4773629865,547535330948
2023-12-19,113.96,4773629865,543993313030
2023-12-20,111.04,4773629865,530054322565
2023-12-21,112.73,4773629865,538126503279
2023-12-22,112.20,4773629865,535591714270
2023-12-26,113.19,4773629865,540322405066
2023-12-27,112.62,4773629865,537591859065
2023-12-28,112.24,4773629865,535796976858
2023-12-29,111.63,4773629865,532856433681
2024-01-02,108.54,4773629865,518120247902
2024-01-03,105.86,4773629865,505326918407
2024-01-04,104.90,4773629865,500758551130
2024-01-05,104.93,4773629865,500887441176
2024-01-08,107.49,4773629865,513093608953
2024-01-09,108.25,4773629865,516740661879
2024-01-10,108.06,4773629865,515824118535
2024-01-11,110.00,4773629865,525089743135
2024-01-12,110.77,4773629865,528765422106
2024-01-16,111.50,4773629865,532240645917
2024-01-17,110.37,4773629865,526851191868
2024-01-18,114.39,4773629865,546060288351
2024-01-19,121.12,4773629865,578182062360
2024-01-22,122.05,4773629865,582621539591
2024-01-23,122.63,4773629865,585394988241
2024-01-24,125.39,4773629865,598551132836
2024-01-25,123.00,4773629865,587156473395
2024-01-26,120.49,4773629865,575165110221
2024-01-29,121.78,4773629865,581318326110
2024-01-30,120.82,4773629865,576730874802
2024-01-31,118.00,4773629865,563288324070
2024-02-01,120.00,4773629865,572840354808
2024-02-02,122.43,4773629865,584454589859
2024-02-05,124.31,4773629865,593409916864
2024-02-06,122.26,4773629865,583647852531
2024-02-07,125.71,4773629865,600073921928
2024-02-08,127.48,4773629865,608523230765
2024-02-09,128.34,4773629865,612666723423
2024-02-12,126.50,4773629865,603864177923
2024-02-13,125.17,4773629865,597491386423
2024-02-14,126.22,4773629865,602537109403
2024-02-15,126.51,4773629865,603897611396
2024-02-16,124.55,4773629865,594546035819
2024-02-20,122.65,4773629865,585509565264
2024-02-21,122.75,4773629865,585939210891
2024-02-22,130.49,4773629865,622910987306
2024-02-23,129.64,4773629865,618839023342
2024-02-26,130.91,4773629865,624930179712
2024-02-27,129.62,4773629865,618772229235
2024-02-28,128.94,4773629865,615521388463
2024-02-29,130.05,4773629865,620805771084
2024-03-01,139.92,4773629865,667912005367
2024-03-04,140.23,4773629865,669387011543
2024-03-05,134.27,4773629865,640979120987
2024-03-06,135.00,4773629865,644440031775
2024-03-07,140.70,4773629865,671654514865
2024-03-08,130.87,4773629865,624734459139
2024-03-11,129.31,4773629865,617287608204
2024-03-12,129.19,4773629865,616695711898
2024-03-13,125.79,4773629865,600460592066
2024-03-14,126.23,4773629865,602560964441
2024-03-15,123.55,4773629865,589781984389
2024-03-18,123.72,4773629865,590612576756
2024-03-19,123.80,4773629865,590980162863
2024-03-20,127.60,4773629865,609115163490
2024-03-21,134.80,4773629865,643485320370
2024-03-22,135.35,4773629865,646096481921
2024-03-25,135.16,4773629865,645194288020
2024-03-26,133.15,4773629865,635604052801
2024-03-27,131.87,4773629865,629512896432
2024-03-28,132.54,4773629865,632701677685
2024-04-01,135.03,4773629865,644564150813
2024-04-02,133.88,4773629865,639074505604
2024-04-03,136.32,4773629865,650745992748
2024-04-04,131.75,4773629865,628925734714
2024-04-05,133.94,4773629865,639394272375
2024-04-08,133.61,4773629865,637804689176
2024-04-09,133.41,4773629865,636840435756
2024-04-10,132.24,4773629865,631250490127
2024-04-11,138.25,4773629865,659935244806
2024-04-12,134.41,4773629865,641609258193
2024-04-15,131.07,4773629865,625674893941
2024-04-16,132.91,4773629865,634444078808
2024-04-17,128.26,4773629865,612280089705
2024-04-18,125.90,4773629865,600995236280
2024-04-19,120.47,4773629865,575083966671
2024-04-22,122.45,4773629865,584511878371
2024-04-23,124.92,4773629865,596317062987
2024-04-24,125.68,4773629865,599959344905
2024-04-25,129.44,4773629865,617908203395
2024-04-26,134.41,4773629865,641609258193
2024-04-29,133.86,4773629865,639007638658
2024-04-30,130.03,4773629865,620700736076
2024-05-01,124.29,4773629865,593295376261
2024-05-02,123.86,4773629865,591247484970
2024-05-03,127.81,4773629865,610122392399
2024-05-06,131.03,4773629865,625493522811
2024-05-07,130.31,4773629865,622056503481
2024-05-08,132.54,4773629865,632682593655
2024-05-09,130.57,4773629865,623278536993
2024-05-10,133.28,4773629865,636229382580
2024-05-13,133.75,4773629865,638477801871
2024-05-14,138.00,4773629865,658775270813
2024-05-15,143.62,4773629865,685574421300
2024-05-16,141.21,4773629865,674098581889
2024-05-17,139.53,4773629865,666059834649
2024-05-20,141.40,4773629865,675005583218
2024-05-21,139.92,4773629865,667926281970
2024-05-22,139.22,4773629865,664603839663
2024-05-23,139.33,4773629865,665105050404
2024-05-24,140.78,4773629865,672050690598
2024-05-28,141.24,4773629865,674251326973
2024-05-29,139.07,4773629865,663854390846
2024-05-30,136.41,4773629865,651161325351
2024-05-31,132.85,4773629865,634200575319
2024-06-03,132.19,4773629865,631026143509
2024-06-04,133.08,4773629865,635284213190
2024-06-05,141.31,4773629865,674556889981
2024-06-06,140.13,4773629865,668914426848
2024-06-07,140.66,4773629865,671477878323
2024-06-10,144.05,4773629865,687627047178
2024-06-11,146.10,4773629865,697441629015
2024-06-12,149.55,4773629865,713901095466
2024-06-13,167.90,4773629865,801487690610
2024-06-14,173.50,4773629865,828243865608
2024-06-17,182.89,4773629865,873034813653
2024-06-18,180.25,4773629865,860456325182
2024-06-20,173.46,4773629865,828014711562
2024-06-21,165.86,4773629865,791768601765
2024-06-24,159.22,4773629865,760062087520
2024-06-25,158.08,4773629865,754610610372
2024-06-26,159.20,4773629865,759961859940
2024-06-27,158.67,4773629865,757412757908
2024-06-28,160.55,4773629865,766420565997
2024-07-01,164.08,4773629865,783257196990
2024-07-02,165.75,4773629865,791219608108
2024-07-03,172.92,4773629865,825465609530
2024-07-05,170.33,4773629865,813097118234
2024-07-08,174.59,4773629865,833408936618
2024-07-09,173.33,4773629865,827418007829
2024-07-10,174.47,4773629865,832850400946
2024-07-11,170.60,4773629865,814357392647
2024-07-12,170.07,4773629865,811836916661
2024-07-15,171.42,4773629865,818295622718
2024-07-16,169.38,4773629865,808557449842
2024-07-17,155.98,4773629865,744590765948
2024-07-18,160.52,4773629865,766263086325
2024-07-19,157.35,4773629865,751130688394
2024-07-22,161.06,4773629865,768840814403
2024-07-23,163.77,4773629865,781777383386
2024-07-24,151.34,4773629865,722441126288
2024-07-25,149.26,4773629865,712511967428
2024-07-26,151.63,4773629865,723825519739
2024-07-29,150.22,4773629865,717094684147
2024-07-30,143.52,4773629865,685111378620
2024-07-31,160.68,4773629865,767026811745
2024-08-01,147.02,4773629865,701819083147
2024-08-02,143.82,4773629865,686543482147
2024-08-05,142.08,4773629865,678237339960
2024-08-06,143.92,4773629865,687020801430
2024-08-07,136.27,4773629865,650502562099
2024-08-08,145.74,4773629865,695708842747
2024-08-09,148.26,4773629865,707738337563
2024-08-12,148.62,4773629865,709456847228
2024-08-13,156.16,4773629865,745450057200
2024-08-14,157.69,4773629865,752753705066
2024-08-15,166.13,4773629865,793043152781
2024-08-16,165.72,4773629865,791085947055
2024-08-19,167.71,4773629865,800585496709
2024-08-20,165.95,4773629865,792183861529
2024-08-21,165.78,4773629865,791372353193
2024-08-22,162.34,4773629865,774951054803
2024-08-23,166.36,4773629865,794141067255
2024-08-26,159.62,4773629865,761966775743
2024-08-27,161.39,4773629865,770416120999
2024-08-28,158.18,4773629865,755092737083
2024-08-29,156.93,4773629865,749125699751
2024-08-30,162.82,4773629865,777242449582
2024-09-03,152.79,4773629865,729362875024
2024-09-04,154.12,4773629865,735711811485
2024-09-05,152.82,4773629865,729506150932
2024-09-06,137.00,4773629865,653987291505
2024-09-09,140.82,4773629865,672222592552
2024-09-10,148.21,4773629865,707499714341
2024-09-11,158.27,4773629865,755522419129
2024-09-12,164.56,4773629865,785548518930
2024-09-13,167.69,4773629865,800490003716
2024-09-16,164.02,4773629865,782970790852
2024-09-17,162.47,4773629865,775571649994
2024-09-18,161.67,4773629865,771752731534
2024-09-19,167.42,4773629865,799201103258
2024-09-20,171.10,4773629865,816768099037
2024-09-23,172.94,4773629865,825551560507
2024-09-24,174.84,4773629865,834621428115
2024-09-25,175.52,4773629865,837867534300
2024-09-26,178.09,4773629865,850135725176
2024-09-27,172.69,4773629865,824358153041
2024-09-30,172.50,4773629865,823451151713
2024-10-01,167.47,4773629865,799439799319
2024-10-02,170.66,4773629865,814667690242
2024-10-03,171.89,4773629865,820539234581
2024-10-04,176.64,4773629865,843213976440
2024-10-07,175.08,4773629865,835767125505
2024-10-08,180.73,4773629865,862738105106
2024-10-09,185.95,4773629865,887656458829
2024-10-10,185.69,4773629865,886415341286
2024-10-11,181.48,4773629865,866318327505
2024-10-14,182.31,4773629865,870280449034
2024-10-15,175.98,4773629865,840063363248
2024-10-16,176.82,4773629865,844073267692
2024-10-17,181.53,4773629865,866557023566
2024-10-18,179.89,4773629865,858728273501
2024-10-21,179.99,4773629865,859205665624
2024-10-22,179.38,4773629865,856293748492
2024-10-23,173.51,4773629865,828272491654
2024-10-24,171.35,4773629865,817961506504
2024-10-25,173.00,4773629865,825837966645
2024-10-28,172.02,4773629865,821159829772
2024-10-29,179.24,4773629865,855625443225
2024-10-30,176.64,4773629865,843213976440
2024-10-31,169.77,4773629865,810419162576
2024-11-01,168.92,4773629865,806361548055
2024-11-04,168.55,4773629865,804595328314
2024-11-05,173.90,4773629865,830134204388
2024-11-06,179.55,4773629865,857105256829
2024-11-07,183.81,4773629865,877440893831
2024-11-08,183.64,4773629865,876629385495
2024-11-11,178.91,4773629865,854050136629
2024-11-12,176.22,4773629865,841209060637
2024-11-13,173.58,4773629865,828606680707
2024-11-14,170.38,4773629865,813331079707
2024-11-15,164.84,4773629865,786885129465
2024-11-18,165.67,4773629865,790847250994
2024-11-19,165.35,4773629865,789319727314
2024-11-20,163.25,4773629865,779295075461
2024-11-21,163.94,4773629865,782588891722
2024-11-22,164.23,4773629865,783973212334
2024-11-25,164.82,4773629865,786789709312
2024-11-26,164.74,4773629865,786407810182
2024-11-27,159.67,4773629865,762205471804
2024-11-29,162.08,4773629865,773709937260
2024-12-02,166.51,4773629865,794857082599
2024-12-03,168.15,4773629865,802685832664
2024-12-04,170.56,4773629865,814190298120
2024-12-05,170.47,4773629865,813760688914
2024-12-06,179.53,4773629865,857009763836
2024-12-09,178.94,4773629865,854193339697
2024-12-10,171.81,4773629865,820157335451
2024-12-11,183.20,4773629865,874528976700
2024-12-12,180.66,4773629865,862403988892
2024-12-13,224.80,4773629865,1073112008220
2024-12-16,250.00,4773629865,1193407466250
2024-12-17,240.23,4773629865,1146769082074
2024-12-18,223.62,4773629865,1067479087103
2024-12-19,218.32,4773629865,1042178907090
2024-12-20,220.79,4773629865,1053969705844
2024-12-23,232.35,4773629865,1109152928269
2024-12-24,239.68,4773629865,1144143571080
2024-12-26,245.36,4773629865,1171257826590
2024-12-27,241.75,4773629865,1154025019864
2024-12-30,235.58,4773629865,1124571732337
2024-12-31,231.84,4773629865,1106718330420
2025-01-02,231.98,4773629865,1107386635688
2025-01-03,232.55,4773629865,1110107639674
2025-01-06,236.41,4773629865,1128533853866
2025-01-07,228.64,4773629865,1091442729420
2025-01-08,229.31,4773629865,1094641052689
2025-01-10,224.31,4773629865,1070772903364
2025-01-13,225.29,4773629865,1075451040236
2025-01-14,224.70,4773629865,1072634616098
2025-01-15,228.00,4773629865,1088387609220
2025-01-16,229.41,4773629865,1095118444811
2025-01-17,237.44,4773629865,1133450686800
2025-01-21,240.31,4773629865,1147150981204
2025-01-22,240.91,4773629865,1150015188259
2025-01-23,240.28,4773629865,1147007778135
2025-01-24,244.70,4773629865,1168107213398
2025-01-27,202.13,4773629865,964893827921
2025-01-28,207.36,4773629865,989859891720
2025-01-29,206.35,4773629865,985038551779
2025-01-30,215.66,4773629865,1029481034167
2025-01-31,221.27,4773629865,1056261100624
2025-02-03,217.73,4773629865,1039362410111
2025-02-04,222.43,4773629865,1061798455909
2025-02-05,232.00,4773629865,1107482128680
2025-02-06,231.36,4773629865,1104427008480
2025-02-07,224.87,4773629865,1073446124434
2025-02-10,235.04,4773629865,1121993931420
2025-02-11,235.04,4773629865,1121993931420
2025-02-12,236.35,4773629865,1128247447729
2025-02-13,235.80,4773629865,1125621936735
2025-02-14,233.04,4773629865,1112446671690
2025-02-18,228.53,4773629865,1090917627221
2025-02-19,228.73,4773629865,1091872338626
2025-02-20,226.74,4773629865,1082372861812
2025-02-21,218.66,4773629865,1043801923762
2025-02-24,207.93,4773629865,992580822866
2025-02-25,202.54,4773629865,966850960808
2025-02-26,212.94,4773629865,1016496755107
2025-02-27,197.80,4773629865,944224001865
2025-02-28,199.43,4773629865,952004969014
2025-03-03,187.37,4773629865,894435004496
2025-03-04,187.48,4773629865,894960106695
2025-03-05,191.58,4773629865,914532018277
2025-03-06,179.45,4773629865,856627864706
2025-03-07,194.96,4773629865,930666910530
2025-03-10,184.45,4773629865,880496014031
2025-03-11,190.09,4773629865,907419283556
2025-03-12,194.23,4773629865,927182108284
2025-03-13,191.36,4773629865,913481813880
2025-03-14,195.54,4773629865,933435551753
2025-03-17,194.50,4773629865,928471008743
2025-03-18,188.67,4773629865,900640737889
2025-03-19,195.57,4773629865,933578827661
2025-03-20,190.54,4773629865,909567402428
2025-03-21,191.66,4773629865,914913917407
2025-03-24,191.25,4773629865,912956711681
2025-03-25,188.26,4773629865,898683532163
2025-03-26,179.27,4773629865,855768646294
2025-03-27,171.99,4773629865,821016626704
2025-03-28,169.12,4773629865,807316259460
2025-03-31,167.43,4773629865,799248813334
2025-04-01,168.52,4773629865,804452125245
2025-04-02,172.09,4773629865,821493945986
2025-04-03,154.01,4773629865,735186709286
2025-04-04,146.29,4773629865,698334280901
2025-04-07,154.14,4773629865,735807304478
2025-04-08,156.03,4773629865,744829462009
2025-04-09,185.15,4773629865,883837540369
2025-04-10,172.30,4773629865,822496440307
2025-04-11,181.94,4773629865,868514229292
2025-04-14,178.36,4773629865,851424625635
2025-04-15,178.95,4773629865,854241049774
2025-04-16,174.61,4773629865,833523513641
2025-04-17,170.99,4773629865,816242996839
2025-04-21,166.21,4773629865,793425051911
2025-04-22,169.58,4773629865,809512161247
2025-04-23,176.91,4773629865,844502876899
2025-04-24,188.15,4773629865,898158429964
2025-04-25,192.31,4773629865,918016747684
2025-04-28,192.47,4773629865,918780545944
2025-04-29,191.17,4773629865,912574812551
2025-04-30,192.47,4773629865,918780545944
2025-05-01,197.33,4773629865,941980390001
2025-05-02,203.64,4773629865,972101982795
2025-05-05,200.72,4773629865,958162992330
2025-05-06,200.09,4773629865,955155582206
2025-05-07,204.81,4773629865,977687120996
2025-05-08,207.77,4773629865,991817097446
2025-05-09,208.20,4773629865,993869723325
2025-05-12,221.58,4773629865,1057740914227
2025-05-13,232.42,4773629865,1109487044483
2025-05-14,232.12,4773629865,1108054940955
2025-05-15,232.64,4773629865,1110537248880
2025-05-16,228.61,4773629865,1091299526351
2025-05-19,230.63,4773629865,1100942279074
2025-05-20,231.68,4773629865,1105954532160
2025-05-21,229.73,4773629865,1096645968491
2025-05-22,230.53,4773629865,1100464886951
2025-05-23,228.72,4773629865,1091824628550
2025-05-27,235.65,4773629865,1124905848551
2025-05-28,239.43,4773629865,1142950163614
2025-05-29,241.97,4773629865,1155075224261
2025-05-30,242.07,4773629865,1155552616384
2025-06-02,248.71,4773629865,1187249515774
2025-06-03,256.85,4773629865,1226106859961
2025-06-04,261.08,4773629865,1246299221055
2025-06-05,259.93,4773629865,1240809575846
2025-06-06,246.93,4773629865,1178752387601
2025-06-09,244.28,4773629865,1166102297595
2025-06-10,244.63,4773629865,1167773097184
2025-06-11,252.91,4773629865,1207298746639
2025-06-12,256.07,4773629865,1222383434494
2025-06-13,248.70,4773629865,1187201732858
2025-06-16,252.10,4773629865,1203432118102
2025-06-17,249.37,4773629865,1190400056126
2025-06-18,251.26,4773629865,1199422213658
2025-06-20,249.99,4773629865,1193359756174
2025-06-23,253.77,4773629865,1211404071236
2025-06-24,263.77,4773629865,1259140297046
2025-06-25,264.65,4773629865,1263341114636
2025-06-26,270.17,4773629865,1289691644726
2025-06-27,269.35,4773629865,1285777233274
2025-06-30,275.65,4773629865,1315851043151
2025-07-01,264.74,4773629865,1263770723843
2025-07-02,269.90,4773629865,1288402671428
2025-07-03,275.18,4773629865,1313607431288
2025-07-07,274.18,4773629865,1308833801423
2025-07-08,271.80,4773629865,1297472539035
2025-07-09,277.90,4773629865,1326591710348
2025-07-10,275.40,4773629865,1314657635685
2025-07-11,274.38,4773629865,1309788585667
2025-07-14,275.60,4773629865,1315612419930
2025-07-15,280.94,4773629865,1341103585927
2025-07-16,280.81,4773629865,1340482990736
2025-07-17,286.45,4773629865,1367406333101
2025-07-18,283.34,4773629865,1352560268468
2025-07-21,288.21,4773629865,1375807822601
2025-07-22,278.59,4773629865,1329885526609
2025-07-23,283.69,4773629865,1354231068056
2025-07-24,288.71,4773629865,1378194637534
2025-07-25,290.18,4773629865,1385211879263
2025-07-28,294.30,4773629865,1404879210998
2025-07-29,297.42,4773629865,1419773058547
2025-07-30,302.62,4773629865,1444595846438
2025-07-31,293.70,4773629865,1402015149622
2025-08-01,288.64,4773629865,1377860594160
2025-08-04,297.72,4773629865,1421205089235
2025-08-05,292.93,4773629865,1398339361391
2025-08-06,301.67,4773629865,1440060985474
2025-08-07,303.76,4773629865,1450037854410
2025-08-08,304.97,4773629865,1455813905756
2025-08-11,303.90,4773629865,1450706086838
2025-08-12,312.83,4773629865,1493334566569
2025-08-13,309.09,4773629865,1475481237491
2025-08-14,311.23,4773629865,1485696875329
2025-08-15,306.34,4773629865,1462353755363
2025-08-18,305.76,4773629865,1459585114140
2025-08-19,294.91,4773629865,1407791200969
2025-08-20,291.17,4773629865,1389937871891
2025-08-21,289.60,4773629865,1382443238040
2025-08-22,294.00,4773629865,1403447180310
2025-08-25,294.23,4773629865,1404545167624
2025-08-26,298.01,4773629865,1422589482686
2025-08-27,300.25,4773629865,1433282366966
2025-08-28,308.65,4773629865,1473380828696
2025-08-29,297.39,4773629865,1419629855479
2025-09-02,298.24,4773629865,1423687324320
2025-09-03,302.39,4773629865,1443498004804
2025-09-04,306.10,4773629865,1461208130812
2025-09-05,334.89,4773629865,1598640975416
2025-09-08,345.65,4773629865,1650005133701
2025-09-09,336.67,4773629865,1607138030749
2025-09-10,369.57,4773629865,1764190424171
2025-09-11,359.63,4773629865,1716740531659
2025-09-12,359.87,4773629865,1717886156209
2025-09-15,364.09,4773629865,1738030880066
2025-09-16,360.00,4773629865,1718506751400
2025-09-17,346.17,4773629865,1652487514466
2025-09-18,345.35,4773629865,1648573103014
2025-09-19,344.94,4773629865,1646615897287
2025-09-22,338.79,4773629865,1617258102754
2025-09-23,338.94,4773629865,1617974118097
2025-09-24,339.31,4773629865,1619740337839
2025-09-25,336.10,4773629865,1604417026762
2025-09-26,334.53,4773629865,1596922392911
2025-09-29,327.90,4773629865,1565273203598
2025-09-30,329.91,4773629865,1574868246244
2025-10-01,333.39,4773629865,1591480530619
2025-10-02,338.18,4773629865,1614346112783
2025-10-03,338.37,4773629865,1615253114111
2025-10-06,335.49,4773629865,1601505036791
2025-10-07,336.41,4773629865,1605896840366
2025-10-08,345.50,4773629865,1649289118358
2025-10-09,345.02,4773629865,1646997723578
2025-10-10,324.63,4773629865,1549663486384
2025-10-13,356.70,4773629865,1702753831117
2025-10-14,344.13,4773629865,1642749268751
2025-10-15,351.33,4773629865,1677119316371
2025-10-16,354.15,4773629865,1690580987554
2025-10-17,349.33,4773629865,1667572056641
2025-10-20,349.24,4773629865,1667142447435
2025-10-21,342.66,4773629865,1635732027022
2025-10-22,340.30,4773629865,1624466184788
2025-10-23,344.29,4773629865,1643513067011
2025-10-24,354.13,4773629865,1690485567401
2025-10-27,362.05,4773629865,1728292634351
2025-10-28,372.97,4773629865,1780420736576
2025-10-29,385.98,4773629865,1842525707737
2025-10-30,376.47,4773629865,1797128441104
2025-10-31,369.63,4773629865,1764476830309
2025-11-03,362.55,4773629865,1730679449284
2025-11-04,351.94,4773629865,1680031306342
2025-11-05,358.98,4773629865,1713637701382
2025-11-06,355.59,4773629865,1697455026214
2025-11-07,349.43,4773629865,1668049448764
2025-11-10,358.39,4773629865,1710821277244
2025-11-11,351.96,4773629865,1680126726495
2025-11-12,355.22,4773629865,1695688806472
2025-11-13,339.98,4773629865,1622938733947
2025-11-14,342.46,4773629865,1634777242778
2025-11-17,342.65,4773629865,1635684244106
2025-11-18,340.50,4773629865,1625420969033
2025-11-19,354.42,4773629865,1691869960852
2025-11-20,346.82,4773629865,1655590344742
2025-11-21,340.20,4773629865,1623988938345
2025-11-24,377.96,4773629865,1804241102985
2025-11-25,385.03,4773629865,1837990701094
2025-11-26,397.57,4773629865,1897852060391
2025-11-28,402.96,4773629865,1923581849610
2025-12-01,386.08,4773629865,1843002954180
2025-12-02,381.57,4773629865,1821473982551
2025-12-03,380.61,4773629865,1816891192991
2025-12-04,381.03,4773629865,1818896181634
2025-12-05,390.24,4773629865,1862861271900
2025-12-08,401.10,4773629865,1914702967987
2025-12-09,406.29,4773629865,1939478118641
2025-12-10,412.97,4773629865,1971365931176
2025-12-11,406.37,4773629865,1939859944931
2025-12-12,359.93,4773629865,1718172562346
2025-12-15,339.81,4773629865,1622127152771
2025-12-16,341.30,4773629865,1629239814653
2025-12-17,326.02,4773629865,1556298756143
2025-12-18,329.88,4773629865,1574725043175
2025-12-19,340.36,4773629865,1624752590925
2025-12-22,341.45,4773629865,1629955975676
2025-12-23,349.32,4773629865,1667524419405
2025-12-24,350.22,4773629865,1671820657147
2025-12-26,352.13,4773629865,1680938307671
2025-12-29,349.39,4773629865,1667858608459
2025-12-30,349.85,4773629865,1670054437406
2025-12-31,346.10,4773629865,1652153325412
2026-01-02,347.62,4773629865,1659409190363
2026-01-05,343.42,4773629865,1639360032337
2026-01-06,343.77,4773629865,1641030686246
2026-01-07,343.50,4773629865,1639741858628
2026-01-08,332.48,4773629865,1587136509960
2026-01-09,344.97,4773629865,1646759100356
2026-01-12,352.21,4773629865,1681320133961
2026-01-13,354.61,4773629865,1692776816501
2026-01-14,339.89,4773629865,1622509124741
2026-01-15,343.02,4773629865,1637450463848
2026-01-16,351.71,4773629865,1678933319029
2026-01-20,332.60,4773629865,1587709322235
2026-01-21,328.80,4773629865,1569569441340
2026-01-22,325.49,4773629865,1553768738141
2026-01-23,320.05,4773629865,1527800180021
2026-01-26,324.85,4773629865,1550713690781
2026-01-27,332.79,4773629865,1588616323564
2026-01-28,333.24,4773629865,1590764369595
2026-01-29,330.73,4773629865,1578782657696
2026-01-30,331.30,4773629865,1581503516003
2026-02-02,331.11,4773629865,1580596514674
2026-02-03,320.33,4773629865,1529136790556
2026-02-04,308.05,4773629865,1470516621641
2026-02-05,310.51,4773629865,1482259855999
2026-02-06,332.92,4773629865,1589236918755
2026-02-09,343.94,4773629865,1641842267422
2026-02-10,340.44,4773629865,1625134562895
2026-02-11,342.76,4773629865,1636209419145
2026-02-12,331.17,4773629865,1580883066491
2026-02-13,325.17,4773629865,1552241287301
2026-02-17,332.54,4773629865,1587422916097
2026-02-18,333.51,4773629865,1592053342894
2026-02-19,333.99,4773629865,1594344591994
2026-02-20,332.65,4773629865,1587947945456
2026-02-23,330.34,4773629865,1576920872123
2026-02-24,325.49,4773629865,1553768738141
2026-02-25,332.31,4773629865,1586324928784
2026-02-26,321.70,4773629865,1535676785842
2026-02-27,319.55,4773629865,1525413365089
2026-03-02,318.82,4773629865,1521928708522
2026-03-03,313.84,4773629865,1498155979350
2026-03-04,317.53,4773629865,1515770685206
2026-03-05,332.77,4773629865,1588520757731
2026-03-06,330.48,4773629865,1577589250230
2026-03-09,345.75,4773629865,1650482525824
2026-03-10,342.58,4773629865,1635350055053
2026-03-11,341.57,4773629865,1630528787951
2026-03-12,335.97,4773629865,1603796431571
2026-03-13,322.16,4773629865,1537872614790
2026-03-16,324.92,4773629865,1551047879835
2026-03-17,321.31,4773629865,1533815000269
2026-03-18,315.93,4773629865,1508132848286
2026-03-19,319.84,4773629865,1526797758540
2026-03-20,310.51,4773629865,1482259855999
2026-03-23,322.51,4773629865,1539543414379
2026-03-24,318.29,4773629865,1519398690521
2026-03-25,318.81,4773629865,1521880925606
2026-03-26,309.42,4773629865,1477056616927
2026-03-27,300.68,4773629865,1435334992845
2026-03-30,293.41,4773629865,1400630756171
2026-03-31,309.51,4773629865,1477486226134
2026-04-01,313.49,4773629865,1496485179761
2026-04-02,314.55,4773629865,1501545215764
2026-04-06,314.43,4773629865,1500972403489
2026-04-07,333.97,4773629865,1594249171841
2026-04-08,350.63,4773629865,1673777862874
2026-04-09,354.91,4773629865,1694208992869
2026-04-10,371.55,4773629865,1773642118069
2026-04-13,379.75,4773629865,1812785941234
2026-04-14,380.78,4773629865,1817702774168
2026-04-15,396.72,4773629865,1893794445870
2026-04-16,398.47,4773629865,1902148298134
2026-04-17,406.54,4773629865,1940671526107
2026-04-20,399.63,4773629865,1907685726259
2026-04-21,402.17,4773629865,1919810786906
2026-04-22,422.65,4773629865,2017574633306
2026-04-23,419.94,4773629865,2004638137162
2026-04-24,422.76,4773629865,2018099808345
2026-04-27,418.20,4773629865,1996332067815
2026-04-28,399.83,4773629865,1908640364824
2026-04-29,405.45,4773629865,1935468287036
2026-04-30,417.43,4773629865,1992656279584
2026-05-01,421.28,4773629865,2011034783700
2026-05-04,416.50,4773629865,1988216838773
2026-05-05,427.36,4773629865,2040058389180
2026-05-06,425.44,4773629865,2030893101420
2026-05-07,412.56,4773629865,1969408725450
2026-05-08,430.00,4773629865,2052660841950
2026-05-11,428.43,4773629865,2045166208099
2026-05-12,419.30,4773629865,2001582944123
2026-05-13,416.79,4773629865,1989601232224
2026-05-14,439.79,4773629865,2099394719119
2026-05-15,425.19,4773629865,2029699693954
2026-05-18,420.71,4773629865,2008313779714
2026-05-19,411.07,4773629865,1962296063569
2026-05-20,417.76,4773629865,1994231659020
2026-05-21,414.57,4773629865,1979003768096
2026-05-22,414.14,4773629865,1976951142217
2026-05-26,422.01,4773629865,2014519585946
2026-05-27,421.86,4773629865,2013803424923
2026-05-28,426.58,4773629865,2036334963713
2026-05-29,446.77,4773629865,2132714562341
2026-06-01,459.97,4773629865,2195726534831
2026-06-02,481.57,4773629865,2298836969051
2026-06-03,479.23,4773629865,2287666692649
2026-06-04,418.91,4773629865,1999721304229
2026-06-05,385.73,4773629865,1841332300271
2026-06-08,396.60,4773629865,1893221633595
2026-06-09,392.16,4773629865,1872026705340
2026-06-10,372.10,4773629865,1776267701902
2026-06-11,385.57,4773629865,1840568502011
2026-06-12,382.07,4773629865,1823860797484
2026-06-15,393.94,4773629865,1880523760672
2026-06-16,376.71,4773629865,1798274065654
2026-06-17,392.90,4773629865,1875559144823
2026-06-18,411.35,4773629865,1963632674104
2026-06-22,392.13,4773629865,1871883502271
2026-06-23,380.15,4773629865,1814695364044
2026-06-24,382.07,4773629865,1823860797484
2026-06-25,378.91,4773629865,1808776109629
2026-06-26,365.02,4773629865,1742470320878
2026-06-29,372.45,4773629865,1777938501491
2026-06-30,377.75,4773629865,1803238681504
2026-07-01,369.34,4773629865,1763092436858
2026-07-02,360.45,4773629865,1720654943111
2026-07-06,373.90,4773629865,1784860177388
2026-07-07,370.78,4773629865,1769966475518
2026-07-08,388.69,4773629865,1855462203881
2026-07-09,401.11,4773629865,1914750605224
2026-07-10,399.97,4773629865,1909308742931
2026-07-13,384.05,4773629865,1833312491381
2026-07-14,389.11,4773629865,1857467046844
2026-07-15,394.28,4773629865,1882146777345
2026-07-16,374.45,4773629865,1787485761221
2026-07-17,370.83,4773629865,1770205098739
2026-07-20,378.16,4773629865,1805195887230
2026-07-21,386.50,4773629865,1845007942823
2026-07-22,396.81,4773629865,1894224055076
2026-07-23,392.47,4773629865,1873506518944
2026-07-24,381.92,4773629865,1823144782140
2026-07-27,383.22,4773629865,1829350442692
2026-07-28,380.91,4773629865,1818323369359
2026-07-29,370.32,4773629865,1767770646570
2026-07-30,387.84,4773629865,1851404589360
2026-07-31,389.28,4773629865,1858278628020
2026-08-03,392.23,4773629865,1872360894394
2026-08-04,418.16,4773629865,1996141081830
2026-08-05,418.28,4773629865,1996713894105
2026-08-06,420.57,4773629865,2007645547286
2026-08-07,427.76,4773629865,2041967957670
2026-08-10,422.40,4773629865,2016381225840
2026-08-11,416.08,4773629865,1986211850130
2026-08-12,416.05,4773629865,1986068647061
2026-08-13,417.82,4773629865,1994518065157
2026-08-14,392.99,4773629865,1875988754029
2026-08-17,392.43,4773629865,1873315532959
2026-08-18,380.00,4773629865,1813979348700
2026-08-19,362.48,4773629865,1730345405910
2026-08-20,364.03,4773629865,1737744473929
2026-08-21,368.45,4773629865,1758843982031
2026-08-24,358.76,4773629865,1712587496985
2026-08-25,356.74,4773629865,1702944671423
2026-08-26,355.59,4773629865,1697455026214
2026-08-27,371.54,4773629865,1773594480832
2026-08-28,368.79,4773629865,1760466998704
2026-08-31,370.34,4773629865,1767866066723
2026-09-01,369.68,4773629865,1764715453530
2026-09-02,367.24,4773629865,1753067785005
2026-09-03,357.16,4773629865,1704949660065
2026-09-04,357.90,4773629865,1708482099548
2026-09-08,368.56,4773629865,1759369011390
2026-09-09,364.38,4773629865,1739415273517
2026-09-10,360.83,4773629865,1722468800089
2026-09-11,361.99,4773629865,1728006228214