Date,Close,Shares_Outstanding,Market_Cap
2006-09-14,10.11,5867155790,59314654522
2006-09-15,10.26,5867155790,60180927505
2006-09-18,10.38,5867155790,60887162122
2006-09-19,10.11,5867155790,59289693640
2006-09-20,9.93,5867155790,58289809156
2006-09-21,10.18,5867155790,59736040766
2006-09-22,10.10,5867155790,59285290095
2006-09-25,10.11,5867155790,59314654522
2006-09-26,10.18,5867155790,59738983924
2006-09-27,10.08,5867155790,59159019701
2006-09-28,10.10,5867155790,59255925668
2006-09-29,10.06,5867155790,59009260003
2006-10-02,10.05,5867155790,58941718463
2006-10-03,10.11,5867155790,59323461612
2006-10-04,10.40,5867155790,61035450241
2006-10-05,10.31,5867155790,60464304299
2006-10-06,10.52,5867155790,61740213279
2006-10-09,10.74,5867155790,62988235006
2006-10-10,10.68,5867155790,62643191796
2006-10-11,10.67,5867155790,62621168476
2006-10-12,10.70,5867155790,62759189117
2006-10-13,10.69,5867155790,62738631780
2006-10-16,10.55,5867155790,61923746544
2006-10-17,10.53,5867155790,61760776212
2006-10-18,10.49,5867155790,61565492699
2006-10-19,10.66,5867155790,62556564498
2006-10-20,11.50,5867155790,67491377344
2006-10-23,12.03,5867155790,70590874324
2006-10-24,11.84,5867155790,69494083873
2006-10-25,12.18,5867155790,71445397060
2006-10-26,12.14,5867155790,71225158260
2006-10-27,11.89,5867155790,69771585543
2006-10-30,11.93,5867155790,69972732989
2006-10-31,11.92,5867155790,69946306123
2006-11-01,11.70,5867155790,68641021525
2006-11-02,11.76,5867155790,68994877420
2006-11-03,11.81,5867155790,69272373495
2006-11-06,11.94,5867155790,70028529876
2006-11-07,11.83,5867155790,69385427659
2006-11-08,11.89,5867155790,69742215521
2006-11-09,11.83,5867155790,69394240344
2006-11-10,11.85,5867155790,69529323424
2006-11-13,12.04,5867155790,70627579858
2006-11-14,12.24,5867155790,71841828017
2006-11-15,12.31,5867155790,72227980306
2006-11-16,12.41,5867155790,72810876495
2006-11-17,12.48,5867155790,73235200301
2006-11-20,12.39,5867155790,72686077680
2006-11-21,12.75,5867155790,74829725626
2006-11-22,12.71,5867155790,74588935085
2006-11-24,12.64,5867155790,74146991504
2006-11-27,12.13,5867155790,71173770513
2006-11-28,12.25,5867155790,71871192444
2006-11-29,12.13,5867155790,71159082704
2006-11-30,12.13,5867155790,71182577603
2006-12-01,12.03,5867155790,70593806290
2006-12-04,12.13,5867155790,71188447131
2006-12-05,12.19,5867155790,71504125914
2006-12-06,12.23,5867155790,71755200719
2006-12-07,12.08,5867155790,70863966854
2006-12-08,12.11,5867155790,71079802108
2006-12-11,12.11,5867155790,71053369647
2006-12-12,12.06,5867155790,70737696460
2006-12-13,11.99,5867155790,70328054867
2006-12-14,12.07,5867155790,70787618224
2006-12-15,12.02,5867155790,70520395222
2006-12-18,11.58,5867155790,67950946296
2006-12-19,11.73,5867155790,68806935015
2006-12-20,11.58,5867155790,67965622914
2006-12-21,11.42,5867155790,66981892222
2006-12-22,11.40,5867155790,66890861379
2006-12-26,11.45,5867155790,67177175735
2006-12-27,11.71,5867155790,68718841733
2006-12-28,11.58,5867155790,67915706745
2006-12-29,11.52,5867155790,67610312226
2007-01-03,11.70,5867155790,68654237755
2007-01-04,12.09,5867155790,70954997697
2007-01-05,12.19,5867155790,71532024358
2007-01-08,12.10,5867155790,71001981900
2007-01-09,12.15,5867155790,71283887115
2007-01-10,12.25,5867155790,71865317321
2007-01-11,12.51,5867155790,73371749364
2007-01-12,12.64,5867155790,74146991504
2007-01-16,12.62,5867155790,74041278447
2007-01-17,12.44,5867155790,73013489924
2007-01-18,12.21,5867155790,71625992763
2007-01-19,12.26,5867155790,71907897978
2007-01-22,12.03,5867155790,70599681414
2007-01-23,11.99,5867155790,70336861957
2007-01-24,12.49,5867155790,73276309380
2007-01-25,12.21,5867155790,71664164280
2007-01-26,12.41,5867155790,72802063810
2007-01-29,12.32,5867155790,72307260902
2007-01-30,12.37,5867155790,72578887449
2007-01-31,12.55,5867155790,73633097242
2007-02-01,12.06,5867155790,70733292915
2007-02-02,12.05,5867155790,70696587381
2007-02-05,11.69,5867155790,68591105356
2007-02-06,11.80,5867155790,69225389293
2007-02-07,11.76,5867155790,69009554039
2007-02-08,11.79,5867155790,69159319332
2007-02-09,11.56,5867155790,67817334795
2007-02-12,11.47,5867155790,67288758320
2007-02-13,11.49,5867155790,67407687607
2007-02-14,11.66,5867155790,68410509653
2007-02-15,11.55,5867155790,67755662783
2007-02-16,11.76,5867155790,68999275370
2007-02-20,11.81,5867155790,69316420136
2007-02-21,11.91,5867155790,69868485915
2007-02-22,11.91,5867155790,69867019932
2007-02-23,11.78,5867155790,69099118899
2007-02-26,11.63,5867155790,68263681921
2007-02-27,11.23,5867155790,65890976895
2007-02-28,11.25,5867155790,65990814829
2007-03-01,11.22,5867155790,65811690704
2007-03-02,10.98,5867155790,64409505734
2007-03-05,11.03,5867155790,64742804292
2007-03-06,11.45,5867155790,67180107701
2007-03-07,11.40,5867155790,66899668469
2007-03-08,11.38,5867155790,66764590985
2007-03-09,11.34,5867155790,66506175073
2007-03-12,11.38,5867155790,66768994530
2007-03-13,11.09,5867155790,65048198811
2007-03-14,11.21,5867155790,65777922732
2007-03-15,11.17,5867155790,65512171308
2007-03-16,11.03,5867155790,64728116483
2007-03-19,11.19,5867155790,65664868568
2007-03-20,11.14,5867155790,65378554212
2007-03-21,11.43,5867155790,67033279970
2007-03-22,11.56,5867155790,67839358115
2007-03-23,11.56,5867155790,67808522110
2007-03-26,11.64,5867155790,68273960590
2007-03-27,11.60,5867155790,68071341566
2007-03-28,11.56,5867155790,67815868812
2007-03-29,11.53,5867155790,67674916204
2007-03-30,11.47,5867155790,67269666966
2007-04-02,11.47,5867155790,67323997871
2007-04-03,11.83,5867155790,69389836799
2007-04-04,11.79,5867155790,69157847753
2007-04-05,11.80,5867155790,69229798433
2007-04-09,11.72,5867155790,68745268599
2007-04-10,11.67,5867155790,68494199389
2007-04-11,11.62,5867155790,68204953067
2007-04-12,11.70,5867155790,68624873328
2007-04-13,11.67,5867155790,68463363383
2007-04-16,11.87,5867155790,69635036481
2007-04-17,11.83,5867155790,69419201227
2007-04-18,11.91,5867155790,69890509235
2007-04-19,11.80,5867155790,69250350175
2007-04-20,12.07,5867155790,70840471955
2007-04-23,11.99,5867155790,70341265502
2007-04-24,11.95,5867155790,70113685596
2007-04-25,11.96,5867155790,70181227136
2007-04-26,12.04,5867155790,70649603178
2007-04-27,11.99,5867155790,70330986833
2007-04-30,11.80,5867155790,69210707079
2007-05-01,11.74,5867155790,68861265920
2007-05-02,11.66,5867155790,68388480737
2007-05-03,11.84,5867155790,69482339221
2007-05-04,11.79,5867155790,69172535562
2007-05-07,11.69,5867155790,68607253553
2007-05-08,11.68,5867155790,68539717609
2007-05-09,11.74,5867155790,68897971454
2007-05-10,11.55,5867155790,67755662783
2007-05-11,11.68,5867155790,68529433345
2007-05-14,11.56,5867155790,67801181003
2007-05-15,11.46,5867155790,67246177662
2007-05-16,11.83,5867155790,69391302783
2007-05-17,11.79,5867155790,69149040663
2007-05-18,11.77,5867155790,69055072258
2007-05-21,11.78,5867155790,69096186932
2007-05-22,11.91,5867155790,69868485915
2007-05-23,11.86,5867155790,69590984245
2007-05-24,11.87,5867155790,69643843571
2007-05-25,12.10,5867155790,70993169214
2007-05-29,12.19,5867155790,71520279706
2007-05-30,12.48,5867155790,73207301857
2007-05-31,12.46,5867155790,73105992345
2007-06-01,12.52,5867155790,73471592893
2007-06-04,12.69,5867155790,74450914444
2007-06-05,12.98,5867155790,76179056865
2007-06-06,12.97,5867155790,76092429567
2007-06-07,12.89,5867155790,75624053524
2007-06-08,12.90,5867155790,75687191519
2007-06-11,12.80,5867155790,75077862869
2007-06-12,12.63,5867155790,74113217936
2007-06-13,12.64,5867155790,74182231054
2007-06-14,12.58,5867155790,73829846738
2007-06-15,12.66,5867155790,74277665443
2007-06-18,12.89,5867155790,75644610862
2007-06-19,12.87,5867155790,75513936922
2007-06-20,12.76,5867155790,74876709829
2007-06-21,12.87,5867155790,75484572495
2007-06-22,13.14,5867155790,77080569399
2007-06-25,13.20,5867155790,77438823244
2007-06-26,13.27,5867155790,77855805943
2007-06-27,13.17,5867155790,77272904158
2007-06-28,13.14,5867155790,77084967348
2007-06-29,13.08,5867155790,76745804857
2007-07-02,13.27,5867155790,77873425718
2007-07-03,13.37,5867155790,78454855924
2007-07-05,13.55,5867155790,79525213914
2007-07-06,13.50,5867155790,79197790480
2007-07-09,13.58,5867155790,79661762977
2007-07-10,13.60,5867155790,79776288719
2007-07-11,13.63,5867155790,79942196614
2007-07-12,13.65,5867155790,80068472603
2007-07-13,13.82,5867155790,81071289053
2007-07-16,13.84,5867155790,81193155902
2007-07-17,13.89,5867155790,81488277348
2007-07-18,13.75,5867155790,80680733219
2007-07-19,13.73,5867155790,80547121718
2007-07-20,13.02,5867155790,76366993675
2007-07-23,12.83,5867155790,75249651483
2007-07-24,12.86,5867155790,75468418703
2007-07-25,12.76,5867155790,74845879418
2007-07-26,12.71,5867155790,74587469102
2007-07-27,12.81,5867155790,75158615044
2007-07-30,12.92,5867155790,75778222362
2007-07-31,12.76,5867155790,74881118969
2007-08-01,12.84,5867155790,75312783882
2007-08-02,12.79,5867155790,75029412683
2007-08-03,12.59,5867155790,73853341637
2007-08-06,12.76,5867155790,74881118969
2007-08-07,12.91,5867155790,75765006132
2007-08-08,13.16,5867155790,77198027107
2007-08-09,12.88,5867155790,75575603339
2007-08-10,12.91,5867155790,75725368632
2007-08-13,12.90,5867155790,75688657502
2007-08-14,12.73,5867155790,74675562383
2007-08-15,12.45,5867155790,73053138615
2007-08-16,12.30,5867155790,72167774278
2007-08-17,12.51,5867155790,73418733567
2007-08-20,12.46,5867155790,73107458329
2007-08-21,12.68,5867155790,74383378500
2007-08-22,12.83,5867155790,75284891033
2007-08-23,12.82,5867155790,75202667280
2007-08-24,12.89,5867155790,75615246434
2007-08-27,12.84,5867155790,75359768084
2007-08-28,12.67,5867155790,74352548089
2007-08-29,12.83,5867155790,75303976792
2007-08-30,12.80,5867155790,75086675555
2007-08-31,12.89,5867155790,75651951968
2007-09-04,13.14,5867155790,77105530281
2007-09-05,13.21,5867155790,77494614536
2007-09-06,13.10,5867155790,76866200128
2007-09-07,13.00,5867155790,76253939511
2007-09-10,12.87,5867155790,75538897805
2007-09-11,13.05,5867155790,76544651817
2007-09-12,13.08,5867155790,76738458155
2007-09-13,13.13,5867155790,77051204971
2007-09-14,13.23,5867155790,77634101161
2007-09-17,13.15,5867155790,77127553601
2007-09-18,13.40,5867155790,78591404987
2007-09-19,13.68,5867155790,80291643369
2007-09-20,13.83,5867155790,81169666599
2007-09-21,14.02,5867155790,82237087027
2007-09-24,14.21,5867155790,83399947439
2007-09-25,14.24,5867155790,83543832013
2007-09-26,14.22,5867155790,83420499181
2007-09-27,14.20,5867155790,83323598809
2007-09-28,14.20,5867155790,83289825241
2007-10-01,14.58,5867155790,85533322312
2007-10-02,14.62,5867155790,85803482875
2007-10-03,14.62,5867155790,85749157566
2007-10-04,14.49,5867155790,85016496084
2007-10-05,14.87,5867155790,87221816042
2007-10-08,15.26,5867155790,89507899365
2007-10-09,15.39,5867155790,90324244988
2007-10-10,15.65,5867155790,91823335925
2007-10-11,15.57,5867155790,91325601051
2007-10-12,15.95,5867155790,93585246318
2007-10-15,15.52,5867155790,91048093785
2007-10-16,15.42,5867155790,90444640259
2007-10-17,15.85,5867155790,93011157219
2007-10-18,16.01,5867155790,93912675348
2007-10-19,16.13,5867155790,94660013448
2007-10-22,16.29,5867155790,95546832578
2007-10-23,16.91,5867155790,99220418657
2007-10-24,16.91,5867155790,99227759764
2007-10-25,16.73,5867155790,98154458617
2007-10-26,16.88,5867155790,99048630044
2007-10-29,17.00,5867155790,99728432200
2007-10-30,17.39,5867155790,102010106383
2007-10-31,17.69,5867155790,103805790343
2007-11-01,17.60,5867155790,103249321019
2007-11-02,17.80,5867155790,104429795611
2007-11-05,18.16,5867155790,106544079131
2007-11-06,18.56,5867155790,108913846595
2007-11-07,18.34,5867155790,107614448311
2007-11-08,17.36,5867155790,101873557320
2007-11-09,16.62,5867155790,97487872691
2007-11-12,15.82,5867155790,92804134650
2007-11-13,16.53,5867155790,96985723081
2007-11-14,16.06,5867155790,94215126710
2007-11-15,15.76,5867155790,92448812771
2007-11-16,15.86,5867155790,93033186135
2007-11-19,15.66,5867155790,91890877464
2007-11-20,16.23,5867155790,95222357896
2007-11-21,16.53,5867155790,96981325132
2007-11-23,16.93,5867155790,99356967720
2007-11-26,16.67,5867155790,97785937294
2007-11-27,16.86,5867155790,98897398767
2007-11-28,17.32,5867155790,101641573869
2007-11-29,17.44,5867155790,102337524222
2007-11-30,17.34,5867155790,101750224488
2007-12-03,17.06,5867155790,100066134303
2007-12-04,17.12,5867155790,100452280996
2007-12-05,17.48,5867155790,102559234600
2007-12-06,17.90,5867155790,105018561329
2007-12-07,17.89,5867155790,104961309648
2007-12-10,17.98,5867155790,105482528231
2007-12-11,17.50,5867155790,102660544111
2007-12-12,17.50,5867155790,102682567432
2007-12-13,17.37,5867155790,101904398921
2007-12-14,17.27,5867155790,101303871766
2007-12-17,16.75,5867155790,98260177269
2007-12-18,16.85,5867155790,98865102374
2007-12-19,16.95,5867155790,99455334074
2007-12-20,17.26,5867155790,101264234265
2007-12-21,17.43,5867155790,102292011598
2007-12-24,17.54,5867155790,102885186456
2007-12-26,17.79,5867155790,104369600774
2007-12-27,17.54,5867155790,102886652439
2007-12-28,17.58,5867155790,103149477491
2007-12-31,17.30,5867155790,101527048127
2008-01-02,17.15,5867155790,100603512273
2008-01-03,17.15,5867155790,100624069610
2008-01-04,16.44,5867155790,96464493308
2008-01-07,16.25,5867155790,95326599374
2008-01-08,15.81,5867155790,92746871779
2008-01-09,16.35,5867155790,95906558001
2008-01-10,16.18,5867155790,94956600877
2008-01-11,15.97,5867155790,93711516712
2008-01-14,16.36,5867155790,95997594440
2008-01-15,15.96,5867155790,93623417835
2008-01-16,15.41,5867155790,90437299152
2008-01-17,15.03,5867155790,88211427452
2008-01-18,15.02,5867155790,88132135665
2008-01-22,14.62,5867155790,85797607752
2008-01-23,13.73,5867155790,80551525263
2008-01-24,14.38,5867155790,84349910158
2008-01-25,14.17,5867155790,83162088864
2008-01-28,13.91,5867155790,81632161922
2008-01-29,13.78,5867155790,80830498512
2008-01-30,13.72,5867155790,80500137516
2008-01-31,14.12,5867155790,82853756784
2008-02-01,12.91,5867155790,75747386357
2008-02-04,12.40,5867155790,72741863377
2008-02-05,12.68,5867155790,74411276944
2008-02-06,12.56,5867155790,73663927652
2008-02-07,12.64,5867155790,74139644801
2008-02-08,12.93,5867155790,75863378082
2008-02-11,13.04,5867155790,76519690935
2008-02-12,12.97,5867155790,76068934668
2008-02-13,13.38,5867155790,78495965003
2008-02-14,13.32,5867155790,78147989827
2008-02-15,13.25,5867155790,77764775100
2008-02-19,12.74,5867155790,74726950131
2008-02-20,12.74,5867155790,74734291238
2008-02-21,12.58,5867155790,73832778704
2008-02-22,12.71,5867155790,74558104675
2008-02-25,12.17,5867155790,71421902161
2008-02-26,11.62,5867155790,68155031303
2008-02-27,11.83,5867155790,69428008317
2008-02-28,11.90,5867155790,69799483987
2008-02-29,11.79,5867155790,69181342652
2008-03-03,11.44,5867155790,67102293088
2008-03-04,11.13,5867155790,65278716279
2008-03-05,11.20,5867155790,65733876091
2008-03-06,10.83,5867155790,63531488099
2008-03-07,10.84,5867155790,63626928083
2008-03-10,10.35,5867155790,60730055722
2008-03-11,11.01,5867155790,64579822769
2008-03-12,11.02,5867155790,64629750129
2008-03-13,11.09,5867155790,65045261249
2008-03-14,10.96,5867155790,64297917554
2008-03-17,10.51,5867155790,61647716453
2008-03-18,10.99,5867155790,64479984836
2008-03-19,10.81,5867155790,63428712604
2008-03-20,10.85,5867155790,63656292510
2008-03-24,11.53,5867155790,67622056878
2008-03-25,11.28,5867155790,66186098341
2008-03-26,11.47,5867155790,67274076106
2008-03-27,11.11,5867155790,65202367649
2008-03-28,10.96,5867155790,64321412453
2008-03-31,11.02,5867155790,64672325191
2008-04-01,11.65,5867155790,68378202068
2008-04-02,11.65,5867155790,68376736085
2008-04-03,11.39,5867155790,66823319839
2008-04-04,11.79,5867155790,69168126422
2008-04-07,11.93,5867155790,70009438522
2008-04-08,11.71,5867155790,68686539744
2008-04-09,11.62,5867155790,68155031303
2008-04-10,11.74,5867155790,68873010571
2008-04-11,11.45,5867155790,67165425488
2008-04-14,11.30,5867155790,66315306297
2008-04-15,11.18,5867155790,65607605697
2008-04-16,11.39,5867155790,66810109204
2008-04-17,11.25,5867155790,66004036654
2008-04-18,13.50,5867155790,79199262058
2008-04-21,13.46,5867155790,78961403484
2008-04-22,13.89,5867155790,81488277348
2008-04-23,13.68,5867155790,80238789638
2008-04-24,13.59,5867155790,79732242078
2008-04-25,13.62,5867155790,79882001776
2008-04-28,13.82,5867155790,81065419525
2008-04-29,13.98,5867155790,81997762469
2008-04-30,14.37,5867155790,84320545731
2008-05-01,14.84,5867155790,87079397451
2008-05-02,14.55,5867155790,85348323063
2008-05-05,14.89,5867155790,87346620453
2008-05-06,14.67,5867155790,86092729197
2008-05-07,14.49,5867155790,85012086944
2008-05-08,14.59,5867155790,85600863852
2008-05-09,14.34,5867155790,84160501769
2008-05-12,14.64,5867155790,85884235050
2008-05-13,14.59,5867155790,85599397868
2008-05-14,14.42,5867155790,84615661581
2008-05-15,14.54,5867155790,85305748001
2008-05-16,14.52,5867155790,85169193343
2008-05-19,14.45,5867155790,84794785706
2008-05-20,14.48,5867155790,84953358089
2008-05-21,13.76,5867155790,80752678304
2008-05-22,13.75,5867155790,80674858096
2008-05-23,13.63,5867155790,79964225529
2008-05-27,14.04,5867155790,82354550331
2008-05-28,14.22,5867155790,83432243832
2008-05-29,14.59,5867155790,85599397868
2008-05-30,14.66,5867155790,86010511039
2008-06-02,14.39,5867155790,84424787209
2008-06-03,14.20,5867155790,83294234382
2008-06-04,14.32,5867155790,84016617195
2008-06-05,14.67,5867155790,86083916512
2008-06-06,14.19,5867155790,83250182146
2008-06-09,13.96,5867155790,81909663592
2008-06-10,13.87,5867155790,81366410499
2008-06-11,13.64,5867155790,80049386844
2008-06-12,13.84,5867155790,81187286374
2008-06-13,14.30,5867155790,83912364526
2008-06-16,14.33,5867155790,84103244494
2008-06-17,14.25,5867155790,83611373553
2008-06-18,14.07,5867155790,82571851568
2008-06-19,14.02,5867155790,82251769240
2008-06-20,13.67,5867155790,80229976952
2008-06-23,13.64,5867155790,80050852828
2008-06-24,13.57,5867155790,79623585864
2008-06-25,13.79,5867155790,80900972018
2008-06-26,13.23,5867155790,77644379829
2008-06-27,13.21,5867155790,77534257632
2008-06-30,13.17,5867155790,77291995512
2008-07-01,13.38,5867155790,78512118795
2008-07-02,13.19,5867155790,77383026356
2008-07-03,13.44,5867155790,78845411758
2008-07-07,13.61,5867155790,79859972860
2008-07-08,13.88,5867155790,81419264230
2008-07-09,13.55,5867155790,79513469262
2008-07-10,13.53,5867155790,79369579093
2008-07-11,13.36,5867155790,78375569733
2008-07-14,13.05,5867155790,76587232474
2008-07-15,12.92,5867155790,75775284801
2008-07-16,13.40,5867155790,78639855173
2008-07-17,13.35,5867155790,78322710407
2008-07-18,12.05,5867155790,70670154920
2008-07-21,11.73,5867155790,68831901492
2008-07-22,11.94,5867155790,70052019180
2008-07-23,12.24,5867155790,71830077770
2008-07-24,11.90,5867155790,69833246364
2008-07-25,12.31,5867155790,72235321413
2008-07-28,11.94,5867155790,70053490759
2008-07-29,12.09,5867155790,70932974377
2008-07-30,12.08,5867155790,70872779539
2008-07-31,11.86,5867155790,69558687851
2008-08-01,11.71,5867155790,68693880851
2008-08-04,11.59,5867155790,67980310723
2008-08-05,12.01,5867155790,70454319666
2008-08-06,12.17,5867155790,71407225542
2008-08-07,11.99,5867155790,70347140626
2008-08-08,12.39,5867155790,72680202556
2008-08-11,12.53,5867155790,73536196871
2008-08-12,12.58,5867155790,73796078765
2008-08-13,12.51,5867155790,73417261988
2008-08-14,12.65,5867155790,74218936588
2008-08-15,12.77,5867155790,74903142289
2008-08-18,12.47,5867155790,73163255217
2008-08-19,12.27,5867155790,72018014580
2008-08-20,12.14,5867155790,71210476047
2008-08-21,12.18,5867155790,71435112796
2008-08-22,12.28,5867155790,72031230811
2008-08-25,12.09,5867155790,70918286568
2008-08-26,11.87,5867155790,69618882689
2008-08-27,11.73,5867155790,68799593908
2008-08-28,11.86,5867155790,69563085801
2008-08-29,11.59,5867155790,68022891381
2008-09-02,11.64,5867155790,68310666124
2008-09-03,11.62,5867155790,68187333292
2008-09-04,11.27,5867155790,66109749711
2008-09-05,11.12,5867155790,65227322936
2008-09-08,10.51,5867155790,61659461104
2008-09-09,10.48,5867155790,61470058311
2008-09-10,10.36,5867155790,60809336318
2008-09-11,10.85,5867155790,63685656937
2008-09-12,10.95,5867155790,64259740441
2008-09-15,10.86,5867155790,63701805134
2008-09-16,11.08,5867155790,65033516598
2008-09-17,10.37,5867155790,60857797695
2008-09-18,10.99,5867155790,64468240184
2008-09-19,11.24,5867155790,65946773783
2008-09-22,10.76,5867155790,63155614479
2008-09-23,10.74,5867155790,63027872506
2008-09-24,10.89,5867155790,63885343995
2008-09-25,11.00,5867155790,64544588814
2008-09-26,10.79,5867155790,63287759997
2008-09-29,9.53,5867155790,55940604624
2008-09-30,10.02,5867155790,58806635384
2008-10-01,10.30,5867155790,60451082473
2008-10-02,9.77,5867155790,57333976908
2008-10-03,9.68,5867155790,56808337995
2008-10-06,9.29,5867155790,54503180104
2008-10-07,8.66,5867155790,50803167159
2008-10-08,8.46,5867155790,49643244309
2008-10-09,8.23,5867155790,48302725756
2008-10-10,8.31,5867155790,48746135320
2008-10-13,9.54,5867155790,55943536591
2008-10-14,9.08,5867155790,53255158377
2008-10-15,8.49,5867155790,49798879130
2008-10-16,8.83,5867155790,51832416070
2008-10-17,9.32,5867155790,54698452425
2008-10-20,9.49,5867155790,55693927769
2008-10-21,9.08,5867155790,53261033500
2008-10-22,8.90,5867155790,52221505921
2008-10-23,8.82,5867155790,51729640575
2008-10-24,8.49,5867155790,49816498906
2008-10-27,8.25,5867155790,48377602807
2008-10-28,9.23,5867155790,54141983102
2008-10-29,8.96,5867155790,52563605974
2008-10-30,9.00,5867155790,52811743217
2008-10-31,8.99,5867155790,52763293031
2008-11-03,8.67,5867155790,50873646261
2008-11-04,9.18,5867155790,53876231679
2008-11-05,8.56,5867155790,50249635397
2008-11-06,8.29,5867155790,48631615173
2008-11-07,8.29,5867155790,48619870522
2008-11-10,7.98,5867155790,46805100802
2008-11-11,7.79,5867155790,45730336470
2008-11-12,7.28,5867155790,42726282271
2008-11-13,7.81,5867155790,45821372908
2008-11-14,7.76,5867155790,45518907558
2008-11-17,7.51,5867155790,44065337639
2008-11-18,7.44,5867155790,43668906681
2008-11-19,7.01,5867155790,41137632070
2008-11-20,6.50,5867155790,38110080174
2008-11-21,6.57,5867155790,38531472014
2008-11-24,6.44,5867155790,37798810532
2008-11-25,7.06,5867155790,41412193381
2008-11-26,7.31,5867155790,42886326232
2008-11-28,7.33,5867155790,43014059812
2008-12-01,6.66,5867155790,39054170568
2008-12-02,6.88,5867155790,40393225936
2008-12-03,6.99,5867155790,41027512670
2008-12-04,6.87,5867155790,40280166177
2008-12-05,7.11,5867155790,41697036158
2008-12-08,7.56,5867155790,44357515927
2008-12-09,7.66,5867155790,44924266717
2008-12-10,7.73,5867155790,45342718198
2008-12-11,7.51,5867155790,44080017055
2008-12-12,7.90,5867155790,46361691238
2008-12-15,7.77,5867155790,45614350340
2008-12-16,8.14,5867155790,47759467067
2008-12-17,7.89,5867155790,46285339810
2008-12-18,7.76,5867155790,45557084671
2008-12-19,7.76,5867155790,45540933676
2008-12-22,7.44,5867155790,43623388462
2008-12-23,7.46,5867155790,43757002760
2008-12-24,7.58,5867155790,44480848760
2008-12-26,7.52,5867155790,44100577190
2008-12-29,7.44,5867155790,43668906681
2008-12-30,7.59,5867155790,44504340861
2008-12-31,7.70,5867155790,45170932382
2009-01-02,8.04,5867155790,47178042456
2009-01-05,8.21,5867155790,48166176693
2009-01-06,8.36,5867155790,49048603468
2009-01-07,8.06,5867155790,47279346373
2009-01-08,8.14,5867155790,47746256432
2009-01-09,7.88,5867155790,46260381726
2009-01-12,7.83,5867155790,45910934971
2009-01-13,7.87,5867155790,46150262326
2009-01-14,7.53,5867155790,44190139252
2009-01-15,7.48,5867155790,43899421351
2009-01-16,7.50,5867155790,43999262082
2009-01-20,7.08,5867155790,41514974471
2009-01-21,7.58,5867155790,44499942911
2009-01-22,7.67,5867155790,45002081330
2009-01-23,8.13,5867155790,47674311347
2009-01-26,8.10,5867155790,47552444498
2009-01-27,8.30,5867155790,48669786691
2009-01-28,8.73,5867155790,51193722993
2009-01-29,8.59,5867155790,50408207780
2009-01-30,8.47,5867155790,49704910725
2009-02-02,8.52,5867155790,50004435716
2009-02-03,8.52,5867155790,49986815940
2009-02-04,8.58,5867155790,50361223578
2009-02-05,8.85,5867155790,51935197161
2009-02-06,9.29,5867155790,54513453177
2009-02-09,9.48,5867155790,55613181190
2009-02-10,8.97,5867155790,52638488620
2009-02-11,8.96,5867155790,52569481097
2009-02-12,9.09,5867155790,53305074546
2009-02-13,8.95,5867155790,52516621771
2009-02-17,8.58,5867155790,50311301813
2009-02-18,8.84,5867155790,51845632300
2009-02-19,8.57,5867155790,50308369847
2009-02-20,8.67,5867155790,50867771137
2009-02-23,8.26,5867155790,48461298139
2009-02-24,8.64,5867155790,50720943406
2009-02-25,8.55,5867155790,50161542116
2009-02-26,8.44,5867155790,49506695246
2009-02-27,8.46,5867155790,49625624534
2009-03-02,8.19,5867155790,48035502754
2009-03-03,8.15,5867155790,47788837089
2009-03-04,7.98,5867155790,46825658140
2009-03-05,7.65,5867155790,44875816532
2009-03-06,7.72,5867155790,45306012664
2009-03-09,7.28,5867155790,42710136872
2009-03-10,7.71,5867155790,45247283809
2009-03-11,7.96,5867155790,46677367223
2009-03-12,8.10,5867155790,47502522734
2009-03-13,8.12,5867155790,47633202268
2009-03-16,8.00,5867155790,46938712303
2009-03-17,8.39,5867155790,49236540278
2009-03-18,8.34,5867155790,48907650860
2009-03-19,8.26,5867155790,48443678363
2009-03-20,8.26,5867155790,48475980352
2009-03-23,8.72,5867155790,51183449920
2009-03-24,8.69,5867155790,50973484194
2009-03-25,8.61,5867155790,50518324382
2009-03-26,8.84,5867155790,51872059166
2009-03-27,8.70,5867155790,51051304402
2009-03-30,8.58,5867155790,50315705358
2009-03-31,8.71,5867155790,51104158133
2009-04-01,8.86,5867155790,51989516875
2009-04-02,9.07,5867155790,53224327966
2009-04-03,9.25,5867155790,54293214378
2009-04-06,9.22,5867155790,54067100455
2009-04-07,8.98,5867155790,52659045957
2009-04-08,9.06,5867155790,53150911303
2009-04-09,9.32,5867155790,54692582897
2009-04-13,9.46,5867155790,55516269627
2009-04-14,9.23,5867155790,54165478001
2009-04-15,9.50,5867155790,55720360230
2009-04-16,9.73,5867155790,57077026980
2009-04-17,9.82,5867155790,57590921241
2009-04-20,9.49,5867155790,55690995802
2009-04-21,9.55,5867155790,56009606552
2009-04-22,9.61,5867155790,56360519290
2009-04-23,9.63,5867155790,56482386139
2009-04-24,9.75,5867155790,57187149177
2009-04-27,9.66,5867155790,56667385387
2009-04-28,9.60,5867155790,56338495970
2009-04-29,9.80,5867155790,57477867078
2009-04-30,9.91,5867155790,58138577880
2009-05-01,9.85,5867155790,57803818934
2009-05-04,10.06,5867155790,59021004655
2009-05-05,10.08,5867155790,59169298369
2009-05-06,10.10,5867155790,59239771876
2009-05-07,9.93,5867155790,58232546285
2009-05-08,10.19,5867155790,59806519868
2009-05-11,10.21,5867155790,59901959852
2009-05-12,9.99,5867155790,58584930602
2009-05-13,9.75,5867155790,57194490284
2009-05-14,9.70,5867155790,56894965293
2009-05-15,9.76,5867155790,57262031824
2009-05-18,9.93,5867155790,58266319852
2009-05-19,9.98,5867155790,58565844843
2009-05-20,9.94,5867155790,58316236021
2009-05-21,9.92,5867155790,58216398088
2009-05-22,9.85,5867155790,57775920490
2009-05-26,10.12,5867155790,59370445815
2009-05-27,10.15,5867155790,59546637973
2009-05-28,10.27,5867155790,60257276135
2009-05-29,10.44,5867155790,61260092585
2009-06-01,10.67,5867155790,62629981161
2009-06-02,10.72,5867155790,62900141724
2009-06-03,10.80,5867155790,63377319261
2009-06-04,11.02,5867155790,64644426747
2009-06-05,11.12,5867155790,65237601605
2009-06-08,10.98,5867155790,64422721965
2009-06-09,10.90,5867155790,63960215451
2009-06-10,10.83,5867155790,63516805886
2009-06-11,10.74,5867155790,62988235006
2009-06-12,10.63,5867155790,62377440373
2009-06-15,10.43,5867155790,61192556641
2009-06-16,10.41,5867155790,61079496882
2009-06-17,10.39,5867155790,60956164049
2009-06-18,10.36,5867155790,60794659700
2009-06-19,10.51,5867155790,61680018442
2009-06-22,10.19,5867155790,59809457430
2009-06-23,10.15,5867155790,59564257748
2009-06-24,10.24,5867155790,60094294611
2009-06-25,10.40,5867155790,61045734505
2009-06-26,10.64,5867155790,62447919474
2009-06-29,10.61,5867155790,62274659282
2009-06-30,10.55,5867155790,61900251645
2009-07-01,10.49,5867155790,61518508497
2009-07-02,10.22,5867155790,59976836903
2009-07-06,10.25,5867155790,60141284409
2009-07-07,9.93,5867155790,58235489442
2009-07-08,10.07,5867155790,59095881706
2009-07-09,10.27,5867155790,60255804556
2009-07-10,10.37,5867155790,60844575869
2009-07-13,10.62,5867155790,62298154181
2009-07-14,10.63,5867155790,62355417053
2009-07-15,10.97,5867155790,64334623088
2009-07-16,11.08,5867155790,64985060817
2009-07-17,10.77,5867155790,63171768271
2009-07-20,10.77,5867155790,63160018024
2009-07-21,10.71,5867155790,62826725061
2009-07-22,10.70,5867155790,62795894651
2009-07-23,10.94,5867155790,64212756239
2009-07-24,11.18,5867155790,65589985921
2009-07-27,11.13,5867155790,65308080706
2009-07-28,11.01,5867155790,64581294348
2009-07-29,10.92,5867155790,64051251889
2009-07-30,11.15,5867155790,65431413538
2009-07-31,11.09,5867155790,65051130778
2009-08-03,11.32,5867155790,66396064067
2009-08-04,11.35,5867155790,66619234832
2009-08-05,11.29,5867155790,66238957667
2009-08-06,11.27,5867155790,66124431925
2009-08-07,11.44,5867155790,67114037740
2009-08-10,11.43,5867155790,67042092655
2009-08-11,11.36,5867155790,66650070838
2009-08-12,11.48,5867155790,67331338977
2009-08-13,11.57,5867155790,67874597666
2009-08-14,11.51,5867155790,67539833125
2009-08-17,11.13,5867155790,65321291341
2009-08-18,11.14,5867155790,65378554212
2009-08-19,11.11,5867155790,65186213857
2009-08-20,11.52,5867155790,67600033558
2009-08-21,11.64,5867155790,68309200141
2009-08-24,11.73,5867155790,68821622824
2009-08-25,11.80,5867155790,69209241096
2009-08-26,11.71,5867155790,68714438188
2009-08-27,11.66,5867155790,68429595411
2009-08-28,11.63,5867155790,68237249461
2009-08-31,11.55,5867155790,67785027211
2009-09-01,11.41,5867155790,66917288244
2009-09-02,11.34,5867155790,66513521775
2009-09-03,11.45,5867155790,67175698561
2009-09-04,11.54,5867155790,67730701901
2009-09-08,11.48,5867155790,67337214101
2009-09-09,11.61,5867155790,68122729314
2009-09-10,11.79,5867155790,69146103101
2009-09-11,11.82,5867155790,69322295260
2009-09-14,11.89,5867155790,69759835296
2009-09-15,11.95,5867155790,70115151579
2009-09-16,12.22,5867155790,71693528707
2009-09-17,12.31,5867155790,72197138705
2009-09-18,12.30,5867155790,72158967188
2009-09-21,12.44,5867155790,72972380845
2009-09-22,12.49,5867155790,73274843397
2009-09-23,12.47,5867155790,73186750116
2009-09-24,12.43,5867155790,72938612872
2009-09-25,12.32,5867155790,72308726885
2009-09-28,12.48,5867155790,73197028784
2009-09-29,12.48,5867155790,73197028784
2009-09-30,12.41,5867155790,72803535388
2009-10-01,12.19,5867155790,71533490341
2009-10-02,12.13,5867155790,71148809631
2009-10-05,12.23,5867155790,71727302275
2009-10-06,12.48,5867155790,73227859195
2009-10-07,12.95,5867155790,75988182493
2009-10-08,12.87,5867155790,75494845569
2009-10-09,12.92,5867155790,75798779700
2009-10-12,13.11,5867155790,76942548757
2009-10-13,13.17,5867155790,77246482888
2009-10-14,13.40,5867155790,78598740498
2009-10-15,13.26,5867155790,77804418195
2009-10-16,13.76,5867155790,80732120967
2009-10-19,13.82,5867155790,81061010385
2009-10-20,13.81,5867155790,81006685075
2009-10-21,13.79,5867155790,80915654232
2009-10-22,13.87,5867155790,81354660252
2009-10-23,13.86,5867155790,81295931397
2009-10-26,13.87,5867155790,81372280027
2009-10-27,13.72,5867155790,80503075078
2009-10-28,13.52,5867155790,79329935997
2009-10-29,13.79,5867155790,80908313125
2009-10-30,13.42,5867155790,78716203802
2009-11-02,13.36,5867155790,78403468177
2009-11-03,13.45,5867155790,78887992416
2009-11-04,13.52,5867155790,79334345138
2009-11-05,13.73,5867155790,80555934404
2009-11-06,13.79,5867155790,80915654232
2009-11-09,14.08,5867155790,82590937327
2009-11-10,14.18,5867155790,83214942595
2009-11-11,14.28,5867155790,83772883497
2009-11-12,14.21,5867155790,83374980961
2009-11-13,14.32,5867155790,83991656313
2009-11-16,14.42,5867155790,84612724020
2009-11-17,14.45,5867155790,84790387757
2009-11-18,14.43,5867155790,84667054924
2009-11-19,14.34,5867155790,84129671359
2009-11-20,14.26,5867155790,83684784620
2009-11-23,14.57,5867155790,85503957885
2009-11-24,14.59,5867155790,85612608503
2009-11-25,14.66,5867155790,86001698354
2009-11-27,14.51,5867155790,85123680719
2009-11-30,14.59,5867155790,85599397868
2009-12-01,14.76,5867155790,86608089442
2009-12-02,14.70,5867155790,86261574654
2009-12-03,14.66,5867155790,86001698354
2009-12-04,14.64,5867155790,85894513719
2009-12-07,14.67,5867155790,86076581001
2009-12-08,14.69,5867155790,86194038709
2009-12-09,14.74,5867155790,86483285031
2009-12-10,14.80,5867155790,86847414000
2009-12-11,14.78,5867155790,86702057847
2009-12-14,14.91,5867155790,87468487302
2009-12-15,14.84,5867155790,87088204541
2009-12-16,14.96,5867155790,87766540714
2009-12-17,14.86,5867155790,87205667845
2009-12-18,14.93,5867155790,87569791218
2009-12-21,14.98,5867155790,87901623793
2009-12-22,15.04,5867155790,88259877638
2009-12-23,15.31,5867155790,89810356322
2009-12-24,15.48,5867155790,90808769227
2009-12-28,15.59,5867155790,91453331833
2009-12-29,15.50,5867155790,90943852307
2009-12-30,15.58,5867155790,91432780091
2009-12-31,15.52,5867155790,91029008027
2010-01-04,15.68,5867155790,92023017387
2010-01-05,15.62,5867155790,91617779339
2010-01-06,15.22,5867155790,89308212308
2010-01-07,14.87,5867155790,87229157149
2010-01-08,15.07,5867155790,88392023156
2010-01-11,15.04,5867155790,88258411655
2010-01-12,14.78,5867155790,86697654302
2010-01-13,14.69,5867155790,86199913833
2010-01-14,14.76,5867155790,86605151880
2010-01-15,14.51,5867155790,85158920270
2010-01-19,14.71,5867155790,86277728446
2010-01-20,14.52,5867155790,85219115108
2010-01-21,14.59,5867155790,85596460307
2010-01-22,13.76,5867155790,80755615866
2010-01-25,13.51,5867155790,79285889357
2010-01-26,13.57,5867155790,79641205640
2010-01-27,13.57,5867155790,79594221437
2010-01-28,13.37,5867155790,78447514817
2010-01-29,13.26,5867155790,77808821740
2010-02-01,13.34,5867155790,78261043991
2010-02-02,13.29,5867155790,77982076337
2010-02-03,13.53,5867155790,79406284627
2010-02-04,13.18,5867155790,77344854839
2010-02-05,13.30,5867155790,78007037219
2010-02-08,13.35,5867155790,78327113952
2010-02-09,13.42,5867155790,78763188005
2010-02-10,13.37,5867155790,78471009716
2010-02-11,13.42,5867155790,78757312881
2010-02-12,13.34,5867155790,78275726204
2010-02-16,13.55,5867155790,79476763728
2010-02-17,13.47,5867155790,79023069900
2010-02-18,13.59,5867155790,79758668944
2010-02-19,13.53,5867155790,79397477537
2010-02-22,13.58,5867155790,79697002528
2010-02-23,13.39,5867155790,78562034964
2010-02-24,13.30,5867155790,78033464085
2010-02-25,13.17,5867155790,77293467091
2010-02-26,13.18,5867155790,77347786805
2010-03-01,13.33,5867155790,78212593805
2010-03-02,13.54,5867155790,79441524178
2010-03-03,13.65,5867155790,80067006620
2010-03-04,13.88,5867155790,81428076915
2010-03-05,14.12,5867155790,82840534958
2010-03-08,14.08,5867155790,82586528187
2010-03-09,14.02,5867155790,82250303257
2010-03-10,14.43,5867155790,84637690497
2010-03-11,14.54,5867155790,85326299743
2010-03-12,14.50,5867155790,85091378730
2010-03-15,14.09,5867155790,82689309277
2010-03-16,14.14,5867155790,82985896706
2010-03-17,14.15,5867155790,83038756032
2010-03-18,14.17,5867155790,83162088864
2010-03-19,14.01,5867155790,82222404813
2010-03-22,13.95,5867155790,81855338283
2010-03-23,13.74,5867155790,80607322151
2010-03-24,13.95,5867155790,81830377401
2010-03-25,14.09,5867155790,82645262636
2010-03-26,14.08,5867155790,82617364192
2010-03-29,14.08,5867155790,82582124642
2010-03-30,14.18,5867155790,83207607084
2010-03-31,14.19,5867155790,83267801921
2010-04-01,14.23,5867155790,83514467586
2010-04-05,14.29,5867155790,83838959054
2010-04-06,14.22,5867155790,83429311866
2010-04-07,14.10,5867155790,82742168603
2010-04-08,14.20,5867155790,83322127230
2010-04-09,14.17,5867155790,83135661999
2010-04-12,14.33,5867155790,84091499842
2010-04-13,14.68,5867155790,86152929630
2010-04-14,14.74,5867155790,86480353065
2010-04-15,14.90,5867155790,87405349307
2010-04-16,13.77,5867155790,80776173203
2010-04-19,13.77,5867155790,80768826501
2010-04-20,13.89,5867155790,81494146876
2010-04-21,13.87,5867155790,81385496257
2010-04-22,13.69,5867155790,80322479374
2010-04-23,13.64,5867155790,80018545243
2010-04-26,13.30,5867155790,78058424967
2010-04-27,13.24,5867155790,77679619380
2010-04-28,13.24,5867155790,77698705139
2010-04-29,13.31,5867155790,78111278698
2010-04-30,13.16,5867155790,77186282456
2010-05-03,13.28,5867155790,77905727707
2010-05-04,12.67,5867155790,74348138949
2010-05-05,12.76,5867155790,74845879418
2010-05-06,12.48,5867155790,73217580526
2010-05-07,12.34,5867155790,72405638448
2010-05-10,13.05,5867155790,76591636019
2010-05-11,12.74,5867155790,74741632345
2010-05-12,12.65,5867155790,74204248779
2010-05-13,12.78,5867155790,75010326925
2010-05-14,12.70,5867155790,74518455984
2010-05-17,12.71,5867155790,74583059962
2010-05-18,12.47,5867155790,73173533885
2010-05-19,12.37,5867155790,72595041241
2010-05-20,11.89,5867155790,69743687099
2010-05-21,11.81,5867155790,69309079029
2010-05-24,11.94,5867155790,70059360287
2010-05-25,11.94,5867155790,70046149652
2010-05-26,11.90,5867155790,69811228639
2010-05-27,12.27,5867155790,72012145052
2010-05-28,12.15,5867155790,71302972873
2010-06-01,12.07,5867155790,70824318163
2010-06-02,12.35,5867155790,72439406420
2010-06-03,12.65,5867155790,74235084785
2010-06-04,12.48,5867155790,73224921633
2010-06-07,12.15,5867155790,71286824677
2010-06-08,12.13,5867155790,71178174058
2010-06-09,11.86,5867155790,69598325351
2010-06-10,12.19,5867155790,71505591897
2010-06-11,12.22,5867155790,71724364713
2010-06-14,12.09,5867155790,70944719028
2010-06-15,12.46,5867155790,73117736997
2010-06-16,12.54,5867155790,73599329270
2010-06-17,12.51,5867155790,73424608690
2010-06-18,12.51,5867155790,73417261988
2010-06-21,12.23,5867155790,71733171803
2010-06-22,12.17,5867155790,71394003717
2010-06-23,12.06,5867155790,70777333960
2010-06-24,11.89,5867155790,69756897734
2010-06-25,11.83,5867155790,69401581451
2010-06-28,11.81,5867155790,69313488170
2010-06-29,11.37,5867155790,66697055041
2010-06-30,11.13,5867155790,65330104026
2010-07-01,11.00,5867155790,64528435021
2010-07-02,10.92,5867155790,64096770108
2010-07-06,10.91,5867155790,64026296602
2010-07-07,11.27,5867155790,66100937026
2010-07-08,11.43,5867155790,67034745953
2010-07-09,11.70,5867155790,68639555542
2010-07-12,11.91,5867155790,69864082370
2010-07-13,12.24,5867155790,71827140208
2010-07-14,12.30,5867155790,72141353008
2010-07-15,12.36,5867155790,72534840808
2010-07-16,11.50,5867155790,67482570254
2010-07-19,11.67,5867155790,68447215187
2010-07-20,12.05,5867155790,70709798016
2010-07-21,11.95,5867155790,70109276456
2010-07-22,12.13,5867155790,71182577603
2010-07-23,12.26,5867155790,71953416198
2010-07-26,12.24,5867155790,71793372236
2010-07-27,12.33,5867155790,72330755801
2010-07-28,12.12,5867155790,71115036063
2010-07-29,12.14,5867155790,71209004468
2010-07-30,12.13,5867155790,71188447131
2010-08-02,12.27,5867155790,72004803945
2010-08-03,12.26,5867155790,71919642630
2010-08-04,12.67,5867155790,74340803437
2010-08-05,12.72,5867155790,74602145720
2010-08-06,12.52,5867155790,73445160432
2010-08-09,12.65,5867155790,74198373656
2010-08-10,12.61,5867155790,73957583115
2010-08-11,12.31,5867155790,72200081862
2010-08-12,12.31,5867155790,72239724958
2010-08-13,12.17,5867155790,71408691526
2010-08-16,12.15,5867155790,71297103345
2010-08-17,12.28,5867155790,72020952142
2010-08-18,12.07,5867155790,70792021769
2010-08-19,11.71,5867155790,68710034643
2010-08-20,11.56,5867155790,67836420554
2010-08-23,11.61,5867155790,68137411527
2010-08-24,11.30,5867155790,66275663201
2010-08-25,11.38,5867155790,66749908771
2010-08-26,11.29,5867155790,66215462768
2010-08-27,11.48,5867155790,67368044511
2010-08-30,11.33,5867155790,66466537573
2010-08-31,11.26,5867155790,66074510160
2010-09-01,11.52,5867155790,67588283310
2010-09-02,11.59,5867155790,68006737588
2010-09-03,11.77,5867155790,69052134696
2010-09-07,11.62,5867155790,68185867309
2010-09-08,11.78,5867155790,69093243775
2010-09-09,11.92,5867155790,69915470117
2010-09-10,11.92,5867155790,69909594994
2010-09-13,12.07,5867155790,70809641544
2010-09-14,12.02,5867155790,70539480981
2010-09-15,12.03,5867155790,70570311391
2010-09-16,12.04,5867155790,70631983403
2010-09-17,12.27,5867155790,71966626833
2010-09-20,12.72,5867155790,74628578181
2010-09-21,12.85,5867155790,75389132512
2010-09-22,12.91,5867155790,75762074166
2010-09-23,12.85,5867155790,75392070073
2010-09-24,13.20,5867155790,77419731890
2010-09-27,13.27,5867155790,77877834859
2010-09-28,13.19,5867155790,77402112114
2010-09-29,13.21,5867155790,77478460744
2010-09-30,13.16,5867155790,77199498686
2010-10-01,13.15,5867155790,77174537804
2010-10-04,13.07,5867155790,76694417110
2010-10-05,13.47,5867155790,79026007462
2010-10-06,13.37,5867155790,78456321907
2010-10-07,13.26,5867155790,77819100409
2010-10-08,13.42,5867155790,78749971775
2010-10-11,13.48,5867155790,79115566726
2010-10-12,13.55,5867155790,79489974363
2010-10-13,13.60,5867155790,79770413596
2010-10-14,13.54,5867155790,79422438419
2010-10-15,15.05,5867155790,88308327824
2010-10-18,15.46,5867155790,90695715064
2010-10-19,15.21,5867155790,89245079908
2010-10-20,15.21,5867155790,89267103229
2010-10-21,15.32,5867155790,89855874541
2010-10-22,15.33,5867155790,89935160733
2010-10-25,15.43,5867155790,90518056922
2010-10-26,15.48,5867155790,90826389003
2010-10-27,15.43,5867155790,90513653377
2010-10-28,15.48,5867155790,90823457036
2010-10-29,15.36,5867155790,90106943751
2010-11-01,15.39,5867155790,90297818123
2010-11-02,15.41,5867155790,90385911404
2010-11-03,15.52,5867155790,91058372454
2010-11-04,15.62,5867155790,91658888418
2010-11-05,15.64,5867155790,91777823301
2010-11-08,15.68,5867155790,92025954949
2010-11-09,15.64,5867155790,91739646188
2010-11-10,15.59,5867155790,91454809007
2010-11-11,15.45,5867155790,90619366434
2010-11-12,15.10,5867155790,88578488387
2010-11-15,14.90,5867155790,87430315784
2010-11-16,14.61,5867155790,85705110925
2010-11-17,14.60,5867155790,85680144448
2010-11-18,14.93,5867155790,87590354151
2010-11-19,14.79,5867155790,86749042050
2010-11-22,14.80,5867155790,86806299326
2010-11-23,14.59,5867155790,85600863852
2010-11-24,14.89,5867155790,87356899121
2010-11-26,14.76,5867155790,86627175201
2010-11-29,14.57,5867155790,85468718334
2010-11-30,13.91,5867155790,81592524422
2010-12-01,14.12,5867155790,82861097890
2010-12-02,14.31,5867155790,83957882746
2010-12-03,14.34,5867155790,84131137342
2010-12-06,14.47,5867155790,84918118538
2010-12-07,14.69,5867155790,86207254940
2010-12-08,14.78,5867155790,86706461392
2010-12-09,14.80,5867155790,86847414000
2010-12-10,14.82,5867155790,86951661074
2010-12-13,14.88,5867155790,87305505778
2010-12-14,14.89,5867155790,87348092031
2010-12-15,14.77,5867155790,86671221842
2010-12-16,14.81,5867155790,86878250006
2010-12-17,14.78,5867155790,86744638505
2010-12-20,14.89,5867155790,87370109756
2010-12-21,15.09,5867155790,88546186398
2010-12-22,15.15,5867155790,88901502682
2010-12-23,15.12,5867155790,88716503433
2010-12-27,15.07,5867155790,88444882482
2010-12-28,14.99,5867155790,87936863344
2010-12-29,15.04,5867155790,88242257863
2010-12-30,14.99,5867155790,87928050658
2010-12-31,14.86,5867155790,87210071390
2011-01-03,15.12,5867155790,88734123209
2011-01-04,15.07,5867155790,88406699774
2011-01-05,15.24,5867155790,89427141595
2011-01-06,15.35,5867155790,90077579324
2011-01-07,15.43,5867155790,90509244237
2011-01-10,15.37,5867155790,90181826397
2011-01-11,15.42,5867155790,90446111837
2011-01-12,15.44,5867155790,90572382231
2011-01-13,15.43,5867155790,90545955366
2011-01-14,15.62,5867155790,91645677783
2011-01-18,16.01,5867155790,93914141331
2011-01-19,15.81,5867155790,92757150447
2011-01-20,15.68,5867155790,92025954949
2011-01-21,15.31,5867155790,89832379642
2011-01-24,15.29,5867155790,89722257445
2011-01-25,15.51,5867155790,91018729358
2011-01-26,15.43,5867155790,90518056922
2011-01-27,15.44,5867155790,90560637580
2011-01-28,15.04,5867155790,88240791880
2011-01-31,15.02,5867155790,88148289458
2011-02-01,15.29,5867155790,89716387917
2011-02-02,15.32,5867155790,89857340525
2011-02-03,15.27,5867155790,89585713978
2011-02-04,15.29,5867155790,89707580827
2011-02-07,15.37,5867155790,90193576645
2011-02-08,15.47,5867155790,90794087014
2011-02-09,15.43,5867155790,90518056922
2011-02-10,15.43,5867155790,90509244237
2011-02-11,15.63,5867155790,91692661986
2011-02-14,15.72,5867155790,92228573972
2011-02-15,15.62,5867155790,91641268643
2011-02-16,15.62,5867155790,91651552907
2011-02-17,15.65,5867155790,91804250166
2011-02-18,15.77,5867155790,92511950766
2011-02-22,15.27,5867155790,89594526663
2011-02-23,15.30,5867155790,89757496996
2011-02-24,15.24,5867155790,89390436061
2011-02-25,15.27,5867155790,89569560186
2011-02-28,15.35,5867155790,90062897110
2011-03-01,15.03,5867155790,88207018312
2011-03-02,15.03,5867155790,88211427452
2011-03-03,15.25,5867155790,89499086680
2011-03-04,15.03,5867155790,88186466570
2011-03-07,14.81,5867155790,86870903304
2011-03-08,14.82,5867155790,86966343287
2011-03-09,14.81,5867155790,86887057096
2011-03-10,14.52,5867155790,85202966911
2011-03-11,14.43,5867155790,84675862014
2011-03-14,14.26,5867155790,83689193761
2011-03-15,14.25,5867155790,83626055766
2011-03-16,13.94,5867155790,81796603833
2011-03-17,14.05,5867155790,82422086275
2011-03-18,14.04,5867155790,82378039635
2011-03-21,14.43,5867155790,84645026009
2011-03-22,14.45,5867155790,84765421279
2011-03-23,14.57,5867155790,85476065036
2011-03-24,14.69,5867155790,86170549406
2011-03-25,14.51,5867155790,85120743158
2011-03-28,14.40,5867155790,84477646535
2011-03-29,14.56,5867155790,85412927041
2011-03-30,14.56,5867155790,85429080834
2011-03-31,14.68,5867155790,86151463647
2011-04-01,14.81,5867155790,86891460641
2011-04-04,14.71,5867155790,86286541131
2011-04-05,14.24,5867155790,83557048243
2011-04-06,14.37,5867155790,84304391939
2011-04-07,14.51,5867155790,85158920270
2011-04-08,14.47,5867155790,84888754111
2011-04-11,14.45,5867155790,84772767981
2011-04-12,14.28,5867155790,83780224604
2011-04-13,14.42,5867155790,84612724020
2011-04-14,14.48,5867155790,84940147454
2011-04-15,13.28,5867155790,77920409921
2011-04-18,13.18,5867155790,77353661929
2011-04-19,13.05,5867155790,76574016244
2011-04-20,13.16,5867155790,77190686001
2011-04-21,13.14,5867155790,77098189174
2011-04-25,13.14,5867155790,77090842472
2011-04-26,13.33,5867155790,78231679563
2011-04-27,13.46,5867155790,78956994343
2011-04-28,13.46,5867155790,78987835944
2011-04-29,13.62,5867155790,79887871304
2011-05-02,13.48,5867155790,79074457647
2011-05-03,13.36,5867155790,78388785963
2011-05-04,13.41,5867155790,78667753617
2011-05-05,13.37,5867155790,78444577256
2011-05-06,13.40,5867155790,78595808532
2011-05-09,13.46,5867155790,78945249692
2011-05-10,13.58,5867155790,79676445190
2011-05-11,13.40,5867155790,78617831852
2011-05-12,13.39,5867155790,78559102998
2011-05-13,13.25,5867155790,77751558869
2011-05-16,12.97,5867155790,76117384853
2011-05-17,13.27,5867155790,77885170370
2011-05-18,13.26,5867155790,77789735982
2011-05-19,13.29,5867155790,78001167691
2011-05-20,13.11,5867155790,76941082774
2011-05-23,12.97,5867155790,76112986904
2011-05-24,12.97,5867155790,76093895550
2011-05-25,13.00,5867155790,76300923714
2011-05-26,12.97,5867155790,76074809791
2011-05-27,13.04,5867155790,76481519417
2011-05-31,13.24,5867155790,77673744256
2011-06-01,13.15,5867155790,77171600242
2011-06-02,13.21,5867155790,77532791649
2011-06-03,13.09,5867155790,76801596150
2011-06-06,13.04,5867155790,76505014316
2011-06-07,12.99,5867155790,76206955309
2011-06-08,12.99,5867155790,76227507051
2011-06-09,12.93,5867155790,75869253206
2011-06-10,12.75,5867155790,74809173884
2011-06-13,12.63,5867155790,74107348408
2011-06-14,12.72,5867155790,74641794411
2011-06-15,12.59,5867155790,73845994934
2011-06-16,12.52,5867155790,73467189348
2011-06-17,12.14,5867155790,71213413609
2011-06-20,12.13,5867155790,71148809631
2011-06-21,12.34,5867155790,72385075515
2011-06-22,12.19,5867155790,71505591897
2011-06-23,12.02,5867155790,70508650570
2011-06-24,11.88,5867155790,69724601341
2011-06-27,12.08,5867155790,70887456157
2011-06-28,12.35,5867155790,72480521094
2011-06-29,12.45,5867155790,73056076177
2011-06-30,12.67,5867155790,74349604932
2011-07-01,13.04,5867155790,76500605176
2011-07-05,13.32,5867155790,78175882675
2011-07-06,13.40,5867155790,78604615622
2011-07-07,13.68,5867155790,80254943430
2011-07-08,13.31,5867155790,78109812714
2011-07-11,13.20,5867155790,77418265906
2011-07-12,13.36,5867155790,78406405739
2011-07-13,13.47,5867155790,79030411007
2011-07-14,13.24,5867155790,77661999605
2011-07-15,14.96,5867155790,87745983377
2011-07-18,14.89,5867155790,87352489981
2011-07-19,15.08,5867155790,88469837769
2011-07-20,14.90,5867155790,87412696009
2011-07-21,15.19,5867155790,89121747076
2011-07-22,15.47,5867155790,90772063693
2011-07-25,15.49,5867155790,90882185891
2011-07-26,15.58,5867155790,91401949680
2011-07-27,15.20,5867155790,89155515048
2011-07-28,15.29,5867155790,89701705703
2011-07-29,15.11,5867155790,88637217242
2011-08-01,15.18,5867155790,89089439492
2011-08-02,14.82,5867155790,86979559518
2011-08-03,15.04,5867155790,88267218745
2011-08-04,14.45,5867155790,84794785706
2011-08-05,14.49,5867155790,85017962067
2011-08-08,13.66,5867155790,80169776520
2011-08-09,14.35,5867155790,84191337775
2011-08-10,13.74,5867155790,80608788135
2011-08-11,14.07,5867155790,82535140439
2011-08-12,14.11,5867155790,82775936575
2011-08-15,13.94,5867155790,81815700783
2011-08-16,13.49,5867155790,79139061625
2011-08-17,13.34,5867155790,78280129749
2011-08-18,12.63,5867155790,74129371728
2011-08-19,12.29,5867155790,72079680996
2011-08-22,12.47,5867155790,73144169458
2011-08-23,12.98,5867155790,76176119303
2011-08-24,13.10,5867155790,76832426560
2011-08-25,13.01,5867155790,76355249023
2011-08-26,13.18,5867155790,77356599490
2011-08-29,13.49,5867155790,79150806277
2011-08-30,13.53,5867155790,79388664852
2011-08-31,13.54,5867155790,79426841964
2011-09-01,13.33,5867155790,78184695361
2011-09-02,13.13,5867155790,77060012061
2011-09-06,13.07,5867155790,76669456228
2011-09-07,13.36,5867155790,78409337705
2011-09-08,13.39,5867155790,78545886768
2011-09-09,13.13,5867155790,77061478045
2011-09-12,13.27,5867155790,77835248606
2011-09-13,13.25,5867155790,77747155324
2011-09-14,13.32,5867155790,78121562961
2011-09-15,13.58,5867155790,79661762977
2011-09-16,13.68,5867155790,80266688082
2011-09-19,13.68,5867155790,80265216503
2011-09-20,13.68,5867155790,80259341380
2011-09-21,13.49,5867155790,79168426052
2011-09-22,13.03,5867155790,76446279867
2011-09-23,13.15,5867155790,77158384012
2011-09-26,13.31,5867155790,78095136096
2011-09-27,13.50,5867155790,79188983390
2011-09-28,13.23,5867155790,77647311796
2011-09-29,13.20,5867155790,77450567895
2011-09-30,12.89,5867155790,75621121558
2011-10-03,12.40,5867155790,72755079607
2011-10-04,12.56,5867155790,73691826096
2011-10-05,12.63,5867155790,74102939268
2011-10-06,12.88,5867155790,75572671372
2011-10-07,12.89,5867155790,75632866210
2011-10-10,13.44,5867155790,78870372640
2011-10-11,13.59,5867155790,79752793820
2011-10-12,13.73,5867155790,80533905488
2011-10-13,13.99,5867155790,82074111099
2011-10-14,14.81,5867155790,86873840865
2011-10-17,14.57,5867155790,85512770570
2011-10-18,14.78,5867155790,86702057847
2011-10-19,14.53,5867155790,85261695765
2011-10-20,14.61,5867155790,85697764223
2011-10-21,14.78,5867155790,86699120286
2011-10-24,14.93,5867155790,87569791218
2011-10-25,14.59,5867155790,85622887172
2011-10-26,14.67,5867155790,86085388091
2011-10-27,14.98,5867155790,87900157810
2011-10-28,15.02,5867155790,88115993064
2011-10-31,14.83,5867155790,87014793473
2011-11-01,14.48,5867155790,84960704791
2011-11-02,14.64,5867155790,85866615275
2011-11-03,14.95,5867155790,87728363601
2011-11-04,14.92,5867155790,87528682139
2011-11-07,15.22,5867155790,89318485381
2011-11-08,15.32,5867155790,89907262289
2011-11-09,15.04,5867155790,88234916756
2011-11-10,14.89,5867155790,87373052913
2011-11-11,15.22,5867155790,89321428538
2011-11-14,15.34,5867155790,90004162661
2011-11-15,15.43,5867155790,90526864012
2011-11-16,15.30,5867155790,89779520316
2011-11-17,15.04,5867155790,88223172104
2011-11-18,14.89,5867155790,87343682891
2011-11-21,14.54,5867155790,85296935316
2011-11-22,14.51,5867155790,85158920270
2011-11-23,14.27,5867155790,83706813536
2011-11-25,14.09,5867155790,82662882412
2011-11-28,14.72,5867155790,86361418182
2011-11-29,14.59,5867155790,85589119200
2011-11-30,15.00,5867155790,88005870867
2011-12-01,15.36,5867155790,90117222420
2011-12-02,15.52,5867155790,91084804914
2011-12-05,15.66,5867155790,91861513037
2011-12-06,15.61,5867155790,91585482946
2011-12-07,15.60,5867155790,91529686058
2011-12-08,15.42,5867155790,90451986961
2011-12-09,15.70,5867155790,92121394932
2011-12-12,15.65,5867155790,91823335925
2011-12-13,15.66,5867155790,91858575476
2011-12-14,15.47,5867155790,90748574390
2011-12-15,15.50,5867155790,90964404049
2011-12-16,15.66,5867155790,91907031257
2011-12-19,15.56,5867155790,91300634573
2011-12-20,15.78,5867155790,92554531424
2011-12-21,15.66,5867155790,91886473919
2011-12-22,15.76,5867155790,92456153878
2011-12-23,15.84,5867155790,92961235454
2011-12-27,16.02,5867155790,94005166579
2011-12-28,16.01,5867155790,93924414404
2011-12-29,16.08,5867155790,94320845362
2011-12-30,16.16,5867155790,94834734028
2012-01-03,16.65,5867155790,97699298805
2012-01-04,16.72,5867155790,98120696240
2012-01-05,16.49,5867155790,96759614754
2012-01-06,16.27,5867155790,95439659133
2012-01-09,15.58,5867155790,91393136995
2012-01-10,15.59,5867155790,91492980524
2012-01-11,15.66,5867155790,91907031257
2012-01-12,15.76,5867155790,92447346788
2012-01-13,15.64,5867155790,91764607070
2012-01-17,15.73,5867155790,92291711967
2012-01-18,15.84,5867155790,92927467482
2012-01-19,16.01,5867155790,93905323050
2012-01-20,14.66,5867155790,86038403888
2012-01-23,14.65,5867155790,85969396365
2012-01-24,14.54,5867155790,85295469333
2012-01-25,14.25,5867155790,83615782693
2012-01-26,14.22,5867155790,83411692091
2012-01-27,14.51,5867155790,85155982708
2012-01-30,14.46,5867155790,84819752184
2012-01-31,14.52,5867155790,85175068467
2012-02-01,14.54,5867155790,85280781524
2012-02-02,14.64,5867155790,85909195932
2012-02-03,14.92,5867155790,87556580583
2012-02-06,15.24,5867155790,89430073561
2012-02-07,15.18,5867155790,89089439492
2012-02-08,15.26,5867155790,89541667337
2012-02-09,15.30,5867155790,89778054333
2012-02-10,15.16,5867155790,88963174693
2012-02-13,15.32,5867155790,89886704952
2012-02-14,15.26,5867155790,89528451107
2012-02-15,15.15,5867155790,88911781350
2012-02-16,15.18,5867155790,89052733958
2012-02-17,15.13,5867155790,88776703866
2012-02-21,15.37,5867155790,90150990392
2012-02-22,15.21,5867155790,89261228105
2012-02-23,15.17,5867155790,88992539120
2012-02-24,15.26,5867155790,89549008444
2012-02-27,15.25,5867155790,89462381146
2012-02-28,15.48,5867155790,90795558592
2012-02-29,15.47,5867155790,90775001255
2012-03-01,15.58,5867155790,91384329905
2012-03-02,15.55,5867155790,91215478853
2012-03-05,15.37,5867155790,90187701521
2012-03-06,15.14,5867155790,88823688069
2012-03-07,15.19,5867155790,89093848632
2012-03-08,15.19,5867155790,89143770396
2012-03-09,15.02,5867155790,88132135665
2012-03-12,15.14,5867155790,88851586513
2012-03-13,15.46,5867155790,90705993732
2012-03-14,15.42,5867155790,90443174276
2012-03-15,15.54,5867155790,91197859078
2012-03-16,15.64,5867155790,91771948177
2012-03-19,15.87,5867155790,93084568287
2012-03-20,15.85,5867155790,93012623202
2012-03-21,16.02,5867155790,93965529079
2012-03-22,16.17,5867155790,94856757348
2012-03-23,16.08,5867155790,94348743806
2012-03-26,16.25,5867155790,95338338430
2012-03-27,16.19,5867155790,94999181535
2012-03-28,16.41,5867155790,96282431622
2012-03-29,16.23,5867155790,95203266542
2012-03-30,16.05,5867155790,94150522732
2012-04-02,16.19,5867155790,94984499321
2012-04-03,16.08,5867155790,94353141755
2012-04-04,15.89,5867155790,93256356900
2012-04-05,15.82,5867155790,92840840184
2012-04-09,15.79,5867155790,92623538947
2012-04-10,15.69,5867155790,92039171179
2012-04-11,15.91,5867155790,93375286187
2012-04-12,16.29,5867155790,95585015286
2012-04-13,15.63,5867155790,91707349795
2012-04-16,15.17,5867155790,88986663997
2012-04-17,15.25,5867155790,89500558258
2012-04-18,15.20,5867155790,89189283020
2012-04-19,15.00,5867155790,87992649041
2012-04-20,14.92,5867155790,87516937487
2012-04-23,14.95,5867155790,87743051410
2012-04-24,15.05,5867155790,88281900958
2012-04-25,15.26,5867155790,89522575983
2012-04-26,15.40,5867155790,90366825646
2012-04-27,15.39,5867155790,90294880561
2012-04-30,15.14,5867155790,88807534276
2012-05-01,15.13,5867155790,88745873456
2012-05-02,15.20,5867155790,89161390172
2012-05-03,15.29,5867155790,89713450355
2012-05-04,14.94,5867155790,87650548988
2012-05-07,15.20,5867155790,89203965234
2012-05-08,15.34,5867155790,89973332250
2012-05-09,15.24,5867155790,89438886247
2012-05-10,15.36,5867155790,90101074223
2012-05-11,15.15,5867155790,88863331164
2012-05-14,15.12,5867155790,88682735461
2012-05-15,15.29,5867155790,89726666586
2012-05-16,15.74,5867155790,92343099715
2012-05-17,15.59,5867155790,91479764293
2012-05-18,15.03,5867155790,88154164581
2012-05-21,15.37,5867155790,90167144184
2012-05-22,15.04,5867155790,88212893436
2012-05-23,15.25,5867155790,89484404466
2012-05-24,15.11,5867155790,88632819292
2012-05-25,14.80,5867155790,86851817545
2012-05-29,14.87,5867155790,87264396699
2012-05-30,14.72,5867155790,86367293306
2012-05-31,14.54,5867155790,85285185069
2012-06-01,14.29,5867155790,83834549913
2012-06-04,14.48,5867155790,84951892106
2012-06-05,14.27,5867155790,83750860177
2012-06-06,14.53,5867155790,85242610007
2012-06-07,14.47,5867155790,84899032780
2012-06-08,14.53,5867155790,85224990231
2012-06-11,14.23,5867155790,83470420945
2012-06-12,14.14,5867155790,82971214492
2012-06-13,14.04,5867155790,82382443180
2012-06-14,13.99,5867155790,82082918189
2012-06-15,14.13,5867155790,82884587194
2012-06-18,14.29,5867155790,83815464155
2012-06-19,14.55,5867155790,85383562614
2012-06-20,14.45,5867155790,84793319723
2012-06-21,14.14,5867155790,82987362689
2012-06-22,14.30,5867155790,83907960981
2012-06-25,14.03,5867155790,82325185904
2012-06-26,14.13,5867155790,82909548076
2012-06-27,14.25,5867155790,83587884249
2012-06-28,14.12,5867155790,82855222767
2012-06-29,14.52,5867155790,85169193343
2012-07-02,14.53,5867155790,85227922198
2012-07-03,14.71,5867155790,86308558856
2012-07-05,14.91,5867155790,87496385746
2012-07-06,14.66,5867155790,86036932310
2012-07-09,14.66,5867155790,86041341450
2012-07-10,14.56,5867155790,85408523496
2012-07-11,14.29,5867155790,83865380324
2012-07-12,14.28,5867155790,83761133250
2012-07-13,14.43,5867155790,84647963570
2012-07-16,14.39,5867155790,84413042558
2012-07-17,14.43,5867155790,84678799576
2012-07-18,14.53,5867155790,85270508451
2012-07-19,14.84,5867155790,87076459889
2012-07-20,15.29,5867155790,89684085928
2012-07-23,15.40,5867155790,90372700769
2012-07-24,15.20,5867155790,89206902796
2012-07-25,15.21,5867155790,89268569212
2012-07-26,15.35,5867155790,90057021987
2012-07-27,15.89,5867155790,93228458456
2012-07-30,15.82,5867155790,92837902622
2012-07-31,15.84,5867155790,92936274572
2012-08-01,15.83,5867155790,92893699510
2012-08-02,15.73,5867155790,92316667254
2012-08-03,16.05,5867155790,94163738962
2012-08-06,16.09,5867155790,94382517373
2012-08-07,16.03,5867155790,94047747237
2012-08-08,16.07,5867155790,94295878884
2012-08-09,16.07,5867155790,94313504255
2012-08-10,16.07,5867155790,94262116508
2012-08-13,16.52,5867155790,96906448080
2012-08-14,16.73,5867155790,98176481937
2012-08-15,16.71,5867155790,98012045621
2012-08-16,16.84,5867155790,98794623272
2012-08-17,16.95,5867155790,99421560507
2012-08-20,16.91,5867155790,99186645089
2012-08-21,16.75,5867155790,98301291943
2012-08-22,16.95,5867155790,99427435630
2012-08-23,16.94,5867155790,99371649933
2012-08-24,16.98,5867155790,99640338918
2012-08-27,16.75,5867155790,98258711286
2012-08-28,16.95,5867155790,99437719894
2012-08-29,17.22,5867155790,101017557410
2012-08-30,17.06,5867155790,100088157623
2012-08-31,17.14,5867155790,100588830059
2012-09-04,17.04,5867155790,99994189218
2012-09-05,17.04,5867155790,99947199420
2012-09-06,17.50,5867155790,102689908539
2012-09-07,17.67,5867155790,103680980337
2012-09-10,17.54,5867155790,102891061579
2012-09-11,17.32,5867155790,101631289605
2012-09-12,17.29,5867155790,101438954845
2012-09-13,17.67,5867155790,103664832140
2012-09-14,17.76,5867155790,104199278144
2012-09-17,17.77,5867155790,104243324784
2012-09-18,17.97,5867155790,105461982084
2012-09-19,18.21,5867155790,106815711273
2012-09-20,18.22,5867155790,106906747711
2012-09-21,18.37,5867155790,107768611554
2012-09-24,18.75,5867155790,110028262416
2012-09-25,18.75,5867155790,109995954832
2012-09-26,18.86,5867155790,110627301207
2012-09-27,18.93,5867155790,111073653929
2012-09-28,18.88,5867155790,110779998466
2012-10-01,19.06,5867155790,111848901664
2012-10-02,18.94,5867155790,111145599014
2012-10-03,19.08,5867155790,111954609125
2012-10-04,19.22,5867155790,112769494361
2012-10-05,19.21,5867155790,112710765507
2012-10-08,18.96,5867155790,111270409020
2012-10-09,18.62,5867155790,109251548698
2012-10-10,18.63,5867155790,109320561816
2012-10-11,18.81,5867155790,110336588902
2012-10-12,18.64,5867155790,109348449070
2012-10-15,18.54,5867155790,108794922903
2012-10-16,18.64,5867155790,109341107963
2012-10-17,18.91,5867155790,110925365810
2012-10-18,17.39,5867155790,102043868759
2012-10-19,17.06,5867155790,100104305820
2012-10-22,16.98,5867155790,99646214042
2012-10-23,17.03,5867155790,99892879706
2012-10-24,16.95,5867155790,99445061001
2012-10-25,16.96,5867155790,99512596945
2012-10-26,16.90,5867155790,99129382218
2012-10-31,17.02,5867155790,99885538599
2012-11-01,17.21,5867155790,100955896589
2012-11-02,17.22,5867155790,101004352371
2012-11-05,17.09,5867155790,100276094433
2012-11-06,17.06,5867155790,100094032747
2012-11-07,16.69,5867155790,97950373610
2012-11-08,16.32,5867155790,95772952096
2012-11-09,16.59,5867155790,97349857645
2012-11-12,16.66,5867155790,97771243890
2012-11-13,16.49,5867155790,96765489877
2012-11-14,16.33,5867155790,95811123613
2012-11-15,16.20,5867155790,95034421085
2012-11-16,16.20,5867155790,95022670838
2012-11-19,16.72,5867155790,98110411976
2012-11-20,16.77,5867155790,98368827888
2012-11-21,16.66,5867155790,97766834749
2012-11-23,16.72,5867155790,98075172425
2012-11-26,16.55,5867155790,97073827553
2012-11-27,16.78,5867155790,98477478506
2012-11-28,17.11,5867155790,100380335912
2012-11-29,17.31,5867155790,101587254155
2012-11-30,17.48,5867155790,102538677262
2012-12-03,17.40,5867155790,102080585484
2012-12-04,17.29,5867155790,101460978166
2012-12-05,17.21,5867155790,100989670157
2012-12-06,17.30,5867155790,101475660379
2012-12-07,17.12,5867155790,100459622103
2012-12-10,17.15,5867155790,100637285840
2012-12-11,17.44,5867155790,102319910042
2012-12-12,17.46,5867155790,102419742380
2012-12-13,17.59,5867155790,103174432778
2012-12-14,17.57,5867155790,103065782159
2012-12-17,18.04,5867155790,105829048614
2012-12-18,18.04,5867155790,105871618081
2012-12-19,18.02,5867155790,105730671069
2012-12-20,18.08,5867155790,106061032065
2012-12-21,17.91,5867155790,105072892233
2012-12-24,17.76,5867155790,104172845683
2012-12-26,17.74,5867155790,104080343261
2012-12-27,17.67,5867155790,103701537674
2012-12-28,17.52,5867155790,102779478994
2012-12-31,17.70,5867155790,103861576040
2013-01-02,18.10,5867155790,106191694814
2013-01-03,18.11,5867155790,106253366825
2013-01-04,18.47,5867155790,108352979322
2013-01-07,18.39,5867155790,107880194139
2013-01-08,18.35,5867155790,107667302042
2013-01-09,18.47,5867155790,108375002642
2013-01-10,18.56,5867155790,108868333971
2013-01-11,18.52,5867155790,108649566750
2013-01-14,18.10,5867155790,106191694814
2013-01-15,18.14,5867155790,106438371669
2013-01-16,17.90,5867155790,105008288255
2013-01-17,17.80,5867155790,104440068685
2013-01-18,17.63,5867155790,103440189796
2013-01-22,17.59,5867155790,103199388064
2013-01-23,18.56,5867155790,108871265937
2013-01-24,18.87,5867155790,110737429000
2013-01-25,18.86,5867155790,110658142808
2013-01-28,18.79,5867155790,110226472300
2013-01-29,18.86,5867155790,110659608791
2013-01-30,18.86,5867155790,110681632112
2013-01-31,18.91,5867155790,110954730237
2013-02-01,19.41,5867155790,113878023868
2013-02-04,18.99,5867155790,111443652426
2013-02-05,19.16,5867155790,112430326275
2013-02-06,19.27,5867155790,113080764003
2013-02-07,19.37,5867155790,113635767344
2013-02-08,19.65,5867155790,115312516422
2013-02-11,19.58,5867155790,114879379930
2013-02-12,19.54,5867155790,114626839142
2013-02-13,19.59,5867155790,114943983908
2013-02-14,19.72,5867155790,115672241846
2013-02-15,19.84,5867155790,116416647979
2013-02-19,20.19,5867155790,118466327521
2013-02-20,19.83,5867155790,116353509985
2013-02-21,19.91,5867155790,116804260656
2013-02-22,20.01,5867155790,117417992851
2013-02-25,19.79,5867155790,116105378337
2013-02-26,19.77,5867155790,116011409932
2013-02-27,20.01,5867155790,117428277115
2013-02-28,20.05,5867155790,117636771262
2013-03-01,20.17,5867155790,118369427149
2013-03-04,20.56,5867155790,120617327765
2013-03-05,20.99,5867155790,123128053432
2013-03-06,20.81,5867155790,122067968515
2013-03-07,20.84,5867155790,122247098235
2013-03-08,20.81,5867155790,122088525852
2013-03-11,20.89,5867155790,122573050092
2013-03-12,20.71,5867155790,121514431158
2013-03-13,20.65,5867155790,121176729055
2013-03-14,20.56,5867155790,120623202888
2013-03-15,20.38,5867155790,119560186005
2013-03-18,20.21,5867155790,118604353757
2013-03-19,20.30,5867155790,119122640373
2013-03-20,20.39,5867155790,119620380843
2013-03-21,20.30,5867155790,119113833283
2013-03-22,20.28,5867155790,118974352254
2013-03-25,20.26,5867155790,118875974709
2013-03-26,20.33,5867155790,119284155913
2013-03-27,20.09,5867155790,117851140533
2013-03-28,19.87,5867155790,116607516756
2013-04-01,20.05,5867155790,117635305279
2013-04-02,20.35,5867155790,119375181161
2013-04-03,20.18,5867155790,118370893132
2013-04-04,19.90,5867155790,116736724712
2013-04-05,19.60,5867155790,114971882352
2013-04-08,19.39,5867155790,113767907266
2013-04-09,19.46,5867155790,114179020437
2013-04-10,19.77,5867155790,116018751039
2013-04-11,19.78,5867155790,116049581449
2013-04-12,19.77,5867155790,115999659685
2013-04-15,19.57,5867155790,114807434846
2013-04-16,19.85,5867155790,116487115890
2013-04-17,19.58,5867155790,114899937268
2013-04-18,19.17,5867155790,112455292752
2013-04-19,20.02,5867155790,117441493345
2013-04-22,20.02,5867155790,117476732896
2013-04-23,20.22,5867155790,118620501954
2013-04-24,20.36,5867155790,119435387190
2013-04-25,20.25,5867155790,118796688517
2013-04-26,20.06,5867155790,117669067656
2013-04-29,20.50,5867155790,120259079515
2013-04-30,20.63,5867155790,121068089627
2013-05-01,20.53,5867155790,120460221365
2013-05-02,20.76,5867155790,121808086620
2013-05-03,21.16,5867155790,124173444945
2013-05-06,21.56,5867155790,126497699785
2013-05-07,21.45,5867155790,125863410253
2013-05-08,21.86,5867155790,128271360425
2013-05-09,21.81,5867155790,127955681642
2013-05-10,22.03,5867155790,129240408903
2013-05-13,21.96,5867155790,128843977946
2013-05-14,22.20,5867155790,130249094882
2013-05-15,22.92,5867155790,134476207128
2013-05-16,22.62,5867155790,132711364768
2013-05-17,22.75,5867155790,133491010453
2013-05-20,22.74,5867155790,133395576065
2013-05-21,22.70,5867155790,133166524580
2013-05-22,22.26,5867155790,130589728951
2013-05-23,22.09,5867155790,129616282524
2013-05-24,21.85,5867155790,128225836611
2013-05-28,22.05,5867155790,129393106163
2013-05-29,21.73,5867155790,127490237567
2013-05-30,21.79,5867155790,127849962990
2013-05-31,21.80,5867155790,127917498935
2013-06-03,21.71,5867155790,127390394038
2013-06-04,21.50,5867155790,126137974361
2013-06-05,21.51,5867155790,126226067643
2013-06-06,21.64,5867155790,126951393614
2013-06-07,22.02,5867155790,129166986645
2013-06-10,22.28,5867155790,130707197851
2013-06-11,22.02,5867155790,129178736892
2013-06-12,21.82,5867155790,128029092710
2013-06-13,21.95,5867155790,128766157738
2013-06-14,21.90,5867155790,128478377399
2013-06-17,22.18,5867155790,130124296066
2013-06-18,22.54,5867155790,132234181636
2013-06-19,22.54,5867155790,132242988726
2013-06-20,22.14,5867155790,129902585689
2013-06-21,22.05,5867155790,129343184398
2013-06-24,21.77,5867155790,127707549995
2013-06-25,21.68,5867155790,127180445098
2013-06-26,21.86,5867155790,128274292392
2013-06-27,21.95,5867155790,128776442001
2013-06-28,22.03,5867155790,129260955050
2013-07-01,22.22,5867155790,130363620624
2013-07-02,22.08,5867155790,129545803422
2013-07-03,22.18,5867155790,130150728527
2013-07-05,22.36,5867155790,131187312950
2013-07-08,22.65,5867155790,132890494488
2013-07-09,22.65,5867155790,132912517809
2013-07-10,22.67,5867155790,133022634411
2013-07-11,23.03,5867155790,135114905800
2013-07-12,23.10,5867155790,135520143848
2013-07-15,23.14,5867155790,135768275495
2013-07-16,23.01,5867155790,135022403378
2013-07-17,22.99,5867155790,134866762962
2013-07-18,22.79,5867155790,133711243657
2013-07-19,22.44,5867155790,131643938745
2013-07-22,22.79,5867155790,133714186814
2013-07-23,22.62,5867155790,132701091695
2013-07-24,22.60,5867155790,132568940582
2013-07-25,22.21,5867155790,130337188163
2013-07-26,22.16,5867155790,129992156144
2013-07-29,22.08,5867155790,129539928299
2013-07-30,22.30,5867155790,130809973346
2013-07-31,22.22,5867155790,130344529270
2013-08-01,22.63,5867155790,132762752516
2013-08-02,22.69,5867155790,133107795726
2013-08-05,22.65,5867155790,132877278258
2013-08-06,22.44,5867155790,131639540795
2013-08-07,22.29,5867155790,130770335846
2013-08-08,22.34,5867155790,131065446101
2013-08-09,22.28,5867155790,130735096295
2013-08-12,22.16,5867155790,130015645448
2013-08-13,22.05,5867155790,129390163006
2013-08-14,21.77,5867155790,127710481961
2013-08-15,21.51,5867155790,126220203710
2013-08-16,21.44,5867155790,125816431646
2013-08-19,21.66,5867155790,127099681733
2013-08-20,21.66,5867155790,127065919356
2013-08-21,21.76,5867155790,127640002860
2013-08-22,21.86,5867155790,128283099482
2013-08-23,21.78,5867155790,127769210816
2013-08-26,21.68,5867155790,127208332351
2013-08-27,21.28,5867155790,124823882673
2013-08-28,21.23,5867155790,124588967256
2013-08-29,21.41,5867155790,125599130408
2013-08-30,21.19,5867155790,124346699541
2013-09-03,21.53,5867155790,126325911172
2013-09-04,21.81,5867155790,127977704963
2013-09-05,22.01,5867155790,129142031358
2013-09-06,22.01,5867155790,129144974515
2013-09-09,22.22,5867155790,130388575911
2013-09-10,22.24,5867155790,130479612350
2013-09-11,22.43,5867155790,131583743907
2013-09-12,22.35,5867155790,131124174955
2013-09-13,22.25,5867155790,130538341204
2013-09-16,22.22,5867155790,130345995253
2013-09-17,22.17,5867155790,130103738729
2013-09-18,22.61,5867155790,132630612593
2013-09-19,22.48,5867155790,131906752606
2013-09-20,22.60,5867155790,132599770992
2013-09-23,22.18,5867155790,130161001600
2013-09-24,22.19,5867155790,130210923365
2013-09-25,21.95,5867155790,128799931305
2013-09-26,21.98,5867155790,128937946351
2013-09-27,21.93,5867155790,128676598473
2013-09-30,21.92,5867155790,128606119371
2013-10-01,22.20,5867155790,130234412668
2013-10-02,22.22,5867155790,130379768821
2013-10-03,21.92,5867155790,128632540641
2013-10-04,21.83,5867155790,128083423615
2013-10-07,21.67,5867155790,127112897963
2013-10-08,21.36,5867155790,125340714497
2013-10-09,21.42,5867155790,125662257212
2013-10-10,21.73,5867155790,127479964493
2013-10-11,21.82,5867155790,128030558694
2013-10-14,21.92,5867155790,128635483798
2013-10-15,22.07,5867155790,129501756781
2013-10-16,22.47,5867155790,131853898875
2013-10-17,22.24,5867155790,130497237720
2013-10-18,25.31,5867155790,148500999981
2013-10-21,25.11,5867155790,147310252316
2013-10-22,25.20,5867155790,147853494218
2013-10-23,25.81,5867155790,151437521033
2013-10-24,25.66,5867155790,150577111983
2013-10-25,25.41,5867155790,149057469304
2013-10-28,25.40,5867155790,149028104877
2013-10-29,25.93,5867155790,152146687616
2013-10-30,25.79,5867155790,151292153689
2013-10-31,25.79,5867155790,151315654184
2013-11-01,25.70,5867155790,150795890394
2013-11-04,25.68,5867155790,150659341331
2013-11-05,25.56,5867155790,149985414299
2013-11-06,25.59,5867155790,150165998812
2013-11-07,25.22,5867155790,147992986438
2013-11-08,25.43,5867155790,149179336154
2013-11-11,25.29,5867155790,148380599115
2013-11-12,25.32,5867155790,148555330885
2013-11-13,25.84,5867155790,151593150259
2013-11-14,25.91,5867155790,151998388306
2013-11-15,25.86,5867155790,151753188625
2013-11-18,25.81,5867155790,151458078370
2013-11-19,25.66,5867155790,150525735426
2013-11-20,25.58,5867155790,150101394834
2013-11-21,25.88,5867155790,151828076867
2013-11-22,25.82,5867155790,151507988944
2013-11-25,26.17,5867155790,153569418732
2013-11-26,26.49,5867155790,155401808227
2013-11-27,26.60,5867155790,156091894647
2013-11-29,26.52,5867155790,155575062823
2013-12-02,26.39,5867155790,154824781566
2013-12-03,26.36,5867155790,154645663036
2013-12-04,26.48,5867155790,155368045850
2013-12-05,26.46,5867155790,155244713018
2013-12-06,26.77,5867155790,157084432428
2013-12-09,26.98,5867155790,158298680588
2013-12-10,27.14,5867155790,159255990009
2013-12-11,26.96,5867155790,158173881772
2013-12-12,26.78,5867155790,157097648659
2013-12-13,26.55,5867155790,155751249386
2013-12-16,26.85,5867155790,157541058223
2013-12-17,26.77,5867155790,157082966445
2013-12-18,27.15,5867155790,159269206240
2013-12-19,27.18,5867155790,159485041494
2013-12-20,27.54,5867155790,161599325013
2013-12-23,27.91,5867155790,163725358779
2013-12-24,27.82,5867155790,163246709664
2013-12-26,27.96,5867155790,164071867973
2013-12-27,27.99,5867155790,164209883019
2013-12-30,27.76,5867155790,162897257314
2013-12-31,28.05,5867155790,164549051105
2014-01-02,27.86,5867155790,163434646474
2014-01-03,27.65,5867155790,162242421635
2014-01-06,27.96,5867155790,164051310635
2014-01-07,28.50,5867155790,167213940015
2014-01-08,28.56,5867155790,167561915191
2014-01-09,28.28,5867155790,165948304108
2014-01-10,28.28,5867155790,165939497018
2014-01-13,28.10,5867155790,164882355258
2014-01-14,28.76,5867155790,168761481137
2014-01-15,28.74,5867155790,168646955395
2014-01-16,28.93,5867155790,169762837200
2014-01-17,28.79,5867155790,168927394627
2014-01-21,29.12,5867155790,170861093634
2014-01-22,29.15,5867155790,171054905567
2014-01-23,29.03,5867155790,170332522754
2014-01-24,28.12,5867155790,165007154074
2014-01-27,27.56,5867155790,161688884278
2014-01-28,28.10,5867155790,164886753208
2014-01-29,27.70,5867155790,162524326850
2014-01-30,28.41,5867155790,166704449298
2014-01-31,29.55,5867155790,173396774588
2014-02-03,28.36,5867155790,166416680150
2014-02-04,28.48,5867155790,167111164520
2014-02-05,28.61,5867155790,167851161513
2014-02-06,29.03,5867155790,170311965417
2014-02-07,29.47,5867155790,172878476781
2014-02-10,29.35,5867155790,172216299996
2014-02-11,29.78,5867155790,174749037793
2014-02-12,29.70,5867155790,174236615110
2014-02-13,30.03,5867155790,176176189240
2014-02-14,30.10,5867155790,176601973434
2014-02-18,30.30,5867155790,177788323150
2014-02-19,30.09,5867155790,176534437490
2014-02-20,30.13,5867155790,176794319385
2014-02-21,30.12,5867155790,176747329587
2014-02-24,30.34,5867155790,178027658898
2014-02-25,30.53,5867155790,179127381315
2014-02-26,30.53,5867155790,179152336602
2014-02-27,30.51,5867155790,179011389590
2014-02-28,30.42,5867155790,178488693833
2014-03-03,30.10,5867155790,176585825237
2014-03-04,30.40,5867155790,178380032024
2014-03-05,30.49,5867155790,178871897370
2014-03-06,30.52,5867155790,179070118444
2014-03-07,30.40,5867155790,178362417844
2014-03-10,30.32,5867155790,177889643852
2014-03-11,30.03,5867155790,176189394280
2014-03-12,30.21,5867155790,177262695427
2014-03-13,29.76,5867155790,174584590286
2014-03-14,29.35,5867155790,172197197451
2014-03-17,29.83,5867155790,175030943008
2014-03-18,30.31,5867155790,177844120037
2014-03-19,30.01,5867155790,176080743661
2014-03-20,29.96,5867155790,175773883159
2014-03-21,29.61,5867155790,173700703123
2014-03-24,28.98,5867155790,170013900814
2014-03-25,29.00,5867155790,170129903730
2014-03-26,28.33,5867155790,166202310879
2014-03-27,27.88,5867155790,163604969104
2014-03-28,28.03,5867155790,164466832947
2014-03-31,27.89,5867155790,163638731481
2014-04-01,28.40,5867155790,166631049421
2014-04-02,28.41,5867155790,166661879832
2014-04-03,28.58,5867155790,167653981176
2014-04-04,27.26,5867155790,159953339201
2014-04-07,27.03,5867155790,158598020932
2014-04-08,27.88,5867155790,163549899613
2014-04-09,28.35,5867155790,166345596750
2014-04-10,27.33,5867155790,160375766182
2014-04-11,26.89,5867155790,157756087746
2014-04-14,27.26,5867155790,159938668178
2014-04-15,27.43,5867155790,160965415965
2014-04-16,28.19,5867155790,165424455709
2014-04-17,27.17,5867155790,159393020273
2014-04-21,26.97,5867155790,158228391728
2014-04-22,27.27,5867155790,160026671934
2014-04-23,26.88,5867155790,157682743823
2014-04-24,26.72,5867155790,156782137737
2014-04-25,26.16,5867155790,153455463716
2014-04-28,26.15,5867155790,153420257737
2014-04-29,26.82,5867155790,157336581542
2014-04-30,26.74,5867155790,156911211404
2014-05-01,26.93,5867155790,157981972259
2014-05-02,26.69,5867155790,156614926124
2014-05-05,26.77,5867155790,157043228228
2014-05-06,26.13,5867155790,153299979969
2014-05-07,25.90,5867155790,151959332723
2014-05-08,26.01,5867155790,152595916351
2014-05-09,26.33,5867155790,154488075436
2014-05-12,26.92,5867155790,157952630214
2014-05-13,27.08,5867155790,158864975356
2014-05-14,26.72,5867155790,156773341837
2014-05-15,26.46,5867155790,155221469910
2014-05-16,26.42,5867155790,154980925564
2014-05-19,26.94,5867155790,158069976015
2014-05-20,27.02,5867155790,158527620165
2014-05-21,27.49,5867155790,161258780469
2014-05-22,27.77,5867155790,162945578806
2014-05-23,28.19,5867155790,165395124853
2014-05-27,28.74,5867155790,168642591017
2014-05-28,28.52,5867155790,167345945649
2014-05-29,28.53,5867155790,167378219661
2014-05-30,28.58,5867155790,167697983053
2014-06-02,28.22,5867155790,165553529376
2014-06-03,27.73,5867155790,162669828482
2014-06-04,27.69,5867155790,162449807902
2014-06-05,28.25,5867155790,165726616112
2014-06-06,28.30,5867155790,166049311471
2014-06-09,28.54,5867155790,167428096662
2014-06-10,28.42,5867155790,166715237144
2014-06-11,28.38,5867155790,166480545541
2014-06-12,27.98,5867155790,164133685463
2014-06-13,28.02,5867155790,164383036899
2014-06-16,27.61,5867155790,162021505798
2014-06-17,27.53,5867155790,161528666860
2014-06-18,28.03,5867155790,164473983812
2014-06-19,28.25,5867155790,165744219101
2014-06-20,28.33,5867155790,166193056161
2014-06-23,28.71,5867155790,168472447439
2014-06-24,28.63,5867155790,167959073545
2014-06-25,29.30,5867155790,171887125215
2014-06-26,29.24,5867155790,171546838057
2014-06-27,29.28,5867155790,171816724448
2014-06-30,29.23,5867155790,171517496012
2014-07-01,29.57,5867155790,173518193808
2014-07-02,29.54,5867155790,173309912285
2014-07-03,29.65,5867155790,173984633858
2014-07-07,29.54,5867155790,173304048352
2014-07-08,28.92,5867155790,169678145894
2014-07-09,29.17,5867155790,171133195785
2014-07-10,29.00,5867155790,170159256966
2014-07-11,29.33,5867155790,172098349896
2014-07-14,29.71,5867155790,174330796139
2014-07-15,29.65,5867155790,173978769925
2014-07-16,29.53,5867155790,173262978440
2014-07-17,29.04,5867155790,170388073446
2014-07-18,30.26,5867155790,177513736660
2014-07-21,29.92,5867155790,175557040741
2014-07-22,30.18,5867155790,177061956443
2014-07-23,30.26,5867155790,177537203582
2014-07-24,30.15,5867155790,176897676797
2014-07-25,29.90,5867155790,175451422805
2014-07-28,29.95,5867155790,175727184320
2014-07-29,29.70,5867155790,174239860416
2014-07-30,29.77,5867155790,174676958420
2014-07-31,28.98,5867155790,170015512276
2014-08-01,28.68,5867155790,168270029848
2014-08-04,29.11,5867155790,170813443584
2014-08-05,28.66,5867155790,168135081057
2014-08-06,28.72,5867155790,168531120339
2014-08-07,28.59,5867155790,167744916898
2014-08-08,28.90,5867155790,169543197104
2014-08-11,28.86,5867155790,169340779513
2014-08-12,28.61,5867155790,167835863811
2014-08-13,29.23,5867155790,171485233190
2014-08-14,29.23,5867155790,171511632079
2014-08-15,29.19,5867155790,171235870564
2014-08-18,29.64,5867155790,173873163180
2014-08-19,29.86,5867155790,175166865391
2014-08-20,29.77,5867155790,174668162521
2014-08-21,29.62,5867155790,173791023357
2014-08-22,29.63,5867155790,173826229335
2014-08-25,29.53,5867155790,173248307417
2014-08-26,29.41,5867155790,172529583966
2014-08-27,29.15,5867155790,171027589040
2014-08-28,29.02,5867155790,170241396789
2014-08-29,29.12,5867155790,170839842472
2014-09-02,29.43,5867155790,172679192590
2014-09-03,29.48,5867155790,172940283081
2014-09-04,29.66,5867155790,174002236847
2014-09-05,29.89,5867155790,175363419049
2014-09-08,30.08,5867155790,176492841615
2014-09-09,29.60,5867155790,173659006532
2014-09-10,29.67,5867155790,174084376670
2014-09-11,29.56,5867155790,173406723130
2014-09-12,29.25,5867155790,171584976002
2014-09-15,29.08,5867155790,170628628982
2014-09-16,29.44,5867155790,172723194467
2014-09-17,29.66,5867155790,174046238725
2014-09-18,29.86,5867155790,175213810426
2014-09-19,30.27,5867155790,177598808449
2014-09-22,29.86,5867155790,175213810426
2014-09-23,29.56,5867155790,173427258086
2014-09-24,29.92,5867155790,175551165617
2014-09-25,29.26,5867155790,171687650781
2014-09-26,29.40,5867155790,172465047133
2014-09-29,29.39,5867155790,172438637054
2014-09-30,29.42,5867155790,172614655756
2014-10-01,28.98,5867155790,170038979198
2014-10-02,29.04,5867155790,170405676435
2014-10-03,29.31,5867155790,171981004094
2014-10-06,29.39,5867155790,172429841154
2014-10-07,28.70,5867155790,168416706504
2014-10-08,29.19,5867155790,171244677654
2014-10-09,28.54,5867155790,167451563585
2014-10-10,27.76,5867155790,162869314107
2014-10-13,27.24,5867155790,159806651354
2014-10-14,27.43,5867155790,160962483999
2014-10-15,27.04,5867155790,158627362977
2014-10-16,26.85,5867155790,157509668277
2014-10-17,26.15,5867155790,153417325771
2014-10-20,26.62,5867155790,156177816930
2014-10-21,26.90,5867155790,157835295603
2014-10-22,27.13,5867155790,159202341738
2014-10-23,27.68,5867155790,162417545081
2014-10-24,27.44,5867155790,161024088866
2014-10-27,27.49,5867155790,161311578246
2014-10-28,27.95,5867155790,163969405817
2014-10-29,27.92,5867155790,163825661127
2014-10-30,28.01,5867155790,164359569977
2014-10-31,28.39,5867155790,166589084253
2014-11-03,28.19,5867155790,165386317763
2014-11-04,28.21,5867155790,165509527498
2014-11-05,27.80,5867155790,163092266654
2014-11-06,27.58,5867155790,161842555129
2014-11-07,27.59,5867155790,161880693074
2014-11-10,27.91,5867155790,163761124294
2014-11-11,28.06,5867155790,164658798413
2014-11-12,27.91,5867155790,163766988227
2014-11-13,27.82,5867155790,163236011344
2014-11-14,27.76,5867155790,162869314107
2014-11-17,27.33,5867155790,160361106350
2014-11-18,27.23,5867155790,159736250587
2014-11-19,27.36,5867155790,160525385995
2014-11-20,27.19,5867155790,159516230007
2014-11-21,27.29,5867155790,160141085769
2014-11-24,27.37,5867155790,160607525818
2014-11-25,27.46,5867155790,161120899712
2014-11-26,27.39,5867155790,160680858551
2014-11-28,27.45,5867155790,161076897834
2014-12-01,26.98,5867155790,158310531551
2014-12-02,26.93,5867155790,157999575249
2014-12-03,26.85,5867155790,157524328110
2014-12-04,27.13,5867155790,159170067726
2014-12-05,26.40,5867155790,154916377540
2014-12-08,26.54,5867155790,155693785082
2014-12-09,26.81,5867155790,157272044708
2014-12-10,26.40,5867155790,154904649674
2014-12-11,26.61,5867155790,156098609074
2014-12-12,26.08,5867155790,152989023667
2014-12-15,25.79,5867155790,151325681061
2014-12-16,24.91,5867155790,146139121968
2014-12-17,25.32,5867155790,148571053835
2014-12-18,25.73,5867155790,150967790915
2014-12-19,26.00,5867155790,152557789596
2014-12-22,26.61,5867155790,156154350008
2014-12-23,26.94,5867155790,158052373026
2014-12-24,26.85,5867155790,157512600244
2014-12-26,27.08,5867155790,158859111423
2014-12-29,26.87,5867155790,157624070922
2014-12-30,26.76,5867155790,157028557205
2014-12-31,26.53,5867155790,155673250127
2015-01-02,26.48,5867155790,155347622801
2015-01-05,25.97,5867155790,152387634827
2015-01-06,25.33,5867155790,148626794770
2015-01-07,25.26,5867155790,148189685575
2015-01-08,25.35,5867155790,148706002626
2015-01-09,25.04,5867155790,146890108240
2015-01-12,24.85,5867155790,145816426609
2015-01-13,25.09,5867155790,147206939666
2015-01-14,25.30,5867155790,148418502055
2015-01-15,25.20,5867155790,147855262351
2015-01-16,25.52,5867155790,149747421436
2015-01-20,25.50,5867155790,149594869656
2015-01-21,26.02,5867155790,152660464375
2015-01-22,26.86,5867155790,157621138955
2015-01-23,27.10,5867155790,158985253124
2015-01-26,26.84,5867155790,157450995377
2015-01-27,26.06,5867155790,152895144788
2015-01-28,25.62,5867155790,150325332163
2015-01-29,25.66,5867155790,150560023766
2015-01-30,26.88,5867155790,157694482879
2015-02-02,26.61,5867155790,156125019153
2015-02-03,26.67,5867155790,156447714512
2015-02-04,26.31,5867155790,154335534846
2015-02-05,26.49,5867155790,155429762624
2015-02-06,26.69,5867155790,156617858091
2015-02-09,26.46,5867155790,155268414945
2015-02-10,27.01,5867155790,158460140174
2015-02-11,26.90,5867155790,157826488513
2015-02-12,27.30,5867155790,160176291748
2015-02-13,27.56,5867155790,161687082573
2015-02-17,27.25,5867155790,159882927244
2015-02-18,27.13,5867155790,159190602682
2015-02-19,27.32,5867155790,160305365415
2015-02-20,27.09,5867155790,158941251246
2015-02-23,26.75,5867155790,156946417383
2015-02-24,26.93,5867155790,158017178238
2015-02-25,27.37,5867155790,160563523940
2015-02-26,27.96,5867155790,164072080596
2015-02-27,28.13,5867155790,165051894539
2015-03-02,28.75,5867155790,168686592895
2015-03-03,28.94,5867155790,169792559730
2015-03-04,28.92,5867155790,169657610939
2015-03-05,29.07,5867155790,170567024115
2015-03-06,28.65,5867155790,168064680290
2015-03-09,28.70,5867155790,168416706504
2015-03-10,27.99,5867155790,164236360242
2015-03-11,27.78,5867155790,163015990763
2015-03-12,28.06,5867155790,164623592435
2015-03-13,27.65,5867155790,162226855355
2015-03-16,28.08,5867155790,164761473192
2015-03-17,27.88,5867155790,163579241658
2015-03-18,28.31,5867155790,166087449416
2015-03-19,28.18,5867155790,165356986908
2015-03-20,28.25,5867155790,165732480045
2015-03-23,28.27,5867155790,165855689779
2015-03-24,28.88,5867155790,169425862493
2015-03-25,28.35,5867155790,166333868885
2015-03-26,28.18,5867155790,165348179818
2015-03-27,27.88,5867155790,163561638669
2015-03-30,28.06,5867155790,164614785345
2015-03-31,27.74,5867155790,162725569417
2015-04-01,27.47,5867155790,161197175602
2015-04-02,27.07,5867155790,158797506556
2015-04-06,27.20,5867155790,159571970941
2015-04-07,27.24,5867155790,159838925366
2015-04-08,27.44,5867155790,161006485877
2015-04-09,27.40,5867155790,160765930341
2015-04-10,27.43,5867155790,160918482121
2015-04-13,27.43,5867155790,160947812976
2015-04-14,26.99,5867155790,158348669496
2015-04-15,27.05,5867155790,158718298700
2015-04-16,27.18,5867155790,159445829241
2015-04-17,26.64,5867155790,156283423675
2015-04-20,27.23,5867155790,159742114520
2015-04-21,27.15,5867155790,159269810538
2015-04-22,27.46,5867155790,161106228689
2015-04-23,27.87,5867155790,163535228590
2015-04-24,28.68,5867155790,168287632837
2015-04-27,28.31,5867155790,166075710359
2015-04-28,28.22,5867155790,165562336466
2015-04-29,28.07,5867155790,164688129268
2015-04-30,27.44,5867155790,160985950921
2015-05-01,27.56,5867155790,161687082573
2015-05-04,27.64,5867155790,162179921511
2015-05-05,27.15,5867155790,159305016517
2015-05-06,26.75,5867155790,156969884305
2015-05-07,27.10,5867155790,159011652013
2015-05-08,27.45,5867155790,161038759889
2015-05-11,27.29,5867155790,160108811757
2015-05-12,26.94,5867155790,158040645160
2015-05-13,26.97,5867155790,158263597707
2015-05-14,27.46,5867155790,161112092622
2015-05-15,27.32,5867155790,160317093281
2015-05-18,27.33,5867155790,160369902249
2015-05-19,27.46,5867155790,161135570735
2015-05-20,27.63,5867155790,162083110665
2015-05-21,27.84,5867155790,163344550055
2015-05-22,27.73,5867155790,162672760449
2015-05-26,27.36,5867155790,160522454029
2015-05-27,27.71,5867155790,162593552592
2015-05-28,27.71,5867155790,162573017636
2015-05-29,27.27,5867155790,159973874157
2015-06-01,27.46,5867155790,161115035779
2015-06-02,27.70,5867155790,162505548836
2015-06-03,27.76,5867155790,162898644962
2015-06-04,27.58,5867155790,161842555129
2015-06-05,27.48,5867155790,161208903468
2015-06-08,27.17,5867155790,159434090184
2015-06-09,27.11,5867155790,159046857991
2015-06-10,27.63,5867155790,162109509554
2015-06-11,27.50,5867155790,161358523281
2015-06-12,27.37,5867155790,160604593852
2015-06-15,27.15,5867155790,159293277460
2015-06-16,27.24,5867155790,159841857332
2015-06-17,27.33,5867155790,160349367293
2015-06-18,27.81,5867155790,163159735454
2015-06-19,27.88,5867155790,163552831579
2015-06-22,27.98,5867155790,164186483241
2015-06-23,28.17,5867155790,165274847085
2015-06-24,27.93,5867155790,163860855915
2015-06-25,27.90,5867155790,163678973280
2015-06-26,27.65,5867155790,162244458345
2015-06-29,27.06,5867155790,158779903567
2015-06-30,27.00,5867155790,158424945386
2015-07-01,27.17,5867155790,159381292407
2015-07-02,27.37,5867155790,160566455907
2015-07-06,27.28,5867155790,160061877913
2015-07-07,27.50,5867155790,161355580124
2015-07-08,27.08,5867155790,158911909201
2015-07-09,27.23,5867155790,159777320499
2015-07-10,27.81,5867155790,163139200498
2015-07-13,28.59,5867155790,167721449976
2015-07-14,29.21,5867155790,171373751321
2015-07-15,29.20,5867155790,171309214488
2015-07-16,30.09,5867155790,176536854683
2015-07-17,34.98,5867155790,205238970781
2015-07-20,34.64,5867155790,203250000850
2015-07-21,34.77,5867155790,203986349672
2015-07-22,34.76,5867155790,203913005748
2015-07-23,33.74,5867155790,197937300056
2015-07-24,32.74,5867155790,192081872132
2015-07-27,32.91,5867155790,193108642300
2015-07-28,32.98,5867155790,193516409448
2015-07-29,33.07,5867155790,194035636084
2015-07-30,33.23,5867155790,194953856350
2015-07-31,32.88,5867155790,192882746596
2015-08-03,33.24,5867155790,195000790195
2015-08-04,33.06,5867155790,193991634206
2015-08-05,33.66,5867155790,197514873075
2015-08-06,33.51,5867155790,196593720843
2015-08-07,33.22,5867155790,194903990539
2015-08-10,33.16,5867155790,194537293303
2015-08-11,34.51,5867155790,202504878511
2015-08-12,34.57,5867155790,202848120016
2015-08-13,34.33,5867155790,201393058934
2015-08-14,34.47,5867155790,202232048963
2015-08-17,34.71,5867155790,203622584401
2015-08-18,34.44,5867155790,202044313585
2015-08-19,34.70,5867155790,203602038255
2015-08-20,33.97,5867155790,199330745080
2015-08-21,32.20,5867155790,188931216814
2015-08-24,30.91,5867155790,181327385685
2015-08-25,30.62,5867155790,179672850169
2015-08-26,32.99,5867155790,193539865180
2015-08-27,33.40,5867155790,195951262091
2015-08-28,32.98,5867155790,193525205348
2015-08-31,32.39,5867155790,190043036390
2015-09-01,31.48,5867155790,184686333718
2015-09-02,32.25,5867155790,189189364148
2015-09-03,31.85,5867155790,186883585173
2015-09-04,31.45,5867155790,184510315015
2015-09-08,32.19,5867155790,188887214936
2015-09-09,32.17,5867155790,188749345369
2015-09-10,32.55,5867155790,190999394601
2015-09-11,32.76,5867155790,192237355878
2015-09-14,32.62,5867155790,191407161749
2015-09-15,33.25,5867155790,195103476164
2015-09-16,33.28,5867155790,195235481798
2015-09-17,33.58,5867155790,197039625936
2015-09-18,33.05,5867155790,193886038652
2015-09-21,33.35,5867155790,195663772711
2015-09-22,32.66,5867155790,191621307206
2015-09-23,32.66,5867155790,191647717285
2015-09-24,32.75,5867155790,192122942043
2015-09-25,32.01,5867155790,187792987158
2015-09-28,31.21,5867155790,183128597857
2015-09-29,31.13,5867155790,182647497976
2015-09-30,31.92,5867155790,187270817365
2015-10-01,32.10,5867155790,188335691906
2015-10-02,32.85,5867155790,192733126782
2015-10-05,33.58,5867155790,197042557903
2015-10-06,33.58,5867155790,197030830037
2015-10-07,33.50,5867155790,196549718965
2015-10-08,33.35,5867155790,195669636644
2015-10-09,33.56,5867155790,196913484235
2015-10-12,33.82,5867155790,198436002927
2015-10-13,34.16,5867155790,200413244992
2015-10-14,34.02,5867155790,199603574628
2015-10-15,34.65,5867155790,203302821009
2015-10-16,34.77,5867155790,203977531391
2015-10-19,35.00,5867155790,205335792818
2015-10-20,34.00,5867155790,199483296860
2015-10-21,33.59,5867155790,197077763881
2015-10-22,34.06,5867155790,199817720085
2015-10-23,35.97,5867155790,211021054782
2015-10-26,36.56,5867155790,214479745627
2015-10-27,36.64,5867155790,214978448497
2015-10-28,36.85,5867155790,216181226177
2015-10-29,37.24,5867155790,218507551300
2015-10-30,36.87,5867155790,216319095744
2015-11-02,37.39,5867155790,219355359608
2015-11-03,37.44,5867155790,219672191035
2015-11-04,37.77,5867155790,221576066795
2015-11-05,38.03,5867155790,223148473678
2015-11-06,38.08,5867155790,223421303226
2015-11-09,37.74,5867155790,221417651082
2015-11-10,37.91,5867155790,222441466902
2015-11-11,38.26,5867155790,224492052891
2015-11-12,37.83,5867155790,221933968132
2015-11-13,37.00,5867155790,217105310376
2015-11-16,37.52,5867155790,220141551859
2015-11-17,37.30,5867155790,218839042558
2015-11-18,38.00,5867155790,222954851986
2015-11-19,38.00,5867155790,222934328221
2015-11-20,38.85,5867155790,227938993489
2015-11-23,38.83,5867155790,227850989733
2015-11-24,38.48,5867155790,225776948013
2015-11-25,38.46,5867155790,225668420492
2015-11-27,38.60,5867155790,226463408642
2015-11-30,38.14,5867155790,223788000463
2015-12-01,39.19,5867155790,229930895386
2015-12-02,38.89,5867155790,228188367306
2015-12-03,38.41,5867155790,225357452999
2015-12-04,38.96,5867155790,228587316173
2015-12-07,38.65,5867155790,226762648270
2015-12-08,38.76,5867155790,227393356774
2015-12-09,38.13,5867155790,223699974326
2015-12-10,38.00,5867155790,222963647886
2015-12-11,37.52,5867155790,220141551859
2015-12-14,38.13,5867155790,223697042359
2015-12-15,38.00,5867155790,222978330099
2015-12-16,38.83,5867155790,227818715721
2015-12-17,38.49,5867155790,225835632104
2015-12-18,37.84,5867155790,222027835821
2015-12-21,38.04,5867155790,223186611623
2015-12-22,38.36,5867155790,225043553539
2015-12-23,38.43,5867155790,225448388721
2015-12-24,38.29,5867155790,224665128436
2015-12-28,39.11,5867155790,229476194394
2015-12-29,39.70,5867155790,232914361474
2015-12-30,39.51,5867155790,231840657461
2015-12-31,38.90,5867155790,228235301150
2016-01-04,37.97,5867155790,222787640374
2016-01-05,38.08,5867155790,223400757080
2016-01-06,37.97,5867155790,222755366362
2016-01-07,37.05,5867155790,217378117543
2016-01-08,36.55,5867155790,214418151950
2016-01-11,36.65,5867155790,215051792421
2016-01-12,37.27,5867155790,218651284799
2016-01-13,35.98,5867155790,211091466739
2016-01-14,36.57,5867155790,214558953483
2016-01-15,35.52,5867155790,208427786426
2016-01-19,35.95,5867155790,210947710858
2016-01-20,35.93,5867155790,210795181459
2016-01-21,36.33,5867155790,213174304359
2016-01-22,37.27,5867155790,218686490778
2016-01-25,36.68,5867155790,215213140101
2016-01-26,36.69,5867155790,215263005911
2016-01-27,35.88,5867155790,210507692079
2016-01-28,37.42,5867155790,219519639254
2016-01-29,38.07,5867155790,223347959303
2016-02-01,38.54,5867155790,226111393619
2016-02-02,39.05,5867155790,229086041425
2016-02-03,37.47,5867155790,219836470680
2016-02-04,36.50,5867155790,214159982234
2016-02-05,35.19,5867155790,206453476327
2016-02-08,35.21,5867155790,206570822129
2016-02-09,35.05,5867155790,205649669896
2016-02-10,35.34,5867155790,207359946346
2016-02-11,35.32,5867155790,207216212847
2016-02-12,35.34,5867155790,207371696593
2016-02-16,35.88,5867155790,210525283878
2016-02-17,36.60,5867155790,214729097062
2016-02-18,35.88,5867155790,210487145933
2016-02-19,36.11,5867155790,211836589079
2016-02-22,36.45,5867155790,213872492854
2016-02-23,35.86,5867155790,210422597908
2016-02-24,36.04,5867155790,211481619707
2016-02-25,36.46,5867155790,213893039000
2016-02-26,36.24,5867155790,212643327476
2016-02-29,35.86,5867155790,210402074143
2016-03-01,37.11,5867155790,217721359049
2016-03-02,36.97,5867155790,216932212450
2016-03-03,36.58,5867155790,214617615193
2016-03-04,36.51,5867155790,214215734359
2016-03-07,35.64,5867155790,209105428775
2016-03-08,35.68,5867155790,209319574231
2016-03-09,36.27,5867155790,212804675156
2016-03-10,36.61,5867155790,214787781154
2016-03-11,37.24,5867155790,218513415232
2016-03-14,37.51,5867155790,220088754082
2016-03-15,37.53,5867155790,220185553737
2016-03-16,37.87,5867155790,222177455635
2016-03-17,37.92,5867155790,222506014927
2016-03-18,37.77,5867155790,221605408841
2016-03-21,38.11,5867155790,223585582872
2016-03-22,38.00,5867155790,222966579852
2016-03-23,37.88,5867155790,222236117345
2016-03-24,37.74,5867155790,221438197228
2016-03-28,37.66,5867155790,220980564269
2016-03-29,38.29,5867155790,224679788269
2016-03-30,38.42,5867155790,225398522910
2016-03-31,38.15,5867155790,223802660295
2016-04-01,38.48,5867155790,225788698260
2016-04-04,38.26,5867155790,224453914946
2016-04-05,37.93,5867155790,222532425006
2016-04-06,38.40,5867155790,225319315054
2016-04-07,38.01,5867155790,222987125999
2016-04-08,37.97,5867155790,222796436273
2016-04-11,37.88,5867155790,222230253412
2016-04-12,38.22,5867155790,224219223343
2016-04-13,38.60,5867155790,226445816844
2016-04-14,38.77,5867155790,227466700698
2016-04-15,39.00,5867155790,228819075810
2016-04-18,39.38,5867155790,231072057008
2016-04-19,38.81,5867155790,227718984099
2016-04-20,38.75,5867155790,227328808750
2016-04-21,39.00,5867155790,228819075810
2016-04-22,36.89,5867155790,216430577613
2016-04-25,37.11,5867155790,217733086914
2016-04-26,36.27,5867155790,212792947290
2016-04-27,36.07,5867155790,211645921735
2016-04-28,35.25,5867155790,206834833396
2016-04-29,35.39,5867155790,207662117940
2016-05-02,35.72,5867155790,209577743947
2016-05-03,35.42,5867155790,207826397586
2016-05-04,35.57,5867155790,208685933760
2016-05-05,35.74,5867155790,209665747703
2016-05-06,36.26,5867155790,212737195165
2016-05-09,36.46,5867155790,213895970967
2016-05-10,36.97,5867155790,216902892785
2016-05-11,36.53,5867155790,214312534014
2016-05-12,36.40,5867155790,213585003474
2016-05-13,36.24,5867155790,212634531577
2016-05-16,36.51,5867155790,214239190091
2016-05-17,36.01,5867155790,211273338184
2016-05-18,36.09,5867155790,211739789423
2016-05-19,35.77,5867155790,209841755215
2016-05-20,36.09,5867155790,211719243277
2016-05-23,35.86,5867155790,210410870043
2016-05-24,36.65,5867155790,215040064555
2016-05-25,36.90,5867155790,216527377268
2016-05-26,36.85,5867155790,216184158144
2016-05-27,37.38,5867155790,219314289697
2016-05-31,37.44,5867155790,219680986934
2016-06-01,37.42,5867155790,219566573099
2016-06-02,37.21,5867155790,218337407721
2016-06-03,36.79,5867155790,215870258684
2016-06-06,36.50,5867155790,214168778134
2016-06-07,36.55,5867155790,214470949728
2016-06-08,37.15,5867155790,217944300405
2016-06-09,37.13,5867155790,217824022637
2016-06-10,36.66,5867155790,215086998400
2016-06-13,36.59,5867155790,214702709364
2016-06-14,36.66,5867155790,215104590198
2016-06-15,36.61,5867155790,214793645086
2016-06-16,36.21,5867155790,212464387998
2016-06-17,35.21,5867155790,206597232208
2016-06-20,35.31,5867155790,207148732856
2016-06-21,35.44,5867155790,207955471253
2016-06-22,35.52,5867155790,208421900112
2016-06-23,35.74,5867155790,209712681547
2016-06-24,34.26,5867155790,201008747518
2016-06-27,34.06,5867155790,199817720085
2016-06-28,34.56,5867155790,202786503958
2016-06-29,34.76,5867155790,203939393446
2016-06-30,35.18,5867155790,206385996336
2016-07-01,35.51,5867155790,208357374469
2016-07-05,35.24,5867155790,206784967585
2016-07-06,35.45,5867155790,207981881332
2016-07-07,35.36,5867155790,207480224114
2016-07-08,35.89,5867155790,210566353789
2016-07-11,36.36,5867155790,213329788105
2016-07-12,36.63,5867155790,214887512775
2016-07-13,36.47,5867155790,213998634555
2016-07-14,36.79,5867155790,215852666886
2016-07-15,36.78,5867155790,215802801075
2016-07-18,37.66,5867155790,220957086156
2016-07-19,37.67,5867155790,221018702214
2016-07-20,37.85,5867155790,222095315812
2016-07-21,37.72,5867155790,221312055527
2016-07-22,37.96,5867155790,222740706530
2016-07-25,37.88,5867155790,222224389479
2016-07-26,37.88,5867155790,222262527424
2016-07-27,38.10,5867155790,223529830747
2016-07-28,38.29,5867155790,224665128436
2016-07-29,39.57,5867155790,232145761021
2016-08-01,40.05,5867155790,234961993115
2016-08-02,40.01,5867155790,234721437579
2016-08-03,39.95,5867155790,234369400174
2016-08-04,39.86,5867155790,233879493203
2016-08-05,40.35,5867155790,236719203409
2016-08-08,40.26,5867155790,236220500538
2016-08-09,40.37,5867155790,236880551088
2016-08-10,40.42,5867155790,237176836368
2016-08-11,40.41,5867155790,237091764579
2016-08-12,40.35,5867155790,236754409388
2016-08-15,40.30,5867155790,236434645995
2016-08-16,40.06,5867155790,235035337038
2016-08-17,40.27,5867155790,236276230282
2016-08-18,40.14,5867155790,235492969997
2016-08-19,39.98,5867155790,234583545631
2016-08-22,39.85,5867155790,233791489447
2016-08-23,39.83,5867155790,233685871511
2016-08-24,39.68,5867155790,232808743538
2016-08-25,39.56,5867155790,232134010774
2016-08-26,39.66,5867155790,232697261669
2016-08-29,39.79,5867155790,233459998189
2016-08-30,39.60,5867155790,232315904600
2016-08-31,39.49,5867155790,231708651827
2016-09-01,39.57,5867155790,232163352820
2016-09-02,39.84,5867155790,233768011334
2016-09-06,40.40,5867155790,237038966801
2016-09-07,40.40,5867155790,237030170902
2016-09-08,40.14,5867155790,235519357695
2016-09-09,39.42,5867155790,231306748612
2016-09-12,39.94,5867155790,234340080510
2016-09-13,39.44,5867155790,231377160569
2016-09-14,39.52,5867155790,231887591305
2016-09-15,40.06,5867155790,235047064904
2016-09-16,39.90,5867155790,234090706693
2016-09-19,39.77,5867155790,233333856488
2016-09-20,39.99,5867155790,234621683576
2016-09-21,40.25,5867155790,236161816447
2016-09-22,40.80,5867155790,239365291924
2016-09-23,40.75,5867155790,239074870577
2016-09-26,40.13,5867155790,235463627952
2016-09-27,40.54,5867155790,237833954952
2016-09-28,40.50,5867155790,237637401294
2016-09-29,40.13,5867155790,235460695985
2016-09-30,40.20,5867155790,235877259033
2016-10-03,40.02,5867155790,234797713469
2016-10-04,40.14,5867155790,235504697863
2016-10-05,40.06,5867155790,235047064904
2016-10-06,40.15,5867155790,235589769653
2016-10-07,40.04,5867155790,234894513124
2016-10-10,40.71,5867155790,238843110940
2016-10-11,40.48,5867155790,237493667794
2016-10-12,40.59,5867155790,238139058512
2016-10-13,40.20,5867155790,235883122966
2016-10-14,40.23,5867155790,236035674746
2016-10-17,40.34,5867155790,236692793330
2016-10-18,41.07,5867155790,240990496584
2016-10-19,41.34,5867155790,242559949120
2016-10-20,41.08,5867155790,241031566496
2016-10-21,41.20,5867155790,241744414823
2016-10-24,41.79,5867155790,245170831656
2016-10-25,41.43,5867155790,243061606338
2016-10-26,41.10,5867155790,241169436062
2016-10-27,40.87,5867155790,239775991038
2016-10-28,40.98,5867155790,240424313723
2016-10-31,40.49,5867155790,237590467449
2016-11-01,40.27,5867155790,236293822081
2016-11-02,39.42,5867155790,231289156813
2016-11-03,39.11,5867155790,229461534561
2016-11-04,39.06,5867155790,229141771169
2016-11-07,40.10,5867155790,235281756507
2016-11-08,40.60,5867155790,238200652189
2016-11-09,40.28,5867155790,236326096093
2016-11-10,39.01,5867155790,228904147599
2016-11-11,38.59,5867155790,226398882999
2016-11-14,37.66,5867155790,220962950089
2016-11-15,38.76,5867155790,227399220707
2016-11-16,39.00,5867155790,228813211877
2016-11-17,39.31,5867155790,230626151915
2016-11-18,38.80,5867155790,227636844276
2016-11-21,39.24,5867155790,230227203047
2016-11-22,39.25,5867155790,230285864758
2016-11-23,38.95,5867155790,228525722497
2016-11-25,39.01,5867155790,228886555801
2016-11-28,39.29,5867155790,230517624394
2016-11-29,39.47,5867155790,231588374059
2016-11-30,38.79,5867155790,227610434197
2016-12-01,38.22,5867155790,224222155309
2016-12-02,38.22,5867155790,224260293254
2016-12-05,38.91,5867155790,228296894827
2016-12-06,38.81,5867155790,227698437953
2016-12-07,39.57,5867155790,232183898966
2016-12-08,39.76,5867155790,233269308463
2016-12-09,40.47,5867155790,237458461816
2016-12-12,40.40,5867155790,237003760823
2016-12-13,40.77,5867155790,239186330064
2016-12-14,40.89,5867155790,239934406751
2016-12-15,40.78,5867155790,239277288168
2016-12-16,40.49,5867155790,237572875651
2016-12-19,40.63,5867155790,238353203969
2016-12-20,40.76,5867155790,239145260153
2016-12-21,40.61,5867155790,238265200213
2016-12-22,40.48,5867155790,237525941806
2016-12-23,40.39,5867155790,236974418777
2016-12-27,40.50,5867155790,237599263349
2016-12-28,40.23,5867155790,236026878847
2016-12-29,40.14,5867155790,235531107942
2016-12-30,39.62,5867155790,232471388347
2017-01-03,40.40,5867155790,237036034835
2017-01-04,40.39,5867155790,236965622878
2017-01-05,40.65,5867155790,238505755749
2017-01-06,41.26,5867155790,242081792395
2017-01-09,41.36,5867155790,242659703123
2017-01-10,41.30,5867155790,242316461617
2017-01-11,41.49,5867155790,243445895374
2017-01-12,41.48,5867155790,243349095718
2017-01-13,41.55,5867155790,243762726800
2017-01-17,41.37,5867155790,242741842946
2017-01-18,41.45,5867155790,243199475905
2017-01-19,41.22,5867155790,241835350545
2017-01-20,41.41,5867155790,242950124469
2017-01-23,42.22,5867155790,247720120515
2017-01-24,42.48,5867155790,249216251508
2017-01-25,42.92,5867155790,251832997977
2017-01-26,42.85,5867155790,251401752716
2017-01-27,42.25,5867155790,247896128027
2017-01-30,41.19,5867155790,241676957214
2017-01-31,41.01,5867155790,240609117134
2017-02-01,40.76,5867155790,239157010400
2017-02-02,40.91,5867155790,240042934272
2017-02-03,41.01,5867155790,240591525335
2017-02-06,41.08,5867155790,241028634529
2017-02-07,41.46,5867155790,243261069581
2017-02-08,41.49,5867155790,243451759306
2017-02-09,41.50,5867155790,243504557084
2017-02-10,41.74,5867155790,244909752355
2017-02-13,41.95,5867155790,246115462001
2017-02-14,42.00,5867155790,246429339079
2017-02-15,41.87,5867155790,245634350929
2017-02-16,42.11,5867155790,247057137999
2017-02-17,42.33,5867155790,248342033120
2017-02-21,42.46,5867155790,249139975618
2017-02-22,42.57,5867155790,249753092324
2017-02-23,42.55,5867155790,249647474388
2017-02-24,42.39,5867155790,248711662324
2017-02-27,42.48,5867155790,249257321420
2017-02-28,42.25,5867155790,247866785981
2017-03-01,42.84,5867155790,251334295107
2017-03-02,42.49,5867155790,249310119197
2017-03-03,42.45,5867155790,249084223493
2017-03-06,42.36,5867155790,248553246610
2017-03-07,42.56,5867155790,249691476266
2017-03-08,42.68,5867155790,250421938773
2017-03-09,42.89,5867155790,251654036118
2017-03-10,43.07,5867155790,252701330051
2017-03-13,43.23,5867155790,253631278183
2017-03-14,43.30,5867155790,254021453533
2017-03-15,43.42,5867155790,254748961692
2017-03-16,43.50,5867155790,255221276865
2017-03-17,43.62,5867155790,255916533394
2017-03-20,43.40,5867155790,254608160159
2017-03-21,42.51,5867155790,249395190986
2017-03-22,42.49,5867155790,249295459365
2017-03-23,41.98,5867155790,246317857211
2017-03-24,41.76,5867155790,244994824144
2017-03-27,41.93,5867155790,245983433986
2017-03-28,42.03,5867155790,246605368972
2017-03-29,42.49,5867155790,249315983130
2017-03-30,42.47,5867155790,249201569295
2017-03-31,42.39,5867155790,248708730357
2017-04-03,42.84,5867155790,251334295107
2017-04-04,42.63,5867155790,250108061695
2017-04-05,42.45,5867155790,249034357682
2017-04-06,42.26,5867155790,247916674173
2017-04-07,42.10,5867155790,247036591852
2017-04-10,42.08,5867155790,246919246051
2017-04-11,41.99,5867155790,246385337201
2017-04-12,42.07,5867155790,246848856475
2017-04-13,42.01,5867155790,246473340957
2017-04-17,42.76,5867155790,250859047968
2017-04-18,42.70,5867155790,250524624743
2017-04-19,42.83,5867155790,251263883149
2017-04-20,43.00,5867155790,252311177083
2017-04-21,42.95,5867155790,251979663443
2017-04-24,43.95,5867155790,257840955300
2017-04-25,44.44,5867155790,260748145497
2017-04-26,44.46,5867155790,260836149253
2017-04-27,44.57,5867155790,261510859636
2017-04-28,46.23,5867155790,271215153754
2017-05-01,46.64,5867155790,273650006397
2017-05-02,46.85,5867155790,274902649888
2017-05-03,47.42,5867155790,278235199032
2017-05-04,47.74,5867155790,280074549150
2017-05-05,47.51,5867155790,278772039848
2017-05-08,47.93,5867155790,281239188885
2017-05-09,47.84,5867155790,280658323810
2017-05-10,47.74,5867155790,280109755128
2017-05-11,47.79,5867155790,280417768274
2017-05-12,47.76,5867155790,280197758884
2017-05-15,47.96,5867155790,281394650250
2017-05-16,48.23,5867155790,282975853032
2017-05-17,47.11,5867155790,276392916949
2017-05-18,47.53,5867155790,278836587872
2017-05-19,47.73,5867155790,280054003003
2017-05-22,48.20,5867155790,282817437319
2017-05-23,48.53,5867155790,284718403494
2017-05-24,48.88,5867155790,286789513248
2017-05-25,49.59,5867155790,290969848320
2017-05-26,49.66,5867155790,291383501783
2017-05-30,49.81,5867155790,292234219676
2017-05-31,49.35,5867155790,289570539363
2017-06-01,49.41,5867155790,289922576768
2017-06-02,49.81,5867155790,292219559844
2017-06-05,50.19,5867155790,294496019156
2017-06-06,49.83,5867155790,292383839490
2017-06-07,50.08,5867155790,293797830661
2017-06-08,50.21,5867155790,294613364957
2017-06-09,48.51,5867155790,284592261794
2017-06-12,48.09,5867155790,282154454803
2017-06-13,48.53,5867155790,284703743662
2017-06-14,48.40,5867155790,283949803042
2017-06-15,48.01,5867155790,281676275697
2017-06-16,47.93,5867155790,281218642738
2017-06-19,48.76,5867155790,286088392787
2017-06-20,48.45,5867155790,284260770535
2017-06-21,48.93,5867155790,287077002629
2017-06-22,48.83,5867155790,286499091902
2017-06-23,49.30,5867155790,289277186050
2017-06-26,48.60,5867155790,285170172521
2017-06-27,47.40,5867155790,278129581096
2017-06-28,48.05,5867155790,281919763200
2017-06-29,46.89,5867155790,275116795345
2017-06-30,46.48,5867155790,272728876546
2017-07-03,45.97,5867155790,269730750627
2017-07-05,46.61,5867155790,273485726752
2017-07-06,46.38,5867155790,272145079505
2017-07-07,47.04,5867155790,275993945700
2017-07-10,47.55,5867155790,278983253338
2017-07-11,47.68,5867155790,279725443711
2017-07-12,48.38,5867155790,283870595186
2017-07-13,48.44,5867155790,284219700624
2017-07-14,48.85,5867155790,286584163691
2017-07-17,48.80,5867155790,286305470210
2017-07-18,49.35,5867155790,289529469452
2017-07-19,49.64,5867155790,291236813935
2017-07-20,49.61,5867155790,291066670356
2017-07-21,49.69,5867155790,291550713395
2017-07-24,49.92,5867155790,292862018596
2017-07-25,48.45,5867155790,284272498401
2017-07-26,48.27,5867155790,283181202590
2017-07-27,47.63,5867155790,279426226465
2017-07-28,47.92,5867155790,281133570949
2017-07-31,47.28,5867155790,277369798925
2017-08-01,47.33,5867155790,277680744037
2017-08-02,47.38,5867155790,277997575463
2017-08-03,47.01,5867155790,275844325886
2017-08-04,47.29,5867155790,277454870714
2017-08-07,47.29,5867155790,277443120467
2017-08-08,47.21,5867155790,276985487508
2017-08-09,47.00,5867155790,275779800243
2017-08-10,46.18,5867155790,270942324206
2017-08-11,46.50,5867155790,272849154314
2017-08-14,46.95,5867155790,275442422670
2017-08-15,46.90,5867155790,275193071235
2017-08-16,47.21,5867155790,277008965621
2017-08-17,46.38,5867155790,272136283606
2017-08-18,46.31,5867155790,271702106378
2017-08-21,46.04,5867155790,270144381708
2017-08-22,47.02,5867155790,275873667932
2017-08-23,47.13,5867155790,276513194717
2017-08-24,46.84,5867155790,274843988178
2017-08-25,46.53,5867155790,272969432082
2017-08-28,46.41,5867155790,272274175554
2017-08-29,46.79,5867155790,274509542572
2017-08-30,47.18,5867155790,276821207862
2017-08-31,47.76,5867155790,280227100930
2017-09-01,47.60,5867155790,279273674685
2017-09-05,47.07,5867155790,276190499358
2017-09-06,47.10,5867155790,276348915071
2017-09-07,47.49,5867155790,278657626013
2017-09-08,47.07,5867155790,276169953211
2017-09-11,47.16,5867155790,276721476240
2017-09-12,47.33,5867155790,277707154116
2017-09-13,47.52,5867155790,278818973692
2017-09-14,47.01,5867155790,275794460075
2017-09-15,46.76,5867155790,274374604972
2017-09-18,46.49,5867155790,272749400311
2017-09-19,46.84,5867155790,274835169897
2017-09-20,47.38,5867155790,277968233417
2017-09-21,47.38,5867155790,277971165383
2017-09-22,47.16,5867155790,276712657960
2017-09-25,46.71,5867155790,274078319692
2017-09-26,46.87,5867155790,275002381510
2017-09-27,47.99,5867155790,281594135874
2017-09-28,48.24,5867155790,283034537124
2017-09-29,48.69,5867155790,285648351626
2017-10-02,48.37,5867155790,283814865442
2017-10-03,48.60,5867155790,285167240554
2017-10-04,48.34,5867155790,283612447851
2017-10-05,49.26,5867155790,289013152401
2017-10-06,49.68,5867155790,291492029303
2017-10-09,49.62,5867155790,291101876335
2017-10-10,49.39,5867155790,289778820887
2017-10-11,50.28,5867155790,295015268173
2017-10-12,50.28,5867155790,295015268173
2017-10-13,50.39,5867155790,295666522824
2017-10-16,50.47,5867155790,296100677670
2017-10-17,50.55,5867155790,296584720708
2017-10-18,50.64,5867155790,297095173826
2017-10-19,50.09,5867155790,293897562282
2017-10-20,50.25,5867155790,294845124594
2017-10-23,49.28,5867155790,289115838371
2017-10-24,49.42,5867155790,289981238478
2017-10-25,49.57,5867155790,290852524900
2017-10-26,49.57,5867155790,290840774653
2017-10-27,51.68,5867155790,303235136783
2017-10-30,51.66,5867155790,303076743451
2017-10-31,51.65,5867155790,303050333372
2017-11-01,52.13,5867155790,305854837599
2017-11-02,52.15,5867155790,305963365120
2017-11-03,52.50,5867155790,308022747009
2017-11-06,52.13,5867155790,305878293331
2017-11-07,52.62,5867155790,308726799437
2017-11-08,52.91,5867155790,310457622033
2017-11-09,52.39,5867155790,307356832526
2017-11-10,52.21,5867155790,306309538592
2017-11-13,52.06,5867155790,305444138485
2017-11-14,52.08,5867155790,305573212152
2017-11-15,51.82,5867155790,304038943214
2017-11-16,52.42,5867155790,307576841915
2017-11-17,51.79,5867155790,303886391434
2017-11-20,51.73,5867155790,303525580511
2017-11-21,52.51,5867155790,308113682731
2017-11-22,52.60,5867155790,308588929870
2017-11-24,52.83,5867155790,309938373016
2017-11-27,53.60,5867155790,314482473358
2017-11-28,53.16,5867155790,311924410980
2017-11-29,51.87,5867155790,304323500628
2017-11-30,51.81,5867155790,303968531256
2017-12-01,51.25,5867155790,300712280384
2017-12-04,50.59,5867155790,296839936076
2017-12-05,50.98,5867155790,299107599488
2017-12-06,51.64,5867155790,302956465683
2017-12-07,52.23,5867155790,306432748327
2017-12-08,52.47,5867155790,307843807530
2017-12-11,52.60,5867155790,308603589702
2017-12-12,52.44,5867155790,307664845671
2017-12-13,52.57,5867155790,308433446123
2017-12-14,52.87,5867155790,310217066497
2017-12-15,53.60,5867155790,314479541391
2017-12-18,54.25,5867155790,318319611687
2017-12-19,53.99,5867155790,316761864636
2017-12-20,53.68,5867155790,314937196732
2017-12-21,53.54,5867155790,314142186200
2017-12-22,53.44,5867155790,313558411540
2017-12-26,53.29,5867155790,312675397253
2017-12-27,53.01,5867155790,311017918580
2017-12-28,52.80,5867155790,309771161404
2017-12-29,52.67,5867155790,309023084716
2018-01-02,53.66,5867155790,314834510763
2018-01-03,54.58,5867155790,320205895648
2018-01-04,54.79,5867155790,321449720858
2018-01-05,55.51,5867155790,325712218134
2018-01-08,55.71,5867155790,326862175656
2018-01-09,55.64,5867155790,326445612608
2018-01-10,55.51,5867155790,325668216256
2018-01-11,55.60,5867155790,326228535185
2018-01-12,56.53,5867155790,331684991860
2018-01-16,56.53,5867155790,331699651692
2018-01-17,56.96,5867155790,334163868763
2018-01-18,56.80,5867155790,333245648496
2018-01-19,57.17,5867155790,335454627817
2018-01-22,58.21,5867155790,341515405299
2018-01-23,58.81,5867155790,345038621786
2018-01-24,58.56,5867155790,343607038818
2018-01-25,59.11,5867155790,346789968148
2018-01-26,59.38,5867155790,348379966830
2018-01-29,59.32,5867155790,348063157785
2018-01-30,58.87,5867155790,345390659191
2018-01-31,59.11,5867155790,346813446261
2018-02-01,59.08,5867155790,346628620468
2018-02-02,55.96,5867155790,328326032637
2018-02-05,53.12,5867155790,311660377332
2018-02-06,54.22,5867155790,318125989995
2018-02-07,52.77,5867155790,309612745691
2018-02-08,50.39,5867155790,295619588979
2018-02-09,52.31,5867155790,306931451197
2018-02-12,52.73,5867155790,309363394255
2018-02-13,52.71,5867155790,309240184521
2018-02-14,53.63,5867155790,314684890949
2018-02-15,54.57,5867155790,320158961804
2018-02-16,54.78,5867155790,321373467350
2018-02-20,55.18,5867155790,323746726316
2018-02-21,55.69,5867155790,326727238056
2018-02-22,55.49,5867155790,325597804299
2018-02-23,56.40,5867155790,330933983206
2018-02-26,57.19,5867155790,335513311908
2018-02-27,55.88,5867155790,327830261733
2018-02-28,55.20,5867155790,323843525971
2018-03-01,53.57,5867155790,314306465846
2018-03-02,54.21,5867155790,318040918206
2018-03-05,54.74,5867155790,321156367545
2018-03-06,55.04,5867155790,322957579717
2018-03-07,55.75,5867155790,327105663158
2018-03-08,56.47,5867155790,331312430690
2018-03-09,58.04,5867155790,340541455289
2018-03-12,58.30,5867155790,342034654316
2018-03-13,57.00,5867155790,334401469951
2018-03-14,57.44,5867155790,337035830600
2018-03-15,57.53,5867155790,337540397403
2018-03-16,56.72,5867155790,332790947504
2018-03-19,55.00,5867155790,322714114596
2018-03-20,54.79,5867155790,321461471106
2018-03-21,54.70,5867155790,320933426189
2018-03-22,52.66,5867155790,308949763174
2018-03-23,51.33,5867155790,301146435230
2018-03-26,52.70,5867155790,309225502307
2018-03-27,50.35,5867155790,295393693275
2018-03-28,50.26,5867155790,294877376225
2018-03-29,51.86,5867155790,304253088670
2018-04-02,50.63,5867155790,297062899814
2018-04-03,50.93,5867155790,298837701907
2018-04-04,51.49,5867155790,302073451396
2018-04-05,51.63,5867155790,302932987570
2018-04-06,50.50,5867155790,296276707563
2018-04-09,51.00,5867155790,299251355369
2018-04-10,51.83,5867155790,304065353293
2018-04-11,51.25,5867155790,300709326036
2018-04-12,51.86,5867155790,304297090548
2018-04-13,51.80,5867155790,303930393311
2018-04-16,52.31,5867155790,306881585386
2018-04-17,53.97,5867155790,316638654901
2018-04-18,53.77,5867155790,315474037548
2018-04-19,54.47,5867155790,319598642876
2018-04-20,53.87,5867155790,316040220409
2018-04-23,53.69,5867155790,315010518274
2018-04-24,51.13,5867155790,299999409675
2018-04-25,51.15,5867155790,300102095645
2018-04-26,52.17,5867155790,306063119123
2018-04-27,51.57,5867155790,302583882132
2018-04-30,50.93,5867155790,298808382242
2018-05-01,52.04,5867155790,305312110470
2018-05-02,51.30,5867155790,300999769764
2018-05-03,51.31,5867155790,301073091307
2018-05-04,52.55,5867155790,308319032288
2018-05-07,52.97,5867155790,310800841157
2018-05-08,52.93,5867155790,310545625789
2018-05-09,54.45,5867155790,319451955028
2018-05-10,55.27,5867155790,324298226964
2018-05-11,55.17,5867155790,323685110258
2018-05-14,55.33,5867155790,324629740604
2018-05-15,54.24,5867155790,318255063662
2018-05-16,54.20,5867155790,318026235992
2018-05-17,54.06,5867155790,317196041863
2018-05-18,53.48,5867155790,313787216829
2018-05-21,54.20,5867155790,318002780261
2018-05-22,53.77,5867155790,315450559435
2018-05-23,54.30,5867155790,318574827055
2018-05-24,54.27,5867155790,318425207241
2018-05-25,54.20,5867155790,318023304026
2018-05-29,53.40,5867155790,313326651904
2018-05-30,53.87,5867155790,316084222287
2018-05-31,55.00,5867155790,322693568450
2018-06-01,56.75,5867155790,332961091083
2018-06-04,57.65,5867155790,338253268112
2018-06-05,57.55,5867155790,337660675171
2018-06-06,57.35,5867155790,336466715772
2018-06-07,56.72,5867155790,332790947504
2018-06-08,56.64,5867155790,332289312667
2018-06-11,57.04,5867155790,334691891297
2018-06-12,57.41,5867155790,336830481042
2018-06-13,57.21,5867155790,335668773274
2018-06-14,58.01,5867155790,340327309832
2018-06-15,57.96,5867155790,340080890363
2018-06-18,59.18,5867155790,347212417510
2018-06-19,58.93,5867155790,345777902575
2018-06-20,59.20,5867155790,347356151009
2018-06-21,58.47,5867155790,343064334069
2018-06-22,58.46,5867155790,343020332191
2018-06-25,56.96,5867155790,334216666540
2018-06-26,56.63,5867155790,332262902587
2018-06-27,55.85,5867155790,327663050120
2018-06-28,56.34,5867155790,330549694171
2018-06-29,56.46,5867155790,331256678565
2018-07-02,57.11,5867155790,335046860669
2018-07-03,55.81,5867155790,327469428429
2018-07-05,57.06,5867155790,334806305133
2018-07-06,57.75,5867155790,338851724985
2018-07-09,58.36,5867155790,342430671217
2018-07-10,58.36,5867155790,342389601305
2018-07-11,58.57,5867155790,343656927010
2018-07-12,60.06,5867155790,352398976603
2018-07-13,60.22,5867155790,353325992769
2018-07-16,59.83,5867155790,351005531579
2018-07-17,60.65,5867155790,355866463348
2018-07-18,60.65,5867155790,355816597537
2018-07-19,59.96,5867155790,351765336133
2018-07-20,59.89,5867155790,351407434795
2018-07-23,60.55,5867155790,355256278608
2018-07-24,62.91,5867155790,369088110021
2018-07-25,63.80,5867155790,374306943127
2018-07-26,64.28,5867155790,377111447355
2018-07-27,62.64,5867155790,367545045184
2018-07-30,61.50,5867155790,360841808951
2018-07-31,61.36,5867155790,360014546788
2018-08-01,61.65,5867155790,361707231440
2018-08-02,62.06,5867155790,364095150238
2018-08-03,61.91,5867155790,363223886198
2018-08-06,61.88,5867155790,363080130317
2018-08-07,62.79,5867155790,368410445291
2018-08-08,63.07,5867155790,370020990120
2018-08-09,63.22,5867155790,370939188004
2018-08-10,62.63,5867155790,367433563315
2018-08-13,62.43,5867155790,366298265626
2018-08-14,62.91,5867155790,369085178055
2018-08-15,61.61,5867155790,361481335736
2018-08-16,61.20,5867155790,359087530623
2018-08-17,60.79,5867155790,356679065678
2018-08-20,61.10,5867155790,358468549984
2018-08-21,60.87,5867155790,357136698637
2018-08-22,61.09,5867155790,358409888274
2018-08-23,61.06,5867155790,358236790348
2018-08-24,61.84,5867155790,362810255117
2018-08-27,62.81,5867155790,368536586992
2018-08-28,62.29,5867155790,365482731329
2018-08-29,63.23,5867155790,370994917748
2018-08-30,62.72,5867155790,367999746177
2018-08-31,61.59,5867155790,361358126001
2018-09-04,60.57,5867155790,355347214330
2018-09-05,59.96,5867155790,351765336133
2018-09-06,59.20,5867155790,347332695278
2018-09-07,58.88,5867155790,345455207216
2018-09-10,58.75,5867155790,344712994461
2018-09-11,59.50,5867155790,349092837539
2018-09-12,58.58,5867155790,343697996921
2018-09-13,59.11,5867155790,346789968148
2018-09-14,58.90,5867155790,345569598669
2018-09-17,57.99,5867155790,340245170009
2018-09-18,58.36,5867155790,342380805406
2018-09-19,58.71,5867155790,344481257206
2018-09-20,59.58,5867155790,349556334431
2018-09-21,58.61,5867155790,343850526320
2018-09-24,58.98,5867155790,346033117943
2018-09-25,59.69,5867155790,350236931127
2018-09-26,59.70,5867155790,350286796938
2018-09-27,60.37,5867155790,354188460910
2018-09-28,60.35,5867155790,354106321087
2018-10-01,60.43,5867155790,354531680034
2018-10-02,60.38,5867155790,354270600733
2018-10-03,60.58,5867155790,355411762355
2018-10-04,58.85,5867155790,345302655435
2018-10-05,58.39,5867155790,342592018896
2018-10-08,57.80,5867155790,339098144454
2018-10-09,57.26,5867155790,335944534788
2018-10-10,54.61,5867155790,320393653407
2018-10-11,54.54,5867155790,319977067978
2018-10-12,56.03,5867155790,328719139953
2018-10-15,55.12,5867155790,323409371125
2018-10-16,56.65,5867155790,332397840188
2018-10-17,56.38,5867155790,330787317741
2018-10-18,54.90,5867155790,322080451744
2018-10-19,55.26,5867155790,324213155175
2018-10-22,55.57,5867155790,326029049560
2018-10-23,55.75,5867155790,327067525213
2018-10-24,52.86,5867155790,310114380528
2018-10-25,55.18,5867155790,323746726316
2018-10-26,54.19,5867155790,317926504371
2018-10-29,51.74,5867155790,303546104276
2018-10-30,52.48,5867155790,307881923094
2018-10-31,54.53,5867155790,319930134134
2018-11-01,54.30,5867155790,318580690988
2018-11-02,53.57,5867155790,314329943959
2018-11-05,52.79,5867155790,309706613379
2018-11-06,53.48,5867155790,313766693064
2018-11-07,55.41,5867155790,325110829294
2018-11-08,54.73,5867155790,321118229600
2018-11-09,53.85,5867155790,315952216653
2018-11-12,52.47,5867155790,307837921216
2018-11-13,52.40,5867155790,307430154068
2018-11-14,52.73,5867155790,309369258188
2018-11-15,53.55,5867155790,314200870292
2018-11-16,53.41,5867155790,313385335995
2018-11-19,51.37,5867155790,301401650598
2018-11-20,51.52,5867155790,302290528819
2018-11-21,52.17,5867155790,306098325102
2018-11-23,51.51,5867155790,302187865231
2018-11-26,52.80,5867155790,309768229437
2018-11-27,52.61,5867155790,308694525424
2018-11-28,54.59,5867155790,320285103505
2018-11-29,54.73,5867155790,321103569768
2018-11-30,55.48,5867155790,325524460376
2018-12-03,55.82,5867155790,327492906542
2018-12-04,53.12,5867155790,311683855444
2018-12-06,53.90,5867155790,316263161765
2018-12-07,52.33,5867155790,307022386919
2018-12-10,52.66,5867155790,308958559073
2018-12-11,53.08,5867155790,311443299908
2018-12-12,53.69,5867155790,314987062543
2018-12-13,53.68,5867155790,314931310418
2018-12-14,52.59,5867155790,308527313812
2018-12-17,51.28,5867155790,300882423963
2018-12-18,52.17,5867155790,306092461169
2018-12-19,51.77,5867155790,303760249733
2018-12-20,51.18,5867155790,300275171190
2018-12-21,49.56,5867155790,290790908842
2018-12-24,49.23,5867155790,288860623002
2018-12-26,52.39,5867155790,307394970471
2018-12-27,52.65,5867155790,308876419250
2018-12-28,52.33,5867155790,307051728965
2018-12-31,52.25,5867155790,306547162162
2019-01-02,52.73,5867155790,309398600234
2019-01-03,51.27,5867155790,300829603804
2019-01-04,53.90,5867155790,316260229799
2019-01-07,53.80,5867155790,315629521294
2019-01-08,54.27,5867155790,318401751510
2019-01-09,54.08,5867155790,317310455698
2019-01-10,53.94,5867155790,316483193536
2019-01-11,53.22,5867155790,312270562071
2019-01-14,52.58,5867155790,308468652102
2019-01-15,54.33,5867155790,318736174734
2019-01-16,54.48,5867155790,319616234674
2019-01-17,54.96,5867155790,322435421115
2019-01-18,55.37,5867155790,324835090161
2019-01-22,53.93,5867155790,316424509445
2019-01-23,54.22,5867155790,318120126062
2019-01-24,54.20,5867155790,317999848294
2019-01-25,55.08,5867155790,323136541577
2019-01-28,53.99,5867155790,316785342749
2019-01-29,53.50,5867155790,313910426564
2019-01-30,54.90,5867155790,322103929857
2019-01-31,56.29,5867155790,330288592489
2019-02-01,55.93,5867155790,328155889058
2019-02-04,57.07,5867155790,334844443078
2019-02-05,57.59,5867155790,337910026606
2019-02-06,56.14,5867155790,329408532549
2019-02-07,55.30,5867155790,324427323013
2019-02-08,55.12,5867155790,323391756945
2019-02-11,55.11,5867155790,323315481055
2019-02-12,56.38,5867155790,330784385774
2019-02-13,56.43,5867155790,331092398920
2019-02-14,56.46,5867155790,331259610532
2019-02-15,55.98,5867155790,328452174338
2019-02-19,56.33,5867155790,330470486314
2019-02-20,56.03,5867155790,328733799785
2019-02-21,55.21,5867155790,323928597761
2019-02-22,55.83,5867155790,327551568252
2019-02-25,55.87,5867155790,327777463955
2019-02-26,56.10,5867155790,329150362833
2019-02-27,56.14,5867155790,329408532549
2019-02-28,56.33,5867155790,330482214180
2019-03-01,57.43,5867155790,336927280697
2019-03-04,57.67,5867155790,338364749981
2019-03-05,58.46,5867155790,342990990145
2019-03-06,58.25,5867155790,341744232969
2019-03-07,57.54,5867155790,337610809360
2019-03-08,57.50,5867155790,337352662026
2019-03-11,58.96,5867155790,345945114187
2019-03-12,59.86,5867155790,351222609003
2019-03-13,59.95,5867155790,351753585885
2019-03-14,59.63,5867155790,349837959878
2019-03-15,59.51,5867155790,349183773261
2019-03-18,59.43,5867155790,348670410558
2019-03-19,60.12,5867155790,352751014008
2019-03-20,61.32,5867155790,359782787152
2019-03-21,61.81,5867155790,362628361291
2019-03-22,60.38,5867155790,354273532699
2019-03-25,59.87,5867155790,351260746948
2019-03-26,59.49,5867155790,349048835661
2019-03-27,58.90,5867155790,345578416950
2019-03-28,58.61,5867155790,343894528198
2019-03-29,58.84,5867155790,345249857658
2019-04-01,59.95,5867155790,351730130154
2019-04-02,60.28,5867155790,353654552061
2019-04-03,60.54,5867155790,355200548865
2019-04-04,60.97,5867155790,357735155511
2019-04-05,60.57,5867155790,355388284242
2019-04-08,60.41,5867155790,354458358492
2019-04-09,60.13,5867155790,352818471617
2019-04-10,60.32,5867155790,353921495294
2019-04-11,60.48,5867155790,354842647527
2019-04-12,61.14,5867155790,358697377655
2019-04-15,61.33,5867155790,359812129197
2019-04-16,61.60,5867155790,361390400014
2019-04-17,62.01,5867155790,363804728891
2019-04-18,62.07,5867155790,364194904241
2019-04-22,62.69,5867155790,367800260552
2019-04-23,63.53,5867155790,372737468210
2019-04-24,63.00,5867155790,369645474602
2019-04-25,63.37,5867155790,371784064347
2019-04-26,63.87,5867155790,374741097973
2019-04-29,64.81,5867155790,380250352426
2019-04-30,59.95,5867155790,351724266221
2019-05-01,58.67,5867155790,344202563725
2019-05-02,58.33,5867155790,342204797894
2019-05-03,59.48,5867155790,348963763871
2019-05-06,59.67,5867155790,350110789426
2019-05-07,58.94,5867155790,345827768385
2019-05-08,58.54,5867155790,343457441385
2019-05-09,58.40,5867155790,342633088808
2019-05-10,58.38,5867155790,342536289153
2019-05-13,56.83,5867155790,333427519941
2019-05-14,56.24,5867155790,329986443276
2019-05-15,58.54,5867155790,343463305318
2019-05-16,59.22,5867155790,347482292710
2019-05-17,58.44,5867155790,342870712377
2019-05-20,57.23,5867155790,335794937356
2019-05-21,57.72,5867155790,338663967227
2019-05-22,57.79,5867155790,339077598308
2019-05-23,57.27,5867155790,335994400599
2019-05-24,56.93,5867155790,334020112882
2019-05-28,56.98,5867155790,334298806363
2019-05-29,56.00,5867155790,328543132441
2019-05-30,56.07,5867155790,328974355321
2019-05-31,55.33,5867155790,324600398558
2019-06-03,51.94,5867155790,304722471877
2019-06-04,52.72,5867155790,309342848109
2019-06-05,52.23,5867155790,306453272092
2019-06-06,52.39,5867155790,307368560391
2019-06-07,53.42,5867155790,313414655659
2019-06-10,54.14,5867155790,317636083024
2019-06-11,54.05,5867155790,317131493839
2019-06-12,53.96,5867155790,316562401393
2019-06-13,54.55,5867155790,320056275835
2019-06-14,54.31,5867155790,318674558677
2019-06-17,54.69,5867155790,320901152177
2019-06-18,55.26,5867155790,324230769355
2019-06-19,55.23,5867155790,324016601517
2019-06-20,55.66,5867155790,326565890376
2019-06-21,56.27,5867155790,330136063090
2019-06-24,55.83,5867155790,327592638163
2019-06-25,54.38,5867155790,319050074194
2019-06-26,54.02,5867155790,316920280349
2019-06-27,53.83,5867155790,315837802818
2019-06-28,54.14,5867155790,317647810890
2019-07-01,55.00,5867155790,322693568450
2019-07-02,55.63,5867155790,326389882864
2019-07-03,56.15,5867155790,329437874595
2019-07-05,56.63,5867155790,332277562420
2019-07-08,55.84,5867155790,327619048242
2019-07-09,56.21,5867155790,329819231664
2019-07-10,57.05,5867155790,334694845645
2019-07-11,57.20,5867155790,335624771396
2019-07-12,57.27,5867155790,335994400599
2019-07-15,57.53,5867155790,337511077739
2019-07-16,57.67,5867155790,338376477846
2019-07-17,57.34,5867155790,336405122095
2019-07-18,57.36,5867155790,336551787561
2019-07-19,56.58,5867155790,331949003128
2019-07-22,56.96,5867155790,334196120393
2019-07-23,57.40,5867155790,336789411131
2019-07-24,56.99,5867155790,334348672173
2019-07-25,56.80,5867155790,333236852597
2019-07-26,62.26,5867155790,365294995952
2019-07-29,62.09,5867155790,364303431762
2019-07-30,61.40,5867155790,360243374459
2019-07-31,60.91,5867155790,357368458274
2019-08-01,60.59,5867155790,355485106278
2019-08-02,59.82,5867155790,350949801836
2019-08-05,57.74,5867155790,338754902949
2019-08-06,58.55,5867155790,343545445141
2019-08-07,58.80,5867155790,344962368278
2019-08-08,60.31,5867155790,353845241786
2019-08-09,59.44,5867155790,348773074146
2019-08-12,58.72,5867155790,344548714815
2019-08-13,59.84,5867155790,351070057222
2019-08-14,58.21,5867155790,341541815378
2019-08-15,58.47,5867155790,343029128090
2019-08-16,58.96,5867155790,345930431973
2019-08-19,60.02,5867155790,352158421067
2019-08-20,59.18,5867155790,347197735296
2019-08-21,59.58,5867155790,349559266397
2019-08-22,59.58,5867155790,349541674598
2019-08-23,57.68,5867155790,338411683825
2019-08-26,58.56,5867155790,343574764805
2019-08-27,58.54,5867155790,343469169251
2019-08-28,58.69,5867155790,344328705426
2019-08-29,59.71,5867155790,350339617097
2019-08-30,59.53,5867155790,349251253252
2019-09-03,58.48,5867155790,343096608081
2019-09-04,59.11,5867155790,346828106093
2019-09-05,60.61,5867155790,355605384046
2019-09-06,60.32,5867155790,353883379731
2019-09-09,60.26,5867155790,353575344204
2019-09-10,60.28,5867155790,353701485905
2019-09-11,61.00,5867155790,357896503190
2019-09-12,61.75,5867155790,362288074133
2019-09-13,62.00,5867155790,363772454879
2019-09-16,61.58,5867155790,361308260191
2019-09-17,61.49,5867155790,360794875106
2019-09-18,61.63,5867155790,361607477437
2019-09-19,61.94,5867155790,363396961743
2019-09-20,61.49,5867155790,360783147241
2019-09-23,61.73,5867155790,362205934310
2019-09-24,60.92,5867155790,357406596219
2019-09-25,62.30,5867155790,365506209442
2019-09-26,62.11,5867155790,364435437396
2019-09-27,61.30,5867155790,359641985619
2019-09-30,61.06,5867155790,358230926415
2019-10-01,60.30,5867155790,353789489661
2019-10-02,58.90,5867155790,345552006871
2019-10-03,59.47,5867155790,348928557893
2019-10-04,60.55,5867155790,355244550742
2019-10-07,60.41,5867155790,354449540211
2019-10-08,59.51,5867155790,349133907450
2019-10-09,60.12,5867155790,352733399828
2019-10-10,60.47,5867155790,354807441548
2019-10-11,60.79,5867155790,356637995766
2019-10-14,60.89,5867155790,357242316573
2019-10-15,62.11,5867155790,364420777564
2019-10-16,62.15,5867155790,364643741301
2019-10-17,62.64,5867155790,367518635105
2019-10-18,62.22,5867155790,365057372382
2019-10-21,62.21,5867155790,365019234437
2019-10-22,62.06,5867155790,364115696385
2019-10-23,62.88,5867155790,368935558241
2019-10-24,62.96,5867155790,369369735469
2019-10-25,63.22,5867155790,370892254160
2019-10-28,64.45,5867155790,378132308827
2019-10-29,63.03,5867155790,369824436462
2019-10-30,63.03,5867155790,369836164327
2019-10-31,62.94,5867155790,369278777365
2019-11-01,63.61,5867155790,373224443215
2019-11-04,64.48,5867155790,378317134620
2019-11-05,64.57,5867155790,378853975436
2019-11-06,64.55,5867155790,378727833735
2019-11-07,65.35,5867155790,383401030125
2019-11-08,65.45,5867155790,384005328550
2019-11-11,64.91,5867155790,380860559547
2019-11-12,64.86,5867155790,380546637705
2019-11-13,64.81,5867155790,380244488493
2019-11-14,65.46,5867155790,384049330428
2019-11-15,66.68,5867155790,391204358069
2019-11-18,65.99,5867155790,387185325914
2019-11-19,65.63,5867155790,385058508798
2019-11-20,65.09,5867155790,381910785446
2019-11-21,65.01,5867155790,381406218643
2019-11-22,64.68,5867155790,379508184434
2019-11-25,65.28,5867155790,383019650675
2019-11-26,65.65,5867155790,385178786566
2019-11-27,65.61,5867155790,384923548816
2019-11-29,65.20,5867155790,382564949682
2019-12-02,64.44,5867155790,378097125230
2019-12-03,64.74,5867155790,379822061512
2019-12-04,65.95,5867155790,386921314647
2019-12-05,66.35,5867155790,389274049848
2019-12-06,66.97,5867155790,392920476070
2019-12-09,67.15,5867155790,393976565903
2019-12-10,67.14,5867155790,393947246239
2019-12-11,67.21,5867155790,394346217488
2019-12-12,67.42,5867155790,395590042698
2019-12-13,67.34,5867155790,395114795559
2019-12-16,68.04,5867155790,399171965659
2019-12-17,67.74,5867155790,397467530760
2019-12-18,67.60,5867155790,396593312372
2019-12-19,67.82,5867155790,397922231753
2019-12-20,67.56,5867155790,396390894781
2019-12-23,67.53,5867155790,396217841617
2019-12-24,67.22,5867155790,394398992884
2019-12-26,68.12,5867155790,399691169913
2019-12-27,67.73,5867155790,397394209218
2019-12-30,66.99,5867155790,393014343759
2019-12-31,66.97,5867155790,392920476070
2020-01-02,68.43,5867155790,401512928232
2020-01-03,68.08,5867155790,399412476432
2020-01-06,69.89,5867155790,410058468930
2020-01-07,69.76,5867155790,409266390365
2020-01-08,70.25,5867155790,412179422113
2020-01-09,70.99,5867155790,416506467413
2020-01-10,71.45,5867155790,419196535425
2020-01-13,72.00,5867155790,422444035161
2020-01-14,71.53,5867155790,419674736912
2020-01-15,71.96,5867155790,422200525277
2020-01-16,72.51,5867155790,425415751001
2020-01-17,73.98,5867155790,434028704546
2020-01-21,74.11,5867155790,434829601392
2020-01-22,74.19,5867155790,435304803768
2020-01-23,74.23,5867155790,435545359304
2020-01-24,73.31,5867155790,430112403123
2020-01-27,71.59,5867155790,420009160136
2020-01-28,72.53,5867155790,425515482622
2020-01-29,72.83,5867155790,427334286593
2020-01-30,72.71,5867155790,426615574333
2020-01-31,71.64,5867155790,420317173282
2020-02-03,74.13,5867155790,434932242598
2020-02-04,72.27,5867155790,424022283596
2020-02-05,72.30,5867155790,424210018973
2020-02-06,73.80,5867155790,432987296926
2020-02-07,73.96,5867155790,433908426778
2020-02-10,75.43,5867155790,442577154829
2020-02-11,75.50,5867155790,442987853944
2020-02-12,75.93,5867155790,445501959206
2020-02-13,75.67,5867155790,443964758301
2020-02-14,75.94,5867155790,445531278870
2020-02-18,75.97,5867155790,445739560394
2020-02-19,76.24,5867155790,447332491042
2020-02-20,75.85,5867155790,445020848134
2020-02-21,74.17,5867155790,435184526000
2020-02-24,70.99,5867155790,416526968797
2020-02-25,69.32,5867155790,406687781841
2020-02-26,69.52,5867155790,407905196972
2020-02-27,65.75,5867155790,385750810979
2020-02-28,66.96,5867155790,392879428540
2020-03-02,69.32,5867155790,406687781841
2020-03-03,66.89,5867155790,392430591481
2020-03-04,69.08,5867155790,405303132716
2020-03-05,65.74,5867155790,385695081235
2020-03-06,64.79,5867155790,380115437207
2020-03-09,60.79,5867155790,356661473879
2020-03-10,63.76,5867155790,374081047423
2020-03-11,60.54,5867155790,355226936562
2020-03-12,55.58,5867155790,326081847338
2020-03-13,60.71,5867155790,356215568786
2020-03-16,53.65,5867155790,314772917086
2020-03-17,55.90,5867155790,327991609412
2020-03-18,54.56,5867155790,320109095993
2020-03-19,55.58,5867155790,326117053316
2020-03-20,53.41,5867155790,313367721815
2020-03-23,52.71,5867155790,309237252554
2020-03-24,56.50,5867155790,331497234101
2020-03-25,55.08,5867155790,323168815589
2020-03-26,58.15,5867155790,341151640028
2020-03-27,55.51,5867155790,325703422235
2020-03-30,57.32,5867155790,336278958013
2020-03-31,58.10,5867155790,340867082614
2020-04-01,55.10,5867155790,323309617122
2020-04-02,55.85,5867155790,327689460200
2020-04-03,54.63,5867155790,320552046739
2020-04-06,59.16,5867155790,347098003675
2020-04-07,59.13,5867155790,346913177882
2020-04-08,60.35,5867155790,354082842974
2020-04-09,60.33,5867155790,353956701273
2020-04-13,60.52,5867155790,355083203063
2020-04-14,63.26,5867155790,371165083708
2020-04-15,62.87,5867155790,368838758586
2020-04-16,62.87,5867155790,368876874150
2020-04-17,63.95,5867155790,375204617247
2020-04-20,63.06,5867155790,369968169961
2020-04-21,60.61,5867155790,355596588147
2020-04-22,62.92,5867155790,369164385912
2020-04-23,63.56,5867155790,372907611789
2020-04-24,63.83,5867155790,374500564819
2020-04-27,63.54,5867155790,372816676067
2020-04-28,61.63,5867155790,361589885638
2020-04-29,67.11,5867155790,393738964715
2020-04-30,67.33,5867155790,395064929748
2020-05-01,65.87,5867155790,386446067508
2020-05-04,66.14,5867155790,388083000034
2020-05-05,67.45,5867155790,395745504063
2020-05-06,67.27,5867155790,394692368578
2020-05-07,68.46,5867155790,401688935743
2020-05-08,69.22,5867155790,406106939147
2020-05-11,70.18,5867155790,411754040785
2020-05-12,68.76,5867155790,403419780721
2020-05-13,67.42,5867155790,395543086472
2020-05-14,67.84,5867155790,398045463869
2020-05-15,68.65,5867155790,402797845735
2020-05-18,69.26,5867155790,406353358616
2020-05-19,68.72,5867155790,403190953051
2020-05-20,70.46,5867155790,413388063726
2020-05-21,70.34,5867155790,412681079332
2020-05-22,70.66,5867155790,414584977473
2020-05-26,71.07,5867155790,416969941924
2020-05-27,71.01,5867155790,416650200913
2020-05-28,70.91,5867155790,416051766421
2020-05-29,71.68,5867155790,420534273086
2020-06-01,71.74,5867155790,420930289987
2020-06-02,72.12,5867155790,423112881610
2020-06-03,71.96,5867155790,422215207490
2020-06-04,70.71,5867155790,414895900204
2020-06-05,72.00,5867155790,422441080813
2020-06-08,72.40,5867155790,424793816014
2020-06-09,72.60,5867155790,425978957133
2020-06-10,73.24,5867155790,429681157862
2020-06-11,70.10,5867155790,411258292262
2020-06-12,70.65,5867155790,414491109785
2020-06-15,71.04,5867155790,416785160895
2020-06-16,72.32,5867155790,424333251089
2020-06-17,72.63,5867155790,426113917114
2020-06-18,71.71,5867155790,420710280598
2020-06-19,71.23,5867155790,417929254483
2020-06-22,72.53,5867155790,425562394085
2020-06-23,73.20,5867155790,429469921990
2020-06-24,71.64,5867155790,420293717550
2020-06-25,72.06,5867155790,422757912239
2020-06-26,68.13,5867155790,399711716059
2020-06-29,69.86,5867155790,409870688790
2020-06-30,70.90,5867155790,415995991914
2020-07-01,72.10,5867155790,423021923506
2020-07-02,73.50,5867155790,431215404419
2020-07-06,74.98,5867155790,439933998281
2020-07-07,74.50,5867155790,437079650624
2020-07-08,75.18,5867155790,441092774083
2020-07-09,75.93,5867155790,445510732724
2020-07-10,76.95,5867155790,451480574483
2020-07-13,75.61,5867155790,443624471144
2020-07-14,76.04,5867155790,446156123442
2020-07-15,75.84,5867155790,444988574122
2020-07-16,75.75,5867155790,444413595361
2020-07-17,75.84,5867155790,444979755841
2020-07-20,78.19,5867155790,458764653410
2020-07-21,77.80,5867155790,456441237873
2020-07-22,78.24,5867155790,459060938690
2020-07-23,75.84,5867155790,444950436177
2020-07-24,75.41,5867155790,442445149195
2020-07-27,76.47,5867155790,448670183941
2020-07-28,75.18,5867155790,441107456296
2020-07-29,76.18,5867155790,446933519793
2020-07-30,76.92,5867155790,451292839106
2020-07-31,74.40,5867155790,436501717515
2020-08-03,74.14,5867155790,434979198824
2020-08-04,73.67,5867155790,432204036642
2020-08-05,73.95,5867155790,433902562845
2020-08-06,75.25,5867155790,441488790984
2020-08-07,74.92,5867155790,439558527526
2020-08-10,74.84,5867155790,439103826533
2020-08-11,74.03,5867155790,434327944173
2020-08-12,75.36,5867155790,442160591781
2020-08-13,75.83,5867155790,444921071750
2020-08-14,75.23,5867155790,441394923295
2020-08-17,75.81,5867155790,444800793982
2020-08-18,77.79,5867155790,456400190343
2020-08-19,77.23,5867155790,453123370942
2020-08-20,78.81,5867155790,462405215699
2020-08-21,78.78,5867155790,462205752456
2020-08-24,79.26,5867155790,465016098235
2020-08-25,80.29,5867155790,471088625964
2020-08-26,82.21,5867155790,482318325978
2020-08-27,81.43,5867155790,477739042039
2020-08-28,81.97,5867155790,480939540786
2020-08-31,81.48,5867155790,478035327318
2020-09-01,82.75,5867155790,485530597354
2020-09-02,85.87,5867155790,503809729454
2020-09-03,81.48,5867155790,478029463386
2020-09-04,79.06,5867155790,463860276781
2020-09-08,76.18,5867155790,446959929873
2020-09-09,77.36,5867155790,453891993776
2020-09-10,76.30,5867155790,447678642133
2020-09-11,75.79,5867155790,444660014830
2020-09-14,75.44,5867155790,442627020640
2020-09-15,76.76,5867155790,450339390480
2020-09-16,75.60,5867155790,443583378851
2020-09-17,74.35,5867155790,436234751900
2020-09-18,72.55,5867155790,425688535786
2020-09-21,71.51,5867155790,419542731278
2020-09-22,72.99,5867155790,428249552511
2020-09-23,70.47,5867155790,413455521335
2020-09-24,71.14,5867155790,417407051118
2020-09-25,71.95,5867155790,422159477747
2020-09-28,72.93,5867155790,427909265354
2020-09-29,73.30,5867155790,430068401245
2020-09-30,73.28,5867155790,429945169129
2020-10-01,74.39,5867155790,436487035301
2020-10-02,72.78,5867155790,427011591234
2020-10-05,74.14,5867155790,434999744970
2020-10-06,72.55,5867155790,425668034403
2020-10-07,72.96,5867155790,428050089268
2020-10-08,74.17,5867155790,435175752482
2020-10-09,75.52,5867155790,443102267779
2020-10-12,78.23,5867155790,458984662799
2020-10-13,78.35,5867155790,459712193340
2020-10-14,78.17,5867155790,458647285227
2020-10-15,77.77,5867155790,456309232239
2020-10-16,78.39,5867155790,459897019133
2020-10-19,76.50,5867155790,448822735721
2020-10-20,77.55,5867155790,455021405151
2020-10-21,79.30,5867155790,465262517704
2020-10-22,80.33,5867155790,471326227152
2020-10-23,81.65,5867155790,479047415273
2020-10-26,79.21,5867155790,464763814834
2020-10-27,79.94,5867155790,469043903908
2020-10-28,75.54,5867155790,443204953748
2020-10-29,77.84,5867155790,456722885702
2020-10-30,80.81,5867155790,474098434986
2020-11-02,81.22,5867155790,476506944694
2020-11-03,82.28,5867155790,482767163038
2020-11-04,87.29,5867155790,512158716494
2020-11-05,88.13,5867155790,517043103994
2020-11-06,87.99,5867155790,516230524045
2020-11-09,88.07,5867155790,516726272568
2020-11-10,86.89,5867155790,509773707281
2020-11-11,87.36,5867155790,512563551676
2020-11-12,87.14,5867155790,511269815892
2020-11-13,88.61,5867155790,519906269932
2020-11-16,88.70,5867155790,520425518949
2020-11-17,88.08,5867155790,516796684525
2020-11-18,87.03,5867155790,510630289107
2020-11-19,87.93,5867155790,515890192124
2020-11-20,86.82,5867155790,509380599964
2020-11-23,86.38,5867155790,506793173160
2020-11-24,88.19,5867155790,517453803109
2020-11-25,88.21,5867155790,517521260718
2020-11-27,89.35,5867155790,524236224817
2020-11-30,87.72,5867155790,514666913061
2020-12-01,89.77,5867155790,526682827707
2020-12-02,91.25,5867155790,535369147557
2020-12-03,91.09,5867155790,534450972054
2020-12-04,91.19,5867155790,535014222948
2020-12-07,90.85,5867155790,533039912850
2020-12-08,90.57,5867155790,531367751963
2020-12-09,88.89,5867155790,521549066391
2020-12-10,88.38,5867155790,518553894819
2020-12-11,88.74,5867155790,520651392271
2020-12-14,87.61,5867155790,514039114142
2020-12-15,88.05,5867155790,516626540946
2020-12-16,87.86,5867155790,515485356943
2020-12-17,87.03,5867155790,510592151162
2020-12-18,86.31,5867155790,506400065844
2020-12-21,86.73,5867155790,508846668734
2020-12-22,86.01,5867155790,504639945964
2020-12-23,86.41,5867155790,506989726818
2020-12-24,86.71,5867155790,508729345314
2020-12-28,88.70,5867155790,520404972802
2020-12-29,87.89,5867155790,515652590936
2020-12-30,86.81,5867155790,509342462019
2020-12-31,87.63,5867155790,514150618392
2021-01-04,86.31,5867155790,506373700527
2021-01-05,87.00,5867155790,510457235944
2021-01-06,86.14,5867155790,505420251901
2021-01-07,88.72,5867155790,520516477052
2021-01-08,89.89,5867155790,527407448663
2021-01-11,87.81,5867155790,515221345675
2021-01-12,86.87,5867155790,509688613110
2021-01-13,87.36,5867155790,512569415609
2021-01-14,86.55,5867155790,507778851035
2021-01-15,86.38,5867155790,506810764958
2021-01-19,89.22,5867155790,523488192892
2021-01-20,94.00,5867155790,551533190406
2021-01-21,94.21,5867155790,552730059391
2021-01-22,94.63,5867155790,555197208427
2021-01-25,94.71,5867155790,555701775231
2021-01-26,95.40,5867155790,559711989105
2021-01-27,90.95,5867155790,533600209397
2021-01-28,92.66,5867155790,543650676988
2021-01-29,91.37,5867155790,536070268018
2021-02-01,94.65,5867155790,555346850623
2021-02-02,95.96,5867155790,562988808505
2021-02-03,102.94,5867155790,603988487078
2021-02-04,102.68,5867155790,602448376588
2021-02-05,104.44,5867155790,612774538550
2021-02-08,104.23,5867155790,611510167193
2021-02-09,103.77,5867155790,608831827048
2021-02-10,104.32,5867155790,612085145954
2021-02-11,104.44,5867155790,612751082818
2021-02-12,104.75,5867155790,614593387283
2021-02-16,105.54,5867155790,619190307784
2021-02-17,105.93,5867155790,621513678558
2021-02-18,105.29,5867155790,617755748086
2021-02-19,104.44,5867155790,612768674617
2021-02-22,102.71,5867155790,602633157618
2021-02-23,103.01,5867155790,604352229967
2021-02-24,104.19,5867155790,611301885669
2021-02-25,100.80,5867155790,591394639324
2021-02-26,101.10,5867155790,593143031337
2021-03-01,103.48,5867155790,607150892643
2021-03-02,103.22,5867155790,605631283537
2021-03-03,100.57,5867155790,590062810358
2021-03-04,101.70,5867155790,596669224554
2021-03-05,104.85,5867155790,615191821775
2021-03-08,100.38,5867155790,588915762421
2021-03-09,102.02,5867155790,598555486134
2021-03-10,101.81,5867155790,597332207071
2021-03-11,105.03,5867155790,616209773663
2021-03-12,102.50,5867155790,601383468475
2021-03-15,102.72,5867155790,602685977777
2021-03-16,104.19,5867155790,611325386164
2021-03-17,104.11,5867155790,610835456811
2021-03-18,101.07,5867155790,592975842106
2021-03-19,101.35,5867155790,594624502498
2021-03-22,101.53,5867155790,595718730276
2021-03-23,102.07,5867155790,598840043548
2021-03-24,101.63,5867155790,596258525439
2021-03-25,101.62,5867155790,596237979293
2021-03-26,101.24,5867155790,593970338262
2021-03-29,102.29,5867155790,600148416783
2021-03-30,102.32,5867155790,600347924789
2021-03-31,103.13,5867155790,605056304777
2021-04-01,106.49,5867155790,624787543611
2021-04-05,110.95,5867155790,650949189130
2021-04-06,110.46,5867155790,648103614990
2021-04-07,111.95,5867155790,656836891066
2021-04-08,112.52,5867155790,660181168076
2021-04-09,113.53,5867155790,666118735823
2021-04-12,112.23,5867155790,658476777940
2021-04-13,112.72,5867155790,661354581329
2021-04-14,112.10,5867155790,657681745027
2021-04-15,114.26,5867155790,670395870550
2021-04-16,114.14,5867155790,669662476076
2021-04-19,114.49,5867155790,671718925998
2021-04-20,113.95,5867155790,668565338713
2021-04-21,113.92,5867155790,668371739403
2021-04-22,112.63,5867155790,660794284782
2021-04-23,115.00,5867155790,674702369704
2021-04-26,115.50,5867155790,677635947599
2021-04-27,114.55,5867155790,672076849717
2021-04-28,117.95,5867155790,692042780154
2021-04-29,119.64,5867155790,701934787269
2021-04-30,117.68,5867155790,690417575493
2021-05-03,117.15,5867155790,687360765483
2021-05-04,115.34,5867155790,676726545613
2021-05-05,115.74,5867155790,679055825083
2021-05-06,116.87,5867155790,685679831078
2021-05-07,117.60,5867155790,689956965805
2021-05-10,114.59,5867155790,672302723039
2021-05-11,113.50,5867155790,665939773964
2021-05-12,110.01,5867155790,645460458442
2021-05-13,111.45,5867155790,653906267519
2021-05-14,113.92,5867155790,668380512921
2021-05-17,114.45,5867155790,671472506529
2021-05-18,113.12,5867155790,663713180463
2021-05-19,113.57,5867155790,666362200944
2021-05-20,115.35,5867155790,676761773973
2021-05-21,114.71,5867155790,673000889153
2021-05-24,118.05,5867155790,692629486780
2021-05-25,118.14,5867155790,693166327596
2021-05-26,119.02,5867155790,698282497114
2021-05-27,118.13,5867155790,693110597852
2021-05-28,117.84,5867155790,691400299021
2021-06-01,119.06,5867155790,698537690100
2021-06-02,118.53,5867155790,695431059042
2021-06-03,117.38,5867155790,688680866583
2021-06-04,119.68,5867155790,702172388457
2021-06-07,120.11,5867155790,704733405182
2021-06-08,119.92,5867155790,703601039459
2021-06-09,120.40,5867155790,706387974270
2021-06-10,121.76,5867155790,714364355378
2021-06-11,121.51,5867155790,712918112576
2021-06-14,122.45,5867155790,718406843264
2021-06-15,121.42,5867155790,712387135694
2021-06-16,120.77,5867155790,708591067276
2021-06-17,121.74,5867155790,714288079487
2021-06-18,120.11,5867155790,704709949451
2021-06-21,121.81,5867155790,714692914669
2021-06-22,122.33,5867155790,717732088119
2021-06-23,122.13,5867155790,716538128719
2021-06-24,122.50,5867155790,718726584275
2021-06-25,122.51,5867155790,718776450086
2021-06-28,122.54,5867155790,718937820147
2021-06-29,122.27,5867155790,717391800961
2021-06-30,122.09,5867155790,716318119330
2021-07-01,122.44,5867155790,718400979331
2021-07-02,125.26,5867155790,734905264575
2021-07-06,126.19,5867155790,740376403464
2021-07-07,126.47,5867155790,742042655655
2021-07-08,125.04,5867155790,733652621085
2021-07-09,125.52,5867155790,736436601547
2021-07-12,126.98,5867155790,744985051831
2021-07-13,127.34,5867155790,747132415093
2021-07-14,128.24,5867155790,752386454177
2021-07-15,127.00,5867155790,745158104994
2021-07-16,126.97,5867155790,744952777818
2021-07-19,124.58,5867155790,730918551196
2021-07-20,126.21,5867155790,740490817299
2021-07-21,127.55,5867155790,748349874987
2021-07-22,128.42,5867155790,753468909327
2021-07-23,133.01,5867155790,780419723826
2021-07-26,134.04,5867155790,786404247799
2021-07-27,131.90,5867155790,773877812891
2021-07-28,136.09,5867155790,798484665706
2021-07-29,135.78,5867155790,796627723791
2021-07-30,134.73,5867155790,790461373136
2021-08-02,134.85,5867155790,791212404171
2021-08-03,135.63,5867155790,795762368446
2021-08-04,135.13,5867155790,792802380472
2021-08-05,136.25,5867155790,799408749905
2021-08-06,135.74,5867155790,796398896120
2021-08-09,136.91,5867155790,803289867731
2021-08-10,136.81,5867155790,802668022270
2021-08-11,136.28,5867155790,799570164729
2021-08-12,137.19,5867155790,804938572886
2021-08-13,137.73,5867155790,808068659676
2021-08-16,138.31,5867155790,811483348643
2021-08-17,136.66,5867155790,801814305265
2021-08-18,135.45,5867155790,794700414680
2021-08-19,135.68,5867155790,796055654615
2021-08-20,137.43,5867155790,806320312425
2021-08-23,140.04,5867155790,821645320484
2021-08-24,141.26,5867155790,828803257710
2021-08-25,142.08,5867155790,833599596691
2021-08-26,141.44,5867155790,829853483610
2021-08-27,144.00,5867155790,844893889491
2021-08-30,144.59,5867155790,848334988538
2021-08-31,144.70,5867155790,848962742694
2021-09-01,145.22,5867155790,852001960907
2021-09-02,143.29,5867155790,840687166722
2021-09-03,143.74,5867155790,843342051136
2021-09-07,144.28,5867155790,846516184567
2021-09-08,143.69,5867155790,843057448959
2021-09-09,143.54,5867155790,842177411401
2021-09-10,140.88,5867155790,826541480612
2021-09-13,142.33,5867155790,835086976547
2021-09-14,142.54,5867155790,836330756995
2021-09-15,144.43,5867155790,847390402955
2021-09-16,143.61,5867155790,842582246583
2021-09-17,140.80,5867155790,826095553137
2021-09-20,138.72,5867155790,813888904003
2021-09-21,139.03,5867155790,815728298883
2021-09-22,140.28,5867155790,823065108443
2021-09-23,141.22,5867155790,828536292094
2021-09-24,142.21,5867155790,834397539189
2021-09-27,141.07,5867155790,827691438133
2021-09-28,135.83,5867155790,796935781699
2021-09-29,134.35,5867155790,788272917580
2021-09-30,133.68,5867155790,784297887303
2021-10-01,136.54,5867155790,801119048737
2021-10-04,133.66,5867155790,784201110030
2021-10-05,136.02,5867155790,798068102659
2021-10-06,137.57,5867155790,807115300575
2021-10-07,139.23,5867155790,816854800673
2021-10-08,139.79,5867155790,820143347939
2021-10-11,138.91,5867155790,815030088007
2021-10-12,136.45,5867155790,800567570470
2021-10-13,137.58,5867155790,807215032197
2021-10-14,141.15,5867155790,828154912644
2021-10-15,141.37,5867155790,829428057518
2021-10-18,142.78,5867155790,837700768668
2021-10-19,143.24,5867155790,840393791027
2021-10-20,141.77,5867155790,831780792720
2021-10-21,141.89,5867155790,832467275731
2021-10-22,137.57,5867155790,807124074093
2021-10-25,137.45,5867155790,806422998395
2021-10-26,139.31,5867155790,817344685263
2021-10-27,146.22,5867155790,857880844562
2021-10-28,145.85,5867155790,855718799086
2021-10-29,148.05,5867155790,868608976883
2021-11-01,143.50,5867155790,841919219304
2021-11-02,145.43,5867155790,853275105781
2021-11-03,146.60,5867155790,860113346759
2021-11-04,148.27,5867155790,869908531837
2021-11-05,148.85,5867155790,873337903018
2021-11-08,149.03,5867155790,874388128917
2021-11-09,148.92,5867155790,873728055986
2021-11-10,145.89,5867155790,855979856006
2021-11-11,145.77,5867155790,855234733666
2021-11-12,148.68,5867155790,872316952019
2021-11-15,148.45,5867155790,870990986986
2021-11-16,147.88,5867155790,867611571142
2021-11-17,148.05,5867155790,868614796053
2021-11-18,149.84,5867155790,879125828570
2021-11-19,148.93,5867155790,873774967449
2021-11-22,146.30,5867155790,858376637848
2021-11-23,145.78,5867155790,855325691770
2021-11-24,146.12,5867155790,857308775387
2021-11-26,142.18,5867155790,834209803811
2021-11-29,145.53,5867155790,853850129305
2021-11-30,141.90,5867155790,832534778103
2021-12-01,141.05,5867155790,827571115603
2021-12-02,142.97,5867155790,838803814727
2021-12-03,142.00,5867155790,833144895698
2021-12-06,143.15,5867155790,839912679955
2021-12-07,147.27,5867155790,864053103913
2021-12-08,148.19,5867155790,869433239935
2021-12-09,147.64,5867155790,866218103737
2021-12-10,148.00,5867155790,868347830438
2021-12-13,145.83,5867155790,855586838215
2021-12-14,143.91,5867155790,844324774664
2021-12-15,146.44,5867155790,859192127382
2021-12-16,144.45,5867155790,847481361059
2021-12-17,141.73,5867155790,831522690148
2021-12-20,141.61,5867155790,830830298441
2021-12-21,143.47,5867155790,841775530567
2021-12-22,146.41,5867155790,859039575602
2021-12-23,146.92,5867155790,861982016540
2021-12-27,147.91,5867155790,867790443476
2021-12-28,146.69,5867155790,860635460598
2021-12-29,146.65,5867155790,860447725220
2021-12-30,146.20,5867155790,857781112941
2021-12-31,144.85,5867155790,849869279858
2022-01-03,144.99,5867155790,850687723739
2022-01-04,144.40,5867155790,847214395444
2022-01-05,137.77,5867155790,808347353157
2022-01-06,137.75,5867155790,808186027859
2022-01-07,137.02,5867155790,803900074852
2022-01-10,138.67,5867155790,813595528308
2022-01-11,139.74,5867155790,819852837067
2022-01-12,141.43,5867155790,829794754755
2022-01-13,138.59,5867155790,813111552414
2022-01-14,139.48,5867155790,818353818870
2022-01-18,136.00,5867155790,797921459574
2022-01-19,135.12,5867155790,792749560313
2022-01-20,133.31,5867155790,782135841827
2022-01-21,130.35,5867155790,764792566555
2022-01-24,130.80,5867155790,767447450969
2022-01-25,126.93,5867155790,744747405880
2022-01-26,129.23,5867155790,758230154236
2022-01-27,129.01,5867155790,756892461337
2022-01-28,133.35,5867155790,782391079577
2022-01-31,135.30,5867155790,793846697676
2022-02-01,137.64,5867155790,807578775086
2022-02-02,148.00,5867155790,868339056920
2022-02-03,143.09,5867155790,839531300505
2022-02-04,143.29,5867155790,840722350319
2022-02-07,139.20,5867155790,816713976759
2022-02-08,139.40,5867155790,817875662146
2022-02-09,141.59,5867155790,830742294686
2022-02-10,138.62,5867155790,813305106962
2022-02-11,134.28,5867155790,787856354533
2022-02-14,135.53,5867155790,795152161325
2022-02-15,136.61,5867155790,801503382535
2022-02-16,137.74,5867155790,808130342878
2022-02-17,132.54,5867155790,777626969845
2022-02-18,130.40,5867155790,765094715767
2022-02-22,129.81,5867155790,761636069685
2022-02-23,127.59,5867155790,748578657894
2022-02-24,132.69,5867155790,778518735269
2022-02-25,134.46,5867155790,788894852567
2022-02-28,135.06,5867155790,792400499638
2022-03-01,134.06,5867155790,786559664401
2022-03-02,134.57,5867155790,789551971151
2022-03-03,133.90,5867155790,785609259649
2022-03-04,131.91,5867155790,773915950836
2022-03-07,126.38,5867155790,741482359108
2022-03-08,127.10,5867155790,745741902036
2022-03-09,133.42,5867155790,782795914759
2022-03-10,132.43,5867155790,776984533475
2022-03-11,129.87,5867155790,761970448147
2022-03-14,125.95,5867155790,738974117778
2022-03-15,129.20,5867155790,758024782297
2022-03-16,133.28,5867155790,781977470877
2022-03-17,133.84,5867155790,785254290277
2022-03-18,136.13,5867155790,798669536262
2022-03-21,136.10,5867155790,798528712347
2022-03-22,139.87,5867155790,820627323833
2022-03-23,138.28,5867155790,811283885400
2022-03-24,141.57,5867155790,830625016028
2022-03-25,141.67,5867155790,831217586588
2022-03-28,141.46,5867155790,829941487365
2022-03-29,142.51,5867155790,836101929324
2022-03-30,141.94,5867155790,832775333639
2022-03-31,139.07,5867155790,815930716474
2022-04-01,140.15,5867155790,822284802506
2022-04-04,142.97,5867155790,838836043976
2022-04-05,140.59,5867155790,824869319726
2022-04-06,136.55,5867155790,801148413164
2022-04-07,135.89,5867155790,797279023204
2022-04-08,133.29,5867155790,782018563170
2022-04-11,128.82,5867155790,755827553224
2022-04-12,127.71,5867155790,749320870649
2022-04-13,129.89,5867155790,762108317714
2022-04-14,126.73,5867155790,743544672962
2022-04-18,127.68,5867155790,749097906911
2022-04-19,130.01,5867155790,762783072859
2022-04-20,128.04,5867155790,751230587960
2022-04-21,124.81,5867155790,732306109905
2022-04-22,119.64,5867155790,701920105055
2022-04-25,123.07,5867155790,722094317016
2022-04-26,118.65,5867155790,696138043436
2022-04-27,114.29,5867155790,670583650690
2022-04-28,118.52,5867155790,695389966749
2022-04-29,114.11,5867155790,669498196430
2022-05-02,116.58,5867155790,684010624540
2022-05-03,117.33,5867155790,688416855315
2022-05-04,122.26,5867155790,717324343352
2022-05-05,116.51,5867155790,683555923547
2022-05-06,115.75,5867155790,679102736546
2022-05-09,112.51,5867155790,660119574399
2022-05-10,114.39,5867155790,671173266901
2022-05-11,113.60,5867155790,666523571005
2022-05-12,112.84,5867155790,662073338352
2022-05-13,116.05,5867155790,680886356920
2022-05-16,114.44,5867155790,671466642596
2022-05-17,116.47,5867155790,683365233822
2022-05-18,111.90,5867155790,656531787506
2022-05-19,110.38,5867155790,647640140480
2022-05-20,108.91,5867155790,638980185946
2022-05-23,111.49,5867155790,654117458628
2022-05-24,105.97,5867155790,621742506228
2022-05-25,105.81,5867155790,620774420151
2022-05-26,107.79,5867155790,632435410189
2022-05-27,112.32,5867155790,658978390396
2022-05-31,113.76,5867155790,667459383070
2022-06-01,113.89,5867155790,668222097208
2022-06-02,117.62,5867155790,690109517585
2022-06-03,114.54,5867155790,672029893491
2022-06-06,116.82,5867155790,685404091945
2022-06-07,117.15,5867155790,687334355403
2022-06-08,117.19,5867155790,687595457086
2022-06-09,114.84,5867155790,673757784121
2022-06-10,111.16,5867155790,652201832620
2022-06-13,106.39,5867155790,624221383131
2022-06-14,106.72,5867155790,626116462992
2022-06-15,109.76,5867155790,644005442123
2022-06-16,106.03,5867155790,622115067398
2022-06-17,107.14,5867155790,628627613906
2022-06-21,111.54,5867155790,654446017920
2022-06-22,111.49,5867155790,654114549043
2022-06-23,112.24,5867155790,658541281202
2022-06-24,117.97,5867155790,692177695373
2022-06-27,115.83,5867155790,679613212045
2022-06-28,112.01,5867155790,657165450358
2022-06-29,111.70,5867155790,655370102119
2022-06-30,108.96,5867155790,639302881305
2022-07-01,108.74,5867155790,637979870620
2022-07-05,113.26,5867155790,664531669108
2022-07-06,114.57,5867155790,672211764936
2022-07-07,118.78,5867155790,696918349373
2022-07-08,119.35,5867155790,700265580730
2022-07-11,115.68,5867155790,678692037431
2022-07-12,114.02,5867155790,668976037828
2022-07-13,111.35,5867155790,653328334410
2022-07-14,110.37,5867155790,647543318443
2022-07-15,111.78,5867155790,655815984831
2022-07-18,109.03,5867155790,639695988622
2022-07-19,113.81,5867155790,667740986136
2022-07-20,113.90,5867155790,668269053434
2022-07-21,114.34,5867155790,670850571542
2022-07-22,107.90,5867155790,633066118694
2022-07-25,107.51,5867155790,630777931516
2022-07-26,105.02,5867155790,616168681370
2022-07-27,113.06,5867155790,663340619293
2022-07-28,114.22,5867155790,670146541496
2022-07-29,116.32,5867155790,682467559702
2022-08-01,114.86,5867155790,673901517620
2022-08-02,115.13,5867155790,675485629988
2022-08-03,118.08,5867155790,692793766426
2022-08-04,118.19,5867155790,693439157144
2022-08-05,117.47,5867155790,689214797813
2022-08-08,117.30,5867155790,688217392072
2022-08-09,116.63,5867155790,684286363673
2022-08-10,119.70,5867155790,702298530158
2022-08-11,118.84,5867155790,697252772597
2022-08-12,121.68,5867155790,713915518318
2022-08-15,122.08,5867155790,716262389586
2022-08-16,121.70,5867155790,714032841738
2022-08-17,119.55,5867155790,701418492600
2022-08-18,120.17,5867155790,705056100541
2022-08-19,117.21,5867155790,687689324774
2022-08-22,114.24,5867155790,670263864916
2022-08-23,113.86,5867155790,668034361830
2022-08-24,113.69,5867155790,667036956089
2022-08-25,116.65,5867155790,684403731856
2022-08-26,110.34,5867155790,647381948382
2022-08-29,109.42,5867155790,641984175799
2022-08-30,108.94,5867155790,639167966087
2022-08-31,108.22,5867155790,634943606756
2022-09-01,109.74,5867155790,643861663861
2022-09-02,107.85,5867155790,632772742999
2022-09-06,106.81,5867155790,626670895606
2022-09-07,109.45,5867155790,642160183310
2022-09-08,108.38,5867155790,635882328406
2022-09-09,110.65,5867155790,649200797116
2022-09-12,110.86,5867155790,650432894460
2022-09-13,104.32,5867155790,612061690222
2022-09-14,105.00,5867155790,616051357950
2022-09-15,102.91,5867155790,603789023835
2022-09-16,102.80,5867155790,603143633117
2022-09-19,103.07,5867155790,604727745485
2022-09-20,101.14,5867155790,593404133020
2022-09-21,99.28,5867155790,582491219669
2022-09-22,100.14,5867155790,587536977230
2022-09-23,98.74,5867155790,579322950171
2022-09-26,98.17,5867155790,575978673161
2022-09-27,97.50,5867155790,572047689525
2022-09-28,100.05,5867155790,587008954695
2022-09-29,97.42,5867155790,571578306319
2022-09-30,95.65,5867155790,561193460266
2022-10-03,98.64,5867155790,578736243545
2022-10-04,101.64,5867155790,596337710915
2022-10-05,101.43,5867155790,595105613570
2022-10-06,101.42,5867155790,595046929479
2022-10-07,98.68,5867155790,578970935148
2022-10-10,97.86,5867155790,574159869190
2022-10-11,97.18,5867155790,570170201463
2022-10-12,97.56,5867155790,572399704548
2022-10-13,99.06,5867155790,581200438233
2022-10-14,96.56,5867155790,566532548758
2022-10-17,99.97,5867155790,586539571488
2022-10-18,100.77,5867155790,591233269263
2022-10-19,99.63,5867155790,584544715243
2022-10-20,99.97,5867155790,586539571488
2022-10-21,101.13,5867155790,593345448928
2022-10-24,102.52,5867155790,601500791895
2022-10-25,104.48,5867155790,613000456635
2022-10-26,94.93,5867155790,556969100935
2022-10-27,92.22,5867155790,541069114116
2022-10-28,96.29,5867155790,564948436391
2022-10-31,94.51,5867155790,554504906246
2022-11-01,90.47,5867155790,530801591483
2022-11-02,86.97,5867155790,510266546218
2022-11-03,83.43,5867155790,489496809350
2022-11-04,86.58,5867155790,507978359041
2022-11-07,88.49,5867155790,519184603324
2022-11-08,88.90,5867155790,521590158684
2022-11-09,87.32,5867155790,512320041792
2022-11-10,93.94,5867155790,551160629237
2022-11-11,96.41,5867155790,565652511200
2022-11-14,95.70,5867155790,561486791198
2022-11-15,98.44,5867155790,577562830292
2022-11-16,98.85,5867155790,579968340889
2022-11-17,98.36,5867155790,577093447085
2022-11-18,97.43,5867155790,571636990410
2022-11-21,95.60,5867155790,560900084571
2022-11-22,97.05,5867155790,569407487325
2022-11-23,98.46,5867155790,577680153712
2022-11-25,97.46,5867155790,571812997922
2022-11-28,96.05,5867155790,563540331535
2022-11-29,95.19,5867155790,558494573974
2022-11-30,100.99,5867155790,592524050699
2022-12-01,100.99,5867155790,592524050699
2022-12-02,100.44,5867155790,589297141872
2022-12-05,99.48,5867155790,583664677685
2022-12-06,96.98,5867155790,568996788210
2022-12-07,94.94,5867155790,557027785027
2022-12-08,93.71,5867155790,549811163709
2022-12-09,92.83,5867155790,544648082729
2022-12-12,93.31,5867155790,547464292441
2022-12-13,95.63,5867155790,561076092083
2022-12-14,95.07,5867155790,557790499165
2022-12-15,90.86,5867155790,533089778660
2022-12-16,90.26,5867155790,529569494139
2022-12-19,88.44,5867155790,518891272392
2022-12-20,89.02,5867155790,522294188730
2022-12-21,89.58,5867155790,525579826411
2022-12-22,87.76,5867155790,514901604664
2022-12-23,89.23,5867155790,523526330837
2022-12-27,87.39,5867155790,512730740907
2022-12-28,86.02,5867155790,504692721360
2022-12-29,88.45,5867155790,518949911720
2022-12-30,88.23,5867155790,517659175047
2023-01-03,89.12,5867155790,522880940119
2023-01-04,88.08,5867155790,516779092726
2023-01-05,86.20,5867155790,505748811193
2023-01-06,87.34,5867155790,512437365212
2023-01-09,88.02,5867155790,516427032940
2023-01-10,88.42,5867155790,518773904209
2023-01-11,91.52,5867155790,536962078205
2023-01-12,91.13,5867155790,534673891028
2023-01-13,92.12,5867155790,540482407489
2023-01-17,91.29,5867155790,535612657441
2023-01-18,91.12,5867155790,534615251699
2023-01-19,93.05,5867155790,545938864165
2023-01-20,98.02,5867155790,575098590840
2023-01-23,99.79,5867155790,585483481656
2023-01-24,97.70,5867155790,573221102778
2023-01-25,95.22,5867155790,558670581486
2023-01-26,97.52,5867155790,572165012945
2023-01-27,99.37,5867155790,583019286967
2023-01-30,96.94,5867155790,568762096607
2023-01-31,98.84,5867155790,579909656797
2023-02-01,100.43,5867155790,589238457780
2023-02-02,107.74,5867155790,632127352281
2023-02-03,104.78,5867155790,614760576514
2023-02-06,102.90,5867155790,603730339744
2023-02-07,107.64,5867155790,631540645655
2023-02-08,99.37,5867155790,583019286967
2023-02-09,95.01,5867155790,557438484141
2023-02-10,94.57,5867155790,554856921270
2023-02-13,94.61,5867155790,555091612873
2023-02-14,94.68,5867155790,555502311988
2023-02-15,96.94,5867155790,568762096607
2023-02-16,95.51,5867155790,560372062036
2023-02-17,94.35,5867155790,553566139834
2023-02-21,91.79,5867155790,538546235336
2023-02-22,91.65,5867155790,537724837106
2023-02-23,90.89,5867155790,533265786172
2023-02-24,89.13,5867155790,522939579448
2023-02-27,89.87,5867155790,527281306962
2023-02-28,90.06,5867155790,528396036123
2023-03-01,90.36,5867155790,530156200765
2023-03-02,92.00,5867155790,539778332680
2023-03-03,93.65,5867155790,549459148686
2023-03-06,95.13,5867155790,558142514188
2023-03-07,93.86,5867155790,550691246030
2023-03-08,94.25,5867155790,552979433208
2023-03-09,92.32,5867155790,541655820742
2023-03-10,90.63,5867155790,531740313133
2023-03-13,91.11,5867155790,534556567608
2023-03-14,93.97,5867155790,551336636748
2023-03-15,96.11,5867155790,563892346558
2023-03-16,100.32,5867155790,588593067062
2023-03-17,101.62,5867155790,596220387494
2023-03-20,101.22,5867155790,593873516226
2023-03-21,104.92,5867155790,615581974744
2023-03-22,103.37,5867155790,606487910127
2023-03-23,105.60,5867155790,619571642471
2023-03-24,105.44,5867155790,618632920822
2023-03-27,102.46,5867155790,601148776872
2023-03-28,101.03,5867155790,592758742302
2023-03-29,101.39,5867155790,594870921967
2023-03-30,100.89,5867155790,591937344072
2023-03-31,103.73,5867155790,608600089792
2023-04-03,104.36,5867155790,612296381825
2023-04-04,104.72,5867155790,614408561491
2023-04-05,104.47,5867155790,612941772543
2023-04-06,108.42,5867155790,636117020009
2023-04-10,106.44,5867155790,624500076612
2023-04-11,105.35,5867155790,618104853524
2023-04-12,104.64,5867155790,613939178285
2023-04-13,107.43,5867155790,630308548310
2023-04-14,108.87,5867155790,638757266972
2023-04-17,105.97,5867155790,621742506228
2023-04-18,104.50,5867155790,613117780055
2023-04-19,104.18,5867155790,611240291993
2023-04-20,105.29,5867155790,617752838501
2023-04-21,105.41,5867155790,618456913310
2023-04-24,105.97,5867155790,621742506228
2023-04-25,103.85,5867155790,609304119839
2023-04-26,103.71,5867155790,608482721609
2023-04-27,107.59,5867155790,631247269960
2023-04-28,107.34,5867155790,629780481012
2023-05-01,107.20,5867155790,628959082783
2023-05-02,105.32,5867155790,617928846012
2023-05-03,105.41,5867155790,618456913310
2023-05-04,104.69,5867155790,614232553979
2023-05-05,105.57,5867155790,619395634960
2023-05-08,107.77,5867155790,632303359793
2023-05-09,107.35,5867155790,629839165104
2023-05-10,111.75,5867155790,655654659533
2023-05-11,116.57,5867155790,683934348650
2023-05-12,117.51,5867155790,689449489416
2023-05-15,116.51,5867155790,683582333626
2023-05-16,119.51,5867155790,701183800996
2023-05-17,120.84,5867155790,708987084177
2023-05-18,122.83,5867155790,720662756429
2023-05-19,122.76,5867155790,720252057314
2023-05-22,125.05,5867155790,733687849445
2023-05-23,122.56,5867155790,719078599298
2023-05-24,120.90,5867155790,709339143964
2023-05-25,123.48,5867155790,724476416645
2023-05-26,124.61,5867155790,731106286573
2023-05-30,123.67,5867155790,725591145806
2023-05-31,122.87,5867155790,720897448032
2023-06-01,123.72,5867155790,725884521501
2023-06-02,124.67,5867155790,731458301596
2023-06-05,126.01,5867155790,739320313631
2023-06-06,127.31,5867155790,746947589301
2023-06-07,122.50,5867155790,718726584275
2023-06-08,122.14,5867155790,716614404610
2023-06-09,122.23,5867155790,717142471907
2023-06-12,123.64,5867155790,725415138295
2023-06-13,123.83,5867155790,726529912219
2023-06-14,123.67,5867155790,725591145806
2023-06-15,125.09,5867155790,733922496285
2023-06-16,123.53,5867155790,724769747577
2023-06-20,123.10,5867155790,722246868796
2023-06-21,120.55,5867155790,707285648390
2023-06-22,123.15,5867155790,722540244491
2023-06-23,122.34,5867155790,717787817862
2023-06-26,118.34,5867155790,694319194702
2023-06-27,118.33,5867155790,694260555374
2023-06-28,120.18,5867155790,705114784633
2023-06-29,119.10,5867155790,698778245636
2023-06-30,119.70,5867155790,702298530158
2023-07-03,119.90,5867155790,703471988174
2023-07-05,121.75,5867155790,714326217433
2023-07-06,120.11,5867155790,704704085518
2023-07-07,119.48,5867155790,701007793485
2023-07-10,116.45,5867155790,683230273840
2023-07-11,117.14,5867155790,687278625660
2023-07-12,118.93,5867155790,697780839895
2023-07-13,124.54,5867155790,730695587458
2023-07-14,125.42,5867155790,735858668439
2023-07-17,124.65,5867155790,731340978176
2023-07-18,123.76,5867155790,726119213104
2023-07-19,122.03,5867155790,715969013892
2023-07-20,119.20,5867155790,699364952263
2023-07-21,120.02,5867155790,704176018220
2023-07-24,121.53,5867155790,713035435997
2023-07-25,122.21,5867155790,717025103724
2023-07-26,129.27,5867155790,758447254040
2023-07-27,129.40,5867155790,759209923416
2023-07-28,132.58,5867155790,777867525381
2023-07-31,132.72,5867155790,778688923611
2023-08-01,131.55,5867155790,771824362080
2023-08-02,128.38,5867155790,753225488968
2023-08-03,128.45,5867155790,753636143320
2023-08-04,128.11,5867155790,751641331838
2023-08-07,131.53,5867155790,771706993897
2023-08-08,131.40,5867155790,770944234996
2023-08-09,129.66,5867155790,760735441218
2023-08-10,129.69,5867155790,760911448729
2023-08-11,129.56,5867155790,760148689828
2023-08-14,131.33,5867155790,770533580644
2023-08-15,129.78,5867155790,761439471264
2023-08-16,128.70,5867155790,755102932268
2023-08-17,129.92,5867155790,762260869494
2023-08-18,127.46,5867155790,747827671622
2023-08-21,128.37,5867155790,753166760114
2023-08-22,129.08,5867155790,757332480116
2023-08-23,132.37,5867155790,776635383274
2023-08-24,129.78,5867155790,761439471264
2023-08-25,129.88,5867155790,762026222653
2023-08-28,131.01,5867155790,768656047819
2023-08-29,134.57,5867155790,789543197633
2023-08-30,135.88,5867155790,797229157393
2023-08-31,136.17,5867155790,798930593181
2023-09-01,135.66,5867155790,795938375958
2023-09-05,135.77,5867155790,796583766675
2023-09-06,134.46,5867155790,788897806915
2023-09-07,135.26,5867155790,793591459926
2023-09-08,136.38,5867155790,800162735288
2023-09-11,136.92,5867155790,803330960024
2023-09-12,135.34,5867155790,794060843132
2023-09-13,136.71,5867155790,802098907442
2023-09-14,138.10,5867155790,810254250409
2023-09-15,137.40,5867155790,806147169736
2023-09-18,138.21,5867155790,810899641127
2023-09-19,138.04,5867155790,809902145860
2023-09-20,133.74,5867155790,784673447584
2023-09-21,130.44,5867155790,765311815572
2023-09-22,130.25,5867155790,764197041648
2023-09-25,131.11,5867155790,769242799208
2023-09-26,128.57,5867155790,754340262893
2023-09-27,130.54,5867155790,765898477435
2023-09-28,132.31,5867155790,776283368251
2023-09-29,130.86,5867155790,767776010260
2023-10-02,134.17,5867155790,787196281601
2023-10-03,132.43,5867155790,776987398297
2023-10-04,135.24,5867155790,793474181269
2023-10-05,135.07,5867155790,792476775528
2023-10-06,137.58,5867155790,807203304331
2023-10-09,138.42,5867155790,812131693709
2023-10-10,138.06,5867155790,810019514043
2023-10-11,140.55,5867155790,824628764190
2023-10-12,138.97,5867155790,815358647298
2023-10-13,137.36,5867155790,805912522895
2023-10-16,139.10,5867155790,816121406199
2023-10-17,139.72,5867155790,819759014141
2023-10-18,137.96,5867155790,809432852180
2023-10-19,137.75,5867155790,808200710073
2023-10-20,135.60,5867155790,795586360934
2023-10-23,136.50,5867155790,800866765335
2023-10-24,138.81,5867155790,814419880886
2023-10-25,125.61,5867155790,736973442363
2023-10-26,122.28,5867155790,717435802839
2023-10-27,122.17,5867155790,716790412121
2023-10-30,124.46,5867155790,730226204252
2023-10-31,124.08,5867155790,727996701166
2023-11-01,126.45,5867155790,741901831740
2023-11-02,127.49,5867155790,748003679134
2023-11-03,129.10,5867155790,757449848299
2023-11-06,130.25,5867155790,764197041648
2023-11-07,130.97,5867155790,768421400978
2023-11-08,131.84,5867155790,773525797867
2023-11-09,130.24,5867155790,764138402319
2023-11-10,132.59,5867155790,777926164710
2023-11-13,132.09,5867155790,774992586815
2023-11-14,133.62,5867155790,783969328012
2023-11-15,134.62,5867155790,789836483802
2023-11-16,136.93,5867155790,803389599352
2023-11-17,135.31,5867155790,793884835621
2023-11-20,136.25,5867155790,799399976388
2023-11-21,136.97,5867155790,803624335718
2023-11-22,138.49,5867155790,812542437586
2023-11-24,136.69,5867155790,801981539259
2023-11-27,136.41,5867155790,800338742800
2023-11-28,137.20,5867155790,804973756483
2023-11-29,134.99,5867155790,792007392321
2023-11-30,132.53,5867155790,777574149687
2023-12-01,131.86,5867155790,773643166050
2023-12-04,129.27,5867155790,758447254040
2023-12-05,130.99,5867155790,768538769161
2023-12-06,130.02,5867155790,762847620883
2023-12-07,136.93,5867155790,803389599352
2023-12-08,134.99,5867155790,792007392321
2023-12-11,133.29,5867155790,782033155858
2023-12-12,132.52,5867155790,777515510358
2023-12-13,132.57,5867155790,777808886053
2023-12-14,131.94,5867155790,774112549257
2023-12-15,132.60,5867155790,777984893564
2023-12-18,135.80,5867155790,796759774187
2023-12-19,136.65,5867155790,801746802893
2023-12-20,138.34,5867155790,811662310502
2023-12-21,140.42,5867155790,823866005289
2023-12-22,141.49,5867155790,830143904956
2023-12-26,141.52,5867155790,830319912468
2023-12-27,140.37,5867155790,823572629594
2023-12-28,140.23,5867155790,822751231365
2023-12-29,139.69,5867155790,819583006629
2024-01-02,138.17,5867155790,810664904761
2024-01-03,138.92,5867155790,815065271604
2024-01-04,136.39,5867155790,800221374617
2024-01-05,135.73,5867155790,796349030310
2024-01-08,138.84,5867155790,814595888397
2024-01-09,140.95,5867155790,826975590695
2024-01-10,142.28,5867155790,834778918639
2024-01-11,142.08,5867155790,833605505386
2024-01-12,142.65,5867155790,836949737633
2024-01-16,142.49,5867155790,836011060746
2024-01-17,141.47,5867155790,830026536773
2024-01-18,143.48,5867155790,841819487682
2024-01-19,146.38,5867155790,858834293188
2024-01-22,145.99,5867155790,856546106011
2024-01-23,147.04,5867155790,862706547970
2024-01-24,148.70,5867155790,872446048068
2024-01-25,151.87,5867155790,891044921179
2024-01-26,152.19,5867155790,892922454004
2024-01-29,153.51,5867155790,900667053094
2024-01-30,151.46,5867155790,888639455345
2024-01-31,140.10,5867155790,821988561989
2024-02-01,141.16,5867155790,828207732803
2024-02-02,142.38,5867155790,835365670028
2024-02-05,143.68,5867155790,842992900935
2024-02-06,144.10,5867155790,845457185149
2024-02-07,145.54,5867155790,853905814285
2024-02-08,145.91,5867155790,856076722805
2024-02-09,149.00,5867155790,874206212710
2024-02-12,147.53,5867155790,865581486537
2024-02-13,145.14,5867155790,851558987780
2024-02-14,145.94,5867155790,856252730317
2024-02-15,142.77,5867155790,837653857205
2024-02-16,140.52,5867155790,824452756678
2024-02-20,141.12,5867155790,827972996437
2024-02-21,142.55,5867155790,836363075770
2024-02-22,144.09,5867155790,845398456295
2024-02-23,143.96,5867155790,844635786920
2024-02-26,137.57,5867155790,807144665003
2024-02-27,138.88,5867155790,814830624763
2024-02-28,136.38,5867155790,800162735288
2024-02-29,138.46,5867155790,812366430075
2024-03-01,137.14,5867155790,804621741460
2024-03-04,133.35,5867155790,782385260407
2024-03-05,132.67,5867155790,778395547916
2024-03-06,131.40,5867155790,770944234996
2024-03-07,134.38,5867155790,788428423708
2024-03-08,135.41,5867155790,794471587010
2024-03-11,137.67,5867155790,807731326866
2024-03-12,138.50,5867155790,812601076915
2024-03-13,139.79,5867155790,820169668493
2024-03-14,143.10,5867155790,839590029359
2024-03-15,141.18,5867155790,828325011460
2024-03-18,147.68,5867155790,866461524095
2024-03-19,147.03,5867155790,862647908642
2024-03-20,148.74,5867155790,872680784434
2024-03-21,147.60,5867155790,865992230414
2024-03-22,150.77,5867155790,884591103525
2024-03-25,150.07,5867155790,880484112378
2024-03-26,150.67,5867155790,884004352136
2024-03-27,150.87,5867155790,885177765389
2024-03-28,150.93,5867155790,885529780412
2024-04-01,155.49,5867155790,912284086016
2024-04-02,154.56,5867155790,906827584578
2024-04-03,154.92,5867155790,908939764244
2024-04-04,150.53,5867155790,883182953907
2024-04-05,152.50,5867155790,894741257975
2024-04-08,154.85,5867155790,908529109892
2024-04-09,156.60,5867155790,918796632524
2024-04-10,156.14,5867155790,916097701470
2024-04-11,159.41,5867155790,935283325970
2024-04-12,157.73,5867155790,925426457690
2024-04-15,154.86,5867155790,908587749220
2024-04-16,154.40,5867155790,905888818166
2024-04-17,155.47,5867155790,912166717833
2024-04-18,156.01,5867155790,915334942569
2024-04-19,154.09,5867155790,904070014195
2024-04-22,156.28,5867155790,916919099699
2024-04-23,158.26,5867155790,928536043096
2024-04-24,159.13,5867155790,933640529511
2024-04-25,156.00,5867155790,915276303240
2024-04-26,171.95,5867155790,1008857420185
2024-04-29,166.15,5867155790,974827898698
2024-04-30,162.78,5867155790,955055612334
2024-05-01,163.86,5867155790,961392151330
2024-05-02,166.62,5867155790,977585469082
2024-05-03,167.24,5867155790,981223166549
2024-05-06,168.10,5867155790,986268924109
2024-05-07,171.25,5867155790,1004750429038
2024-05-08,169.38,5867155790,993778876358
2024-05-09,169.96,5867155790,997181837460
2024-05-10,168.65,5867155790,989495788173
2024-05-13,169.14,5867155790,992370726740
2024-05-14,170.34,5867155790,999411295782
2024-05-15,172.51,5867155790,1012143013104
2024-05-16,174.18,5867155790,1021941152530
2024-05-17,176.06,5867155790,1032971434063
2024-05-20,176.92,5867155790,1038017191624
2024-05-21,177.85,5867155790,1043473693062
2024-05-22,176.38,5867155790,1034848966888
2024-05-23,173.55,5867155790,1018244905260
2024-05-24,174.99,5867155790,1026693623921
2024-05-28,176.40,5867155790,1034966245546
2024-05-29,175.90,5867155790,1032032667651
2024-05-30,172.11,5867155790,1009796186598
2024-05-31,172.50,5867155790,1012084373775
2024-06-03,173.17,5867155790,1016015357411
2024-06-04,173.79,5867155790,1019652965353
2024-06-05,175.41,5867155790,1029157818610
2024-06-06,176.73,5867155790,1036902417700
2024-06-07,174.46,5867155790,1023584038515
2024-06-10,175.01,5867155790,1026810902579
2024-06-11,176.62,5867155790,1036257026982
2024-06-12,177.79,5867155790,1043121588513
2024-06-13,175.16,5867155790,1027691029663
2024-06-14,176.79,5867155790,1037254432723
2024-06-17,177.24,5867155790,1039894724449
2024-06-18,175.09,5867155790,1027280285785
2024-06-20,176.30,5867155790,1034379583682
2024-06-21,179.63,5867155790,1053917223206
2024-06-24,179.22,5867155790,1051511667846
2024-06-25,184.03,5867155790,1079732672872
2024-06-26,183.88,5867155790,1078852635313
2024-06-27,185.41,5867155790,1087829376510
2024-06-28,182.15,5867155790,1068702391338
2024-07-01,182.99,5867155790,1073630870241
2024-07-02,185.24,5867155790,1086831970769
2024-07-03,185.82,5867155790,1090234931870
2024-07-05,190.60,5867155790,1118279929384
2024-07-08,189.03,5867155790,1109068451822
2024-07-09,188.98,5867155790,1108775076127
2024-07-10,191.18,5867155790,1121682800960
2024-07-11,185.57,5867155790,1088768142923
2024-07-12,185.07,5867155790,1085834565028
2024-07-15,186.53,5867155790,1094400562347
2024-07-16,183.92,5867155790,1079087282154
2024-07-17,181.02,5867155790,1062072566173
2024-07-18,177.69,5867155790,1042534926649
2024-07-19,177.66,5867155790,1042358919138
2024-07-22,181.67,5867155790,1065886181626
2024-07-23,181.79,5867155790,1066590211673
2024-07-24,172.63,5867155790,1012847132676
2024-07-25,167.28,5867155790,981457813389
2024-07-26,167.00,5867155790,979815016930
2024-07-29,169.53,5867155790,994658913917
2024-07-30,170.29,5867155790,999117920088
2024-07-31,171.54,5867155790,1006451864825
2024-08-01,170.76,5867155790,1001875490471
2024-08-02,166.66,5867155790,977820205448
2024-08-05,159.25,5867155790,934344559558
2024-08-06,158.29,5867155790,928712050608
2024-08-07,158.94,5867155790,932525755587
2024-08-08,162.03,5867155790,950655245492
2024-08-09,163.67,5867155790,960277377406
2024-08-12,162.29,5867155790,952180673768
2024-08-13,164.16,5867155790,963152315973
2024-08-14,160.37,5867155790,940915745394
2024-08-15,161.30,5867155790,946372246832
2024-08-16,162.96,5867155790,956111746930
2024-08-19,166.67,5867155790,977878844776
2024-08-20,167.18,5867155790,980871062000
2024-08-21,165.85,5867155790,973067823582
2024-08-22,163.80,5867155790,961040136307
2024-08-23,165.62,5867155790,971718313292
2024-08-26,166.16,5867155790,974886627553
2024-08-27,164.68,5867155790,966203172525
2024-08-28,162.85,5867155790,955466356212
2024-08-29,161.78,5867155790,949188456544
2024-08-30,163.38,5867155790,958575941618
2024-09-03,157.36,5867155790,923255638695
2024-09-04,156.45,5867155790,917916505440
2024-09-05,157.24,5867155790,922551608649
2024-09-06,150.92,5867155790,885471141084
2024-09-09,148.71,5867155790,872504776922
2024-09-10,148.66,5867155790,872211401228
2024-09-11,151.16,5867155790,886879290703
2024-09-12,154.69,5867155790,907590343479
2024-09-13,157.46,5867155790,923842390085
2024-09-16,158.06,5867155790,927362629843
2024-09-17,159.32,5867155790,934755303435
2024-09-18,159.81,5867155790,937630152476
2024-09-19,162.14,5867155790,951300636210
2024-09-20,163.59,5867155790,959807994200
2024-09-23,161.85,5867155790,949599200422
2024-09-24,162.29,5867155790,952180673768
2024-09-25,161.49,5867155790,947487020756
2024-09-26,162.73,5867155790,954762236640
2024-09-27,163.95,5867155790,961920173865
2024-09-30,165.85,5867155790,973067823582
2024-10-01,166.99,5867155790,979756377601
2024-10-02,165.86,5867155790,973126462910
2024-10-03,165.86,5867155790,973126462910
2024-10-04,167.06,5867155790,980167031953
2024-10-07,162.98,5867155790,956229025587
2024-10-08,164.38,5867155790,964443097408
2024-10-09,161.86,5867155790,949657839750
2024-10-10,162.08,5867155790,950948621186
2024-10-11,163.24,5867155790,957754543389
2024-10-14,164.96,5867155790,967846058510
2024-10-15,165.46,5867155790,970779636405
2024-10-16,165.16,5867155790,969019471763
2024-10-17,162.93,5867155790,955935649892
2024-10-18,163.42,5867155790,958810588459
2024-10-21,164.07,5867155790,962624293438
2024-10-22,165.14,5867155790,968902103580
2024-10-23,162.78,5867155790,955055612334
2024-10-24,162.72,5867155790,954703597311
2024-10-25,165.27,5867155790,969664862480
2024-10-28,166.72,5867155790,978172220471
2024-10-29,169.68,5867155790,995538951475
2024-10-30,174.46,5867155790,1023584038515
2024-10-31,171.11,5867155790,1003929030808
2024-11-01,171.29,5867155790,1004985075878
2024-11-04,169.24,5867155790,992957478129
2024-11-05,169.74,5867155790,995891056024
2024-11-06,176.51,5867155790,1035611636264
2024-11-07,180.75,5867155790,1060488409043
2024-11-08,178.35,5867155790,1046407270957
2024-11-11,180.35,5867155790,1058141582537
2024-11-12,181.62,5867155790,1065592805932
2024-11-13,178.88,5867155790,1049516856363
2024-11-14,175.58,5867155790,1030155224351
2024-11-15,172.49,5867155790,1012025734446
2024-11-18,175.30,5867155790,1028512427892
2024-11-19,178.12,5867155790,1045057760667
2024-11-20,175.98,5867155790,1032502050857
2024-11-21,167.63,5867155790,983511353726
2024-11-22,164.76,5867155790,966672555731
2024-11-25,167.65,5867155790,983628632383
2024-11-26,169.12,5867155790,992253358557
2024-11-27,169.23,5867155790,992898749275
2024-11-29,168.95,5867155790,991255952815
2024-12-02,171.49,5867155790,1006158578656
2024-12-03,171.34,5867155790,1005278451572
2024-12-04,174.37,5867155790,1023055926454
2024-12-05,172.64,5867155790,1012905772005
2024-12-06,174.71,5867155790,1025050827462
2024-12-09,175.37,5867155790,1028923082244
2024-12-10,185.17,5867155790,1086421226891
2024-12-11,195.40,5867155790,1146442205556
2024-12-12,191.96,5867155790,1126259264840
2024-12-13,189.82,5867155790,1113703555030
2024-12-16,196.66,5867155790,1153834879148
2024-12-17,195.42,5867155790,1146559573739
2024-12-18,188.40,5867155790,1105372115026
2024-12-19,188.51,5867155790,1106017505744
2024-12-20,191.41,5867155790,1123032311250
2024-12-23,194.63,5867155790,1141924560056
2024-12-24,196.11,5867155790,1150607925558
2024-12-26,195.60,5867155790,1147615708334
2024-12-27,192.76,5867155790,1130952917851
2024-12-30,191.24,5867155790,1122034905509
2024-12-31,189.30,5867155790,1110652608952
2025-01-02,189.43,5867155790,1111415278327
2025-01-03,191.79,5867155790,1125261769573
2025-01-06,196.87,5867155790,1155066931729
2025-01-07,195.49,5867155790,1146970317616
2025-01-08,193.95,5867155790,1137934847565
2025-01-10,192.04,5867155790,1126728558520
2025-01-13,191.01,5867155790,1120685395219
2025-01-14,189.66,5867155790,1112764788618
2025-01-15,195.55,5867155790,1147322332640
2025-01-16,192.91,5867155790,1131833044935
2025-01-17,196.00,5867155790,1149962534840
2025-01-21,198.05,5867155790,1161990222115
2025-01-22,198.37,5867155790,1163867665414
2025-01-23,197.98,5867155790,1161579478237
2025-01-24,200.21,5867155790,1174663300107
2025-01-27,191.81,5867155790,1125379137756
2025-01-28,195.30,5867155790,1145855543692
2025-01-29,195.41,5867155790,1146500934410
2025-01-30,200.87,5867155790,1178535554889
2025-01-31,204.02,5867155790,1197017149343
2025-02-03,201.23,5867155790,1180647734555
2025-02-04,206.38,5867155790,1210863640588
2025-02-05,191.33,5867155790,1122562928044
2025-02-06,191.60,5867155790,1124147085174
2025-02-07,185.34,5867155790,1087418632632
2025-02-10,186.47,5867155790,1094048547323
2025-02-11,185.32,5867155790,1087301353975
2025-02-12,183.61,5867155790,1077268478183
2025-02-13,186.14,5867155790,1092112375170
2025-02-14,185.23,5867155790,1086773241915
2025-02-18,183.77,5867155790,1078207244595
2025-02-19,185.27,5867155790,1087007978280
2025-02-20,184.56,5867155790,1082842258278
2025-02-21,179.66,5867155790,1054093230718
2025-02-24,179.25,5867155790,1051687675358
2025-02-25,175.42,5867155790,1029216457939
2025-02-26,172.73,5867155790,1013433794540
2025-02-27,168.50,5867155790,988615750615
2025-02-28,170.28,5867155790,999059280759
2025-03-03,167.01,5867155790,979873656259
2025-03-04,170.92,5867155790,1002814256884
2025-03-05,173.02,5867155790,1015135319853
2025-03-06,172.35,5867155790,1011204336217
2025-03-07,173.86,5867155790,1020063709230
2025-03-10,165.87,5867155790,973185102239
2025-03-11,164.04,5867155790,962448196400
2025-03-12,167.11,5867155790,980460407648
2025-03-13,162.76,5867155790,954938244151
2025-03-14,165.49,5867155790,970955643916
2025-03-17,164.29,5867155790,963914985348
2025-03-18,160.67,5867155790,942675910036
2025-03-19,163.89,5867155790,961568158842
2025-03-20,162.80,5867155790,955172980517
2025-03-21,163.99,5867155790,962154910231
2025-03-24,167.68,5867155790,983804639895
2025-03-25,170.56,5867155790,1000702077218
2025-03-26,165.06,5867155790,968432720373
2025-03-27,162.24,5867155790,951887387599
2025-03-28,154.33,5867155790,905478163814
2025-03-31,154.64,5867155790,907296967785
2025-04-01,157.07,5867155790,921554202908
2025-04-02,157.04,5867155790,921378105870
2025-04-03,150.72,5867155790,884297727831
2025-04-04,145.60,5867155790,854257918834
2025-04-07,146.75,5867155790,861005112183
2025-04-08,144.70,5867155790,848977424908
2025-04-09,158.71,5867155790,931176334822
2025-04-10,152.82,5867155790,896618790800
2025-04-11,157.14,5867155790,921964857260
2025-04-14,159.07,5867155790,933288514488
2025-04-15,156.31,5867155790,917095107211
2025-04-16,153.33,5867155790,899611008024
2025-04-17,151.16,5867155790,886879290703
2025-04-21,147.67,5867155790,866402884766
2025-04-22,151.47,5867155790,888698094673
2025-04-23,155.35,5867155790,911462687787
2025-04-24,159.28,5867155790,934520567069
2025-04-25,161.96,5867155790,950244591140
2025-04-28,160.61,5867155790,942323895013
2025-04-29,160.16,5867155790,939683692813
2025-04-30,158.80,5867155790,931704357357
2025-05-01,161.30,5867155790,946372246832
2025-05-02,164.03,5867155790,962389557072
2025-05-05,164.21,5867155790,963445691667
2025-05-06,163.23,5867155790,957695814535
2025-05-07,151.38,5867155790,888170072138
2025-05-08,154.28,5867155790,905184788119
2025-05-09,152.75,5867155790,896208046923
2025-05-12,158.46,5867155790,929709545875
2025-05-13,159.53,5867155790,935987356017
2025-05-14,165.37,5867155790,970251524344
2025-05-15,163.96,5867155790,961978902720
2025-05-16,166.19,5867155790,975062635064
2025-05-19,166.54,5867155790,977116085875
2025-05-20,163.98,5867155790,962096181377
2025-05-21,168.56,5867155790,988967765638
2025-05-22,170.87,5867155790,1002520881189
2025-05-23,168.47,5867155790,988439743103
2025-05-27,172.90,5867155790,1014431200281
2025-05-28,172.36,5867155790,1011262975545
2025-05-29,171.86,5867155790,1008329397650
2025-05-30,171.74,5867155790,1007625367604
2025-06-02,169.03,5867155790,991725336022
2025-06-03,166.18,5867155790,975003906210
2025-06-04,168.05,5867155790,985975548415
2025-06-05,168.21,5867155790,986914314827
2025-06-06,173.68,5867155790,1019007574635
2025-06-09,176.09,5867155790,1033147441575
2025-06-10,178.60,5867155790,1047874059904
2025-06-11,177.35,5867155790,1040540115167
2025-06-12,175.70,5867155790,1030859254398
2025-06-13,174.67,5867155790,1024816091096
2025-06-16,176.77,5867155790,1037137154065
2025-06-17,175.95,5867155790,1032326043345
2025-06-18,173.32,5867155790,1016895484495
2025-06-20,166.64,5867155790,977702837265
2025-06-23,165.19,5867155790,969195479274
2025-06-24,166.77,5867155790,978465596165
2025-06-25,170.68,5867155790,1001406107265
2025-06-26,173.54,5867155790,1018186176405
2025-06-27,178.53,5867155790,1047463316027
2025-06-30,176.23,5867155790,1033968839805
2025-07-01,175.84,5867155790,1031680652627
2025-07-02,178.64,5867155790,1048108706745
2025-07-03,179.53,5867155790,1053330471817
2025-07-07,176.79,5867155790,1037254432723
2025-07-08,174.36,5867155790,1022997287125
2025-07-09,176.62,5867155790,1036257026982
2025-07-10,177.62,5867155790,1042124182772
2025-07-11,180.19,5867155790,1057202816124
2025-07-14,181.56,5867155790,1065240790908
2025-07-15,182.00,5867155790,1067822353780
2025-07-16,182.97,5867155790,1073513502058
2025-07-17,183.58,5867155790,1077092470671
2025-07-18,185.06,5867155790,1085775836173
2025-07-21,190.10,5867155790,1115346351489
2025-07-22,191.34,5867155790,1122621567372
2025-07-23,190.23,5867155790,1116109020865
2025-07-24,192.17,5867155790,1127491317421
2025-07-25,193.18,5867155790,1133417112540
2025-07-28,192.58,5867155790,1129896872781
2025-07-29,195.75,5867155790,1148495745893
2025-07-30,196.53,5867155790,1153072120247
2025-07-31,191.90,5867155790,1125907160291
2025-08-01,189.13,5867155790,1109655203211
2025-08-04,195.04,5867155790,1144330025890
2025-08-05,194.67,5867155790,1142159206896
2025-08-06,196.09,5867155790,1150490557375
2025-08-07,196.52,5867155790,1153013480918
2025-08-08,201.42,5867155790,1181762508479
2025-08-11,201.00,5867155790,1179298313790
2025-08-12,203.34,5867155790,1193027436852
2025-08-13,201.96,5867155790,1184930822740
2025-08-14,202.94,5867155790,1190680610347
2025-08-15,203.90,5867155790,1196313029771
2025-08-18,203.50,5867155790,1193966203265
2025-08-19,201.57,5867155790,1182642635563
2025-08-20,199.32,5867155790,1169441535035
2025-08-21,199.75,5867155790,1171964369053
2025-08-22,206.09,5867155790,1209162115275
2025-08-25,208.49,5867155790,1223243342886
2025-08-26,207.14,5867155790,1215322646760
2025-08-27,207.48,5867155790,1217317458242
2025-08-28,211.64,5867155790,1241724847815
2025-08-29,212.91,5867155790,1249176160735
2025-09-02,211.35,5867155790,1240023412027
2025-09-03,230.66,5867155790,1353318176008
2025-09-04,232.30,5867155790,1362940307922
2025-09-05,235.00,5867155790,1378781610650
2025-09-08,234.04,5867155790,1373149101700
2025-09-09,239.63,5867155790,1405946570606
2025-09-10,239.17,5867155790,1403247639551
2025-09-11,240.37,5867155790,1410288208594
2025-09-12,240.80,5867155790,1412811132137
2025-09-15,251.61,5867155790,1476235071903
2025-09-16,251.16,5867155790,1473594869703
2025-09-17,249.53,5867155790,1464031377117
2025-09-18,252.03,5867155790,1478699266592
2025-09-19,254.72,5867155790,1494481929991
2025-09-22,252.53,5867155790,1481632844487
2025-09-23,251.66,5867155790,1476528447598
2025-09-24,247.14,5867155790,1450008878360
2025-09-25,245.79,5867155790,1442088182233
2025-09-26,246.54,5867155790,1446488549075
2025-09-29,244.05,5867155790,1431879388455
2025-09-30,243.10,5867155790,1426305608359
2025-10-01,244.90,5867155790,1436866417161
2025-10-02,245.69,5867155790,1441501520369
2025-10-03,245.35,5867155790,1439506708887
2025-10-06,250.43,5867155790,1469311781517
2025-10-07,245.76,5867155790,1441912174721
2025-10-08,244.62,5867155790,1435223620702
2025-10-09,241.53,5867155790,1417094130797
2025-10-10,236.57,5867155790,1387993088213
2025-10-13,244.15,5867155790,1432466050318
2025-10-14,245.45,5867155790,1440093370750
2025-10-15,251.03,5867155790,1472832110802
2025-10-16,251.46,5867155790,1475355034345
2025-10-17,253.30,5867155790,1486150579512
2025-10-20,256.55,5867155790,1505218746304
2025-10-21,250.46,5867155790,1469487878555
2025-10-22,251.69,5867155790,1476704455109
2025-10-23,253.08,5867155790,1484859798076
2025-10-24,259.92,5867155790,1524991211719
2025-10-27,269.27,5867155790,1579848975115
2025-10-28,267.47,5867155790,1569288166313
2025-10-29,274.57,5867155790,1610945008233
2025-10-30,281.48,5867155790,1651487076228
2025-10-31,281.19,5867155790,1649785550914
2025-11-03,283.72,5867155790,1664629447901
2025-11-04,277.54,5867155790,1628370468091
2025-11-05,284.31,5867155790,1668091048331
2025-11-06,284.75,5867155790,1670672611203
2025-11-07,278.83,5867155790,1635938970143
2025-11-10,290.10,5867155790,1702061930489
2025-11-11,291.31,5867155790,1709161138861
2025-11-12,286.71,5867155790,1682172186417
2025-11-13,278.57,5867155790,1634413631393
2025-11-14,276.41,5867155790,1621740553400
2025-11-17,285.02,5867155790,1672256678807
2025-11-18,284.28,5867155790,1667915040819
2025-11-19,292.81,5867155790,1717961872546
2025-11-20,289.45,5867155790,1698248315036
2025-11-21,299.66,5867155790,1758151925518
2025-11-24,318.58,5867155790,1869158412796
2025-11-25,323.44,5867155790,1897672883042
2025-11-26,319.95,5867155790,1877196566631
2025-11-28,320.18,5867155790,1878545897870
2025-12-01,314.89,5867155790,1847508772658
2025-12-02,315.81,5867155790,1852906455716
2025-12-03,319.63,5867155790,1875319033806
2025-12-04,317.62,5867155790,1863525993372
2025-12-05,321.27,5867155790,1884941076195
2025-12-08,313.72,5867155790,1840644121601
2025-12-09,317.08,5867155790,1860357679111
2025-12-10,320.21,5867155790,1878721905382
2025-12-11,312.43,5867155790,1833075440497
2025-12-12,309.29,5867155790,1814652664423
2025-12-15,308.22,5867155790,1808374764756
2025-12-16,306.57,5867155790,1798693993513
2025-12-17,296.72,5867155790,1740902473171
2025-12-18,302.46,5867155790,1774579890109
2025-12-19,307.16,5867155790,1802155593943
2025-12-22,309.78,5867155790,1817527513464
2025-12-23,314.35,5867155790,1844340458397
2025-12-24,314.09,5867155790,1842814940595
2025-12-26,313.51,5867155790,1839412069019
2025-12-29,313.56,5867155790,1839705355188
2025-12-30,313.85,5867155790,1841406880502
2025-12-31,313.00,5867155790,1836419762270
2026-01-02,315.15,5867155790,1849034111408
2026-01-05,316.54,5867155790,1857189543901
2026-01-06,314.34,5867155790,1844281729542
2026-01-07,321.98,5867155790,1889106885723
2026-01-08,325.44,5867155790,1909407194622
2026-01-09,328.57,5867155790,1927771420893
2026-01-12,331.86,5867155790,1947074234525
2026-01-13,335.97,5867155790,1971188337928
2026-01-14,335.84,5867155790,1970425579027
2026-01-15,332.78,5867155790,1952472096634
2026-01-16,330.00,5867155790,1936161410700
2026-01-20,322.00,5867155790,1889224164380
2026-01-21,328.38,5867155790,1926656646968
2026-01-22,330.54,5867155790,1939329724961
2026-01-23,327.93,5867155790,1924016355242
2026-01-26,333.26,5867155790,1955288395872
2026-01-27,334.55,5867155790,1962856897924
2026-01-28,336.01,5867155790,1971423074294
2026-01-29,338.25,5867155790,1984565445968
2026-01-30,338.00,5867155790,1983098657020
2026-02-02,343.69,5867155790,2016482787789
2026-02-03,339.71,5867155790,1993131443287
2026-02-04,333.04,5867155790,1953997614436
2026-02-05,331.25,5867155790,1943495355438
2026-02-06,322.86,5867155790,1894269832415
2026-02-09,324.32,5867155790,1902836008785
2026-02-10,318.58,5867155790,1869158412796
2026-02-11,310.96,5867155790,1824450714324
2026-02-12,309.00,5867155790,1812951139110
2026-02-13,305.72,5867155790,1793706875281
2026-02-17,302.02,5867155790,1771998327237
2026-02-18,303.33,5867155790,1779684286998
2026-02-19,302.85,5867155790,1776868166812
2026-02-20,314.98,5867155790,1848036795193
2026-02-23,311.49,5867155790,1827560299731
2026-02-24,310.90,5867155790,1824098699301
2026-02-25,312.90,5867155790,1835833010881
2026-02-26,307.38,5867155790,1803446375378
2026-02-27,311.76,5867155790,1829144546387
2026-03-02,306.52,5867155790,1798400528292
2026-03-03,303.58,5867155790,1781151075946
2026-03-04,303.13,5867155790,1778510963271
2026-03-05,300.88,5867155790,1765309862743
2026-03-06,298.52,5867155790,1751463281972
2026-03-09,306.36,5867155790,1797461761880
2026-03-10,307.04,5867155790,1801451563896
2026-03-11,308.70,5867155790,1811191063994
2026-03-12,303.55,5867155790,1780975068434
2026-03-13,302.28,5867155790,1773523845039
2026-03-16,305.56,5867155790,1792768108868
2026-03-17,310.92,5867155790,1824216157009
2026-03-18,307.69,5867155790,1805265179349
2026-03-19,307.13,5867155790,1801979586431
2026-03-20,301.00,5867155790,1766013892790
2026-03-23,302.06,5867155790,1772233063603
2026-03-24,290.44,5867155790,1704056741972
2026-03-25,290.93,5867155790,1706931591012
2026-03-26,280.92,5867155790,1648201483309
2026-03-27,274.34,5867155790,1609595497942
2026-03-30,273.50,5867155790,1604667108565
2026-03-31,287.56,5867155790,1687159304648
2026-04-01,297.39,5867155790,1744833546333
2026-04-02,295.77,5867155790,1735328603550
2026-04-06,299.99,5867155790,1760088008146
2026-04-07,305.46,5867155790,1792181357479
2026-04-08,317.32,5867155790,1861765918255
2026-04-09,318.49,5867155790,1868630390261
2026-04-10,317.24,5867155790,1861296445523
2026-04-13,321.31,5867155790,1885175812561
2026-04-14,332.91,5867155790,1953234855535
2026-04-15,337.12,5867155790,1977935531277
2026-04-16,336.02,5867155790,1971481624097
2026-04-17,341.68,5867155790,2004689747355
2026-04-20,337.42,5867155790,1979695785444
2026-04-21,332.29,5867155790,1949597247593
2026-04-22,339.32,5867155790,1990843345635
2026-04-23,338.89,5867155790,1988320511618
2026-04-24,344.40,5867155790,2020648418266
2026-04-27,350.34,5867155790,2055499337982
2026-04-28,349.78,5867155790,2052213745064
2026-04-29,349.94,5867155790,2053152511477
2026-04-30,384.80,5867155790,2257681476371
2026-05-01,385.69,5867155790,2262903330969
2026-05-04,383.25,5867155790,2248587456518
2026-05-05,388.43,5867155790,2278979280537
2026-05-06,398.04,5867155790,2335362740786
2026-05-07,397.99,5867155790,2335069275566
2026-05-08,400.80,5867155790,2351555969011
2026-05-11,388.64,5867155790,2280211512170
2026-05-12,387.35,5867155790,2272642831067
2026-05-13,402.62,5867155790,2362234235522
2026-05-14,401.07,5867155790,2353140215668
2026-05-15,396.78,5867155790,2327970067194
2026-05-18,396.94,5867155790,2328908833607
2026-05-19,387.66,5867155790,2274461635038
2026-05-20,388.91,5867155790,2281795579775
2026-05-21,387.66,5867155790,2274461635038
2026-05-22,382.97,5867155790,2246944660058
2026-05-26,388.88,5867155790,2281619572263
2026-05-27,388.83,5867155790,2281326107043
2026-05-28,390.13,5867155790,2288953517001
2026-05-29,380.34,5867155790,2231514011682
2026-06-01,376.37,5867155790,2208221396034
2026-06-02,361.85,5867155790,2123030358422
2026-06-03,358.99,5867155790,2106250199756
2026-06-04,372.19,5867155790,2183696727804
2026-06-05,368.53,5867155790,2162222916127
2026-06-08,363.31,5867155790,2131596355741
2026-06-09,364.26,5867155790,2137170225362
2026-06-10,356.38,5867155790,2090937009088
2026-06-11,357.77,5867155790,2099092262530
2026-06-12,359.68,5867155790,2110298551575
2026-06-15,369.35,5867155790,2167034026847
2026-06-16,373.25,5867155790,2189915898618
2026-06-17,363.79,5867155790,2134412654978
2026-06-18,368.03,5867155790,2159289338232
2026-06-22,349.68,5867155790,2051626993675
2026-06-23,346.13,5867155790,2030798662241
2026-06-24,345.29,5867155790,2025870272863
2026-06-25,343.71,5867155790,2016600066447
2026-06-26,337.39,5867155790,1979519777933
2026-06-29,353.65,5867155790,2074919609323
2026-06-30,357.37,5867155790,2096745436024
2026-07-01,361.21,5867155790,2119275292772
2026-07-02,359.91,5867155790,2111648061865
2026-07-06,366.46,5867155790,2150077860669
2026-07-07,367.03,5867155790,2153422182442
2026-07-08,361.92,5867155790,2123441102299
2026-07-09,358.89,5867155790,2105663627418
2026-07-10,357.18,5867155790,2095630662100
2026-07-13,352.51,5867155790,2068231144829
2026-07-14,359.51,5867155790,2109301235359
2026-07-15,370.92,5867155790,2176245504409
2026-07-16,354.46,5867155790,2079671991189
2026-07-17,346.77,5867155790,2034553548840
2026-07-20,351.99,5867155790,2065180109226
2026-07-21,347.15,5867155790,2036783096688
2026-07-22,342.09,5867155790,2007095302715
2026-07-23,317.69,5867155790,1863936737249
2026-07-24,319.74,5867155790,1875964334998
2026-07-27,326.56,5867155790,1915978380458
2026-07-28,333.71,5867155790,1957928508547
2026-07-29,336.71,5867155790,1975529975917
2026-07-30,333.66,5867155790,1957635222378
2026-07-31,356.13,5867155790,2089470220141
2026-08-03,373.51,5867155790,2191441416419
2026-08-04,377.65,5867155790,2215731348283
2026-08-05,362.43,5867155790,2126433229997
2026-08-06,357.75,5867155790,2098974983873
2026-08-07,354.30,5867155790,2078733224776
2026-08-10,357.52,5867155790,2097625473582
2026-08-11,343.80,5867155790,2017128088981
2026-08-12,343.54,5867155790,2015602750231
2026-08-13,346.36,5867155790,2032147993480
2026-08-14,345.90,5867155790,2029449151951
2026-08-17,344.00,5867155790,2018301591760
2026-08-18,344.20,5867155790,2019475094539
2026-08-19,344.72,5867155790,2022525951091
2026-08-20,340.67,5867155790,1998764041762
2026-08-21,344.82,5867155790,2023112702480
2026-08-24,348.06,5867155790,2042122229943
2026-08-25,346.96,5867155790,2035668322764
2026-08-26,342.00,5867155790,2006567280180
2026-08-27,340.65,5867155790,1998646584053
2026-08-28,346.59,5867155790,2033497503770
2026-08-31,339.35,5867155790,1991019353147
2026-09-01,335.02,5867155790,1965614468307
2026-09-02,337.12,5867155790,1977935531277
2026-09-03,342.48,5867155790,2009383579418
2026-09-04,338.46,5867155790,1985797498549
2026-09-08,338.36,5867155790,1985210747160
2026-09-09,330.65,5867155790,1939975026153
2026-09-10,332.60,5867155790,1951416051564
2026-09-11,338.50,5867155790,1986032234915