Date,Close,Shares_Outstanding,Market_Cap
2006-09-14,78.84,942134390,74280897970
2006-09-15,79.29,942134390,74704230221
2006-09-18,78.62,942134390,74073742260
2006-09-19,78.27,942134390,73740481771
2006-09-20,79.75,942134390,75136568931
2006-09-21,78.02,942134390,73506299502
2006-09-22,77.64,942134390,73146019640
2006-09-25,78.39,942134390,73857572906
2006-09-26,78.87,942134390,74307924530
2006-09-27,78.48,942134390,73938638211
2006-09-28,78.38,942134390,73848566448
2006-09-29,78.34,942134390,73803526973
2006-10-02,78.27,942134390,73740481771
2006-10-03,78.06,942134390,73542325331
2006-10-04,79.45,942134390,74848340728
2006-10-05,79.27,942134390,74686217306
2006-10-06,79.48,942134390,74884373746
2006-10-09,80.31,942134390,75658972214
2006-10-10,80.49,942134390,75830109282
2006-10-11,80.49,942134390,75830109282
2006-10-12,80.98,942134390,76289467363
2006-10-13,82.29,942134390,77532437558
2006-10-16,82.90,942134390,78099880317
2006-10-17,83.13,942134390,78316049671
2006-10-18,85.87,942134390,80901061093
2006-10-19,85.91,942134390,80937086923
2006-10-20,86.50,942134390,81495523224
2006-10-23,87.53,942134390,82468285320
2006-10-24,87.47,942134390,82405232930
2006-10-25,87.79,942134390,82711474047
2006-10-26,87.51,942134390,82450272405
2006-10-27,86.77,942134390,81747718409
2006-10-30,87.48,942134390,82414239387
2006-10-31,88.27,942134390,83161825671
2006-11-01,87.76,942134390,82684454675
2006-11-02,87.65,942134390,82576369997
2006-11-03,87.39,942134390,82333181270
2006-11-06,88.53,942134390,83405014398
2006-11-07,88.67,942134390,83540118448
2006-11-08,88.52,942134390,83396007941
2006-11-09,88.36,942134390,83242890976
2006-11-10,87.72,942134390,82648421657
2006-11-13,88.02,942134390,82927643402
2006-11-14,89.19,942134390,84026495901
2006-11-15,89.02,942134390,83864372480
2006-11-16,89.36,942134390,84188626511
2006-11-17,89.68,942134390,84494860440
2006-11-20,89.15,942134390,83990470072
2006-11-21,88.99,942134390,83837353107
2006-11-22,89.41,942134390,84233658799
2006-11-24,89.24,942134390,84080541834
2006-11-27,87.43,942134390,82369207100
2006-11-28,87.33,942134390,82279135338
2006-11-29,87.50,942134390,82432252302
2006-11-30,87.88,942134390,82792539352
2006-12-01,87.24,942134390,82189063575
2006-12-04,89.40,942134390,84224652341
2006-12-05,90.33,942134390,85098336217
2006-12-06,89.98,942134390,84774082185
2006-12-07,90.09,942134390,84873160405
2006-12-08,89.73,942134390,84539899916
2006-12-11,89.52,942134390,84341743476
2006-12-12,89.98,942134390,84774082185
2006-12-13,90.60,942134390,85359537859
2006-12-14,91.17,942134390,85890954788
2006-12-15,91.11,942134390,85836908855
2006-12-18,91.24,942134390,85963006447
2006-12-19,91.78,942134390,86467404004
2006-12-20,91.78,942134390,86467404004
2006-12-21,91.69,942134390,86386338699
2006-12-22,91.06,942134390,85791876568
2006-12-26,91.45,942134390,86161162887
2006-12-27,92.93,942134390,87548243589
2006-12-28,92.71,942134390,87341080692
2006-12-29,92.88,942134390,87503211302
2007-01-03,92.99,942134390,87611295979
2007-01-04,93.99,942134390,88548025057
2007-01-05,93.14,942134390,87746400029
2007-01-08,94.55,942134390,89079434798
2007-01-09,95.67,942134390,90133255011
2007-01-10,94.54,942134390,89070428341
2007-01-11,94.31,942134390,88854258986
2007-01-12,94.97,942134390,89475747678
2007-01-16,96.39,942134390,90808782447
2007-01-17,95.62,942134390,90088222724
2007-01-18,95.08,942134390,89574825898
2007-01-19,91.94,942134390,86620520969
2007-01-22,92.84,942134390,87467178284
2007-01-23,92.81,942134390,87440158912
2007-01-24,93.12,942134390,87728387114
2007-01-25,93.22,942134390,87827458146
2007-01-26,93.16,942134390,87773419401
2007-01-29,94.21,942134390,88755180766
2007-01-30,95.00,942134390,89502767050
2007-01-31,94.79,942134390,89304610610
2007-02-01,94.65,942134390,89169506561
2007-02-02,94.81,942134390,89322623525
2007-02-05,95.97,942134390,90412476756
2007-02-06,95.46,942134390,89935105759
2007-02-07,95.16,942134390,89655884015
2007-02-08,95.24,942134390,89727942862
2007-02-09,94.22,942134390,88764194412
2007-02-12,94.24,942134390,88791213784
2007-02-13,93.97,942134390,88530012142
2007-02-14,94.84,942134390,89349650085
2007-02-15,94.57,942134390,89097454901
2007-02-16,94.64,942134390,89160500103
2007-02-20,94.98,942134390,89484754135
2007-02-21,94.73,942134390,89250571866
2007-02-22,94.17,942134390,88719154937
2007-02-23,93.43,942134390,88025614586
2007-02-26,92.65,942134390,87287041947
2007-02-27,89.83,942134390,84629971678
2007-02-28,88.85,942134390,83711255515
2007-03-01,88.21,942134390,83107779738
2007-03-02,86.90,942134390,81873823189
2007-03-05,87.77,942134390,82693461132
2007-03-06,89.67,942134390,84485853983
2007-03-07,89.81,942134390,84611951575
2007-03-08,88.91,942134390,83765294260
2007-03-09,89.18,942134390,84017489444
2007-03-12,89.97,942134390,84765075728
2007-03-13,88.63,942134390,83504092618
2007-03-14,89.64,942134390,84449828153
2007-03-15,89.34,942134390,84170613596
2007-03-16,89.15,942134390,83990470072
2007-03-19,89.86,942134390,84656991050
2007-03-20,90.34,942134390,85116349132
2007-03-21,91.17,942134390,85890954788
2007-03-22,91.00,942134390,85737830635
2007-03-23,90.85,942134390,85593720128
2007-03-26,90.82,942134390,85566700756
2007-03-27,90.56,942134390,85323512029
2007-03-28,90.11,942134390,84900179777
2007-03-29,90.41,942134390,85179394334
2007-03-30,90.11,942134390,84900179777
2007-04-02,91.02,942134390,85755843550
2007-04-03,91.87,942134390,86557468579
2007-04-04,91.98,942134390,86656546798
2007-04-05,92.28,942134390,86935768543
2007-04-09,92.37,942134390,87025833118
2007-04-10,92.22,942134390,86881722610
2007-04-11,90.98,942134390,85710811263
2007-04-12,91.46,942134390,86170169345
2007-04-13,90.76,942134390,85503648366
2007-04-16,91.95,942134390,86629527426
2007-04-17,92.85,942134390,87476184742
2007-04-18,90.63,942134390,85386557231
2007-04-19,90.14,942134390,84927199150
2007-04-20,90.42,942134390,85188400791
2007-04-23,91.02,942134390,85755843550
2007-04-24,94.16,942134390,88710148479
2007-04-25,97.00,942134390,91385231663
2007-04-26,96.46,942134390,90880841295
2007-04-27,96.72,942134390,91124030022
2007-04-30,97.72,942134390,92060759099
2007-05-01,98.63,942134390,92925436518
2007-05-02,97.72,942134390,92069765557
2007-05-03,98.28,942134390,92592176028
2007-05-04,98.43,942134390,92736286536
2007-05-07,98.62,942134390,92916430060
2007-05-08,98.75,942134390,93033521195
2007-05-09,99.79,942134390,94015282560
2007-05-10,100.08,942134390,94285497848
2007-05-11,101.32,942134390,95456409195
2007-05-14,100.93,942134390,95087122876
2007-05-15,100.22,942134390,94420601897
2007-05-16,101.21,942134390,95357330975
2007-05-17,100.68,942134390,94852940606
2007-05-18,103.24,942134390,97266822149
2007-05-21,102.33,942134390,96411151188
2007-05-22,102.01,942134390,96104910071
2007-05-23,100.94,942134390,95096129333
2007-05-24,99.38,942134390,93627983326
2007-05-25,100.55,942134390,94735849472
2007-05-29,101.25,942134390,95393356805
2007-05-30,102.23,942134390,96312072968
2007-05-31,101.91,942134390,96014845496
2007-06-01,101.85,942134390,95960799564
2007-06-04,101.56,942134390,95681585007
2007-06-05,101.19,942134390,95330311603
2007-06-06,97.91,942134390,92240902624
2007-06-07,97.32,942134390,91691472780
2007-06-08,98.54,942134390,92835364755
2007-06-11,98.68,942134390,92970468805
2007-06-12,97.84,942134390,92177850234
2007-06-13,98.59,942134390,92880397043
2007-06-14,99.28,942134390,93537911564
2007-06-15,100.47,942134390,94654784167
2007-06-18,100.70,942134390,94870953521
2007-06-19,101.82,942134390,95924773734
2007-06-20,101.34,942134390,95474422110
2007-06-21,101.91,942134390,96014845496
2007-06-22,99.85,942134390,94069328493
2007-06-25,100.48,942134390,94663790624
2007-06-26,100.70,942134390,94870953521
2007-06-27,100.79,942134390,94961025284
2007-06-28,101.29,942134390,95429389823
2007-06-29,100.62,942134390,94798894674
2007-07-02,100.39,942134390,94582725319
2007-07-03,101.89,942134390,95996825393
2007-07-05,103.30,942134390,97320860893
2007-07-06,104.24,942134390,98203551227
2007-07-09,104.18,942134390,98149505294
2007-07-10,103.85,942134390,97843271365
2007-07-11,104.30,942134390,98266596429
2007-07-12,104.47,942134390,98428727039
2007-07-13,103.82,942134390,97816244805
2007-07-16,104.84,942134390,98770993985
2007-07-17,105.90,942134390,99770768266
2007-07-18,106.20,942134390,100049990010
2007-07-19,110.76,942134390,104355342623
2007-07-20,109.76,942134390,103409607088
2007-07-23,111.26,942134390,104823707162
2007-07-24,111.06,942134390,104634564368
2007-07-25,112.91,942134390,106372918474
2007-07-26,111.41,942134390,104958818400
2007-07-27,110.54,942134390,104139173269
2007-07-30,109.48,942134390,103148405446
2007-07-31,105.78,942134390,99662683588
2007-08-01,107.11,942134390,100914660241
2007-08-02,108.25,942134390,101986500556
2007-08-03,106.97,942134390,100779556191
2007-08-06,108.88,942134390,102580962687
2007-08-07,108.54,942134390,102256708655
2007-08-08,108.01,942134390,101761324744
2007-08-09,105.86,942134390,99734742436
2007-08-10,107.69,942134390,101455083627
2007-08-13,107.75,942134390,101518136017
2007-08-14,107.12,942134390,100923666698
2007-08-15,106.34,942134390,100185094060
2007-08-16,104.87,942134390,98798013358
2007-08-17,106.02,942134390,99887859400
2007-08-20,104.42,942134390,98374681106
2007-08-21,104.24,942134390,98212557684
2007-08-22,105.16,942134390,99077227915
2007-08-23,106.55,942134390,100383250500
2007-08-24,108.26,942134390,101995507014
2007-08-27,108.45,942134390,102175643350
2007-08-28,107.07,942134390,100878634411
2007-08-29,109.53,942134390,103193437733
2007-08-30,110.30,942134390,103913997457
2007-08-31,111.56,942134390,105102928907
2007-09-04,112.99,942134390,106453983779
2007-09-05,112.70,942134390,106174762035
2007-09-06,112.45,942134390,105940579765
2007-09-07,110.47,942134390,104076128067
2007-09-10,110.71,942134390,104301303879
2007-09-11,112.19,942134390,105697391038
2007-09-12,110.90,942134390,104481440216
2007-09-13,110.85,942134390,104436407928
2007-09-14,110.07,942134390,103697835290
2007-09-17,109.48,942134390,103148405446
2007-09-18,111.50,942134390,105048882974
2007-09-19,111.54,942134390,105084915992
2007-09-20,111.72,942134390,105256045872
2007-09-21,111.64,942134390,105183987024
2007-09-24,111.14,942134390,104706616028
2007-09-25,111.39,942134390,104940798297
2007-09-26,112.14,942134390,105652358751
2007-09-27,112.53,942134390,106021645070
2007-09-28,112.62,942134390,106102703187
2007-10-01,113.80,942134390,107210569332
2007-10-02,113.15,942134390,106607100744
2007-10-03,111.28,942134390,104841727265
2007-10-04,110.60,942134390,104202225659
2007-10-05,111.19,942134390,104751655503
2007-10-08,112.59,942134390,106075683815
2007-10-09,113.10,942134390,106553054811
2007-10-10,113.40,942134390,106841283013
2007-10-11,112.86,942134390,106327878999
2007-10-12,112.63,942134390,106111716832
2007-10-15,112.84,942134390,106309866084
2007-10-16,114.34,942134390,107723973346
2007-10-17,110.69,942134390,104283290964
2007-10-18,109.75,942134390,103400600631
2007-10-19,107.34,942134390,101130829595
2007-10-22,108.38,942134390,102112598148
2007-10-23,109.64,942134390,103292515953
2007-10-24,107.98,942134390,101734305372
2007-10-25,107.85,942134390,101608200592
2007-10-26,108.73,942134390,102436852180
2007-10-29,109.75,942134390,103400600631
2007-10-30,109.10,942134390,102788125584
2007-10-31,111.01,942134390,104589524893
2007-11-01,108.65,942134390,102364793333
2007-11-02,109.55,942134390,103211450648
2007-11-05,108.41,942134390,102139617521
2007-11-06,108.19,942134390,101932454624
2007-11-07,106.20,942134390,100049990010
2007-11-08,101.44,942134390,95573500330
2007-11-09,95.84,942134390,90295385621
2007-11-12,96.99,942134390,91376225206
2007-11-13,100.64,942134390,94816907589
2007-11-14,98.89,942134390,93168625245
2007-11-15,99.04,942134390,93312735752
2007-11-16,100.18,942134390,94384568879
2007-11-19,97.72,942134390,92069765557
2007-11-20,98.87,942134390,93150612330
2007-11-21,97.72,942134390,92069765557
2007-11-23,99.47,942134390,93718055089
2007-11-26,97.49,942134390,91844589745
2007-11-27,99.26,942134390,93519898649
2007-11-28,102.65,942134390,96708385847
2007-11-29,102.77,942134390,96825476982
2007-11-30,100.55,942134390,94735849472
2007-12-03,101.18,942134390,95321305145
2007-12-04,101.94,942134390,96041864869
2007-12-05,103.40,942134390,97419939113
2007-12-06,104.88,942134390,98807019815
2007-12-07,104.07,942134390,98050427074
2007-12-10,104.58,942134390,98527805259
2007-12-11,102.28,942134390,96366118901
2007-12-12,103.70,942134390,97699153670
2007-12-13,103.42,942134390,97437952028
2007-12-14,101.12,942134390,95267259213
2007-12-17,99.93,942134390,94150386610
2007-12-18,101.63,942134390,95753636667
2007-12-19,102.43,942134390,96501222950
2007-12-20,104.05,942134390,98032414159
2007-12-21,106.17,942134390,100022970638
2007-12-24,106.74,942134390,100563386836
2007-12-26,106.65,942134390,100482328719
2007-12-27,104.78,942134390,98716948053
2007-12-28,105.25,942134390,99158293219
2007-12-31,103.35,942134390,97365893181
2008-01-02,100.09,942134390,94294504305
2008-01-03,100.29,942134390,94483647099
2008-01-04,96.68,942134390,91088004192
2008-01-07,95.65,942134390,90115242096
2008-01-08,93.30,942134390,87899516993
2008-01-09,93.99,942134390,88548025057
2008-01-10,95.53,942134390,89998150961
2008-01-11,93.37,942134390,87971575841
2008-01-14,98.40,942134390,92709267163
2008-01-15,97.35,942134390,91718492153
2008-01-16,97.16,942134390,91538355816
2008-01-17,96.65,942134390,91060984819
2008-01-18,98.85,942134390,93132599415
2008-01-22,96.77,942134390,91169062309
2008-01-23,101.43,942134390,95564493872
2008-01-24,102.21,942134390,96294060053
2008-01-25,99.92,942134390,94141380152
2008-01-28,100.36,942134390,94555705947
2008-01-29,101.43,942134390,95564493872
2008-01-30,101.00,942134390,95159174535
2008-01-31,102.40,942134390,96474203578
2008-02-01,104.28,942134390,98248583514
2008-02-04,103.18,942134390,97212776216
2008-02-05,100.40,942134390,94591731777
2008-02-06,99.03,942134390,93303729294
2008-02-07,97.84,942134390,92177850234
2008-02-08,98.73,942134390,93015508280
2008-02-11,100.52,942134390,94699816454
2008-02-12,101.85,942134390,95951793106
2008-02-13,103.65,942134390,97654121383
2008-02-14,101.46,942134390,95591513245
2008-02-15,101.49,942134390,95618532617
2008-02-19,100.38,942134390,94573718862
2008-02-20,103.11,942134390,97140724557
2008-02-21,102.23,942134390,96312072968
2008-02-22,103.32,942134390,97338873808
2008-02-25,105.24,942134390,99149286762
2008-02-26,109.35,942134390,103022307854
2008-02-27,111.34,942134390,104895766010
2008-02-28,110.17,942134390,103796906322
2008-02-29,108.85,942134390,102553943315
2008-03-03,109.21,942134390,102887196616
2008-03-04,110.62,942134390,104220238574
2008-03-05,110.32,942134390,103932017560
2008-03-06,107.57,942134390,101346998950
2008-03-07,108.93,942134390,102625994975
2008-03-10,109.00,942134390,102689047365
2008-03-11,111.37,942134390,104922785382
2008-03-12,111.92,942134390,105445195854
2008-03-13,110.81,942134390,104400382099
2008-03-14,110.16,942134390,103787899865
2008-03-17,110.47,942134390,104076128067
2008-03-18,113.20,942134390,106652133031
2008-03-19,111.80,942134390,105328104719
2008-03-20,113.13,942134390,106580081371
2008-03-24,113.82,942134390,107237588705
2008-03-25,112.78,942134390,106255827340
2008-03-26,111.77,942134390,105301078159
2008-03-27,110.44,942134390,104049108694
2008-03-28,109.53,942134390,103193437733
2008-03-31,110.08,942134390,103706841748
2008-04-01,111.37,942134390,104922785382
2008-04-02,109.76,942134390,103409607088
2008-04-03,110.92,942134390,104499460318
2008-04-04,110.67,942134390,104265270861
2008-04-07,111.20,942134390,104760661960
2008-04-08,111.16,942134390,104724636130
2008-04-09,111.63,942134390,105174980567
2008-04-10,113.56,942134390,106985393520
2008-04-11,110.90,942134390,104481440216
2008-04-14,112.12,942134390,105634338648
2008-04-15,112.02,942134390,105535260428
2008-04-16,115.17,942134390,108507578272
2008-04-17,117.67,942134390,110858414612
2008-04-18,118.93,942134390,112047338875
2008-04-21,118.88,942134390,112002306587
2008-04-22,118.23,942134390,111389831541
2008-04-23,118.16,942134390,111326779151
2008-04-24,118.73,942134390,111858196080
2008-04-25,117.67,942134390,110858414612
2008-04-28,116.34,942134390,109606437960
2008-04-29,117.45,942134390,110651251715
2008-04-30,115.39,942134390,108714741169
2008-05-01,118.17,942134390,111335785609
2008-05-02,117.76,942134390,110948486375
2008-05-05,116.66,942134390,109912679077
2008-05-06,117.42,942134390,110624232343
2008-05-07,118.68,942134390,111813156605
2008-05-08,119.43,942134390,112515703414
2008-05-09,118.60,942134390,111741104945
2008-05-12,119.73,942134390,112803931616
2008-05-13,121.01,942134390,114010868793
2008-05-14,121.91,942134390,114857533296
2008-05-15,122.81,942134390,115704190612
2008-05-16,122.20,942134390,115127741396
2008-05-19,120.93,942134390,113929810676
2008-05-20,119.67,942134390,112749885683
2008-05-21,118.18,942134390,111344792066
2008-05-22,119.22,942134390,112317554162
2008-05-23,118.74,942134390,111867202538
2008-05-27,121.72,942134390,114677389772
2008-05-28,123.84,942134390,116676945520
2008-05-29,124.01,942134390,116830069672
2008-05-30,123.74,942134390,116577874488
2008-06-02,121.76,942134390,114713415601
2008-06-03,122.22,942134390,115145754310
2008-06-04,121.94,942134390,114884552669
2008-06-05,122.82,942134390,115713197069
2008-06-06,119.45,942134390,112533716328
2008-06-09,120.33,942134390,113362367917
2008-06-10,120.40,942134390,113434419577
2008-06-11,117.83,942134390,111011531577
2008-06-12,118.40,942134390,111551954963
2008-06-13,120.60,942134390,113623569559
2008-06-16,121.14,942134390,114127959928
2008-06-17,119.60,942134390,112677834023
2008-06-18,118.70,942134390,111831169520
2008-06-19,119.52,942134390,112605775176
2008-06-20,117.34,942134390,110552173495
2008-06-23,118.03,942134390,111200681559
2008-06-24,118.03,942134390,111200681559
2008-06-25,119.10,942134390,112209469484
2008-06-26,115.80,942134390,109102047591
2008-06-27,114.77,942134390,108129285495
2008-06-30,113.32,942134390,106760217708
2008-07-01,114.02,942134390,107426738687
2008-07-02,113.86,942134390,107273621722
2008-07-03,114.28,942134390,107669927414
2008-07-07,116.16,942134390,109435308080
2008-07-08,118.43,942134390,111578974336
2008-07-09,115.11,942134390,108444533070
2008-07-10,117.76,942134390,110948486375
2008-07-11,116.75,942134390,109993737194
2008-07-14,116.20,942134390,109471333910
2008-07-15,117.78,942134390,110966499290
2008-07-16,120.40,942134390,113434419577
2008-07-17,120.96,942134390,113956830048
2008-07-18,124.18,942134390,116992193094
2008-07-21,123.00,942134390,115884334137
2008-07-22,124.28,942134390,117091271314
2008-07-23,123.82,942134390,116658932605
2008-07-24,124.28,942134390,117091271314
2008-07-25,122.88,942134390,115767243002
2008-07-28,120.70,942134390,113713641321
2008-07-29,122.05,942134390,114983630889
2008-07-30,123.19,942134390,116064470474
2008-07-31,122.35,942134390,115271851903
2008-08-01,121.07,942134390,114064914725
2008-08-04,121.95,942134390,114893559126
2008-08-05,123.20,942134390,116073476931
2008-08-06,123.48,942134390,116334685761
2008-08-07,123.37,942134390,116235607541
2008-08-08,123.15,942134390,116019438186
2008-08-11,121.03,942134390,114028881708
2008-08-12,119.71,942134390,112785918701
2008-08-13,120.27,942134390,113308321984
2008-08-14,121.36,942134390,114335122825
2008-08-15,120.80,942134390,113812719541
2008-08-18,119.11,942134390,112218475942
2008-08-19,117.17,942134390,110390050073
2008-08-20,117.12,942134390,110345010598
2008-08-21,117.58,942134390,110777349307
2008-08-22,119.44,942134390,112524709871
2008-08-25,117.46,942134390,110660258173
2008-08-26,117.11,942134390,110336004141
2008-08-27,117.95,942134390,111128622711
2008-08-28,119.10,942134390,112209469484
2008-08-29,116.38,942134390,109642463790
2008-09-02,113.20,942134390,106652133031
2008-09-03,113.14,942134390,106589087829
2008-09-04,109.94,942134390,103580744155
2008-09-05,109.30,942134390,102977268379
2008-09-08,112.13,942134390,105643345106
2008-09-09,109.98,942134390,103616769985
2008-09-10,112.85,942134390,106318872542
2008-09-11,113.96,942134390,107363686297
2008-09-12,113.74,942134390,107156530588
2008-09-15,110.12,942134390,103751874035
2008-09-16,110.95,942134390,104526479691
2008-09-17,106.57,942134390,100401263414
2008-09-18,110.06,942134390,103688821645
2008-09-19,113.62,942134390,107048445910
2008-09-22,111.10,942134390,104670590198
2008-09-23,110.29,942134390,103904990999
2008-09-24,111.34,942134390,104895766010
2008-09-25,114.83,942134390,108183331428
2008-09-26,114.17,942134390,107561842737
2008-09-29,109.43,942134390,103094359514
2008-09-30,111.82,942134390,105346117634
2008-10-01,105.29,942134390,99194319049
2008-10-02,100.13,942134390,94339536592
2008-10-03,98.89,942134390,93168625245
2008-10-06,96.20,942134390,90628646110
2008-10-07,91.44,942134390,86152156430
2008-10-08,86.57,942134390,81558575614
2008-10-09,85.09,942134390,80162488455
2008-10-10,83.89,942134390,79036609395
2008-10-13,88.15,942134390,83053740994
2008-10-14,89.48,942134390,84305717646
2008-10-15,84.41,942134390,79522986849
2008-10-16,87.50,942134390,82432252302
2008-10-17,86.79,942134390,81765738512
2008-10-20,88.44,942134390,83323949093
2008-10-21,84.95,942134390,80036390863
2008-10-22,79.92,942134390,75298692352
2008-10-23,80.64,942134390,75974219789
2008-10-24,78.46,942134390,73920618108
2008-10-27,76.16,942134390,71749932480
2008-10-28,83.44,942134390,78613277143
2008-10-29,84.32,942134390,79441921544
2008-10-30,86.70,942134390,81684673207
2008-10-31,88.88,942134390,83738274887
2008-11-03,88.60,942134390,83477073245
2008-11-04,89.29,942134390,84125574121
2008-11-05,85.98,942134390,81009145770
2008-11-06,81.41,942134390,76694786700
2008-11-07,82.48,942134390,77703567437
2008-11-10,80.18,942134390,75541881079
2008-11-11,79.10,942134390,74524093884
2008-11-12,76.23,942134390,71821984140
2008-11-13,80.51,942134390,75848122196
2008-11-14,76.80,942134390,72353401069
2008-11-17,74.07,942134390,69786395374
2008-11-18,76.56,942134390,72128225257
2008-11-19,72.63,942134390,68426341232
2008-11-20,68.59,942134390,64616365343
2008-11-21,71.59,942134390,67444572679
2008-11-24,76.38,942134390,71957088190
2008-11-25,77.10,942134390,72641622083
2008-11-26,78.08,942134390,73560338246
2008-11-28,78.01,942134390,73497293044
2008-12-01,73.52,942134390,69263992091
2008-12-02,76.33,942134390,71912055902
2008-12-03,77.12,942134390,72659634998
2008-12-04,74.03,942134390,69750369544
2008-12-05,77.05,942134390,72587583339
2008-12-08,81.13,942134390,76433577870
2008-12-09,79.05,942134390,74479054409
2008-12-10,79.22,942134390,74632178562
2008-12-11,77.04,942134390,72578576881
2008-12-12,78.59,942134390,74037709243
2008-12-15,79.13,942134390,74551113257
2008-12-16,82.60,942134390,77820658572
2008-12-17,82.07,942134390,77316268203
2008-12-18,80.31,942134390,75658972214
2008-12-19,79.85,942134390,75226640693
2008-12-22,78.38,942134390,73848566448
2008-12-23,77.06,942134390,72596589796
2008-12-24,76.98,942134390,72524530948
2008-12-26,77.75,942134390,73254104317
2008-12-29,77.68,942134390,73182045470
2008-12-30,79.88,942134390,75253660065
2008-12-31,80.46,942134390,75803089909
2009-01-02,83.53,942134390,78694342448
2009-01-05,83.00,942134390,78198958537
2009-01-06,85.31,942134390,80369644164
2009-01-07,83.93,942134390,79072635225
2009-01-08,83.35,942134390,78523205381
2009-01-09,80.98,942134390,76289467363
2009-01-12,81.94,942134390,77199177069
2009-01-13,81.59,942134390,76865916579
2009-01-14,79.53,942134390,74929406033
2009-01-15,80.42,942134390,75767056891
2009-01-16,81.19,942134390,76487623803
2009-01-20,78.37,942134390,73839559991
2009-01-21,87.40,942134390,82342187728
2009-01-22,86.11,942134390,81126236905
2009-01-23,85.55,942134390,80603833622
2009-01-26,87.57,942134390,82504311150
2009-01-27,87.63,942134390,82558357082
2009-01-28,90.65,942134390,85404570146
2009-01-29,88.44,942134390,83323949093
2009-01-30,87.62,942134390,82549343437
2009-02-02,86.93,942134390,81900842561
2009-02-03,89.37,942134390,84197632969
2009-02-04,88.75,942134390,83612177295
2009-02-05,88.35,942134390,83233877331
2009-02-06,91.91,942134390,86593501596
2009-02-09,92.56,942134390,87205976642
2009-02-10,89.17,942134390,84008482987
2009-02-11,90.98,942134390,85710811263
2009-02-12,90.89,942134390,85629745958
2009-02-13,89.71,942134390,84521887001
2009-02-17,86.68,942134390,81666660292
2009-02-18,87.49,942134390,82423245845
2009-02-19,85.02,942134390,80099436065
2009-02-20,84.89,942134390,79973338473
2009-02-23,80.66,942134390,75992232704
2009-02-24,82.60,942134390,77820658572
2009-02-25,82.12,942134390,77370306948
2009-02-26,85.06,942134390,80135461895
2009-02-27,87.98,942134390,82891617572
2009-03-02,85.13,942134390,80207520742
2009-03-03,83.91,942134390,79054622310
2009-03-04,85.55,942134390,80603833622
2009-03-05,83.63,942134390,78793420668
2009-03-06,82.04,942134390,77289248831
2009-03-09,79.81,942134390,75190607675
2009-03-10,83.41,942134390,78586257771
2009-03-11,84.72,942134390,79820221508
2009-03-12,86.42,942134390,81423471565
2009-03-13,86.39,942134390,81387438547
2009-03-16,87.21,942134390,82162044203
2009-03-17,88.82,942134390,83684228955
2009-03-18,87.91,942134390,82819558724
2009-03-19,88.59,942134390,83459053143
2009-03-20,88.44,942134390,83323949093
2009-03-23,94.37,942134390,88908304919
2009-03-24,93.98,942134390,88539018600
2009-03-25,93.64,942134390,88223771025
2009-03-26,94.44,942134390,88971350121
2009-03-27,90.01,942134390,84801101557
2009-03-30,90.36,942134390,85134362047
2009-03-31,92.63,942134390,87269029032
2009-04-01,93.32,942134390,87917529908
2009-04-02,96.39,942134390,90808782447
2009-04-03,97.72,942134390,92069765557
2009-04-06,97.09,942134390,91475303426
2009-04-07,94.41,942134390,88944330749
2009-04-08,96.74,942134390,91142042936
2009-04-09,97.23,942134390,91601401018
2009-04-13,95.55,942134390,90025177522
2009-04-14,94.90,942134390,89412695288
2009-04-15,94.50,942134390,89034402511
2009-04-16,96.97,942134390,91358212291
2009-04-17,96.82,942134390,91214101784
2009-04-20,96.01,942134390,90457509043
2009-04-21,97.81,942134390,92150830862
2009-04-22,98.04,942134390,92367000216
2009-04-23,96.96,942134390,91349205834
2009-04-24,95.68,942134390,90142268656
2009-04-27,95.55,942134390,90025177522
2009-04-28,97.46,942134390,91817570373
2009-04-29,99.46,942134390,93709048631
2009-04-30,98.67,942134390,92961462348
2009-05-01,100.01,942134390,94222445457
2009-05-04,101.52,942134390,95645551989
2009-05-05,101.20,942134390,95339318060
2009-05-06,100.02,942134390,94231451915
2009-05-07,98.08,942134390,92403026046
2009-05-08,97.03,942134390,91412258224
2009-05-11,98.37,942134390,92682247791
2009-05-12,99.37,942134390,93618976869
2009-05-13,97.76,942134390,92105798575
2009-05-14,96.61,942134390,91015945344
2009-05-15,96.91,942134390,91304173546
2009-05-18,99.98,942134390,94195426085
2009-05-19,100.87,942134390,95033076943
2009-05-20,99.47,942134390,93718055089
2009-05-21,98.30,942134390,92610188943
2009-05-22,97.41,942134390,91772538085
2009-05-26,100.40,942134390,94591731777
2009-05-27,98.40,942134390,92709267163
2009-05-28,100.09,942134390,94294504305
2009-05-29,101.61,942134390,95726617294
2009-06-01,103.60,942134390,97609089095
2009-06-02,102.13,942134390,96222001206
2009-06-03,101.81,942134390,95915767276
2009-06-04,101.65,942134390,95771656769
2009-06-05,102.52,942134390,96591294713
2009-06-08,102.76,942134390,96816470525
2009-06-09,103.38,942134390,97401926198
2009-06-10,103.59,942134390,97591068993
2009-06-11,104.59,942134390,98536811716
2009-06-12,103.45,942134390,97464971400
2009-06-15,102.89,942134390,96933561659
2009-06-16,102.60,942134390,96663346372
2009-06-17,102.29,942134390,96375125358
2009-06-18,101.65,942134390,95771656769
2009-06-19,101.23,942134390,95375343890
2009-06-22,99.92,942134390,94141380152
2009-06-23,99.85,942134390,94069328493
2009-06-24,99.57,942134390,93808126851
2009-06-25,101.40,942134390,95528460855
2009-06-26,101.03,942134390,95186193908
2009-06-29,101.18,942134390,95321305145
2009-06-30,99.83,942134390,94051315578
2009-07-01,100.23,942134390,94429608355
2009-07-02,97.26,942134390,91628420390
2009-07-06,97.18,942134390,91556368731
2009-07-07,95.78,942134390,90241339688
2009-07-08,96.25,942134390,90682684855
2009-07-09,97.59,942134390,91943667965
2009-07-10,96.40,942134390,90817788905
2009-07-13,99.06,942134390,93330748667
2009-07-14,98.71,942134390,92997488177
2009-07-15,102.50,942134390,96573281798
2009-07-16,105.77,942134390,99653677131
2009-07-17,110.34,942134390,103959036932
2009-07-20,111.32,942134390,104877753095
2009-07-21,111.89,942134390,105418169293
2009-07-22,110.49,942134390,104094140982
2009-07-23,111.91,942134390,105436189396
2009-07-24,112.47,942134390,105958592680
2009-07-27,112.46,942134390,105949586223
2009-07-28,112.12,942134390,105634338648
2009-07-29,112.10,942134390,105616325733
2009-07-30,112.68,942134390,106156749120
2009-07-31,112.74,942134390,106219801510
2009-08-03,114.65,942134390,108012194361
2009-08-04,114.34,942134390,107723973346
2009-08-05,113.26,942134390,106706178964
2009-08-06,112.22,942134390,105724410410
2009-08-07,114.08,942134390,107480777432
2009-08-10,113.48,942134390,106913341861
2009-08-11,112.61,942134390,106093696730
2009-08-12,114.04,942134390,107444751602
2009-08-13,114.32,942134390,107705953244
2009-08-14,113.36,942134390,106796250726
2009-08-17,111.72,942134390,105256045872
2009-08-18,112.46,942134390,105949586223
2009-08-19,113.36,942134390,106796250726
2009-08-20,113.72,942134390,107138510485
2009-08-21,114.63,942134390,107994181446
2009-08-24,114.07,942134390,107471770974
2009-08-25,113.60,942134390,107030432995
2009-08-26,114.22,942134390,107606882212
2009-08-27,114.18,942134390,107570849194
2009-08-28,113.02,942134390,106481003152
2009-08-31,112.86,942134390,106327878999
2009-09-01,111.56,942134390,105102928907
2009-09-02,110.98,942134390,104562505520
2009-09-03,111.21,942134390,104778674875
2009-09-04,112.29,942134390,105796469258
2009-09-08,112.01,942134390,105526253971
2009-09-09,111.63,942134390,105165974109
2009-09-10,112.50,942134390,105985612052
2009-09-11,112.86,942134390,106327878999
2009-09-14,113.65,942134390,107075465283
2009-09-15,114.10,942134390,107498797534
2009-09-16,116.46,942134390,109723529095
2009-09-17,116.52,942134390,109777567839
2009-09-18,116.74,942134390,109984730736
2009-09-21,116.22,942134390,109498353283
2009-09-22,116.26,942134390,109534379112
2009-09-23,115.51,942134390,108822825846
2009-09-24,115.62,942134390,108930910524
2009-09-25,115.76,942134390,109057008116
2009-09-28,114.08,942134390,107480777432
2009-09-29,113.59,942134390,107012412893
2009-09-30,114.35,942134390,107732979804
2009-10-01,112.72,942134390,106192774949
2009-10-02,113.79,942134390,107201562875
2009-10-05,114.48,942134390,107859077396
2009-10-06,116.01,942134390,109300196843
2009-10-07,117.38,942134390,110588206513
2009-10-08,116.91,942134390,110146861346
2009-10-09,120.39,942134390,113425413119
2009-10-12,121.45,942134390,114425194587
2009-10-13,121.43,942134390,114407181672
2009-10-14,122.71,942134390,115605112392
2009-10-15,122.35,942134390,115271851903
2009-10-16,116.29,942134390,109561405673
2009-10-19,117.65,942134390,110840401697
2009-10-20,117.42,942134390,110624232343
2009-10-21,115.55,942134390,108867865322
2009-10-22,117.29,942134390,110507141208
2009-10-23,115.07,942134390,108408507240
2009-10-26,114.83,942134390,108183331428
2009-10-27,115.34,942134390,108669708882
2009-10-28,116.16,942134390,109435308080
2009-10-29,117.47,942134390,110669264630
2009-10-30,115.31,942134390,108633675864
2009-11-02,115.26,942134390,108588643577
2009-11-03,115.83,942134390,109129066963
2009-11-04,115.96,942134390,109246158098
2009-11-05,117.69,942134390,110876427527
2009-11-06,118.06,942134390,111227700931
2009-11-09,120.46,942134390,113488465509
2009-11-10,121.33,942134390,114308103452
2009-11-11,121.60,942134390,114560298637
2009-11-12,120.71,942134390,113722647779
2009-11-13,121.44,942134390,114416188130
2009-11-16,122.57,942134390,115479014800
2009-11-17,122.97,942134390,115857307576
2009-11-18,122.51,942134390,115424976055
2009-11-19,121.93,942134390,114875546211
2009-11-20,121.38,942134390,114353135740
2009-11-23,122.56,942134390,115470008342
2009-11-24,122.30,942134390,115226819615
2009-11-25,121.68,942134390,114641363942
2009-11-27,120.17,942134390,113218250222
2009-11-30,120.79,942134390,113803713084
2009-12-01,122.31,942134390,115235826073
2009-12-02,121.62,942134390,114578311552
2009-12-03,121.94,942134390,114884552669
2009-12-04,121.65,942134390,114614344569
2009-12-07,121.45,942134390,114425194587
2009-12-08,121.22,942134390,114209025233
2009-12-09,122.74,942134390,115641145410
2009-12-10,123.65,942134390,116496809183
2009-12-11,123.98,942134390,116803050300
2009-12-14,124.22,942134390,117028226112
2009-12-15,122.84,942134390,115731209984
2009-12-16,123.05,942134390,115929366424
2009-12-17,121.80,942134390,114749448619
2009-12-18,122.28,942134390,115208806701
2009-12-21,122.99,942134390,115875327679
2009-12-22,124.22,942134390,117028226112
2009-12-23,124.28,942134390,117091271314
2009-12-24,124.83,942134390,117604675328
2009-12-28,126.49,942134390,119171892367
2009-12-29,126.05,942134390,118757573761
2009-12-30,126.74,942134390,119406074636
2009-12-31,125.14,942134390,117901902800
2010-01-04,126.63,942134390,119297989959
2010-01-05,125.10,942134390,117856870512
2010-01-06,124.28,942134390,117091271314
2010-01-07,123.85,942134390,116685959165
2010-01-08,125.10,942134390,117856870512
2010-01-11,123.79,942134390,116622906775
2010-01-12,124.77,942134390,117550629395
2010-01-13,124.50,942134390,117298434211
2010-01-14,126.49,942134390,119171892367
2010-01-15,125.98,942134390,118694521370
2010-01-19,128.24,942134390,120820181899
2010-01-20,124.52,942134390,117316447126
2010-01-21,123.33,942134390,116190568066
2010-01-22,119.98,942134390,113038113885
2010-01-25,120.57,942134390,113596550186
2010-01-26,120.22,942134390,113263289697
2010-01-27,120.77,942134390,113785692981
2010-01-28,118.31,942134390,111461883201
2010-01-29,117.01,942134390,110236925921
2010-02-01,119.19,942134390,112290527601
2010-02-02,120.01,942134390,113065133257
2010-02-03,120.13,942134390,113182224392
2010-02-04,117.59,942134390,110786355765
2010-02-05,118.09,942134390,111254720304
2010-02-08,116.52,942134390,109777567839
2010-02-09,117.79,942134390,110975505747
2010-02-10,117.41,942134390,110615225885
2010-02-11,118.29,942134390,111443870286
2010-02-12,118.55,942134390,111687059013
2010-02-16,119.72,942134390,112794925158
2010-02-17,120.77,942134390,113785692981
2010-02-18,122.19,942134390,115118734938
2010-02-19,121.60,942134390,114560298637
2010-02-22,121.27,942134390,114254057520
2010-02-23,120.90,942134390,113902784116
2010-02-24,121.98,942134390,114920578498
2010-02-25,121.48,942134390,114452213959
2010-02-26,121.57,942134390,114533279264
2010-03-01,122.92,942134390,115803268832
2010-03-02,121.82,942134390,114767461534
2010-03-03,121.30,942134390,114281084080
2010-03-04,121.15,942134390,114136966385
2010-03-05,121.65,942134390,114614344569
2010-03-08,120.85,942134390,113857751828
2010-03-09,120.03,942134390,113083146172
2010-03-10,120.10,942134390,113146198562
2010-03-11,121.99,942134390,114929584956
2010-03-12,122.31,942134390,115235826073
2010-03-15,122.21,942134390,115136747853
2010-03-16,123.01,942134390,115893340594
2010-03-17,122.14,942134390,115073702651
2010-03-18,122.73,942134390,115632131764
2010-03-19,122.09,942134390,115028663176
2010-03-22,122.35,942134390,115271851903
2010-03-23,123.68,942134390,116523828555
2010-03-24,122.88,942134390,115767243002
2010-03-25,123.56,942134390,116406737420
2010-03-26,123.58,942134390,116424750335
2010-03-29,122.93,942134390,115821281747
2010-03-30,123.11,942134390,115983412357
2010-03-31,122.61,942134390,115515040630
2010-04-01,122.61,942134390,115515040630
2010-04-05,123.66,942134390,116505815640
2010-04-06,123.26,942134390,116127522864
2010-04-07,122.83,942134390,115722203527
2010-04-08,122.00,942134390,114938591413
2010-04-09,123.10,942134390,115974398711
2010-04-12,122.72,942134390,115614118849
2010-04-13,123.36,942134390,116217594626
2010-04-14,125.48,942134390,118217150374
2010-04-15,125.13,942134390,117892896342
2010-04-16,124.89,942134390,117658714073
2010-04-19,126.41,942134390,119099840707
2010-04-20,123.99,942134390,116812056757
2010-04-21,123.32,942134390,116181561608
2010-04-22,123.45,942134390,116307659200
2010-04-23,124.27,942134390,117082264856
2010-04-26,124.98,942134390,117748785835
2010-04-27,123.15,942134390,116028444644
2010-04-28,124.38,942134390,117181343076
2010-04-29,124.72,942134390,117505597108
2010-04-30,123.33,942134390,116190568066
2010-05-03,123.90,942134390,116730991452
2010-05-04,122.49,942134390,115397949495
2010-05-05,121.85,942134390,114803487364
2010-05-06,118.47,942134390,111615000165
2010-05-07,116.73,942134390,109975724279
2010-05-10,120.72,942134390,113731654236
2010-05-11,121.31,942134390,114290090537
2010-05-12,126.85,942134390,119505152856
2010-05-13,125.70,942134390,118424313271
2010-05-14,125.42,942134390,118163104441
2010-05-17,124.70,942134390,117487584193
2010-05-18,124.24,942134390,117046239027
2010-05-19,123.19,942134390,116064470474
2010-05-20,118.36,942134390,111506922676
2010-05-21,119.90,942134390,112966055038
2010-05-24,118.98,942134390,112092378350
2010-05-25,119.04,942134390,112155423552
2010-05-26,117.81,942134390,110993518662
2010-05-27,120.83,942134390,113839738913
2010-05-28,119.75,942134390,112821944531
2010-06-01,118.87,942134390,111993300130
2010-06-02,121.81,942134390,114758455076
2010-06-03,122.33,942134390,115253838988
2010-06-04,119.77,942134390,112839957445
2010-06-07,118.67,942134390,111804150148
2010-06-08,118.28,942134390,111434863828
2010-06-09,118.45,942134390,111596987250
2010-06-10,122.07,942134390,115001643803
2010-06-11,122.80,942134390,115695184154
2010-06-14,122.85,942134390,115740216442
2010-06-15,124.08,942134390,116902121332
2010-06-16,124.62,942134390,117406518888
2010-06-17,125.22,942134390,117973961647
2010-06-18,124.43,942134390,117226375364
2010-06-21,124.90,942134390,117676726988
2010-06-22,123.61,942134390,116460783353
2010-06-23,124.39,942134390,117190349534
2010-06-24,122.55,942134390,115461001885
2010-06-25,121.53,942134390,114497253435
2010-06-28,123.31,942134390,116172555151
2010-06-29,119.59,942134390,112668827566
2010-06-30,118.05,942134390,111218694474
2010-07-01,117.18,942134390,110399056531
2010-07-02,116.50,942134390,109759554924
2010-07-06,118.03,942134390,111200681559
2010-07-07,121.41,942134390,114389168757
2010-07-08,122.34,942134390,115262845445
2010-07-09,122.33,942134390,115253838988
2010-07-12,123.01,942134390,115893340594
2010-07-13,124.74,942134390,117523610023
2010-07-14,124.97,942134390,117739779378
2010-07-15,124.97,942134390,117739779378
2010-07-16,122.40,942134390,115316891378
2010-07-19,124.08,942134390,116902121332
2010-07-20,120.98,942134390,113983849420
2010-07-21,119.76,942134390,112830950988
2010-07-22,121.86,942134390,114812493821
2010-07-23,122.73,942134390,115632131764
2010-07-26,122.76,942134390,115659158325
2010-07-27,122.97,942134390,115857307576
2010-07-28,122.78,942134390,115677171240
2010-07-29,122.39,942134390,115307884920
2010-07-30,122.75,942134390,115650151867
2010-08-02,125.01,942134390,117775805207
2010-08-03,124.64,942134390,117424531803
2010-08-04,125.50,942134390,118235163289
2010-08-05,126.03,942134390,118739553658
2010-08-06,124.42,942134390,117217368906
2010-08-09,126.20,942134390,118892677810
2010-08-10,126.04,942134390,118748567303
2010-08-11,124.12,942134390,116938154349
2010-08-12,122.66,942134390,115560080105
2010-08-13,122.25,942134390,115172773683
2010-08-16,122.15,942134390,115082709108
2010-08-17,122.80,942134390,115695184154
2010-08-18,123.70,942134390,116541841470
2010-08-19,123.23,942134390,116100503491
2010-08-20,121.89,942134390,114839513193
2010-08-23,120.91,942134390,113911790573
2010-08-24,119.41,942134390,112497690499
2010-08-25,119.76,942134390,112830950988
2010-08-26,117.38,942134390,110588206513
2010-08-27,119.24,942134390,112344573534
2010-08-30,117.97,942134390,111146635626
2010-08-31,117.72,942134390,110903446899
2010-09-01,120.24,942134390,113281302612
2010-09-02,119.54,942134390,112623788091
2010-09-03,121.97,942134390,114911572041
2010-09-07,120.41,942134390,113443426034
2010-09-08,120.54,942134390,113560517169
2010-09-09,120.80,942134390,113812719541
2010-09-10,122.36,942134390,115280858360
2010-09-13,123.91,942134390,116739997910
2010-09-14,123.18,942134390,116055464016
2010-09-15,123.74,942134390,116577874488
2010-09-16,123.97,942134390,116794043842
2010-09-17,124.46,942134390,117262408381
2010-09-20,125.99,942134390,118703527828
2010-09-21,126.18,942134390,118874664895
2010-09-22,126.74,942134390,119406074636
2010-09-23,125.88,942134390,118595443151
2010-09-24,128.21,942134390,120793155338
2010-09-27,128.73,942134390,121279532792
2010-09-28,128.96,942134390,121495702147
2010-09-29,129.52,942134390,122027119076
2010-09-30,128.24,942134390,120820181899
2010-10-01,129.67,942134390,122171236771
2010-10-04,129.30,942134390,121819963367
2010-10-05,131.61,942134390,123990656182
2010-10-06,131.78,942134390,124152772416
2010-10-07,132.62,942134390,124945398175
2010-10-08,132.74,942134390,125062489310
2010-10-11,133.52,942134390,125792048303
2010-10-12,133.70,942134390,125963192558
2010-10-13,134.20,942134390,126431557097
2010-10-14,135.28,942134390,127449351480
2010-10-15,134.86,942134390,127053038600
2010-10-18,136.55,942134390,128647275012
2010-10-19,131.96,942134390,124323916671
2010-10-20,132.95,942134390,125260645749
2010-10-21,133.68,942134390,125945179643
2010-10-22,133.53,942134390,125801061948
2010-10-25,133.69,942134390,125954178913
2010-10-26,134.48,942134390,126701765196
2010-10-27,135.21,942134390,127386299090
2010-10-28,134.70,942134390,126908920905
2010-10-29,137.28,942134390,129340822551
2010-11-01,137.02,942134390,129088627366
2010-11-02,137.51,942134390,129556991905
2010-11-03,137.83,942134390,129854226565
2010-11-04,140.33,942134390,132214062174
2010-11-05,140.46,942134390,132331153309
2010-11-08,140.02,942134390,131916827515
2010-11-09,139.71,942134390,131628606501
2010-11-10,140.11,942134390,131997892820
2010-11-11,139.03,942134390,130989112082
2010-11-12,137.42,942134390,129466912955
2010-11-15,137.32,942134390,129376848380
2010-11-16,135.98,942134390,128115872458
2010-11-17,135.71,942134390,127854663629
2010-11-18,138.01,942134390,130025356444
2010-11-19,138.67,942134390,130646837948
2010-11-22,139.00,942134390,130953071877
2010-11-23,136.88,942134390,128962522586
2010-11-24,139.40,942134390,131331371841
2010-11-26,137.57,942134390,129611030650
2010-11-29,136.61,942134390,128701328132
2010-11-30,135.24,942134390,127413311274
2010-12-01,138.06,942134390,130070395919
2010-12-02,138.80,942134390,130763929082
2010-12-03,138.99,942134390,130944072607
2010-12-06,138.61,942134390,130592799203
2010-12-07,137.69,942134390,129719108139
2010-12-08,138.60,942134390,130583785558
2010-12-09,137.95,942134390,129971317699
2010-12-10,138.45,942134390,130439682238
2010-12-13,137.93,942134390,129953304785
2010-12-14,139.41,942134390,131340385487
2010-12-15,138.36,942134390,130349603288
2010-12-16,138.19,942134390,130196486324
2010-12-17,138.62,942134390,130601798472
2010-12-20,138.15,942134390,130160460494
2010-12-21,139.33,942134390,131268319451
2010-12-22,139.53,942134390,131457476621
2010-12-23,139.47,942134390,131403423501
2010-12-27,138.95,942134390,130908046777
2010-12-28,139.30,942134390,131241307267
2010-12-29,140.08,942134390,131970866260
2010-12-30,140.22,942134390,132105970309
2010-12-31,140.31,942134390,132187035614
2011-01-03,140.99,942134390,132835543678
2011-01-04,141.15,942134390,132979661373
2011-01-05,140.58,942134390,132448244444
2011-01-06,142.12,942134390,133898377536
2011-01-07,141.42,942134390,133240855827
2011-01-10,141.15,942134390,132979661373
2011-01-11,140.80,942134390,132655400153
2011-01-12,142.54,942134390,134294676040
2011-01-13,142.28,942134390,134042480855
2011-01-14,143.40,942134390,135105314713
2011-01-18,144.02,942134390,135690770387
2011-01-19,148.84,942134390,140230312458
2011-01-20,148.95,942134390,140329390677
2011-01-21,148.66,942134390,140059182578
2011-01-24,152.61,942134390,143779072330
2011-01-25,154.34,942134390,145409348946
2011-01-26,153.96,942134390,145049061897
2011-01-27,153.99,942134390,145076088457
2011-01-28,152.21,942134390,143400786741
2011-01-31,154.88,942134390,145913739315
2011-02-01,156.37,942134390,147318832932
2011-02-02,156.12,942134390,147084650663
2011-02-03,156.34,942134390,147291806372
2011-02-04,156.79,942134390,147715145812
2011-02-07,157.57,942134390,148453718450
2011-02-08,158.75,942134390,149561577407
2011-02-09,157.41,942134390,148300601485
2011-02-10,156.87,942134390,147796211117
2011-02-11,156.64,942134390,147580041762
2011-02-14,156.04,942134390,147012599003
2011-02-15,155.68,942134390,146670324868
2011-02-16,156.21,942134390,147174715237
2011-02-17,157.02,942134390,147931315166
2011-02-18,157.59,942134390,148471731365
2011-02-22,154.83,942134390,145868699840
2011-02-23,153.14,942134390,144274463429
2011-02-24,153.70,942134390,144805880358
2011-02-25,155.14,942134390,146165934500
2011-02-28,154.76,942134390,145805661826
2011-03-01,152.93,942134390,144085320635
2011-03-02,153.12,942134390,144256450514
2011-03-03,156.29,942134390,147246781273
2011-03-04,154.71,942134390,145760622351
2011-03-07,152.90,942134390,144049280429
2011-03-08,155.14,942134390,146165934500
2011-03-09,158.57,942134390,149390447528
2011-03-10,154.89,942134390,145931752230
2011-03-11,155.29,942134390,146301038549
2011-03-14,154.29,942134390,145364309471
2011-03-15,152.03,942134390,143229642486
2011-03-16,146.27,942134390,137807424458
2011-03-17,147.40,942134390,138870243940
2011-03-18,149.03,942134390,140410455982
2011-03-21,150.75,942134390,142022705308
2011-03-22,151.05,942134390,142310926323
2011-03-23,152.51,942134390,143689007755
2011-03-24,153.00,942134390,144148358649
2011-03-25,155.05,942134390,146075869925
2011-03-28,154.27,942134390,145346296556
2011-03-29,155.72,942134390,146706350698
2011-03-30,156.41,942134390,147354858762
2011-03-31,155.90,942134390,146877494953
2011-04-01,157.05,942134390,147958327351
2011-04-04,157.03,942134390,147940314436
2011-04-05,156.78,942134390,147706132166
2011-04-06,156.83,942134390,147751171641
2011-04-07,157.15,942134390,148057405570
2011-04-08,156.84,942134390,147760185287
2011-04-11,156.74,942134390,147670106336
2011-04-12,156.07,942134390,147039611188
2011-04-13,156.74,942134390,147670106336
2011-04-14,157.72,942134390,148588822499
2011-04-15,158.90,942134390,149705695102
2011-04-18,158.64,942134390,149462499187
2011-04-19,158.13,942134390,148976121733
2011-04-20,157.50,942134390,148390666060
2011-04-21,160.88,942134390,151570153989
2011-04-25,160.30,942134390,151020724145
2011-04-26,161.08,942134390,151759296783
2011-04-27,162.88,942134390,153452611414
2011-04-28,163.27,942134390,153821897733
2011-04-29,163.08,942134390,153641768584
2011-05-02,164.58,942134390,155055861471
2011-05-03,165.27,942134390,155704369534
2011-05-04,163.12,942134390,153677794414
2011-05-05,161.05,942134390,151732270223
2011-05-06,161.46,942134390,152119569457
2011-05-09,161.66,942134390,152308726627
2011-05-10,162.89,942134390,153461625059
2011-05-11,162.05,942134390,152668999301
2011-05-12,164.67,942134390,155136926776
2011-05-13,162.45,942134390,153047299265
2011-05-16,161.43,942134390,152092557272
2011-05-17,163.00,942134390,153569702549
2011-05-18,162.94,942134390,153515663804
2011-05-19,163.09,942134390,153650767854
2011-05-20,162.68,942134390,153263468620
2011-05-23,160.86,942134390,151552141074
2011-05-24,160.60,942134390,151308945159
2011-05-25,160.37,942134390,151092775804
2011-05-26,159.83,942134390,150579371790
2011-05-27,160.13,942134390,150867607180
2011-05-31,161.50,942134390,152155609662
2011-06-01,159.24,942134390,150020942677
2011-06-02,158.79,942134390,149597617613
2011-06-03,157.79,942134390,148660874159
2011-06-06,157.50,942134390,148390666060
2011-06-07,156.49,942134390,147435924067
2011-06-08,157.11,942134390,148021379741
2011-06-09,157.59,942134390,148471731365
2011-06-10,156.00,942134390,146976573173
2011-06-13,155.99,942134390,146967559528
2011-06-14,156.90,942134390,147823223301
2011-06-15,155.19,942134390,146210973975
2011-06-16,155.52,942134390,146517207904
2011-06-17,157.21,942134390,148111458691
2011-06-20,157.76,942134390,148633861975
2011-06-21,158.91,942134390,149714708748
2011-06-22,158.39,942134390,149228316918
2011-06-23,158.81,942134390,149624629797
2011-06-24,157.81,942134390,148678887074
2011-06-27,160.25,942134390,150975684669
2011-06-28,162.53,942134390,153128364570
2011-06-29,163.04,942134390,153605728379
2011-06-30,164.01,942134390,154515445272
2011-07-01,166.86,942134390,157208541371
2011-07-05,167.72,942134390,158010166399
2011-07-06,169.89,942134390,160063768080
2011-07-07,168.72,942134390,158955909123
2011-07-08,168.73,942134390,158964908392
2011-07-11,167.29,942134390,157613853520
2011-07-12,166.40,942134390,156767203392
2011-07-13,166.65,942134390,157010384931
2011-07-14,166.57,942134390,156929319627
2011-07-15,167.82,942134390,158109244619
2011-07-18,167.57,942134390,157875062350
2011-07-19,177.07,942134390,166819028065
2011-07-20,175.57,942134390,165413934449
2011-07-21,176.77,942134390,166539820697
2011-07-22,177.04,942134390,166792015881
2011-07-25,175.62,942134390,165458973924
2011-07-26,174.89,942134390,164765440761
2011-07-27,173.37,942134390,163342319853
2011-07-28,173.80,942134390,163747646378
2011-07-29,173.85,942134390,163792671477
2011-08-01,172.80,942134390,162801903654
2011-08-02,170.22,942134390,160370002009
2011-08-03,170.97,942134390,161072548818
2011-08-04,163.94,942134390,154452392882
2011-08-05,165.37,942134390,155803447754
2011-08-08,158.91,942134390,149714708748
2011-08-09,163.11,942134390,153668780769
2011-08-10,155.39,942134390,146400116769
2011-08-11,159.40,942134390,150174059641
2011-08-12,160.80,942134390,151498087953
2011-08-15,165.38,942134390,155812461400
2011-08-16,163.71,942134390,154236223527
2011-08-17,163.94,942134390,154452392882
2011-08-18,156.63,942134390,147562028847
2011-08-19,150.61,942134390,141896614904
2011-08-22,151.99,942134390,143193616656
2011-08-23,157.09,942134390,148003366826
2011-08-24,159.43,942134390,150201086201
2011-08-25,158.30,942134390,149138252343
2011-08-26,161.70,942134390,152344752457
2011-08-29,165.03,942134390,155479200910
2011-08-30,164.92,942134390,155380122690
2011-08-31,164.35,942134390,154839692116
2011-09-01,162.84,942134390,153416585584
2011-09-02,159.64,942134390,150399228265
2011-09-06,157.85,942134390,148714927280
2011-09-07,159.95,942134390,150696462925
2011-09-08,157.98,942134390,148841017684
2011-09-09,154.27,942134390,145346296556
2011-09-12,155.28,942134390,146292039280
2011-09-13,156.24,942134390,147201741797
2011-09-14,159.89,942134390,150633424911
2011-09-15,162.61,942134390,153200416230
2011-09-16,165.38,942134390,155812461400
2011-09-19,165.52,942134390,155938551804
2011-09-20,167.04,942134390,157370671981
2011-09-21,165.41,942134390,155839473584
2011-09-22,161.20,942134390,151876387918
2011-09-23,161.89,942134390,152524895981
2011-09-26,166.84,942134390,157181529187
2011-09-27,169.89,942134390,160063768080
2011-09-28,169.74,942134390,159919650385
2011-09-29,171.29,942134390,161378797123
2011-09-30,167.18,942134390,157505776031
2011-10-03,165.67,942134390,156082669499
2011-10-04,167.06,942134390,157388684896
2011-10-05,169.07,942134390,159289169612
2011-10-06,173.70,942134390,163648568158
2011-10-07,174.37,942134390,164279048931
2011-10-10,178.41,942134390,168089017633
2011-10-11,176.86,942134390,166629885271
2011-10-12,177.93,942134390,167638680385
2011-10-13,178.60,942134390,168269161158
2011-10-14,182.15,942134390,171610765320
2011-10-17,178.38,942134390,168062005448
2011-10-18,171.03,942134390,161135601208
2011-10-19,169.59,942134390,159775547066
2011-10-20,169.46,942134390,159649442286
2011-10-21,173.64,942134390,163594515037
2011-10-24,174.24,942134390,164152958527
2011-10-25,172.43,942134390,162450630250
2011-10-26,173.97,942134390,163900763342
2011-10-27,177.71,942134390,167422511030
2011-10-28,179.21,942134390,168836603916
2011-10-31,176.51,942134390,166296624782
2011-11-01,173.37,942134390,163342319853
2011-11-02,175.83,942134390,165657130363
2011-11-03,179.06,942134390,168701499867
2011-11-04,178.18,942134390,167872862654
2011-11-07,179.08,942134390,168719512782
2011-11-08,179.02,942134390,168656460392
2011-11-09,174.23,942134390,164143944881
2011-11-10,175.29,942134390,165143726349
2011-11-11,179.14,942134390,168773551526
2011-11-14,179.11,942134390,168746539342
2011-11-15,180.45,942134390,170007515264
2011-11-16,178.41,942134390,168089017633
2011-11-17,177.56,942134390,167287392604
2011-11-18,177.09,942134390,166846054626
2011-11-21,173.50,942134390,163459410988
2011-11-22,173.34,942134390,163306294023
2011-11-23,170.12,942134390,160279937435
2011-11-25,169.27,942134390,159478312406
2011-11-28,174.20,942134390,164116932697
2011-11-29,172.98,942134390,162973033534
2011-11-30,179.73,942134390,169331995016
2011-12-01,181.12,942134390,170638010413
2011-12-02,181.32,942134390,170827153207
2011-12-05,182.45,942134390,171889987065
2011-12-06,184.46,942134390,173781458136
2011-12-07,185.52,942134390,174781239604
2011-12-08,183.15,942134390,172556508044
2011-12-09,186.00,942134390,175240604873
2011-12-12,183.73,942134390,173096924242
2011-12-13,182.74,942134390,172169208810
2011-12-14,180.42,942134390,169980503079
2011-12-15,179.24,942134390,168863630477
2011-12-16,175.50,942134390,165341882789
2011-12-19,174.85,942134390,164729400555
2011-12-20,179.01,942134390,168647461122
2011-12-21,173.49,942134390,163450411718
2011-12-22,174.03,942134390,163963815732
2011-12-23,176.63,942134390,166404716647
2011-12-27,176.82,942134390,166584845796
2011-12-28,175.90,942134390,165720182753
2011-12-29,177.99,942134390,167692719129
2011-12-30,175.79,942134390,165621104534
2012-01-03,178.11,942134390,167800796619
2012-01-04,177.38,942134390,167116262725
2012-01-05,176.54,942134390,166323651342
2012-01-06,174.51,942134390,164414152981
2012-01-09,173.60,942134390,163558489208
2012-01-10,173.34,942134390,163306294023
2012-01-11,174.30,942134390,164216010917
2012-01-12,172.61,942134390,162621760130
2012-01-13,171.28,942134390,161369783477
2012-01-17,172.08,942134390,162126383406
2012-01-18,173.11,942134390,163090124669
2012-01-19,172.58,942134390,162594747945
2012-01-20,180.23,942134390,169800359555
2012-01-23,181.63,942134390,171115388597
2012-01-24,183.49,942134390,172871755618
2012-01-25,183.30,942134390,172691612093
2012-01-26,182.58,942134390,172016091845
2012-01-27,182.08,942134390,171547727306
2012-01-30,184.03,942134390,173385159632
2012-01-31,184.13,942134390,173475224207
2012-02-01,184.15,942134390,173493237122
2012-02-02,183.11,942134390,172511468569
2012-02-03,185.12,942134390,174411953285
2012-02-06,184.34,942134390,173673380646
2012-02-07,184.85,942134390,174150744455
2012-02-08,184.46,942134390,173790471781
2012-02-09,184.64,942134390,173952588015
2012-02-10,183.96,942134390,173313093597
2012-02-13,184.15,942134390,173493237122
2012-02-14,183.77,942134390,173132950072
2012-02-15,183.80,942134390,173159976632
2012-02-16,184.53,942134390,173853524171
2012-02-17,184.91,942134390,174213796845
2012-02-21,184.89,942134390,174186784661
2012-02-22,185.34,942134390,174619108994
2012-02-23,188.92,942134390,177987739717
2012-02-24,189.06,942134390,178122843767
2012-02-27,188.84,942134390,177915688058
2012-02-28,189.27,942134390,178321000206
2012-02-29,188.08,942134390,177195128334
2012-03-01,188.84,942134390,177915688058
2012-03-02,190.07,942134390,179068586490
2012-03-05,191.84,942134390,180734888937
2012-03-06,188.59,942134390,177672492143
2012-03-07,189.07,942134390,178131857412
2012-03-08,191.02,942134390,179969289738
2012-03-09,191.80,942134390,180698848731
2012-03-12,192.16,942134390,181041122866
2012-03-13,194.82,942134390,183545076171
2012-03-14,195.72,942134390,184391726298
2012-03-15,196.94,942134390,185544624731
2012-03-16,196.95,942134390,185553638376
2012-03-19,196.67,942134390,185292429546
2012-03-20,195.27,942134390,183968401234
2012-03-21,195.69,942134390,184364714114
2012-03-22,196.45,942134390,185085273837
2012-03-23,196.44,942134390,185076260192
2012-03-26,198.63,942134390,187138875518
2012-03-27,198.07,942134390,186607458589
2012-03-28,198.17,942134390,186706536809
2012-03-29,199.11,942134390,187589227142
2012-03-30,199.47,942134390,187931486901
2012-04-02,200.26,942134390,188670073915
2012-04-03,200.29,942134390,188697086099
2012-04-04,196.99,942134390,185589664206
2012-04-05,196.43,942134390,185067260922
2012-04-09,195.93,942134390,184589882738
2012-04-10,193.43,942134390,182239060773
2012-04-11,193.67,942134390,182464229398
2012-04-12,196.29,942134390,184932156873
2012-04-13,193.88,942134390,182662385837
2012-04-16,193.80,942134390,182590334178
2012-04-17,198.33,942134390,186850654504
2012-04-18,191.33,942134390,180257510752
2012-04-19,190.74,942134390,179699081639
2012-04-20,190.82,942134390,179780132568
2012-04-23,189.89,942134390,178897456611
2012-04-24,191.20,942134390,180140419618
2012-04-25,194.62,942134390,183355919000
2012-04-26,196.54,942134390,185166339142
2012-04-27,197.72,942134390,186274198099
2012-04-30,197.97,942134390,186517394014
2012-05-01,198.85,942134390,187346031227
2012-05-02,198.91,942134390,187400084348
2012-05-03,198.13,942134390,186661497333
2012-05-04,195.98,942134390,184634922213
2012-05-07,194.79,942134390,183518049610
2012-05-08,192.62,942134390,181473461575
2012-05-09,192.38,942134390,181248278575
2012-05-10,191.78,942134390,180680835816
2012-05-11,192.32,942134390,181194239830
2012-05-14,190.67,942134390,179636029249
2012-05-15,190.29,942134390,179275742199
2012-05-16,190.95,942134390,179897223703
2012-05-17,189.19,942134390,178239934901
2012-05-18,187.27,942134390,176429529136
2012-05-21,189.06,942134390,178122843767
2012-05-22,188.16,942134390,177276179263
2012-05-23,187.50,942134390,176645698490
2012-05-24,187.47,942134390,176618671930
2012-05-25,185.76,942134390,175006422604
2012-05-29,187.82,942134390,176951932419
2012-05-30,185.98,942134390,175213578313
2012-05-31,184.42,942134390,173745432306
2012-06-01,180.76,942134390,170304749923
2012-06-04,180.25,942134390,169818372469
2012-06-05,180.88,942134390,170412841789
2012-06-06,185.46,942134390,174727200859
2012-06-07,185.89,942134390,175132513008
2012-06-08,186.56,942134390,175763008157
2012-06-11,184.04,942134390,173394158902
2012-06-12,185.99,942134390,175231591228
2012-06-13,184.61,942134390,173925575831
2012-06-14,186.52,942134390,175726982327
2012-06-15,190.34,942134390,179329780944
2012-06-18,189.57,942134390,178600221951
2012-06-19,190.18,942134390,179176663979
2012-06-20,190.04,942134390,179041559930
2012-06-21,184.89,942134390,174186784661
2012-06-22,185.18,942134390,174465992029
2012-06-25,184.38,942134390,173709406476
2012-06-26,183.51,942134390,172889768533
2012-06-27,184.51,942134390,173835496881
2012-06-28,182.98,942134390,172394377434
2012-06-29,186.98,942134390,176159321036
2012-07-02,187.22,942134390,176384489660
2012-07-03,187.31,942134390,176474568611
2012-07-05,186.70,942134390,175898112207
2012-07-06,182.99,942134390,172403391079
2012-07-09,181.33,942134390,170836166852
2012-07-10,178.07,942134390,167764770789
2012-07-11,177.10,942134390,166855068271
2012-07-12,175.04,942134390,164909544080
2012-07-13,177.83,942134390,167539602165
2012-07-16,176.66,942134390,166440742477
2012-07-17,175.57,942134390,165413934449
2012-07-18,179.97,942134390,169557163640
2012-07-19,186.75,942134390,175943151682
2012-07-20,183.99,942134390,173340120157
2012-07-23,182.44,942134390,171880987796
2012-07-24,181.97,942134390,171439635441
2012-07-25,182.68,942134390,172106156420
2012-07-26,185.42,942134390,174691175029
2012-07-27,187.75,942134390,176888880029
2012-07-30,188.03,942134390,177150088859
2012-07-31,187.36,942134390,176519593710
2012-08-01,186.60,942134390,175799033987
2012-08-02,185.90,942134390,175141526653
2012-08-03,189.79,942134390,178807377660
2012-08-06,190.02,942134390,179023547015
2012-08-07,191.14,942134390,180077367228
2012-08-08,190.28,942134390,179266742930
2012-08-09,189.69,942134390,178717313086
2012-08-10,190.53,942134390,179500925199
2012-08-13,190.26,942134390,179248730015
2012-08-14,189.57,942134390,178600221951
2012-08-15,189.67,942134390,178699300171
2012-08-16,192.01,942134390,180897005171
2012-08-17,192.37,942134390,181239279305
2012-08-20,191.68,942134390,180590771242
2012-08-21,189.91,942134390,178924468795
2012-08-22,188.58,942134390,177663492873
2012-08-23,187.09,942134390,176267398526
2012-08-24,189.07,942134390,178131857412
2012-08-27,187.08,942134390,176258399256
2012-08-28,186.30,942134390,175519812242
2012-08-29,186.50,942134390,175708969412
2012-08-30,184.87,942134390,174168757370
2012-08-31,186.28,942134390,175501799327
2012-09-04,185.98,942134390,175222591958
2012-09-05,186.46,942134390,175672929207
2012-09-06,190.34,942134390,179329780944
2012-09-07,190.73,942134390,179690067994
2012-09-10,192.11,942134390,180996083391
2012-09-11,194.33,942134390,183085710901
2012-09-12,194.81,942134390,183536062525
2012-09-13,197.28,942134390,185868885951
2012-09-14,197.72,942134390,186274198099
2012-09-17,198.04,942134390,186580432029
2012-09-18,197.96,942134390,186508380369
2012-09-19,197.35,942134390,185931938341
2012-09-20,197.11,942134390,185706755341
2012-09-21,196.92,942134390,185526611816
2012-09-24,196.26,942134390,184905130312
2012-09-25,195.97,942134390,184625908568
2012-09-26,195.03,942134390,183743232610
2012-09-27,196.85,942134390,185463573802
2012-09-28,198.33,942134390,186850654504
2012-10-01,201.21,942134390,189570762787
2012-10-02,200.61,942134390,189003334404
2012-10-03,201.25,942134390,189606802993
2012-10-04,201.14,942134390,189498711128
2012-10-05,201.33,942134390,189678854652
2012-10-08,200.59,942134390,188985307113
2012-10-09,198.84,942134390,187337031958
2012-10-10,196.77,942134390,185382508497
2012-10-11,196.71,942134390,185328469752
2012-10-12,198.66,942134390,187165902078
2012-10-15,199.74,942134390,188183682085
2012-10-16,201.72,942134390,190048140972
2012-10-17,191.81,942134390,180707862376
2012-10-18,186.39,942134390,175600877547
2012-10-19,184.86,942134390,174159758100
2012-10-22,185.85,942134390,175096487178
2012-10-23,182.84,942134390,172259273384
2012-10-24,182.33,942134390,171781909576
2012-10-25,183.17,942134390,172574520959
2012-10-26,184.77,942134390,174078692795
2012-10-31,185.98,942134390,175213578313
2012-11-01,188.48,942134390,177573413923
2012-11-02,184.92,942134390,174222810490
2012-11-05,185.60,942134390,174862304909
2012-11-06,186.49,942134390,175699955767
2012-11-07,182.75,942134390,172178208079
2012-11-08,181.74,942134390,171223466086
2012-11-09,181.30,942134390,170809140292
2012-11-12,180.93,942134390,170457866888
2012-11-13,180.04,942134390,169620216030
2012-11-14,177.35,942134390,167089250541
2012-11-15,177.68,942134390,167395484470
2012-11-16,178.72,942134390,168377253023
2012-11-19,181.98,942134390,171448649086
2012-11-20,180.88,942134390,170412841789
2012-11-21,181.92,942134390,171394595966
2012-11-23,184.98,942134390,174276849235
2012-11-26,184.40,942134390,173727419391
2012-11-27,182.82,942134390,172241260469
2012-11-28,183.54,942134390,172916795093
2012-11-29,183.11,942134390,172511468569
2012-11-30,181.71,942134390,171196453902
2012-12-03,181.15,942134390,170665036973
2012-12-04,181.03,942134390,170556945108
2012-12-05,180.35,942134390,169917450689
2012-12-06,181.36,942134390,170863193413
2012-12-07,183.51,942134390,172889768533
2012-12-10,184.15,942134390,173493237122
2012-12-11,185.66,942134390,174916343654
2012-12-12,184.46,942134390,173790471781
2012-12-13,183.55,942134390,172925794363
2012-12-14,183.33,942134390,172718638654
2012-12-17,185.11,942134390,174393940370
2012-12-18,187.08,942134390,176258399256
2012-12-19,186.50,942134390,175708969412
2012-12-20,186.20,942134390,175429747668
2012-12-21,184.91,942134390,174213796845
2012-12-24,183.94,942134390,173295080682
2012-12-26,183.51,942134390,172889768533
2012-12-27,184.24,942134390,173574302427
2012-12-28,181.48,942134390,170980284547
2012-12-31,183.13,942134390,172529481483
2013-01-02,187.72,942134390,176852854199
2013-01-03,186.68,942134390,175880099292
2013-01-04,185.46,942134390,174727200859
2013-01-07,184.65,942134390,173961601661
2013-01-08,184.39,942134390,173718405746
2013-01-09,183.86,942134390,173223029022
2013-01-10,184.40,942134390,173727419391
2013-01-11,185.90,942134390,175141526653
2013-01-14,184.15,942134390,173493237122
2013-01-15,184.03,942134390,173385159632
2013-01-16,184.12,942134390,173466210561
2013-01-17,185.13,942134390,174420966930
2013-01-18,185.92,942134390,175159539568
2013-01-22,187.46,942134390,176609672660
2013-01-23,195.72,942134390,184391726298
2013-01-24,195.43,942134390,184121518199
2013-01-25,195.96,942134390,184616909298
2013-01-28,195.92,942134390,184580883468
2013-01-29,194.93,942134390,183653153660
2013-01-30,194.57,942134390,183310893901
2013-01-31,194.14,942134390,182905567376
2013-02-01,196.16,942134390,184806052092
2013-02-04,194.83,942134390,183554075440
2013-02-05,193.87,942134390,182653372192
2013-02-06,192.18,942134390,181059135781
2013-02-07,190.96,942134390,179906237348
2013-02-08,192.81,942134390,181653590724
2013-02-11,191.36,942134390,180284537313
2013-02-12,191.24,942134390,180176445447
2013-02-13,191.29,942134390,180221484923
2013-02-14,190.87,942134390,179825172043
2013-02-15,192.14,942134390,181023109951
2013-02-19,191.51,942134390,180428640632
2013-02-20,190.54,942134390,179518938114
2013-02-21,189.61,942134390,178636247781
2013-02-22,192.25,942134390,181122188171
2013-02-25,188.82,942134390,177897675143
2013-02-26,190.38,942134390,179365821150
2013-02-27,193.43,942134390,182239060773
2013-02-28,192.00,942134390,180888005901
2013-03-01,193.99,942134390,182761464057
2013-03-04,196.17,942134390,184815065738
2013-03-05,197.45,942134390,186022002915
2013-03-06,199.22,942134390,187688305362
2013-03-07,200.21,942134390,188625034440
2013-03-08,201.13,942134390,189489711858
2013-03-11,200.84,942134390,189219489383
2013-03-12,201.29,942134390,189642828823
2013-03-13,202.73,942134390,191002882964
2013-03-14,206.31,942134390,194371513687
2013-03-15,205.47,942134390,193578887929
2013-03-18,203.83,942134390,192038690262
2013-03-19,204.05,942134390,192245860347
2013-03-20,205.60,942134390,193704992709
2013-03-21,202.93,942134390,191183026489
2013-03-22,202.75,942134390,191020895879
2013-03-25,201.47,942134390,189813958702
2013-03-26,203.02,942134390,191273091064
2013-03-27,201.62,942134390,189949062752
2013-03-28,203.92,942134390,192119755567
2013-04-01,203.04,942134390,191291103979
2013-04-02,204.93,942134390,193074497560
2013-04-03,203.31,942134390,191543313539
2013-04-04,202.02,942134390,190327362716
2013-04-05,200.20,942134390,188616020794
2013-04-08,200.11,942134390,188534955489
2013-04-09,200.02,942134390,188444890915
2013-04-10,202.68,942134390,190948844220
2013-04-11,203.56,942134390,191777495808
2013-04-12,202.08,942134390,190390415106
2013-04-15,200.06,942134390,188480916745
2013-04-16,202.68,942134390,190948844220
2013-04-17,200.45,942134390,188850203064
2013-04-18,198.04,942134390,186580432029
2013-04-19,181.64,942134390,171133401512
2013-04-22,179.57,942134390,169178878051
2013-04-23,183.18,942134390,172583534604
2013-04-24,183.28,942134390,172673599178
2013-04-25,185.42,942134390,174691175029
2013-04-26,185.76,942134390,175015421873
2013-04-29,190.39,942134390,179374820419
2013-04-30,193.63,942134390,182428203568
2013-05-01,190.85,942134390,179807159128
2013-05-02,193.49,942134390,182293099518
2013-05-03,195.52,942134390,184202583504
2013-05-06,193.86,942134390,182644372922
2013-05-07,194.67,942134390,183409972121
2013-05-08,195.81,942134390,184481805249
2013-05-09,194.30,942134390,183058698717
2013-05-10,195.48,942134390,184166557674
2013-05-13,193.57,942134390,182365151178
2013-05-14,194.27,942134390,183031672156
2013-05-15,194.38,942134390,183130750376
2013-05-16,195.69,942134390,184364714114
2013-05-17,199.27,942134390,187742344106
2013-05-20,198.47,942134390,186985758553
2013-05-21,199.47,942134390,187931486901
2013-05-22,197.89,942134390,186436328709
2013-05-23,197.09,942134390,185688742426
2013-05-24,196.67,942134390,185292429546
2013-05-28,198.64,942134390,187147874787
2013-05-29,198.78,942134390,187273979567
2013-05-30,200.15,942134390,188570995695
2013-05-31,198.87,942134390,187364044142
2013-06-03,199.76,942134390,188201709376
2013-06-04,197.12,942134390,185715768986
2013-06-05,193.82,942134390,182608347093
2013-06-06,194.84,942134390,183563089085
2013-06-07,197.28,942134390,185859872305
2013-06-10,196.00,942134390,184661948773
2013-06-11,195.01,942134390,183725219695
2013-06-12,192.35,942134390,181221266391
2013-06-13,194.81,942134390,183536062525
2013-06-14,193.31,942134390,182121969639
2013-06-17,194.11,942134390,182878555192
2013-06-18,195.86,942134390,184526844724
2013-06-19,193.06,942134390,181887787369
2013-06-20,188.67,942134390,177753557448
2013-06-21,186.86,942134390,176051229171
2013-06-24,185.03,942134390,174321888710
2013-06-25,186.41,942134390,175618890462
2013-06-26,186.29,942134390,175510812973
2013-06-27,187.05,942134390,176222359051
2013-06-28,182.71,942134390,172133182980
2013-07-01,182.87,942134390,172286299944
2013-07-02,183.08,942134390,172484456384
2013-07-03,184.75,942134390,174060679881
2013-07-05,186.36,942134390,175573865363
2013-07-08,186.41,942134390,175618890462
2013-07-09,182.89,942134390,172304312859
2013-07-10,183.80,942134390,173159976632
2013-07-11,184.32,942134390,173655367732
2013-07-12,183.62,942134390,172997846022
2013-07-15,185.47,942134390,174736200129
2013-07-16,185.33,942134390,174601096079
2013-07-17,185.99,942134390,175231591228
2013-07-18,189.28,942134390,178330013852
2013-07-19,185.03,942134390,174321888710
2013-07-22,185.55,942134390,174817265434
2013-07-23,186.41,942134390,175618890462
2013-07-24,187.96,942134390,177087036469
2013-07-25,188.55,942134390,177636466313
2013-07-26,188.67,942134390,177753557448
2013-07-29,187.58,942134390,176726763795
2013-07-30,187.39,942134390,176546620270
2013-07-31,186.46,942134390,175672929207
2013-08-01,187.20,942134390,176366476746
2013-08-02,186.58,942134390,175781021072
2013-08-05,186.90,942134390,176087255001
2013-08-06,182.59,942134390,172025091115
2013-08-07,180.27,942134390,169836385384
2013-08-08,179.67,942134390,169268942626
2013-08-09,179.56,942134390,169169864406
2013-08-12,180.77,942134390,170313763569
2013-08-13,180.13,942134390,169710294980
2013-08-14,179.28,942134390,168908669952
2013-08-15,177.62,942134390,167341445725
2013-08-16,177.19,942134390,166936133576
2013-08-19,176.13,942134390,165936352108
2013-08-20,176.44,942134390,166233572392
2013-08-21,176.73,942134390,166503794867
2013-08-22,177.05,942134390,166801015151
2013-08-23,177.27,942134390,167008185236
2013-08-26,176.62,942134390,166395703002
2013-08-27,174.70,942134390,164594296505
2013-08-28,174.15,942134390,164071893222
2013-08-29,174.61,942134390,164504231931
2013-08-30,174.25,942134390,164170971442
2013-09-03,175.87,942134390,165693156193
2013-09-04,175.08,942134390,164945569910
2013-09-05,176.05,942134390,165864286073
2013-09-06,174.98,942134390,164855505335
2013-09-09,176.85,942134390,166611872356
2013-09-10,178.39,942134390,168071004718
2013-09-11,182.31,942134390,171763896661
2013-09-12,182.34,942134390,171790908845
2013-09-13,183.72,942134390,173087924973
2013-09-16,184.66,942134390,173970615306
2013-09-17,183.71,942134390,173078911327
2013-09-18,185.87,942134390,175114500093
2013-09-19,184.89,942134390,174186784661
2013-09-20,181.66,942134390,171151414427
2013-09-23,182.59,942134390,172025091115
2013-09-24,181.62,942134390,171106374952
2013-09-25,181.14,942134390,170656023328
2013-09-26,181.85,942134390,171331557952
2013-09-27,178.70,942134390,168359240108
2013-09-30,177.04,942134390,166792015881
2013-10-01,178.18,942134390,167872862654
2013-10-02,176.83,942134390,166593859441
2013-10-03,175.77,942134390,165603091619
2013-10-04,176.00,942134390,165819260973
2013-10-07,174.01,942134390,163936789172
2013-10-08,170.86,942134390,160973484974
2013-10-09,173.35,942134390,163315307669
2013-10-10,176.64,942134390,166422729562
2013-10-11,177.97,942134390,167674706214
2013-10-14,178.75,942134390,168404265207
2013-10-15,176.54,942134390,166323651342
2013-10-16,178.52,942134390,168188095853
2013-10-17,167.14,942134390,157469750201
2013-10-18,166.14,942134390,156524007478
2013-10-21,165.26,942134390,155695370265
2013-10-22,167.28,942134390,157595840605
2013-10-23,168.04,942134390,158316400329
2013-10-24,169.98,942134390,160144833385
2013-10-25,169.07,942134390,159289169612
2013-10-28,169.55,942134390,159739521236
2013-10-29,174.11,942134390,164035867392
2013-10-30,172.23,942134390,162261487456
2013-10-31,171.33,942134390,161414822952
2013-11-01,171.35,942134390,161432835867
2013-11-04,172.34,942134390,162369564945
2013-11-05,170.03,942134390,160189872860
2013-11-06,171.31,942134390,161396810037
2013-11-07,172.08,942134390,162126383406
2013-11-08,172.07,942134390,162117369761
2013-11-11,174.84,942134390,164720401285
2013-11-12,175.02,942134390,164891531165
2013-11-13,175.48,942134390,165323869874
2013-11-14,174.20,942134390,164116932697
2013-11-15,175.13,942134390,164999623030
2013-11-18,176.36,942134390,166152521463
2013-11-19,177.10,942134390,166855068271
2013-11-20,177.05,942134390,166801015151
2013-11-21,176.03,942134390,165846273158
2013-11-22,173.33,942134390,163297294754
2013-11-25,171.07,942134390,161171627038
2013-11-26,169.51,942134390,159703481031
2013-11-27,171.10,942134390,161198653598
2013-11-29,171.78,942134390,161838148016
2013-12-02,169.67,942134390,159856612371
2013-12-03,168.34,942134390,158595622073
2013-12-04,168.01,942134390,158289388144
2013-12-05,168.34,942134390,158595622073
2013-12-06,169.86,942134390,160027742250
2013-12-09,169.66,942134390,159838599456
2013-12-10,169.33,942134390,159532351151
2013-12-11,167.50,942134390,157803010690
2013-12-12,165.75,942134390,156154721158
2013-12-13,165.20,942134390,155641317144
2013-12-16,170.03,942134390,160189872860
2013-12-17,168.03,942134390,158307401059
2013-12-18,170.84,942134390,160955457683
2013-12-19,172.29,942134390,162324525470
2013-12-20,172.10,942134390,162144396321
2013-12-23,174.22,942134390,164134945612
2013-12-24,175.16,942134390,165026635215
2013-12-26,177.20,942134390,166945132846
2013-12-27,176.94,942134390,166701936931
2013-12-30,178.21,942134390,167899874838
2013-12-31,179.32,942134390,168944695782
2014-01-02,177.37,942134390,167107263455
2014-01-03,178.43,942134390,168107044923
2014-01-06,177.82,942134390,167530588519
2014-01-07,181.37,942134390,170872192682
2014-01-08,179.70,942134390,169304968455
2014-01-09,179.14,942134390,168773551526
2014-01-10,179.02,942134390,168665474037
2014-01-13,176.06,942134390,165873299718
2014-01-14,177.74,942134390,167458536860
2014-01-15,179.48,942134390,169097812746
2014-01-16,180.46,942134390,170016528909
2014-01-17,181.73,942134390,171214466817
2014-01-21,180.14,942134390,169719294250
2014-01-22,174.24,942134390,164152958527
2014-01-23,174.69,942134390,164585297236
2014-01-24,171.74,942134390,161802122186
2014-01-27,170.08,942134390,160234897960
2014-01-28,169.07,942134390,159289169612
2014-01-29,168.64,942134390,158883843087
2014-01-30,169.56,942134390,159748520506
2014-01-31,168.91,942134390,159136052648
2014-02-03,165.30,942134390,155731396095
2014-02-04,165.24,942134390,155677342974
2014-02-05,166.58,942134390,156938333272
2014-02-06,166.99,942134390,157325632506
2014-02-07,169.46,942134390,159649442286
2014-02-10,169.35,942134390,159550364066
2014-02-11,171.80,942134390,161856160931
2014-02-12,172.31,942134390,162342552761
2014-02-13,173.84,942134390,163783672208
2014-02-14,175.61,942134390,165449974654
2014-02-18,175.13,942134390,164999623030
2014-02-19,174.90,942134390,164783453676
2014-02-20,176.16,942134390,165963364292
2014-02-21,174.75,942134390,164639335981
2014-02-24,175.38,942134390,165233805300
2014-02-25,175.17,942134390,165035648860
2014-02-26,175.97,942134390,165783220768
2014-02-27,177.12,942134390,166873081186
2014-02-28,177.03,942134390,166783002236
2014-03-03,176.16,942134390,165963364292
2014-03-04,178.24,942134390,167926901399
2014-03-05,178.91,942134390,168557396548
2014-03-06,179.39,942134390,169007733796
2014-03-07,179.43,942134390,169043774001
2014-03-10,178.19,942134390,167881861924
2014-03-11,178.55,942134390,168215122413
2014-03-12,178.03,942134390,167728744959
2014-03-13,175.81,942134390,165639117449
2014-03-14,174.20,942134390,164116932697
2014-03-17,177.64,942134390,167359458640
2014-03-18,178.59,942134390,168260161888
2014-03-19,176.59,942134390,166368690817
2014-03-20,179.64,942134390,169241916065
2014-03-21,178.46,942134390,168134057108
2014-03-24,179.97,942134390,169557163640
2014-03-25,186.46,942134390,175672929207
2014-03-26,184.15,942134390,173493237122
2014-03-27,181.48,942134390,170980284547
2014-03-28,182.07,942134390,171538713661
2014-03-31,184.02,942134390,173376145987
2014-04-01,185.95,942134390,175186551753
2014-04-02,185.04,942134390,174330887980
2014-04-03,184.22,942134390,173556289512
2014-04-04,183.34,942134390,172727637923
2014-04-07,185.97,942134390,175204564668
2014-04-08,184.79,942134390,174096705710
2014-04-09,187.99,942134390,177114063029
2014-04-10,187.07,942134390,176249385611
2014-04-11,186.61,942134390,175808047632
2014-04-14,189.07,942134390,178131857412
2014-04-15,188.36,942134390,177456322788
2014-04-16,187.76,942134390,176897893675
2014-04-17,181.65,942134390,171142400781
2014-04-21,183.81,942134390,173177989547
2014-04-22,183.70,942134390,173069912058
2014-04-23,183.30,942134390,172691612093
2014-04-24,181.85,942134390,171331557952
2014-04-25,181.29,942134390,170800141023
2014-04-28,184.65,942134390,173961601661
2014-04-29,186.53,942134390,175735981597
2014-04-30,187.83,942134390,176960946065
2014-05-01,185.02,942134390,174312875065
2014-05-02,183.02,942134390,172430403264
2014-05-05,182.85,942134390,172268287030
2014-05-06,181.67,942134390,171160413696
2014-05-07,180.98,942134390,170502906363
2014-05-08,180.60,942134390,170151632959
2014-05-09,181.72,942134390,171205453172
2014-05-12,184.10,942134390,173448197647
2014-05-13,183.74,942134390,173105937888
2014-05-14,180.42,942134390,169980503079
2014-05-15,178.26,942134390,167944914314
2014-05-16,178.83,942134390,168485330512
2014-05-19,178.78,942134390,168431291767
2014-05-20,176.76,942134390,166530807051
2014-05-21,178.19,942134390,167881861924
2014-05-22,177.51,942134390,167242367505
2014-05-23,177.76,942134390,167476549775
2014-05-27,176.65,942134390,166431728831
2014-05-28,175.03,942134390,164900544810
2014-05-29,175.68,942134390,165513012668
2014-05-30,176.25,942134390,166053443243
2014-06-02,177.52,942134390,167251366775
2014-06-03,176.26,942134390,166062442512
2014-06-04,176.40,942134390,166188547292
2014-06-05,177.80,942134390,167512575604
2014-06-06,178.17,942134390,167863849009
2014-06-09,178.03,942134390,167728744959
2014-06-10,176.19,942134390,165990390853
2014-06-11,174.24,942134390,164152958527
2014-06-12,173.25,942134390,163225228718
2014-06-13,174.53,942134390,164432180271
2014-06-16,174.33,942134390,164243023101
2014-06-17,174.24,942134390,164161957796
2014-06-18,175.53,942134390,165368909349
2014-06-19,174.78,942134390,164666362541
2014-06-20,173.57,942134390,163522463378
2014-06-23,174.13,942134390,164053880307
2014-06-24,172.93,942134390,162918994789
2014-06-25,172.77,942134390,162774877094
2014-06-26,172.44,942134390,162459643896
2014-06-27,173.72,942134390,163666581073
2014-06-30,173.30,942134390,163270268193
2014-07-01,178.15,942134390,167845836094
2014-07-02,180.11,942134390,169683268420
2014-07-03,180.24,942134390,169809358824
2014-07-07,179.77,942134390,169368020845
2014-07-08,178.99,942134390,168629448207
2014-07-09,180.13,942134390,169710294980
2014-07-10,179.45,942134390,169061786916
2014-07-11,179.73,942134390,169331995016
2014-07-14,181.51,942134390,171007296732
2014-07-15,180.20,942134390,169773332994
2014-07-16,183.90,942134390,173259054852
2014-07-17,184.02,942134390,173376145987
2014-07-18,184.03,942134390,173385159632
2014-07-21,182.46,942134390,171899000710
2014-07-22,185.55,942134390,174817265434
2014-07-23,185.11,942134390,174402939639
2014-07-24,186.65,942134390,175853072731
2014-07-25,185.85,942134390,175096487178
2014-07-28,187.17,942134390,176339450185
2014-07-29,186.01,942134390,175249604143
2014-07-30,185.47,942134390,174736200129
2014-07-31,183.24,942134390,172637573349
2014-08-01,180.83,942134390,170367802313
2014-08-04,181.30,942134390,170809140292
2014-08-05,178.87,942134390,168521356342
2014-08-06,177.79,942134390,167503561959
2014-08-07,176.20,942134390,165999390122
2014-08-08,178.42,942134390,168098031278
2014-08-11,179.23,942134390,168854616831
2014-08-12,179.10,942134390,168737525697
2014-08-13,179.68,942134390,169286955540
2014-08-14,179.62,942134390,169223903150
2014-08-15,179.14,942134390,168773551526
2014-08-18,181.03,942134390,170556945108
2014-08-19,181.71,942134390,171196453902
2014-08-20,181.74,942134390,171223466086
2014-08-21,182.82,942134390,172241260469
2014-08-22,182.04,942134390,171502687831
2014-08-25,182.75,942134390,172178208079
2014-08-26,184.50,942134390,173826497611
2014-08-27,183.80,942134390,173159976632
2014-08-28,183.56,942134390,172934808008
2014-08-29,183.84,942134390,173205016108
2014-09-02,183.14,942134390,172538495129
2014-09-03,183.51,942134390,172889768533
2014-09-04,182.29,942134390,171745869370
2014-09-05,182.79,942134390,172214233909
2014-09-08,181.78,942134390,171259491916
2014-09-09,181.63,942134390,171124387867
2014-09-10,183.12,942134390,172520482214
2014-09-11,183.29,942134390,172682598448
2014-09-12,182.87,942134390,172286299944
2014-09-15,183.37,942134390,172763663753
2014-09-16,184.47,942134390,173799471051
2014-09-17,184.32,942134390,173655367732
2014-09-18,185.23,942134390,174511031505
2014-09-19,185.47,942134390,174736200129
2014-09-22,184.62,942134390,173934575100
2014-09-23,183.19,942134390,172592533874
2014-09-24,183.85,942134390,173214015377
2014-09-25,180.70,942134390,170241697533
2014-09-26,181.70,942134390,171187440257
2014-09-29,181.30,942134390,170809140292
2014-09-30,181.48,942134390,170980284547
2014-10-01,178.94,942134390,168584408732
2014-10-02,178.69,942134390,168350226463
2014-10-03,180.37,942134390,169935463604
2014-10-06,180.73,942134390,170268724094
2014-10-07,177.54,942134390,167269379690
2014-10-08,181.03,942134390,170556945108
2014-10-09,178.22,942134390,167908888484
2014-10-10,177.75,942134390,167467536129
2014-10-13,175.45,942134390,165296843314
2014-10-14,175.72,942134390,165549038498
2014-10-15,173.76,942134390,163702606903
2014-10-16,171.93,942134390,161982265711
2014-10-17,174.04,942134390,163972815002
2014-10-20,161.66,942134390,152308726627
2014-10-21,156.05,942134390,147021598273
2014-10-22,154.67,942134390,145724596521
2014-10-23,155.05,942134390,146075869925
2014-10-24,154.95,942134390,145985790975
2014-10-27,154.75,942134390,145796648181
2014-10-28,156.41,942134390,147354858762
2014-10-29,156.27,942134390,147228768358
2014-10-30,157.12,942134390,148030393386
2014-10-31,157.17,942134390,148075418485
2014-11-03,157.13,942134390,148039392656
2014-11-04,155.50,942134390,146499194989
2014-11-05,154.70,942134390,145751608705
2014-11-06,154.36,942134390,145427361861
2014-11-07,154.94,942134390,145976791705
2014-11-10,156.30,942134390,147255780542
2014-11-11,156.12,942134390,147084650663
2014-11-12,154.80,942134390,145841687656
2014-11-13,155.63,942134390,146625299769
2014-11-14,156.94,942134390,147859249131
2014-11-17,156.94,942134390,147859249131
2014-11-18,154.77,942134390,145814661095
2014-11-19,154.33,942134390,145400335301
2014-11-20,153.58,942134390,144688789223
2014-11-21,153.84,942134390,144940984408
2014-11-24,155.02,942134390,146048843365
2014-11-25,154.65,942134390,145697569961
2014-11-26,154.83,942134390,145868699840
2014-11-28,155.04,942134390,146066856280
2014-12-01,154.44,942134390,145499413521
2014-12-02,155.52,942134390,146517207904
2014-12-03,157.28,942134390,148183510351
2014-12-04,156.84,942134390,147760185287
2014-12-05,156.09,942134390,147057624102
2014-12-08,154.74,942134390,145787634535
2014-12-09,155.82,942134390,146805428918
2014-12-10,153.45,942134390,144571698088
2014-12-11,153.99,942134390,145076088457
2014-12-12,148.55,942134390,139951090713
2014-12-15,146.33,942134390,137861463202
2014-12-16,144.75,942134390,136375304281
2014-12-17,145.25,942134390,136843668819
2014-12-18,150.75,942134390,142022705308
2014-12-19,151.54,942134390,142770291592
2014-12-22,154.34,942134390,145409348946
2014-12-23,155.11,942134390,146129908670
2014-12-24,154.70,942134390,145751608705
2014-12-26,155.20,942134390,146219973244
2014-12-29,153.45,942134390,144571698088
2014-12-30,153.01,942134390,144157372294
2014-12-31,153.38,942134390,144508645698
2015-01-02,154.93,942134390,145967778060
2015-01-05,152.50,942134390,143670994840
2015-01-06,149.21,942134390,140572572216
2015-01-07,148.23,942134390,139653856053
2015-01-08,151.45,942134390,142689226287
2015-01-09,152.11,942134390,143310707791
2015-01-12,149.56,942134390,140905832706
2015-01-13,149.91,942134390,141239093195
2015-01-14,148.95,942134390,140329390677
2015-01-15,147.77,942134390,139221517344
2015-01-16,150.23,942134390,141536327855
2015-01-20,150.05,942134390,141365197975
2015-01-21,145.40,942134390,136987786514
2015-01-22,148.56,942134390,139960104358
2015-01-23,149.02,942134390,140392428692
2015-01-26,149.48,942134390,140833781046
2015-01-27,146.91,942134390,138410893046
2015-01-28,144.89,942134390,136501409061
2015-01-29,148.64,942134390,140041155287
2015-01-30,146.57,942134390,138086631827
2015-02-02,147.86,942134390,139302582649
2015-02-03,151.50,942134390,142734265762
2015-02-04,150.06,942134390,141374197245
2015-02-05,150.97,942134390,142229861018
2015-02-06,149.83,942134390,141158027890
2015-02-09,148.90,942134390,140284351202
2015-02-10,151.59,942134390,142815331067
2015-02-11,151.24,942134390,142491069847
2015-02-12,151.55,942134390,142779290862
2015-02-13,153.35,942134390,144472619869
2015-02-17,153.88,942134390,144977010237
2015-02-18,155.06,942134390,146084869195
2015-02-19,156.68,942134390,147616067592
2015-02-20,156.45,942134390,147399898237
2015-02-23,155.75,942134390,146733377258
2015-02-24,157.58,942134390,148462732095
2015-02-25,155.65,942134390,146643312684
2015-02-26,153.80,942134390,144895944932
2015-02-27,154.82,942134390,145859700571
2015-03-02,153.42,942134390,144544671528
2015-03-03,153.95,942134390,145040062627
2015-03-04,152.41,942134390,143589929535
2015-03-05,154.09,942134390,145175166677
2015-03-06,151.53,942134390,142761277947
2015-03-09,153.70,942134390,144805880358
2015-03-10,150.87,942134390,142139796443
2015-03-11,149.90,942134390,141230093926
2015-03-12,151.03,942134390,142292913408
2015-03-13,147.50,942134390,138960322890
2015-03-16,150.17,942134390,141482289110
2015-03-17,150.06,942134390,141374197245
2015-03-18,152.78,942134390,143941202940
2015-03-19,152.78,942134390,143941202940
2015-03-20,155.72,942134390,146706350698
2015-03-23,157.39,942134390,148282588570
2015-03-24,155.83,942134390,146814442563
2015-03-25,152.20,942134390,143391773096
2015-03-26,153.53,942134390,144643749748
2015-03-27,153.35,942134390,144472619869
2015-03-30,155.52,942134390,146517207904
2015-03-31,153.44,942134390,144562684443
2015-04-01,152.18,942134390,143373760181
2015-04-02,153.39,942134390,144517644968
2015-04-06,154.91,942134390,145949765145
2015-04-07,154.94,942134390,145976791705
2015-04-08,154.73,942134390,145778635266
2015-04-09,155.20,942134390,146219973244
2015-04-10,155.70,942134390,146688337783
2015-04-13,155.24,942134390,146255999074
2015-04-14,155.16,942134390,146183947415
2015-04-15,156.91,942134390,147832236946
2015-04-16,155.96,942134390,146931533698
2015-04-17,153.60,942134390,144715801408
2015-04-20,158.85,942134390,149660655627
2015-04-21,157.04,942134390,147949328081
2015-04-22,158.09,942134390,148940095904
2015-04-23,162.75,942134390,153335520279
2015-04-24,162.31,942134390,152921208861
2015-04-27,163.22,942134390,153776872634
2015-04-28,166.27,942134390,156650112258
2015-04-29,166.73,942134390,157082450967
2015-04-30,163.76,942134390,154281263003
2015-05-01,166.03,942134390,156424929258
2015-05-04,166.32,942134390,156695137357
2015-05-05,165.47,942134390,155893512329
2015-05-06,162.57,942134390,153164390400
2015-05-07,163.47,942134390,154011054903
2015-05-08,165.09,942134390,155533239655
2015-05-11,163.59,942134390,154128146038
2015-05-12,163.05,942134390,153614742024
2015-05-13,164.70,942134390,155172952605
2015-05-14,166.40,942134390,156767203392
2015-05-15,165.64,942134390,156055642939
2015-05-18,165.45,942134390,155875499414
2015-05-19,165.85,942134390,156253799378
2015-05-20,166.12,942134390,156505994563
2015-05-21,165.72,942134390,156127694598
2015-05-22,164.65,942134390,155118913861
2015-05-26,162.65,942134390,153236442059
2015-05-27,164.44,942134390,154920757421
2015-05-28,164.16,942134390,154659562967
2015-05-29,162.19,942134390,152804117726
2015-06-01,162.70,942134390,153281481535
2015-06-02,162.19,942134390,152804117726
2015-06-03,162.45,942134390,153047299265
2015-06-04,160.98,942134390,151660218563
2015-06-05,160.04,942134390,150777528230
2015-06-08,158.07,942134390,148922082989
2015-06-09,158.39,942134390,149228316918
2015-06-10,161.49,942134390,152146596017
2015-06-11,161.36,942134390,152020505613
2015-06-12,159.65,942134390,150408241911
2015-06-15,158.95,942134390,149750734577
2015-06-16,159.50,942134390,150273137861
2015-06-17,159.82,942134390,150570372521
2015-06-18,160.85,942134390,151543127428
2015-06-19,159.65,942134390,150408241911
2015-06-22,160.35,942134390,151074762889
2015-06-23,161.20,942134390,151876387918
2015-06-24,159.63,942134390,150390228996
2015-06-25,158.78,942134390,149588603967
2015-06-26,158.18,942134390,149030174854
2015-06-29,155.80,942134390,146787416003
2015-06-30,155.51,942134390,146508208634
2015-07-01,157.26,942134390,148156483790
2015-07-02,157.83,942134390,148696914365
2015-07-06,157.49,942134390,148372653145
2015-07-07,157.74,942134390,148615849060
2015-07-08,155.98,942134390,146958560258
2015-07-09,156.64,942134390,147580041762
2015-07-10,159.61,942134390,150372216081
2015-07-13,161.93,942134390,152560921811
2015-07-14,161.20,942134390,151867374272
2015-07-15,161.12,942134390,151795322613
2015-07-16,163.48,942134390,154020054173
2015-07-17,164.92,942134390,155380122690
2015-07-20,165.60,942134390,156019617109
2015-07-21,155.90,942134390,146877494953
2015-07-22,153.30,942134390,144427580393
2015-07-23,154.62,942134390,145670543400
2015-07-24,152.72,942134390,143887164195
2015-07-27,152.07,942134390,143274681961
2015-07-28,153.01,942134390,144157372294
2015-07-29,154.01,942134390,145094101372
2015-07-30,153.88,942134390,144977010237
2015-07-31,154.87,942134390,145904725670
2015-08-03,151.73,942134390,142950435117
2015-08-04,150.67,942134390,141950653649
2015-08-05,150.96,942134390,142220861748
2015-08-06,149.45,942134390,140797755216
2015-08-07,148.30,942134390,139716908443
2015-08-10,149.86,942134390,141185054450
2015-08-11,148.67,942134390,140068181848
2015-08-12,149.29,942134390,140653637521
2015-08-13,148.25,942134390,139671868968
2015-08-14,148.90,942134390,140284351202
2015-08-17,149.44,942134390,140788741571
2015-08-18,149.15,942134390,140518533472
2015-08-19,147.17,942134390,138654074585
2015-08-20,145.95,942134390,137501176153
2015-08-21,142.30,942134390,134069507415
2015-08-24,137.16,942134390,129223731416
2015-08-25,134.76,942134390,126962974026
2015-08-26,140.25,942134390,132132996869
2015-08-27,142.01,942134390,133790285671
2015-08-28,141.47,942134390,133285895302
2015-08-31,141.39,942134390,133204829997
2015-09-01,136.41,942134390,128512170962
2015-09-02,138.67,942134390,130646837948
2015-09-03,140.33,942134390,132205048529
2015-09-04,137.38,942134390,129430887125
2015-09-08,140.76,942134390,132610375054
2015-09-09,138.67,942134390,130646837948
2015-09-10,139.77,942134390,131682645245
2015-09-11,140.89,942134390,132736465458
2015-09-14,139.24,942134390,131187254146
2015-09-15,141.04,942134390,132880583153
2015-09-16,141.88,942134390,133673194536
2015-09-17,141.63,942134390,133430012997
2015-09-18,138.15,942134390,130160460494
2015-09-21,140.04,942134390,131934840430
2015-09-22,138.08,942134390,130088408834
2015-09-23,137.34,942134390,129394861295
2015-09-24,138.06,942134390,130070395919
2015-09-25,139.02,942134390,130980098437
2015-09-28,136.25,942134390,128368067643
2015-09-29,136.20,942134390,128323028168
2015-09-30,138.59,942134390,130574786288
2015-10-01,137.28,942134390,129331808905
2015-10-02,138.22,942134390,130223512884
2015-10-05,142.49,942134390,134240637295
2015-10-06,142.24,942134390,134006455025
2015-10-07,143.49,942134390,135186380018
2015-10-08,145.58,942134390,137158916394
2015-10-09,145.69,942134390,137257994614
2015-10-12,144.49,942134390,136132108366
2015-10-13,143.04,942134390,134763040579
2015-10-14,143.41,942134390,135114313983
2015-10-15,143.49,942134390,135186380018
2015-10-16,143.78,942134390,135456588117
2015-10-19,142.66,942134390,134402767905
2015-10-20,134.46,942134390,126674738636
2015-10-21,134.72,942134390,126926933820
2015-10-22,137.75,942134390,129782160529
2015-10-23,138.32,942134390,130313577458
2015-10-26,137.34,942134390,129394861295
2015-10-27,131.80,942134390,124170785331
2015-10-28,134.64,942134390,126845868515
2015-10-29,134.37,942134390,126593673331
2015-10-30,133.92,942134390,126170348267
2015-11-02,134.20,942134390,126431557097
2015-11-03,135.64,942134390,127791611239
2015-11-04,135.40,942134390,127566442614
2015-11-05,133.74,942134390,125999218388
2015-11-06,132.17,942134390,124522058735
2015-11-09,129.36,942134390,121874002111
2015-11-10,129.51,942134390,122018105431
2015-11-11,129.08,942134390,121612793282
2015-11-12,127.19,942134390,119829406888
2015-11-13,125.96,942134390,118667501998
2015-11-16,127.83,942134390,120432875477
2015-11-17,127.93,942134390,120531953697
2015-11-18,129.85,942134390,122333353005
2015-11-19,130.73,942134390,123162004594
2015-11-20,132.41,942134390,124747241735
2015-11-23,132.37,942134390,124711215905
2015-11-24,132.50,942134390,124837306310
2015-11-25,131.93,942134390,124296890111
2015-11-27,132.37,942134390,124711215905
2015-11-30,133.29,942134390,125575878948
2015-12-01,135.07,942134390,127251195040
2015-12-02,133.56,942134390,125828088508
2015-12-03,132.81,942134390,125125527324
2015-12-04,134.25,942134390,126485595842
2015-12-07,133.41,942134390,125692970083
2015-12-08,131.98,942134390,124341929586
2015-12-09,130.60,942134390,123044913459
2015-12-10,130.76,942134390,123198030423
2015-12-11,128.65,942134390,121207481133
2015-12-14,129.95,942134390,122432431225
2015-12-15,131.73,942134390,124107747317
2015-12-16,133.16,942134390,125458787813
2015-12-17,130.74,942134390,123171018239
2015-12-18,128.97,942134390,121504715792
2015-12-21,129.54,942134390,122045131991
2015-12-22,131.86,942134390,124233837721
2015-12-23,132.45,942134390,124783267565
2015-12-24,132.17,942134390,124522058735
2015-12-28,131.56,942134390,123945616707
2015-12-29,133.63,942134390,125900140168
2015-12-30,133.21,942134390,125503827288
2015-12-31,131.57,942134390,123954615977
2016-01-04,129.97,942134390,122450444140
2016-01-05,129.88,942134390,122360379565
2016-01-06,129.23,942134390,121747897331
2016-01-07,127.02,942134390,119667276278
2016-01-08,125.84,942134390,118559417321
2016-01-11,127.37,942134390,120000536768
2016-01-12,127.06,942134390,119703309296
2016-01-13,125.40,942134390,118145091527
2016-01-14,127.07,942134390,119712315753
2016-01-15,124.31,942134390,117118290686
2016-01-19,122.48,942134390,115388943037
2016-01-20,116.50,942134390,109759554924
2016-01-21,117.50,942134390,110705297648
2016-01-22,117.11,942134390,110336004141
2016-01-25,116.71,942134390,109957711364
2016-01-26,117.20,942134390,110417069446
2016-01-27,115.64,942134390,108948923439
2016-01-28,116.85,942134390,110083808956
2016-01-29,119.30,942134390,112398612279
2016-02-01,119.34,942134390,112434645296
2016-02-02,117.53,942134390,110732317020
2016-02-03,119.24,942134390,112335567077
2016-02-04,122.04,942134390,114974624431
2016-02-05,122.92,942134390,115803268832
2016-02-08,121.40,942134390,114371148655
2016-02-09,118.61,942134390,111750111403
2016-02-10,114.90,942134390,108255383088
2016-02-11,112.67,942134390,106147742662
2016-02-12,115.72,942134390,109020982286
2016-02-16,117.34,942134390,110552173495
2016-02-17,120.55,942134390,113578537272
2016-02-18,126.63,942134390,119297989959
2016-02-19,127.23,942134390,119865432718
2016-02-22,127.89,942134390,120486921409
2016-02-23,126.58,942134390,119252957672
2016-02-24,126.96,942134390,119613237534
2016-02-25,128.59,942134390,121144428743
2016-02-26,126.22,942134390,118919697183
2016-02-29,125.27,942134390,118018993934
2016-03-01,128.46,942134390,121027337608
2016-03-02,130.31,942134390,122765691714
2016-03-03,131.74,942134390,124116746586
2016-03-04,131.74,942134390,124116746586
2016-03-07,133.99,942134390,126233400657
2016-03-08,132.95,942134390,125260645749
2016-03-09,134.24,942134390,126467582927
2016-03-10,134.02,942134390,126269426487
2016-03-11,136.10,942134390,128223949948
2016-03-14,136.50,942134390,128602249912
2016-03-15,136.67,942134390,128764366146
2016-03-16,138.42,942134390,130412655678
2016-03-17,140.57,942134390,132439230799
2016-03-18,140.62,942134390,132484270274
2016-03-21,142.09,942134390,133871350976
2016-03-22,141.59,942134390,133393987167
2016-03-23,139.01,942134390,130962085522
2016-03-24,141.44,942134390,133258868742
2016-03-28,141.87,942134390,133664195267
2016-03-29,142.76,942134390,134501846125
2016-03-30,141.88,942134390,133673194536
2016-03-31,144.79,942134390,136411330110
2016-04-01,145.81,942134390,137375085749
2016-04-04,145.38,942134390,136969773600
2016-04-05,143.40,942134390,135105314713
2016-04-06,143.42,942134390,135123327628
2016-04-07,141.73,942134390,133529091217
2016-04-08,142.78,942134390,134519859040
2016-04-11,142.69,942134390,134429780089
2016-04-12,143.05,942134390,134772054224
2016-04-13,144.58,942134390,136213173671
2016-04-14,144.51,942134390,136150121281
2016-04-15,145.05,942134390,136654526025
2016-04-18,145.82,942134390,137384085018
2016-04-19,137.67,942134390,129701095224
2016-04-20,139.68,942134390,131601579940
2016-04-21,142.73,942134390,134474819564
2016-04-22,141.97,942134390,133754259841
2016-04-25,142.27,942134390,134033481586
2016-04-26,142.52,942134390,134276663125
2016-04-27,143.85,942134390,135528639777
2016-04-28,140.60,942134390,132466257359
2016-04-29,139.52,942134390,131448462976
2016-05-02,138.88,942134390,130844994387
2016-05-03,137.79,942134390,129818186359
2016-05-04,137.91,942134390,129926278224
2016-05-05,140.03,942134390,131925841160
2016-05-06,140.81,942134390,132664413799
2016-05-09,140.86,942134390,132709453274
2016-05-10,143.37,942134390,135078288153
2016-05-11,142.40,942134390,134159571990
2016-05-12,142.29,942134390,134060493770
2016-05-13,141.22,942134390,133051713033
2016-05-16,142.89,942134390,134618937259
2016-05-17,141.49,942134390,133303908217
2016-05-18,140.86,942134390,132709453274
2016-05-19,138.56,942134390,130538760458
2016-05-20,140.77,942134390,132628387969
2016-05-23,140.32,942134390,132196049260
2016-05-24,141.79,942134390,133583129962
2016-05-25,145.02,942134390,136627499465
2016-05-26,145.74,942134390,137303034089
2016-05-27,146.12,942134390,137663306763
2016-05-31,146.98,942134390,138473945436
2016-06-01,145.80,942134390,137366072103
2016-06-02,146.75,942134390,138257776082
2016-06-03,146.17,942134390,137708346238
2016-06-06,146.01,942134390,137564228543
2016-06-07,146.59,942134390,138104659117
2016-06-08,147.23,942134390,138708127706
2016-06-09,146.67,942134390,138185710046
2016-06-10,145.67,942134390,137239981699
2016-06-13,144.63,942134390,136258213146
2016-06-14,144.42,942134390,136060056706
2016-06-15,144.05,942134390,135717796947
2016-06-16,144.42,942134390,136060056706
2016-06-17,145.31,942134390,136897707564
2016-06-20,146.85,942134390,138356854302
2016-06-21,147.28,942134390,138753152805
2016-06-22,146.20,942134390,137735358422
2016-06-23,148.52,942134390,139924064153
2016-06-24,140.14,942134390,132033918650
2016-06-27,137.19,942134390,129250757976
2016-06-28,139.29,942134390,131232293621
2016-06-29,141.93,942134390,133718234011
2016-06-30,145.11,942134390,136708564770
2016-07-01,145.65,942134390,137221968784
2016-07-05,145.01,942134390,136618500195
2016-07-06,145.67,942134390,137239981699
2016-07-07,145.89,942134390,137447137408
2016-07-08,147.67,942134390,139122439124
2016-07-11,148.50,942134390,139906051238
2016-07-12,150.13,942134390,141446263280
2016-07-13,151.07,942134390,142328939238
2016-07-14,153.23,942134390,144364528003
2016-07-15,152.75,942134390,143914176379
2016-07-18,152.83,942134390,143986242415
2016-07-19,152.56,942134390,143734032854
2016-07-20,154.26,942134390,145337282911
2016-07-21,153.39,942134390,144517644968
2016-07-22,154.94,942134390,145976791705
2016-07-25,155.50,942134390,146499194989
2016-07-26,154.99,942134390,146021816805
2016-07-27,154.71,942134390,145760622351
2016-07-28,154.27,942134390,145346296556
2016-07-29,153.56,942134390,144670776308
2016-08-01,154.35,942134390,145418348216
2016-08-02,153.52,942134390,144634736103
2016-08-03,153.60,942134390,144715801408
2016-08-04,154.45,942134390,145508427166
2016-08-05,156.31,942134390,147264794187
2016-08-08,154.91,942134390,145949765145
2016-08-09,154.66,942134390,145706583606
2016-08-10,154.95,942134390,145985790975
2016-08-11,156.34,942134390,147291806372
2016-08-12,154.83,942134390,145868699840
2016-08-15,154.76,942134390,145805661826
2016-08-16,153.63,942134390,144742827968
2016-08-17,153.38,942134390,144508645698
2016-08-18,154.26,942134390,145337282911
2016-08-19,153.00,942134390,144148358649
2016-08-22,152.96,942134390,144112332819
2016-08-23,153.21,942134390,144346515088
2016-08-24,152.06,942134390,143256669046
2016-08-25,151.65,942134390,142878369081
2016-08-26,151.36,942134390,142599161713
2016-08-29,152.70,942134390,143860137635
2016-08-30,152.39,942134390,143571916620
2016-08-31,151.89,942134390,143103552081
2016-09-01,152.52,942134390,143698007025
2016-09-02,152.53,942134390,143707020670
2016-09-06,153.30,942134390,144427580393
2016-09-07,154.53,942134390,145589492471
2016-09-08,152.01,942134390,143211629571
2016-09-09,148.84,942134390,140230312458
2016-09-12,151.33,942134390,142572135152
2016-09-13,148.96,942134390,140338389947
2016-09-14,147.28,942134390,138753152805
2016-09-15,148.81,942134390,140203285897
2016-09-16,147.07,942134390,138564010011
2016-09-19,148.06,942134390,139491739819
2016-09-20,147.66,942134390,139113439855
2016-09-21,148.69,942134390,140086194763
2016-09-22,149.24,942134390,140608598046
2016-09-23,148.16,942134390,139590803663
2016-09-26,147.21,942134390,138690114791
2016-09-27,149.88,942134390,141203067365
2016-09-28,151.33,942134390,142572135152
2016-09-29,151.16,942134390,142410004542
2016-09-30,151.86,942134390,143076525521
2016-10-03,150.68,942134390,141959652918
2016-10-04,149.58,942134390,140923845621
2016-10-05,150.17,942134390,141482289110
2016-10-06,149.98,942134390,141302145585
2016-10-07,148.82,942134390,140212299543
2016-10-10,150.11,942134390,141428235989
2016-10-11,147.98,942134390,139419673784
2016-10-12,147.50,942134390,138969322160
2016-10-13,146.96,942134390,138455932521
2016-10-14,147.66,942134390,139113439855
2016-10-17,147.96,942134390,139401660869
2016-10-18,144.09,942134390,135753822777
2016-10-19,144.61,942134390,136240200231
2016-10-20,144.86,942134390,136474382500
2016-10-21,143.05,942134390,134772054224
2016-10-24,143.95,942134390,135618718727
2016-10-25,144.24,942134390,135897926096
2016-10-26,145.13,942134390,136735591330
2016-10-27,146.61,942134390,138122672032
2016-10-28,145.90,942134390,137456151053
2016-10-31,146.93,942134390,138428905961
2016-11-01,146.07,942134390,137618267288
2016-11-02,145.27,942134390,136861681734
2016-11-03,145.67,942134390,137239981699
2016-11-04,145.73,942134390,137294020444
2016-11-07,148.87,942134390,140257324642
2016-11-08,148.35,942134390,139761947919
2016-11-09,148.00,942134390,139437686699
2016-11-10,153.17,942134390,144310489259
2016-11-11,154.18,942134390,145256231982
2016-11-14,151.25,942134390,142500083493
2016-11-15,151.69,942134390,142914394911
2016-11-16,152.28,942134390,143472838401
2016-11-17,152.77,942134390,143932189294
2016-11-18,153.34,942134390,144463606223
2016-11-21,155.61,942134390,146607286854
2016-11-22,155.52,942134390,146517207904
2016-11-23,154.86,942134390,145895726400
2016-11-25,155.97,942134390,146940532968
2016-11-28,157.28,942134390,148183510351
2016-11-29,156.34,942134390,147291806372
2016-11-30,155.09,942134390,146111895755
2016-12-01,152.79,942134390,143950202209
2016-12-02,152.98,942134390,144130345734
2016-12-05,152.81,942134390,143968215124
2016-12-06,153.30,942134390,144427580393
2016-12-07,157.54,942134390,148426691890
2016-12-08,158.09,942134390,148940095904
2016-12-09,159.20,942134390,149984916847
2016-12-12,158.22,942134390,149066200684
2016-12-13,160.89,942134390,151579153258
2016-12-14,161.10,942134390,151777309698
2016-12-15,160.63,942134390,151335971719
2016-12-16,159.40,942134390,150174059641
2016-12-19,159.35,942134390,150129020166
2016-12-20,160.23,942134390,150957671755
2016-12-21,159.97,942134390,150714475840
2016-12-22,159.71,942134390,150471294301
2016-12-23,159.38,942134390,150156046726
2016-12-27,159.79,942134390,150543345960
2016-12-28,158.88,942134390,149687682187
2016-12-29,159.27,942134390,150056968506
2016-12-30,158.69,942134390,149507538663
2017-01-03,159.84,942134390,150588385435
2017-01-04,161.82,942134390,152452829946
2017-01-05,161.28,942134390,151948439577
2017-01-06,162.07,942134390,152696025861
2017-01-09,160.28,942134390,151002711230
2017-01-10,158.24,942134390,149084213599
2017-01-11,160.37,942134390,151092775804
2017-01-12,160.56,942134390,151272919329
2017-01-13,159.98,942134390,150723489485
2017-01-17,160.51,942134390,151218880584
2017-01-18,159.46,942134390,150237112031
2017-01-19,159.47,942134390,150246111301
2017-01-20,163.05,942134390,153614742024
2017-01-23,163.51,942134390,154047080733
2017-01-24,168.16,942134390,158433491463
2017-01-25,170.45,942134390,160586171364
2017-01-26,170.80,942134390,160919431853
2017-01-27,169.50,942134390,159694481761
2017-01-30,168.07,942134390,158343426889
2017-01-31,166.85,942134390,157190528456
2017-02-01,166.63,942134390,156983372747
2017-02-02,166.90,942134390,157244567201
2017-02-03,168.09,942134390,158361439804
2017-02-06,168.13,942134390,158397465633
2017-02-07,170.61,942134390,160739302704
2017-02-08,168.42,942134390,158676687378
2017-02-09,169.42,942134390,159613416456
2017-02-10,170.82,942134390,160937444768
2017-02-13,171.47,942134390,161549927002
2017-02-14,172.21,942134390,162243474541
2017-02-15,173.69,942134390,163639554513
2017-02-16,173.45,942134390,163414385888
2017-02-17,172.72,942134390,162729851995
2017-02-21,172.33,942134390,162360565676
2017-02-22,173.18,942134390,163162190704
2017-02-23,173.66,942134390,163612542328
2017-02-24,173.37,942134390,163342319853
2017-02-27,171.51,942134390,161585952832
2017-02-28,171.91,942134390,161964252796
2017-03-01,173.95,942134390,163882750427
2017-03-02,172.59,942134390,162603747215
2017-03-03,172.13,942134390,162171408506
2017-03-06,172.53,942134390,162549708470
2017-03-07,172.45,942134390,162468643165
2017-03-08,171.56,942134390,161630992307
2017-03-09,169.39,942134390,159586389896
2017-03-10,170.01,942134390,160171859945
2017-03-13,168.70,942134390,158937896208
2017-03-14,167.99,942134390,158271375229
2017-03-15,168.08,942134390,158352440534
2017-03-16,169.45,942134390,159640443016
2017-03-17,167.93,942134390,158208322839
2017-03-20,167.97,942134390,158253362314
2017-03-21,166.23,942134390,156614086428
2017-03-22,167.09,942134390,157424710726
2017-03-23,167.13,942134390,157460736556
2017-03-24,166.19,942134390,156569046953
2017-03-27,166.13,942134390,156515008208
2017-03-28,166.84,942134390,157181529187
2017-03-29,166.29,942134390,156668125173
2017-03-30,166.21,942134390,156596059137
2017-03-31,166.48,942134390,156848268697
2017-04-03,166.83,942134390,157172515541
2017-04-04,166.85,942134390,157190528456
2017-04-05,165.28,942134390,155713383180
2017-04-06,164.87,942134390,155326069570
2017-04-07,164.57,942134390,155046862201
2017-04-10,163.67,942134390,154200197698
2017-04-11,163.08,942134390,153641768584
2017-04-12,163.15,942134390,153713820244
2017-04-13,162.07,942134390,152696025861
2017-04-17,163.58,942134390,154110133123
2017-04-18,162.57,942134390,153164390400
2017-04-19,154.58,942134390,145634517571
2017-04-20,155.16,942134390,146183947415
2017-04-21,153.33,942134390,144454606954
2017-04-24,153.68,942134390,144787867443
2017-04-25,153.34,942134390,144463606223
2017-04-26,153.02,942134390,144166371564
2017-04-27,153.27,942134390,144400553833
2017-04-28,153.24,942134390,144373541649
2017-05-01,151.85,942134390,143067526252
2017-05-02,152.10,942134390,143301708521
2017-05-03,151.65,942134390,142878369081
2017-05-04,152.06,942134390,143256669046
2017-05-05,148.23,942134390,139653856053
2017-05-08,146.30,942134390,137834436642
2017-05-09,145.42,942134390,137005799429
2017-05-10,144.60,942134390,136231186586
2017-05-11,144.02,942134390,135690770387
2017-05-12,143.76,942134390,135438575203
2017-05-15,144.85,942134390,136465368855
2017-05-16,146.92,942134390,138419892316
2017-05-17,144.29,942134390,135942965571
2017-05-18,144.15,942134390,135807861522
2017-05-19,145.30,942134390,136888708295
2017-05-22,145.93,942134390,137483163238
2017-05-23,145.34,942134390,136933733394
2017-05-24,145.80,942134390,137366072103
2017-05-25,146.46,942134390,137987553607
2017-05-26,145.78,942134390,137348059188
2017-05-30,145.06,942134390,136663525295
2017-05-31,145.92,942134390,137474163968
2017-06-01,145.96,942134390,137510189798
2017-06-02,145.36,942134390,136951760685
2017-06-05,145.71,942134390,137276007529
2017-06-06,145.67,942134390,137239981699
2017-06-07,144.34,942134390,135988005046
2017-06-08,145.41,942134390,136996785784
2017-06-09,147.32,942134390,138798192280
2017-06-12,148.36,942134390,139770947188
2017-06-13,147.47,942134390,138933296330
2017-06-14,147.05,942134390,138536983451
2017-06-15,147.44,942134390,138906284146
2017-06-16,148.55,942134390,139951090713
2017-06-19,148.03,942134390,139464713259
2017-06-20,148.14,942134390,139563791479
2017-06-21,147.03,942134390,138518970536
2017-06-22,147.61,942134390,139068400380
2017-06-23,147.33,942134390,138807205926
2017-06-26,148.40,942134390,139815986663
2017-06-27,147.94,942134390,139383647954
2017-06-28,148.49,942134390,139897051968
2017-06-29,147.35,942134390,138825218841
2017-06-30,147.07,942134390,138554996365
2017-07-03,148.74,942134390,140131234238
2017-07-05,146.91,942134390,138410893046
2017-07-06,145.66,942134390,137230968054
2017-07-07,146.21,942134390,137753371337
2017-07-10,146.67,942134390,138185710046
2017-07-11,146.45,942134390,137978554337
2017-07-12,146.94,942134390,138437905231
2017-07-13,146.87,942134390,138374867217
2017-07-14,147.46,942134390,138924297060
2017-07-17,146.28,942134390,137816423727
2017-07-18,147.23,942134390,138708127706
2017-07-19,141.04,942134390,132880583153
2017-07-20,141.17,942134390,132997674288
2017-07-21,140.61,942134390,132475271004
2017-07-24,139.57,942134390,131493502451
2017-07-25,139.76,942134390,131673645976
2017-07-26,138.97,942134390,130926059692
2017-07-27,138.69,942134390,130664850863
2017-07-28,137.94,942134390,129962304054
2017-07-31,138.31,942134390,130304578189
2017-08-01,138.91,942134390,130872020948
2017-08-02,138.10,942134390,130106421749
2017-08-03,138.57,942134390,130547759728
2017-08-04,138.78,942134390,130745916167
2017-08-07,137.16,942134390,129223731416
2017-08-08,135.86,942134390,127998781324
2017-08-09,135.54,942134390,127692533019
2017-08-10,135.60,942134390,127755585409
2017-08-11,135.60,942134390,127755585409
2017-08-14,136.06,942134390,128187924118
2017-08-15,135.82,942134390,127962741118
2017-08-16,136.23,942134390,128350054728
2017-08-17,134.51,942134390,126728777381
2017-08-18,133.56,942134390,125828088508
2017-08-21,134.16,942134390,126395531267
2017-08-22,134.81,942134390,127007999125
2017-08-23,135.89,942134390,128025793508
2017-08-24,136.65,942134390,128746353231
2017-08-25,137.42,942134390,129466912955
2017-08-28,136.24,942134390,128359053997
2017-08-29,136.85,942134390,128926496756
2017-08-30,136.29,942134390,128404093473
2017-08-31,136.74,942134390,128827418536
2017-09-01,137.74,942134390,129773161260
2017-09-05,136.75,942134390,128836432182
2017-09-06,137.50,942134390,129538978990
2017-09-07,136.62,942134390,128710327402
2017-09-08,136.19,942134390,128305015253
2017-09-11,138.49,942134390,130475708068
2017-09-12,139.35,942134390,131286332366
2017-09-13,139.57,942134390,131493502451
2017-09-14,139.14,942134390,131088175926
2017-09-15,138.45,942134390,130439682238
2017-09-18,138.19,942134390,130196486324
2017-09-19,138.04,942134390,130052368629
2017-09-20,139.46,942134390,131394424231
2017-09-21,138.87,942134390,130835980742
2017-09-22,138.75,942134390,130718889607
2017-09-25,139.46,942134390,131385410586
2017-09-26,140.11,942134390,132006892089
2017-09-27,139.25,942134390,131196267792
2017-09-28,139.25,942134390,131196267792
2017-09-29,138.70,942134390,130673864508
2017-10-02,140.21,942134390,132096971040
2017-10-03,140.33,942134390,132205048529
2017-10-04,140.04,942134390,131934840430
2017-10-05,140.27,942134390,132151009784
2017-10-06,140.04,942134390,131934840430
2017-10-09,140.91,942134390,132754478373
2017-10-10,141.97,942134390,133754259841
2017-10-11,141.13,942134390,132961648458
2017-10-12,140.56,942134390,132430231529
2017-10-13,140.63,942134390,132493283919
2017-10-16,140.37,942134390,132250088004
2017-10-17,140.10,942134390,131988879174
2017-10-18,152.51,942134390,143689007755
2017-10-19,153.82,942134390,144922971493
2017-10-20,154.94,942134390,145976791705
2017-10-23,152.53,942134390,143707020670
2017-10-24,149.02,942134390,140401442337
2017-10-25,146.75,942134390,138257776082
2017-10-26,146.85,942134390,138347840656
2017-10-27,146.92,942134390,138419892316
2017-10-30,147.57,942134390,139032374550
2017-10-31,147.28,942134390,138762166451
2017-11-01,147.26,942134390,138735139890
2017-11-02,146.61,942134390,138122672032
2017-11-03,144.91,942134390,136528421245
2017-11-06,144.21,942134390,135861900266
2017-11-07,144.69,942134390,136321265536
2017-11-08,144.90,942134390,136519421976
2017-11-09,143.69,942134390,135375522813
2017-11-10,142.60,942134390,134348729160
2017-11-13,141.87,942134390,133664195267
2017-11-14,142.34,942134390,134105533245
2017-11-15,140.63,942134390,132493283919
2017-11-16,142.56,942134390,134312688954
2017-11-17,142.42,942134390,134177584905
2017-11-20,143.89,942134390,135564665607
2017-11-21,145.27,942134390,136861681734
2017-11-22,145.10,942134390,136699551124
2017-11-24,145.16,942134390,136762603515
2017-11-27,145.30,942134390,136888708295
2017-11-28,145.76,942134390,137330046273
2017-11-29,146.80,942134390,138302801181
2017-11-30,147.20,942134390,138681101146
2017-12-01,147.95,942134390,139392661599
2017-12-04,149.58,942134390,140923845621
2017-12-05,148.52,942134390,139924064153
2017-12-06,147.32,942134390,138798192280
2017-12-07,146.82,942134390,138320814096
2017-12-08,148.00,942134390,139437686699
2017-12-11,148.58,942134390,139978117273
2017-12-12,149.85,942134390,141176040805
2017-12-13,147.14,942134390,138627062401
2017-12-14,147.23,942134390,138708127706
2017-12-15,145.79,942134390,137357072834
2017-12-18,146.59,942134390,138104659117
2017-12-19,146.49,942134390,138014580167
2017-12-20,146.22,942134390,137762384983
2017-12-21,144.84,942134390,136456369585
2017-12-22,145.79,942134390,137357072834
2017-12-26,146.11,942134390,137654307493
2017-12-27,146.40,942134390,137924515592
2017-12-28,147.27,942134390,138744153536
2017-12-29,146.67,942134390,138185710046
2018-01-02,147.47,942134390,138933296330
2018-01-03,151.52,942134390,142752278677
2018-01-04,154.59,942134390,145643531216
2018-01-05,155.34,942134390,146355077294
2018-01-08,156.28,942134390,147237767627
2018-01-09,156.63,942134390,147562028847
2018-01-10,156.96,942134390,147877276421
2018-01-11,156.98,942134390,147895289336
2018-01-12,155.97,942134390,146940532968
2018-01-16,156.64,942134390,147580041762
2018-01-17,161.23,942134390,151903414478
2018-01-18,161.68,942134390,152326739542
2018-01-19,155.23,942134390,146246999805
2018-01-22,155.45,942134390,146454155514
2018-01-23,158.94,942134390,149741720932
2018-01-24,158.10,942134390,148949109549
2018-01-25,158.19,942134390,149039174124
2018-01-26,159.98,942134390,150723489485
2018-01-29,159.46,942134390,150237112031
2018-01-30,156.42,942134390,147372871677
2018-01-31,156.50,942134390,147444937712
2018-02-01,155.26,942134390,146274026365
2018-02-02,152.04,942134390,143238656131
2018-02-05,145.82,942134390,137384085018
2018-02-06,148.51,942134390,139915064883
2018-02-07,147.08,942134390,138573023656
2018-02-08,141.10,942134390,132934621898
2018-02-09,142.93,942134390,134663976735
2018-02-12,144.74,942134390,136366290635
2018-02-13,144.12,942134390,135780834961
2018-02-14,147.95,942134390,139392661599
2018-02-15,149.15,942134390,140518533472
2018-02-16,149.31,942134390,140671650436
2018-02-20,148.34,942134390,139752934273
2018-02-21,147.19,942134390,138672101876
2018-02-22,146.44,942134390,137969540692
2018-02-23,148.68,942134390,140077195493
2018-02-26,151.61,942134390,142833343982
2018-02-27,149.67,942134390,141004910926
2018-02-28,148.98,942134390,140356402862
2018-03-01,147.05,942134390,138536983451
2018-03-02,147.70,942134390,139149465685
2018-03-05,150.05,942134390,141365197975
2018-03-06,148.87,942134390,140257324642
2018-03-07,151.36,942134390,142599161713
2018-03-08,149.34,942134390,140698676996
2018-03-09,152.30,942134390,143490851315
2018-03-12,153.21,942134390,144346515088
2018-03-13,152.31,942134390,143499864961
2018-03-14,151.17,942134390,142419018188
2018-03-15,152.59,942134390,143761059415
2018-03-16,153.21,942134390,144346515088
2018-03-19,150.43,942134390,141725470649
2018-03-20,149.33,942134390,140689663351
2018-03-21,149.80,942134390,141131015706
2018-03-22,145.40,942134390,136987786514
2018-03-23,142.34,942134390,134105533245
2018-03-26,146.63,942134390,138140684947
2018-03-27,145.23,942134390,136825655905
2018-03-28,145.81,942134390,137375085749
2018-03-29,146.68,942134390,138194723692
2018-04-02,143.47,942134390,135168367103
2018-04-03,143.26,942134390,134970210664
2018-04-04,147.34,942134390,138816205195
2018-04-05,147.26,942134390,138735139890
2018-04-06,143.95,942134390,135618718727
2018-04-09,145.98,942134390,137528202713
2018-04-10,148.56,942134390,139960104358
2018-04-11,148.53,942134390,139933077798
2018-04-12,151.12,942134390,142373978713
2018-04-13,149.82,942134390,141149028621
2018-04-16,150.95,942134390,142211848103
2018-04-17,153.83,942134390,144931970762
2018-04-18,142.25,942134390,134015468671
2018-04-19,141.20,942134390,133033700118
2018-04-20,138.53,942134390,130511733898
2018-04-23,139.45,942134390,131376411316
2018-04-24,139.16,942134390,131106203217
2018-04-25,139.52,942134390,131448462976
2018-04-26,140.27,942134390,132151009784
2018-04-27,140.04,942134390,131934840430
2018-04-30,138.59,942134390,130565772643
2018-05-01,138.62,942134390,130601798472
2018-05-02,136.19,942134390,128305015253
2018-05-03,135.75,942134390,127890689458
2018-05-04,137.58,942134390,129620044295
2018-05-07,136.92,942134390,128998548416
2018-05-08,136.71,942134390,128800406352
2018-05-09,136.34,942134390,128449118572
2018-05-10,137.90,942134390,129917264579
2018-05-11,137.80,942134390,129827200004
2018-05-14,137.95,942134390,129971317699
2018-05-15,137.42,942134390,129466912955
2018-05-16,138.27,942134390,130268537983
2018-05-17,138.15,942134390,130151446848
2018-05-18,137.74,942134390,129773161260
2018-05-21,139.09,942134390,131043150827
2018-05-22,138.71,942134390,130682863777
2018-05-23,138.31,942134390,130304578189
2018-05-24,137.73,942134390,129764147614
2018-05-25,137.32,942134390,129376848380
2018-05-29,135.01,942134390,127197156295
2018-05-30,136.35,942134390,128458132217
2018-05-31,135.10,942134390,127278207224
2018-06-01,135.71,942134390,127854663629
2018-06-04,136.75,942134390,128836432182
2018-06-05,137.38,942134390,129430887125
2018-06-06,138.35,942134390,130340604019
2018-06-07,138.97,942134390,130926059692
2018-06-08,139.71,942134390,131628606501
2018-06-11,140.13,942134390,132024919380
2018-06-12,140.41,942134390,132286113834
2018-06-13,139.91,942134390,131817749295
2018-06-14,138.81,942134390,130781941997
2018-06-15,139.00,942134390,130953071877
2018-06-18,138.13,942134390,130133433933
2018-06-19,137.57,942134390,129611030650
2018-06-20,136.36,942134390,128467145863
2018-06-21,135.04,942134390,127224168480
2018-06-22,135.07,942134390,127251195040
2018-06-25,132.69,942134390,125008436189
2018-06-26,132.96,942134390,125269645019
2018-06-27,131.43,942134390,123828525572
2018-06-28,133.88,942134390,126134322437
2018-06-29,133.56,942134390,125828088508
2018-07-02,133.71,942134390,125972191827
2018-07-03,133.43,942134390,125710997373
2018-07-05,135.21,942134390,127386299090
2018-07-06,136.21,942134390,128332027437
2018-07-09,138.04,942134390,130052368629
2018-07-10,138.35,942134390,130340604019
2018-07-11,138.57,942134390,130547759728
2018-07-12,140.01,942134390,131907828245
2018-07-13,139.48,942134390,131412437146
2018-07-16,139.06,942134390,131016124267
2018-07-17,137.18,942134390,129241744331
2018-07-18,138.16,942134390,130169459763
2018-07-19,142.68,942134390,134420780820
2018-07-20,139.91,942134390,131817749295
2018-07-23,139.29,942134390,131232293621
2018-07-24,139.94,942134390,131844775855
2018-07-25,140.17,942134390,132060945210
2018-07-26,140.26,942134390,132142010515
2018-07-27,138.77,942134390,130736902522
2018-07-30,139.09,942134390,131043150827
2018-07-31,138.56,942134390,130538760458
2018-08-01,137.19,942134390,129250757976
2018-08-02,136.67,942134390,128764366146
2018-08-03,141.20,942134390,133033700118
2018-08-06,139.61,942134390,131529528281
2018-08-07,140.54,942134390,132412218614
2018-08-08,140.43,942134390,132304126749
2018-08-09,138.40,942134390,130394642763
2018-08-10,138.13,942134390,130133433933
2018-08-13,136.43,942134390,128539197522
2018-08-14,137.06,942134390,129124653196
2018-08-15,137.58,942134390,129620044295
2018-08-16,138.95,942134390,130908046777
2018-08-17,139.64,942134390,131556540465
2018-08-20,140.07,942134390,131961866990
2018-08-21,139.55,942134390,131475489536
2018-08-22,138.85,942134390,130817967827
2018-08-23,138.98,942134390,130935058962
2018-08-24,139.62,942134390,131538527550
2018-08-27,140.24,942134390,132123983224
2018-08-28,140.14,942134390,132033918650
2018-08-29,141.05,942134390,132889582423
2018-08-30,139.51,942134390,131439449331
2018-08-31,140.04,942134390,131934840430
2018-09-04,139.27,942134390,131214280706
2018-09-05,140.21,942134390,132096971040
2018-09-06,139.95,942134390,131853775125
2018-09-07,139.05,942134390,131007124997
2018-09-10,139.24,942134390,131187254146
2018-09-11,140.05,942134390,131943854075
2018-09-12,140.12,942134390,132015905735
2018-09-13,142.40,942134390,134159571990
2018-09-14,141.81,942134390,133601142876
2018-09-17,141.43,942134390,133249869472
2018-09-18,142.03,942134390,133808298586
2018-09-19,142.50,942134390,134258650210
2018-09-20,144.50,942134390,136141122011
2018-09-21,144.69,942134390,136321265536
2018-09-24,143.43,942134390,135132341273
2018-09-25,142.36,942134390,134123546160
2018-09-26,144.94,942134390,136555447805
2018-09-27,144.84,942134390,136456369585
2018-09-28,144.56,942134390,136195160756
2018-10-01,146.27,942134390,137807424458
2018-10-02,146.99,942134390,138482944706
2018-10-03,146.48,942134390,138005580897
2018-10-04,144.66,942134390,136285239706
2018-10-05,142.48,942134390,134231638025
2018-10-08,141.86,942134390,133655181621
2018-10-09,140.76,942134390,132619374323
2018-10-10,136.41,942134390,128521184607
2018-10-11,132.91,942134390,125215606274
2018-10-12,134.66,942134390,126863895806
2018-10-15,134.92,942134390,127116090990
2018-10-16,138.74,942134390,130709890338
2018-10-17,128.15,942134390,120739116594
2018-10-18,124.81,942134390,117586655225
2018-10-19,123.42,942134390,116280639828
2018-10-22,124.30,942134390,117109284229
2018-10-23,125.44,942134390,118181124544
2018-10-24,121.62,942134390,114578311552
2018-10-25,120.89,942134390,113893777658
2018-10-26,119.30,942134390,112398612279
2018-10-29,114.38,942134390,107759999176
2018-10-30,110.33,942134390,103941024017
2018-10-31,110.35,942134390,103968043389
2018-11-01,111.69,942134390,105229026499
2018-11-02,110.58,942134390,104184212744
2018-11-05,114.78,942134390,108138291953
2018-11-06,117.71,942134390,110894440442
2018-11-07,119.35,942134390,112443651754
2018-11-08,117.95,942134390,111128622711
2018-11-09,118.11,942134390,111272740407
2018-11-12,115.58,942134390,108894884694
2018-11-13,115.53,942134390,108840838761
2018-11-14,114.91,942134390,108264389545
2018-11-15,116.10,942134390,109381262148
2018-11-16,116.22,942134390,109498353283
2018-11-19,115.02,942134390,108363467765
2018-11-20,112.05,942134390,105562286989
2018-11-21,113.36,942134390,106796250726
2018-11-23,112.04,942134390,105553280531
2018-11-26,114.30,942134390,107687940329
2018-11-27,114.75,942134390,108111272581
2018-11-28,117.59,942134390,110786355765
2018-11-29,116.14,942134390,109417287978
2018-11-30,118.80,942134390,111930247740
2018-12-03,119.80,942134390,112866976818
2018-12-04,116.25,942134390,109525372655
2018-12-06,118.46,942134390,111605993708
2018-12-07,114.09,942134390,107489791077
2018-12-10,115.80,942134390,109102047591
2018-12-11,115.57,942134390,108885878236
2018-12-12,115.83,942134390,109129066963
2018-12-13,115.42,942134390,108741760541
2018-12-14,114.63,942134390,107994181446
2018-12-17,110.99,942134390,104571511978
2018-12-18,111.52,942134390,105066895889
2018-12-19,111.31,942134390,104868746637
2018-12-20,108.05,942134390,101797350574
2018-12-21,106.06,942134390,99923892418
2018-12-24,102.84,942134390,96888522184
2018-12-26,106.49,942134390,100329204567
2018-12-27,108.78,942134390,102481884467
2018-12-28,108.06,942134390,101806357031
2018-12-31,108.67,942134390,102382806248
2019-01-02,110.14,942134390,103769886950
2019-01-03,107.94,942134390,101698272354
2019-01-04,112.16,942134390,105670371666
2019-01-07,112.95,942134390,106417950761
2019-01-08,114.56,942134390,107931129056
2019-01-09,115.38,942134390,108705734712
2019-01-10,116.43,942134390,109696509722
2019-01-11,116.12,942134390,109399275063
2019-01-14,115.10,942134390,108435526612
2019-01-15,116.38,942134390,109642463790
2019-01-16,116.27,942134390,109543385570
2019-01-17,116.82,942134390,110056789584
2019-01-18,118.37,942134390,111524935591
2019-01-22,117.13,942134390,110354017056
2019-01-23,127.05,942134390,119694302839
2019-01-24,126.70,942134390,119370048807
2019-01-25,128.08,942134390,120667064934
2019-01-28,128.37,942134390,120937273033
2019-01-29,128.42,942134390,120991311778
2019-01-30,128.47,942134390,121036351253
2019-01-31,128.51,942134390,121072377083
2019-02-01,128.20,942134390,120784156069
2019-02-04,129.24,942134390,121765910246
2019-02-05,129.59,942134390,122090171466
2019-02-06,130.33,942134390,122783704629
2019-02-07,127.33,942134390,119964510938
2019-02-08,127.83,942134390,120432875477
2019-02-11,128.10,942134390,120685077849
2019-02-12,130.07,942134390,122540523090
2019-02-13,131.47,942134390,123864551402
2019-02-14,130.48,942134390,122927822324
2019-02-15,131.96,942134390,124323916671
2019-02-19,132.60,942134390,124927385260
2019-02-20,131.93,942134390,124296890111
2019-02-21,131.78,942134390,124152772416
2019-02-22,133.13,942134390,125422761983
2019-02-25,133.33,942134390,125611919154
2019-02-26,133.58,942134390,125846101423
2019-02-27,133.05,942134390,125350710324
2019-02-28,132.06,942134390,124413981246
2019-03-01,133.08,942134390,125377736884
2019-03-04,132.34,942134390,124684189345
2019-03-05,131.82,942134390,124188798246
2019-03-06,130.96,942134390,123378173948
2019-03-07,129.41,942134390,121919041587
2019-03-08,129.15,942134390,121675845672
2019-03-11,131.65,942134390,124035681281
2019-03-12,132.20,942134390,124549085296
2019-03-13,132.47,942134390,124801280480
2019-03-14,132.69,942134390,125008436189
2019-03-15,133.30,942134390,125584892593
2019-03-18,134.04,942134390,126287439402
2019-03-19,134.31,942134390,126539634586
2019-03-20,133.46,942134390,125738009558
2019-03-21,135.22,942134390,127395298359
2019-03-22,133.32,942134390,125602905508
2019-03-25,133.06,942134390,125359723969
2019-03-26,134.05,942134390,126296453047
2019-03-27,133.12,942134390,125413762714
2019-03-28,133.77,942134390,126026230572
2019-03-29,134.89,942134390,127089064430
2019-04-01,137.00,942134390,129070614451
2019-04-02,136.71,942134390,128800406352
2019-04-03,137.31,942134390,129367849111
2019-04-04,136.50,942134390,128602249912
2019-04-05,136.98,942134390,129052601536
2019-04-08,137.08,942134390,129151679756
2019-04-09,135.86,942134390,127998781324
2019-04-10,136.73,942134390,128818419267
2019-04-11,137.46,942134390,129502953160
2019-04-12,138.00,942134390,130016342799
2019-04-15,137.57,942134390,129611030650
2019-04-16,138.76,942134390,130727903253
2019-04-17,132.99,942134390,125296671579
2019-04-18,134.16,942134390,126395531267
2019-04-22,132.78,942134390,125098515140
2019-04-23,134.26,942134390,126494595111
2019-04-24,133.80,942134390,126053257132
2019-04-25,132.53,942134390,124864332870
2019-04-26,133.31,942134390,125593906239
2019-04-29,132.93,942134390,125242632835
2019-04-30,134.10,942134390,126341478147
2019-05-01,134.38,942134390,126602686976
2019-05-02,133.45,942134390,125729010288
2019-05-03,134.08,942134390,126323465232
2019-05-06,134.21,942134390,126440556366
2019-05-07,131.59,942134390,123972643267
2019-05-08,131.93,942134390,124296890111
2019-05-09,129.39,942134390,121901014296
2019-05-10,129.37,942134390,121883001381
2019-05-13,125.64,942134390,118370267339
2019-05-14,127.45,942134390,120072595615
2019-05-15,128.49,942134390,121054364168
2019-05-16,129.90,942134390,122387406126
2019-05-17,128.41,942134390,120982298133
2019-05-20,129.18,942134390,121702872232
2019-05-21,130.45,942134390,122900795764
2019-05-22,130.35,942134390,122810731189
2019-05-23,126.57,942134390,119243951214
2019-05-24,126.46,942134390,119144872995
2019-05-28,124.72,942134390,117505597108
2019-05-29,123.99,942134390,116812056757
2019-05-30,123.87,942134390,116703972080
2019-05-31,121.41,942134390,114380162300
2019-06-03,122.63,942134390,115533060732
2019-06-04,126.85,942134390,119514159314
2019-06-05,125.71,942134390,118433319729
2019-06-06,126.41,942134390,119090834250
2019-06-07,127.45,942134390,120072595615
2019-06-10,128.81,942134390,121360598097
2019-06-11,129.97,942134390,122450444140
2019-06-12,128.94,942134390,121477689232
2019-06-13,129.79,942134390,122279314260
2019-06-14,129.21,942134390,121729884416
2019-06-17,129.02,942134390,121549740892
2019-06-18,130.38,942134390,122837757750
2019-06-19,131.05,942134390,123468238523
2019-06-20,132.74,942134390,125062489310
2019-06-21,133.08,942134390,125377736884
2019-06-24,133.22,942134390,125512840934
2019-06-25,132.28,942134390,124621136955
2019-06-26,132.43,942134390,124765254650
2019-06-27,132.43,942134390,124765254650
2019-06-28,131.84,942134390,124206825537
2019-07-01,133.73,942134390,125990204742
2019-07-02,134.05,942134390,126296453047
2019-07-03,135.32,942134390,127485377310
2019-07-05,135.16,942134390,127341259615
2019-07-08,134.39,942134390,126611686246
2019-07-09,133.20,942134390,125494828019
2019-07-10,134.29,942134390,126521621671
2019-07-11,135.03,942134390,127215169210
2019-07-12,136.46,942134390,128566209707
2019-07-15,137.02,942134390,129088627366
2019-07-16,137.22,942134390,129277770160
2019-07-17,136.78,942134390,128863444366
2019-07-18,143.05,942134390,134772054224
2019-07-19,143.10,942134390,134817093699
2019-07-22,143.15,942134390,134871132444
2019-07-23,143.77,942134390,135447574472
2019-07-24,143.43,942134390,135132341273
2019-07-25,143.78,942134390,135456588117
2019-07-26,144.70,942134390,136330264805
2019-07-29,144.24,942134390,135897926096
2019-07-30,143.18,942134390,134898159004
2019-07-31,141.72,942134390,133520077572
2019-08-01,143.71,942134390,135393535727
2019-08-02,140.77,942134390,132628387969
2019-08-05,134.57,942134390,126782830501
2019-08-06,134.54,942134390,126755803941
2019-08-07,132.99,942134390,125296671579
2019-08-08,133.94,942134390,126188361182
2019-08-09,130.14,942134390,122612574750
2019-08-12,127.79,942134390,120396849647
2019-08-13,129.82,942134390,122306340821
2019-08-14,125.48,942134390,118217150374
2019-08-15,126.12,942134390,118820618963
2019-08-16,127.88,942134390,120477914952
2019-08-19,129.10,942134390,121630806197
2019-08-20,127.15,942134390,119793381058
2019-08-21,128.35,942134390,120919260119
2019-08-22,128.41,942134390,120982298133
2019-08-23,123.87,942134390,116703972080
2019-08-26,124.27,942134390,117082264856
2019-08-27,125.40,942134390,118145091527
2019-08-28,126.92,942134390,119577211704
2019-08-29,128.95,942134390,121486702877
2019-08-30,129.57,942134390,122072158551
2019-09-03,128.20,942134390,120784156069
2019-09-04,130.33,942134390,122783704629
2019-09-05,134.77,942134390,126971973295
2019-09-06,134.39,942134390,126611686246
2019-09-09,136.33,942134390,128440119302
2019-09-10,138.67,942134390,130646837948
2019-09-11,137.28,942134390,129340822551
2019-09-12,137.30,942134390,129358835465
2019-09-13,137.35,942134390,129403874941
2019-09-16,136.21,942134390,128332027437
2019-09-17,135.95,942134390,128079832253
2019-09-18,135.97,942134390,128097845168
2019-09-19,136.68,942134390,128773379792
2019-09-20,135.64,942134390,127791611239
2019-09-23,135.82,942134390,127962741118
2019-09-24,135.45,942134390,127611467714
2019-09-25,136.86,942134390,128944509671
2019-09-26,137.24,942134390,129295783075
2019-09-27,136.94,942134390,129016561331
2019-09-30,139.02,942134390,130980098437
2019-10-01,137.34,942134390,129394861295
2019-10-02,135.46,942134390,127620481359
2019-10-03,135.77,942134390,127917716019
2019-10-04,136.70,942134390,128791392707
2019-10-07,135.07,942134390,127251195040
2019-10-08,132.29,942134390,124639149870
2019-10-09,133.53,942134390,125801061948
2019-10-10,134.92,942134390,127116090990
2019-10-11,136.48,942134390,128584236997
2019-10-14,135.79,942134390,127935728934
2019-10-15,136.71,942134390,128800406352
2019-10-16,135.86,942134390,127998781324
2019-10-17,128.36,942134390,120928259388
2019-10-18,128.19,942134390,120775142424
2019-10-21,126.75,942134390,119415081094
2019-10-22,128.07,942134390,120658051289
2019-10-23,128.47,942134390,121036351253
2019-10-24,128.17,942134390,120757129509
2019-10-25,129.48,942134390,121991093246
2019-10-28,129.99,942134390,122468457055
2019-10-29,127.93,942134390,120531953697
2019-10-30,129.30,942134390,121819963367
2019-10-31,127.85,942134390,120450888392
2019-11-01,129.57,942134390,122072158551
2019-11-04,131.62,942134390,123999655452
2019-11-05,131.83,942134390,124197811891
2019-11-06,132.68,942134390,124999436920
2019-11-07,131.63,942134390,124017668367
2019-11-08,131.56,942134390,123945616707
2019-11-11,129.51,942134390,122018105431
2019-11-12,129.63,942134390,122126197296
2019-11-13,128.57,942134390,121126415828
2019-11-14,128.11,942134390,120694077119
2019-11-15,128.49,942134390,121054364168
2019-11-18,128.40,942134390,120973298863
2019-11-19,128.60,942134390,121162441658
2019-11-20,127.34,942134390,119973517395
2019-11-21,127.95,942134390,120549966611
2019-11-22,128.43,942134390,121000325423
2019-11-25,129.99,942134390,122468457055
2019-11-26,129.15,942134390,121675845672
2019-11-27,127.89,942134390,120486921409
2019-11-29,128.54,942134390,121099403643
2019-12-02,127.07,942134390,119712315753
2019-12-03,126.31,942134390,119000762487
2019-12-04,126.19,942134390,118883671353
2019-12-05,126.11,942134390,118811612505
2019-12-06,127.36,942134390,119991530310
2019-12-09,128.03,942134390,120622025459
2019-12-10,128.02,942134390,120613011814
2019-12-11,127.88,942134390,120477914952
2019-12-12,129.37,942134390,121883001381
2019-12-13,128.31,942134390,120883234289
2019-12-16,128.23,942134390,120811168253
2019-12-17,128.32,942134390,120892233558
2019-12-18,128.50,942134390,121063363438
2019-12-19,128.64,942134390,121198467487
2019-12-20,129.63,942134390,122126197296
2019-12-23,129.59,942134390,122090171466
2019-12-24,129.04,942134390,121576767452
2019-12-26,128.98,942134390,121513715062
2019-12-27,129.32,942134390,121837976282
2019-12-30,126.97,942134390,119622243991
2019-12-31,128.15,942134390,120730102948
2020-01-02,129.46,942134390,121973080331
2020-01-03,128.43,942134390,121000325423
2020-01-06,128.20,942134390,120784156069
2020-01-07,128.29,942134390,120865206998
2020-01-08,129.36,942134390,121874002111
2020-01-09,130.73,942134390,123162004594
2020-01-10,130.68,942134390,123116965118
2020-01-13,130.59,942134390,123035899813
2020-01-14,129.85,942134390,122333353005
2020-01-15,130.61,942134390,123053927104
2020-01-16,131.91,942134390,124278877196
2020-01-17,132.23,942134390,124576111856
2020-01-21,133.05,942134390,125350710324
2020-01-22,137.56,942134390,129602017004
2020-01-23,136.59,942134390,128683315217
2020-01-24,134.38,942134390,126602686976
2020-01-27,132.52,942134390,124855319225
2020-01-28,133.41,942134390,125692970083
2020-01-29,131.63,942134390,124017668367
2020-01-30,130.76,942134390,123189031154
2020-01-31,137.41,942134390,129457913685
2020-02-03,139.84,942134390,131745697635
2020-02-04,142.55,942134390,134303689685
2020-02-05,149.46,942134390,140806754486
2020-02-06,149.87,942134390,141194053720
2020-02-07,146.66,942134390,138176710777
2020-02-10,147.64,942134390,139095426940
2020-02-11,146.73,942134390,138239763167
2020-02-12,148.48,942134390,139888038323
2020-02-13,147.52,942134390,138987335075
2020-02-14,144.07,942134390,135735809862
2020-02-18,144.46,942134390,136096082536
2020-02-19,144.23,942134390,135879913181
2020-02-20,144.57,942134390,136204174401
2020-02-21,143.25,942134390,134961197018
2020-02-24,139.99,942134390,131889800955
2020-02-25,135.48,942134390,127638494274
2020-02-26,133.60,942134390,125873113608
2020-02-27,127.26,942134390,119892452090
2020-02-28,124.43,942134390,117226375364
2020-03-02,128.39,942134390,120964285218
2020-03-03,123.23,942134390,116100503491
2020-03-04,128.32,942134390,120892233558
2020-03-05,123.85,942134390,116685959165
2020-03-06,122.11,942134390,115046676091
2020-03-09,112.63,942134390,106111716832
2020-03-10,119.28,942134390,112380599364
2020-03-11,112.78,942134390,106255827340
2020-03-12,98.29,942134390,92601182486
2020-03-13,103.20,942134390,97230789131
2020-03-16,94.72,942134390,89241565408
2020-03-17,101.96,942134390,96059877784
2020-03-18,99.00,942134390,93267703465
2020-03-19,95.93,942134390,90376450926
2020-03-20,91.20,942134390,85917974160
2020-03-23,90.60,942134390,85359537859
2020-03-24,100.84,942134390,95006057571
2020-03-25,101.20,942134390,95339318060
2020-03-26,107.93,942134390,101680259439
2020-03-27,103.28,942134390,97302847978
2020-03-30,107.96,942134390,101716285269
2020-03-31,106.05,942134390,99914885961
2020-04-01,100.52,942134390,94699816454
2020-04-02,105.16,942134390,99077227915
2020-04-03,101.66,942134390,95780663227
2020-04-06,109.77,942134390,103418613545
2020-04-07,109.89,942134390,103526698223
2020-04-08,114.04,942134390,107444751602
2020-04-09,116.16,942134390,109435308080
2020-04-13,115.82,942134390,109120060506
2020-04-14,118.46,942134390,111605993708
2020-04-15,113.47,942134390,106904328215
2020-04-16,110.64,942134390,104238251489
2020-04-17,114.84,942134390,108192337885
2020-04-20,115.11,942134390,108453539527
2020-04-21,111.63,942134390,105165974109
2020-04-22,114.06,942134390,107462764517
2020-04-23,116.01,942134390,109300196843
2020-04-24,119.24,942134390,112335567077
2020-04-27,120.38,942134390,113416406662
2020-04-28,120.72,942134390,113731654236
2020-04-29,123.03,942134390,115911353509
2020-04-30,120.04,942134390,113092152630
2020-05-01,116.51,942134390,109768561382
2020-05-04,116.33,942134390,109597431502
2020-05-05,117.19,942134390,110408062988
2020-05-06,117.75,942134390,110939479917
2020-05-07,115.90,942134390,109192112166
2020-05-08,117.58,942134390,110777349307
2020-05-11,117.20,942134390,110417069446
2020-05-12,114.97,942134390,108318435478
2020-05-13,110.64,942134390,104238251489
2020-05-14,111.81,942134390,105337111176
2020-05-15,111.84,942134390,105364130549
2020-05-18,116.21,942134390,109489346825
2020-05-19,115.00,942134390,108345454850
2020-05-20,116.04,942134390,109327223403
2020-05-21,113.88,942134390,107291634637
2020-05-22,113.18,942134390,106634120116
2020-05-26,116.41,942134390,109669490350
2020-05-27,120.02,942134390,113074139715
2020-05-28,119.05,942134390,112164430009
2020-05-29,119.41,942134390,112497690499
2020-06-01,119.40,942134390,112488684041
2020-06-02,120.46,942134390,113488465509
2020-06-03,123.37,942134390,116235607541
2020-06-04,123.22,942134390,116091489846
2020-06-05,126.25,942134390,118946716555
2020-06-08,129.78,942134390,122270314991
2020-06-09,126.07,942134390,118775586675
2020-06-10,124.16,942134390,116974180179
2020-06-11,112.82,942134390,106291853169
2020-06-12,116.55,942134390,109804594400
2020-06-15,116.30,942134390,109570412130
2020-06-16,119.65,942134390,112722866311
2020-06-17,118.69,942134390,111822163063
2020-06-18,118.70,942134390,111831169520
2020-06-19,117.08,942134390,110308984768
2020-06-22,115.75,942134390,109048001658
2020-06-23,114.16,942134390,107552836279
2020-06-24,111.30,942134390,104859740180
2020-06-25,113.80,942134390,107210569332
2020-06-26,112.04,942134390,105553280531
2020-06-29,114.48,942134390,107859077396
2020-06-30,115.46,942134390,108777793559
2020-07-01,113.33,942134390,106769224166
2020-07-02,114.44,942134390,107814037921
2020-07-06,114.90,942134390,108255383088
2020-07-07,112.41,942134390,105904553935
2020-07-08,112.53,942134390,106021645070
2020-07-09,110.62,942134390,104220238574
2020-07-10,113.15,942134390,106598094286
2020-07-13,113.96,942134390,107363686297
2020-07-14,115.30,942134390,108624669407
2020-07-15,117.59,942134390,110786355765
2020-07-16,118.56,942134390,111696065470
2020-07-17,119.61,942134390,112686840481
2020-07-20,120.81,942134390,113821725999
2020-07-21,120.52,942134390,113542504254
2020-07-22,123.01,942134390,115893340594
2020-07-23,121.73,942134390,114686396229
2020-07-24,120.26,942134390,113299315527
2020-07-27,120.66,942134390,113677608304
2020-07-28,119.00,942134390,112110391265
2020-07-29,119.81,942134390,112875983275
2020-07-30,117.50,942134390,110696284002
2020-07-31,117.53,942134390,110732317020
2020-08-03,118.84,942134390,111966273570
2020-08-04,120.31,942134390,113344347814
2020-08-05,119.93,942134390,112993074410
2020-08-06,120.57,942134390,113596550186
2020-08-07,119.46,942134390,112551736431
2020-08-10,121.52,942134390,114488239789
2020-08-11,121.18,942134390,114163992945
2020-08-12,121.13,942134390,114118953470
2020-08-13,119.53,942134390,112614781633
2020-08-14,119.76,942134390,112830950988
2020-08-17,118.97,942134390,112083371892
2020-08-18,119.43,942134390,112515703414
2020-08-19,118.39,942134390,111542948506
2020-08-20,117.73,942134390,110921459814
2020-08-21,117.74,942134390,110930473460
2020-08-24,120.15,942134390,113200237307
2020-08-25,119.16,942134390,112263508229
2020-08-26,118.71,942134390,111840175977
2020-08-27,119.17,942134390,112272514687
2020-08-28,119.57,942134390,112650814651
2020-08-31,117.89,942134390,111065577509
2020-09-01,117.97,942134390,111146635626
2020-09-02,122.54,942134390,115451995427
2020-09-03,118.98,942134390,112092378350
2020-09-04,116.92,942134390,110155867804
2020-09-08,115.88,942134390,109174099251
2020-09-09,116.88,942134390,110119834786
2020-09-10,115.26,942134390,108588643577
2020-09-11,116.12,942134390,109399275063
2020-09-14,116.72,942134390,109966717822
2020-09-15,117.06,942134390,110281965396
2020-09-16,118.76,942134390,111885215453
2020-09-17,119.43,942134390,112515703414
2020-09-18,117.36,942134390,110570186410
2020-09-21,114.96,942134390,108309429020
2020-09-22,115.21,942134390,108543611290
2020-09-23,113.60,942134390,107030432995
2020-09-24,112.90,942134390,106363912017
2020-09-25,113.72,942134390,107138510485
2020-09-28,116.38,942134390,109642463790
2020-09-29,115.62,942134390,108930910524
2020-09-30,116.32,942134390,109588425045
2020-10-01,115.76,942134390,109066014573
2020-10-02,115.27,942134390,108597650034
2020-10-05,116.64,942134390,109894658974
2020-10-06,116.61,942134390,109858633144
2020-10-07,118.61,942134390,111750111403
2020-10-08,125.71,942134390,118433319729
2020-10-09,122.17,942134390,115100722023
2020-10-12,121.62,942134390,114578311552
2020-10-13,119.60,942134390,112677834023
2020-10-14,120.40,942134390,113434419577
2020-10-15,119.40,942134390,112488684041
2020-10-16,120.39,942134390,113425413119
2020-10-19,120.00,942134390,113056126800
2020-10-20,112.21,942134390,105715403953
2020-10-21,110.00,942134390,103634782900
2020-10-22,110.67,942134390,104265270861
2020-10-23,110.90,942134390,104481440216
2020-10-26,107.28,942134390,101076790851
2020-10-27,105.70,942134390,99581625471
2020-10-28,101.96,942134390,96059877784
2020-10-29,104.12,942134390,98095466549
2020-10-30,106.75,942134390,100572393294
2020-11-02,107.94,942134390,101698272354
2020-11-03,109.14,942134390,102824151414
2020-11-04,106.98,942134390,100788562648
2020-11-05,109.72,942134390,103373581258
2020-11-06,109.02,942134390,102716066737
2020-11-09,110.45,942134390,104058115152
2020-11-10,112.72,942134390,106201781407
2020-11-11,112.05,942134390,105562286989
2020-11-12,109.46,942134390,103130392531
2020-11-13,111.71,942134390,105247039414
2020-11-16,113.15,942134390,106607100744
2020-11-17,112.52,942134390,106012638613
2020-11-18,111.63,942134390,105174980567
2020-11-19,112.03,942134390,105544274074
2020-11-20,111.80,942134390,105328104719
2020-11-23,114.81,942134390,108165311325
2020-11-24,118.95,942134390,112065351789
2020-11-25,118.74,942134390,111867202538
2020-11-27,118.88,942134390,112002306587
2020-11-30,118.09,942134390,111254720304
2020-12-01,117.74,942134390,110930473460
2020-12-02,119.14,942134390,112245495314
2020-12-03,118.17,942134390,111335785609
2020-12-04,121.61,942134390,114569305094
2020-12-07,119.22,942134390,112317554162
2020-12-08,120.18,942134390,113227256679
2020-12-09,121.21,942134390,114200018775
2020-12-10,119.46,942134390,112551736431
2020-12-11,118.80,942134390,111930247740
2020-12-14,118.10,942134390,111263726761
2020-12-15,120.39,942134390,113425413119
2020-12-16,120.03,942134390,113083146172
2020-12-17,120.03,942134390,113083146172
2020-12-18,120.32,942134390,113353361460
2020-12-21,117.96,942134390,111137629169
2020-12-22,118.17,942134390,111335785609
2020-12-23,118.45,942134390,111596987250
2020-12-24,119.21,942134390,112308540516
2020-12-28,119.33,942134390,112425638839
2020-12-29,118.36,942134390,111506922676
2020-12-30,118.87,942134390,111993300130
2020-12-31,120.34,942134390,113380380832
2021-01-04,118.49,942134390,111633020268
2021-01-05,120.59,942134390,113614563101
2021-01-06,123.60,942134390,116451776895
2021-01-07,123.32,942134390,116181561608
2021-01-08,122.88,942134390,115767243002
2021-01-11,122.93,942134390,115812275289
2021-01-12,123.53,942134390,116379718048
2021-01-13,121.34,942134390,114317109910
2021-01-14,123.30,942134390,116163548693
2021-01-15,122.74,942134390,115641145410
2021-01-19,123.35,942134390,116208580981
2021-01-20,124.36,942134390,117163330161
2021-01-21,125.86,942134390,118577430236
2021-01-22,113.39,942134390,106832276556
2021-01-25,113.37,942134390,106805257183
2021-01-26,117.10,942134390,110326997683
2021-01-27,117.08,942134390,110308984768
2021-01-28,114.80,942134390,108156304868
2021-01-29,113.87,942134390,107282628180
2021-02-01,115.24,942134390,108570630662
2021-02-02,114.19,942134390,107579855651
2021-02-03,113.88,942134390,107291634637
2021-02-04,115.70,942134390,109002969371
2021-02-05,116.43,942134390,109696509722
2021-02-08,118.17,942134390,111335785609
2021-02-09,116.73,942134390,109975724279
2021-02-10,116.86,942134390,110101821871
2021-02-11,115.59,942134390,108903891151
2021-02-12,115.49,942134390,108804812932
2021-02-16,114.79,942134390,108147298410
2021-02-17,114.69,942134390,108057233836
2021-02-18,115.42,942134390,108741760541
2021-02-19,113.76,942134390,107174543503
2021-02-22,115.54,942134390,108858851676
2021-02-23,115.40,942134390,108723747627
2021-02-24,117.79,942134390,110975505747
2021-02-25,117.08,942134390,110308984768
2021-02-26,113.70,942134390,107120497570
2021-03-01,115.43,942134390,108750766999
2021-03-02,115.04,942134390,108381480680
2021-03-03,116.98,942134390,110209906548
2021-03-04,114.83,942134390,108183331428
2021-03-05,117.43,942134390,110633238800
2021-03-08,119.32,942134390,112416625194
2021-03-09,118.72,942134390,111849182435
2021-03-10,122.25,942134390,115172773683
2021-03-11,121.55,942134390,114515266350
2021-03-12,122.00,942134390,114938591413
2021-03-15,122.93,942134390,115812275289
2021-03-16,122.60,942134390,115506034172
2021-03-17,123.36,942134390,116217594626
2021-03-18,124.34,942134390,117145317246
2021-03-19,123.23,942134390,116100503491
2021-03-22,124.81,942134390,117586655225
2021-03-23,124.72,942134390,117505597108
2021-03-24,124.88,942134390,117649707615
2021-03-25,127.22,942134390,119856426260
2021-03-26,130.38,942134390,122837757750
2021-03-29,129.89,942134390,122369393211
2021-03-30,128.80,942134390,121342585182
2021-03-31,127.40,942134390,120027563328
2021-04-01,127.37,942134390,120000536768
2021-04-05,129.95,942134390,122432431225
2021-04-06,128.32,942134390,120892233558
2021-04-07,129.00,942134390,121531727977
2021-04-08,129.18,942134390,121702872232
2021-04-09,129.76,942134390,122252302076
2021-04-12,128.67,942134390,121225494048
2021-04-13,125.41,942134390,118154097984
2021-04-14,126.80,942134390,119460120569
2021-04-15,126.75,942134390,119415081094
2021-04-16,127.72,942134390,120324790799
2021-04-19,127.27,942134390,119901465736
2021-04-20,132.08,942134390,124441007806
2021-04-21,137.24,942134390,129295783075
2021-04-22,135.07,942134390,127251195040
2021-04-23,136.17,942134390,128287002338
2021-04-26,135.34,942134390,127512389494
2021-04-27,135.76,942134390,127908702373
2021-04-28,136.71,942134390,128800406352
2021-04-29,137.90,942134390,129917264579
2021-04-30,135.64,942134390,127791611239
2021-05-03,138.38,942134390,130376629848
2021-05-04,139.34,942134390,131277333096
2021-05-05,138.83,942134390,130799954912
2021-05-06,141.89,942134390,133682208181
2021-05-07,139.06,942134390,131016124267
2021-05-10,139.74,942134390,131655618685
2021-05-11,137.88,942134390,129899251664
2021-05-12,135.09,942134390,127269207955
2021-05-13,137.83,942134390,129854226565
2021-05-14,138.32,942134390,130313577458
2021-05-17,138.73,942134390,130700876692
2021-05-18,137.58,942134390,129620044295
2021-05-19,136.89,942134390,128971536231
2021-05-20,137.55,942134390,129593017735
2021-05-21,138.37,942134390,130367616203
2021-05-24,138.36,942134390,130349603288
2021-05-25,137.47,942134390,129511952430
2021-05-26,137.07,942134390,129142666111
2021-05-27,137.50,942134390,129538978990
2021-05-28,137.42,942134390,129466912955
2021-06-01,137.85,942134390,129872239480
2021-06-02,139.31,942134390,131250306536
2021-06-03,139.15,942134390,131097189572
2021-06-04,140.94,942134390,132781504933
2021-06-07,141.51,942134390,133321921132
2021-06-08,142.51,942134390,134267663855
2021-06-09,144.04,942134390,135708783302
2021-06-10,143.92,942134390,135591692167
2021-06-11,144.63,942134390,136258213146
2021-06-14,143.43,942134390,135132341273
2021-06-15,142.79,942134390,134528858309
2021-06-16,141.33,942134390,133150791252
2021-06-17,139.20,942134390,131142229047
2021-06-18,136.83,942134390,128908483841
2021-06-21,140.20,942134390,132087957394
2021-06-22,139.92,942134390,131826762940
2021-06-23,138.25,942134390,130250525068
2021-06-24,139.04,942134390,130998111352
2021-06-25,140.38,942134390,132259101650
2021-06-28,138.90,942134390,130863007302
2021-06-29,139.15,942134390,131097189572
2021-06-30,140.14,942134390,132033918650
2021-07-01,140.38,942134390,132259101650
2021-07-02,133.86,942134390,126116309522
2021-07-06,132.68,942134390,124999436920
2021-07-07,133.67,942134390,125936165998
2021-07-08,134.55,942134390,126764817586
2021-07-09,135.30,942134390,127467364395
2021-07-12,134.72,942134390,126926933820
2021-07-13,134.11,942134390,126350491792
2021-07-14,133.67,942134390,125936165998
2021-07-15,134.27,942134390,126503608756
2021-07-16,132.79,942134390,125107514409
2021-07-19,131.85,942134390,124224838452
2021-07-20,133.81,942134390,126071270047
2021-07-21,135.09,942134390,127269207955
2021-07-22,134.52,942134390,126737791026
2021-07-23,135.12,942134390,127305233785
2021-07-26,136.49,942134390,128593236267
2021-07-27,136.47,942134390,128575223352
2021-07-28,135.54,942134390,127692533019
2021-07-29,135.69,942134390,127836650714
2021-07-30,134.76,942134390,126962974026
2021-08-02,135.20,942134390,127377285444
2021-08-03,137.73,942134390,129764147614
2021-08-04,136.48,942134390,128584236997
2021-08-05,136.49,942134390,128593236267
2021-08-06,137.75,942134390,129782160529
2021-08-09,135.04,942134390,127224168480
2021-08-10,135.16,942134390,127341259615
2021-08-11,135.88,942134390,128016794239
2021-08-12,136.78,942134390,128863444366
2021-08-13,136.88,942134390,128962522586
2021-08-16,137.28,942134390,129331808905
2021-08-17,136.16,942134390,128277988692
2021-08-18,133.34,942134390,125620918423
2021-08-19,131.95,942134390,124314903026
2021-08-20,132.99,942134390,125296671579
2021-08-23,133.48,942134390,125756022473
2021-08-24,133.69,942134390,125954178913
2021-08-25,133.71,942134390,125972191827
2021-08-26,132.68,942134390,124999436920
2021-08-27,133.28,942134390,125566879678
2021-08-30,132.86,942134390,125170566799
2021-08-31,134.17,942134390,126404530537
2021-09-01,133.17,942134390,125467801459
2021-09-02,133.85,942134390,126107295877
2021-09-03,133.44,942134390,125719996643
2021-09-07,131.99,942134390,124350928856
2021-09-08,132.57,942134390,124900358700
2021-09-09,131.68,942134390,124062707842
2021-09-10,130.99,942134390,123414199778
2021-09-13,132.07,942134390,124431994161
2021-09-14,130.23,942134390,122693640055
2021-09-15,131.17,942134390,123576330388
2021-09-16,130.43,942134390,122882782849
2021-09-17,129.28,942134390,121801950452
2021-09-20,128.40,942134390,120973298863
2021-09-21,127.12,942134390,119766354498
2021-09-22,128.71,942134390,121261519877
2021-09-23,130.72,942134390,123152990948
2021-09-24,131.44,942134390,123837524842
2021-09-27,132.47,942134390,124801280480
2021-09-28,131.42,942134390,123819511927
2021-09-29,133.06,942134390,125359723969
2021-09-30,132.82,942134390,125134540969
2021-10-01,137.02,942134390,129088627366
2021-10-04,137.77,942134390,129800173444
2021-10-05,136.85,942134390,128935510402
2021-10-06,136.10,942134390,128223949948
2021-10-07,135.57,942134390,127728558849
2021-10-08,136.92,942134390,128998548416
2021-10-11,136.17,942134390,128287002338
2021-10-12,134.29,942134390,126521621671
2021-10-13,134.57,942134390,126782830501
2021-10-14,137.08,942134390,129151679756
2021-10-15,138.25,942134390,130250525068
2021-10-18,136.06,942134390,128187924118
2021-10-19,135.74,942134390,127881690189
2021-10-20,135.66,942134390,127809624154
2021-10-21,122.69,942134390,115587099477
2021-10-22,122.26,942134390,115181780140
2021-10-25,122.03,942134390,114965617974
2021-10-26,121.54,942134390,114506259892
2021-10-27,119.67,942134390,112740879226
2021-10-28,120.31,942134390,113344347814
2021-10-29,119.60,942134390,112677834023
2021-11-01,120.73,942134390,113740660694
2021-11-02,120.63,942134390,113650588931
2021-11-03,121.54,942134390,114506259892
2021-11-04,120.85,942134390,113856939594
2021-11-05,123.61,942134390,116457232523
2021-11-08,124.54,942134390,117333417793
2021-11-09,120.85,942134390,113856939594
2021-11-10,120.22,942134390,113263397516
2021-11-11,120.27,942134390,113310499923
2021-11-12,118.96,942134390,112076306172
2021-11-15,118.87,942134390,111991517527
2021-11-16,118.46,942134390,111605238977
2021-11-17,118.06,942134390,111228383783
2021-11-18,116.66,942134390,109909401388
2021-11-19,116.05,942134390,109334698835
2021-11-22,116.47,942134390,109730393553
2021-11-23,116.79,942134390,110031876271
2021-11-24,116.73,942134390,109975350507
2021-11-26,115.81,942134390,109108581406
2021-11-29,118.50,942134390,111642925215
2021-11-30,117.10,942134390,110323935631
2021-12-01,116.92,942134390,110154351154
2021-12-02,116.90,942134390,110135511629
2021-12-03,118.84,942134390,111963247457
2021-12-06,119.91,942134390,112971338155
2021-12-07,121.58,942134390,114544700861
2021-12-08,123.02,942134390,115901369495
2021-12-09,123.57,942134390,116419546285
2021-12-10,124.09,942134390,116909453005
2021-12-13,122.58,942134390,115486835251
2021-12-14,123.76,942134390,116598554119
2021-12-15,123.11,942134390,115986165328
2021-12-16,125.93,942134390,118642984020
2021-12-17,127.40,942134390,120027922724
2021-12-20,127.06,942134390,119707593293
2021-12-21,128.97,942134390,121507073428
2021-12-22,129.75,942134390,122241937103
2021-12-23,130.63,942134390,123071019966
2021-12-27,131.62,942134390,124003723812
2021-12-28,132.63,942134390,124955288746
2021-12-29,133.35,942134390,125633626657
2021-12-30,133.91,942134390,126161219615
2021-12-31,133.66,942134390,125925686018
2022-01-03,136.04,942134390,128167956090
2022-01-04,138.02,942134390,130033392533
2022-01-05,138.22,942134390,130221816536
2022-01-06,135.34,942134390,127508464892
2022-01-07,134.83,942134390,127027981529
2022-01-10,135.03,942134390,127216405532
2022-01-11,132.87,942134390,125181391799
2022-01-12,133.59,942134390,125859729710
2022-01-13,134.76,942134390,126962025221
2022-01-14,134.21,942134390,126443862807
2022-01-18,132.94,942134390,125247348107
2022-01-19,131.58,942134390,123966044761
2022-01-20,130.82,942134390,123250027800
2022-01-21,129.35,942134390,121865089097
2022-01-24,128.82,942134390,121365759020
2022-01-25,136.10,942134390,128224496229
2022-01-26,134.26,942134390,126490958026
2022-01-27,132.52,942134390,124851653388
2022-01-28,134.50,942134390,126717075455
2022-01-31,133.57,942134390,125840897373
2022-02-01,135.53,942134390,127687472727
2022-02-02,137.25,942134390,129307945028
2022-02-03,137.78,942134390,129807275104
2022-02-04,137.15,942134390,129213725838
2022-02-07,137.24,942134390,129298528859
2022-02-08,137.02,942134390,129091258143
2022-02-09,137.79,942134390,129816691273
2022-02-10,133.52,942134390,125793787778
2022-02-11,132.69,942134390,125011814509
2022-02-14,130.15,942134390,122618785108
2022-02-15,129.94,942134390,122420944937
2022-02-16,129.18,942134390,121704913600
2022-02-17,124.97,942134390,117738535868
2022-02-18,124.35,942134390,117154409959
2022-02-22,123.92,942134390,116749291884
2022-02-23,122.07,942134390,115006344700
2022-02-24,121.97,942134390,114912132698
2022-02-25,124.18,942134390,116994248838
2022-02-28,122.51,942134390,115420886132
2022-03-01,121.35,942134390,114328006789
2022-03-02,123.86,942134390,116692766120
2022-03-03,125.93,942134390,118642984020
2022-03-04,126.62,942134390,119293059049
2022-03-07,126.07,942134390,118774882260
2022-03-08,125.68,942134390,118407450423
2022-03-09,126.22,942134390,118916203856
2022-03-10,124.35,942134390,117154409959
2022-03-11,123.96,942134390,116786978122
2022-03-14,123.94,942134390,116768138597
2022-03-15,125.64,942134390,118369764185
2022-03-16,127.04,942134390,119688753768
2022-03-17,127.96,942134390,120555515682
2022-03-18,128.76,942134390,121309218881
2022-03-21,128.10,942134390,120687421109
2022-03-22,129.06,942134390,121591862073
2022-03-23,128.30,942134390,120875845112
2022-03-24,129.25,942134390,121770869908
2022-03-25,131.35,942134390,123749357877
2022-03-28,131.47,942134390,123862409403
2022-03-29,131.94,942134390,124305213717
2022-03-30,132.13,942134390,124484221551
2022-03-31,130.02,942134390,122496317413
2022-04-01,130.15,942134390,122618785108
2022-04-04,130.27,942134390,122731851011
2022-04-05,128.89,942134390,121431700952
2022-04-06,129.39,942134390,121902768147
2022-04-07,128.55,942134390,121111378710
2022-04-08,127.73,942134390,120338828797
2022-04-11,126.37,942134390,119057525452
2022-04-12,125.98,942134390,118690093615
2022-04-13,126.14,942134390,118840831380
2022-04-14,126.56,942134390,119236526098
2022-04-18,126.17,942134390,118869094261
2022-04-19,129.15,942134390,121676650718
2022-04-20,138.32,942134390,130316035725
2022-04-21,139.85,942134390,131757500192
2022-04-22,138.25,942134390,130250079418
2022-04-25,139.10,942134390,131050899399
2022-04-26,136.19,942134390,128309284874
2022-04-27,135.06,942134390,127244668413
2022-04-28,135.74,942134390,127885327274
2022-04-29,132.21,942134390,124559594027
2022-05-02,133.04,942134390,125341552920
2022-05-03,132.52,942134390,124851653388
2022-05-04,137.40,942134390,129449259436
2022-05-05,135.92,942134390,128054904564
2022-05-06,137.67,942134390,129703639746
2022-05-09,134.44,942134390,126660549692
2022-05-10,129.13,942134390,121657818381
2022-05-11,130.75,942134390,123184071493
2022-05-12,132.90,942134390,125209654681
2022-05-13,133.60,942134390,125869160254
2022-05-16,135.03,942134390,127216405532
2022-05-17,138.37,942134390,130363130944
2022-05-18,132.94,942134390,125247348107
2022-05-19,129.66,942134390,122157148458
2022-05-20,128.48,942134390,121045422402
2022-05-23,131.17,942134390,123579766211
2022-05-24,133.80,942134390,126057584257
2022-05-25,134.39,942134390,126613440097
2022-05-26,136.89,942134390,128968776072
2022-05-27,139.27,942134390,131211060521
2022-05-31,138.84,942134390,130805935257
2022-06-01,139.43,942134390,131361791097
2022-06-02,140.15,942134390,132040129008
2022-06-03,141.18,942134390,133010526280
2022-06-06,142.88,942134390,134612166243
2022-06-07,142.78,942134390,134517947054
2022-06-08,140.83,942134390,132680787869
2022-06-09,137.96,942134390,129976866770
2022-06-10,136.19,942134390,128309284874
2022-06-13,135.11,942134390,127291778008
2022-06-14,135.72,942134390,127866480561
2022-06-15,137.06,942134390,129128937193
2022-06-16,135.67,942134390,127819370966
2022-06-17,135.02,942134390,127206989363
2022-06-21,137.85,942134390,129873231412
2022-06-22,137.08,942134390,129147783906
2022-06-23,138.44,942134390,130429087252
2022-06-24,142.06,942134390,133839609143
2022-06-27,142.80,942134390,134536793767
2022-06-28,141.86,942134390,133651185140
2022-06-29,140.71,942134390,132567736342
2022-06-30,141.19,942134390,133019956824
2022-07-01,141.12,942134390,132954000517
2022-07-05,137.62,942134390,129656530152
2022-07-06,138.08,942134390,130089918296
2022-07-07,140.83,942134390,132680787869
2022-07-08,140.47,942134390,132341618913
2022-07-11,141.00,942134390,132840948990
2022-07-12,139.18,942134390,131126257500
2022-07-13,137.18,942134390,129241988720
2022-07-14,139.06,942134390,131013205973
2022-07-15,139.92,942134390,131823442124
2022-07-18,138.13,942134390,130137027891
2022-07-19,130.88,942134390,123306553563
2022-07-20,129.18,942134390,121704913600
2022-07-21,127.15,942134390,119792389126
2022-07-22,128.25,942134390,120828735518
2022-07-25,128.54,942134390,121101948165
2022-07-26,128.08,942134390,120668574396
2022-07-27,129.12,942134390,121648387837
2022-07-28,129.22,942134390,121742607026
2022-07-29,130.79,942134390,123221750543
2022-08-01,132.04,942134390,124399418530
2022-08-02,131.81,942134390,124182731646
2022-08-03,132.34,942134390,124682061722
2022-08-04,131.64,942134390,124022570525
2022-08-05,132.48,942134390,124813959962
2022-08-08,132.61,942134390,124936442033
2022-08-09,129.47,942134390,121978140623
2022-08-10,131.50,942134390,123890672285
2022-08-11,132.54,942134390,124870485725
2022-08-12,134.01,942134390,126255424429
2022-08-15,134.93,942134390,127122186342
2022-08-16,136.56,942134390,128657869998
2022-08-17,137.79,942134390,129816691273
2022-08-18,139.07,942134390,131022636518
2022-08-19,138.37,942134390,130363130944
2022-08-22,135.55,942134390,127706319440
2022-08-23,134.74,942134390,126943192884
2022-08-24,133.23,942134390,125520560754
2022-08-25,133.98,942134390,126227161547
2022-08-26,130.38,942134390,122835486368
2022-08-29,130.31,942134390,122769530061
2022-08-30,129.58,942134390,122081775981
2022-08-31,128.45,942134390,121017159520
2022-09-01,129.66,942134390,122157148458
2022-09-02,127.79,942134390,120395354561
2022-09-06,126.72,942134390,119387271051
2022-09-07,127.71,942134390,120319982084
2022-09-08,128.47,942134390,121036006233
2022-09-09,129.19,942134390,121714344144
2022-09-12,130.66,942134390,123099282848
2022-09-13,127.25,942134390,119886601128
2022-09-14,127.69,942134390,120301142559
2022-09-15,125.49,942134390,118228442588
2022-09-16,127.27,942134390,119905440653
2022-09-19,127.73,942134390,120338828797
2022-09-20,126.30,942134390,118991576332
2022-09-21,124.93,942134390,117700849630
2022-09-22,125.31,942134390,118058858111
2022-09-23,122.71,942134390,115609310134
2022-09-26,122.01,942134390,114949818937
2022-09-27,121.74,942134390,114695438626
2022-09-28,122.76,942134390,115656419729
2022-09-29,121.63,942134390,114591803268
2022-09-30,118.81,942134390,111934984576
2022-10-03,121.51,942134390,114478751742
2022-10-04,125.50,942134390,118237865945
2022-10-05,125.74,942134390,118463976186
2022-10-06,122.23,942134390,115157089652
2022-10-07,118.82,942134390,111944407932
2022-10-10,117.75,942134390,110936324423
2022-10-11,117.80,942134390,110983434017
2022-10-12,117.57,942134390,110766739945
2022-10-13,121.79,942134390,114742548221
2022-10-14,120.04,942134390,113093813038
2022-10-17,121.52,942134390,114488167910
2022-10-18,122.94,942134390,115826004207
2022-10-19,122.51,942134390,115420886132
2022-10-20,128.30,942134390,120875845112
2022-10-21,129.90,942134390,122383251511
2022-10-24,132.69,942134390,125011814509
2022-10-25,132.93,942134390,125237917562
2022-10-26,135.01,942134390,127197558819
2022-10-27,134.77,942134390,126971455766
2022-10-28,138.51,942134390,130495029184
2022-10-31,138.29,942134390,130287758468
2022-11-01,138.20,942134390,130202969823
2022-11-02,136.83,942134390,128912250309
2022-11-03,134.47,942134390,126688812573
2022-11-04,136.96,942134390,129034732380
2022-11-07,138.34,942134390,130334868062
2022-11-08,140.04,942134390,131936493650
2022-11-09,137.39,942134390,129439843267
2022-11-10,141.23,942134390,133057635874
2022-11-11,143.17,942134390,134885378891
2022-11-14,144.20,942134390,135855776163
2022-11-15,144.34,942134390,135987674402
2022-11-16,144.52,942134390,136157266068
2022-11-17,146.09,942134390,137636409585
2022-11-18,147.64,942134390,139096720765
2022-11-21,146.68,942134390,138192265425
2022-11-22,149.10,942134390,140472243299
2022-11-23,148.75,942134390,140142490513
2022-11-25,148.37,942134390,139784474844
2022-11-28,146.18,942134390,137721198230
2022-11-29,146.49,942134390,138013271966
2022-11-30,148.90,942134390,140283804921
2022-12-01,149.16,942134390,140528769063
2022-12-02,148.67,942134390,140067118036
2022-12-05,147.41,942134390,138880033880
2022-12-06,147.50,942134390,138964822525
2022-12-07,147.27,942134390,138748135641
2022-12-08,147.78,942134390,139228619004
2022-12-09,147.05,942134390,138540864925
2022-12-12,149.21,942134390,140575878657
2022-12-13,150.57,942134390,141857182003
2022-12-14,149.86,942134390,141188260260
2022-12-15,142.36,942134390,134122252335
2022-12-16,140.16,942134390,132049559553
2022-12-19,138.87,942134390,130834198139
2022-12-20,141.28,942134390,133104745469
2022-12-21,142.14,942134390,133914981620
2022-12-22,140.88,942134390,132727897463
2022-12-23,141.65,942134390,133453330593
2022-12-27,142.42,942134390,134178778099
2022-12-28,140.02,942134390,131917661313
2022-12-29,141.06,942134390,132897474753
2022-12-30,140.89,942134390,132737313632
2023-01-03,141.55,942134390,133359125780
2023-01-04,142.60,942134390,134348369764
2023-01-05,141.11,942134390,132944584348
2023-01-06,143.70,942134390,135384708968
2023-01-09,143.55,942134390,135243394560
2023-01-10,144.80,942134390,136421062547
2023-01-11,145.26,942134390,136854436316
2023-01-12,145.55,942134390,137127663340
2023-01-13,145.89,942134390,137447985582
2023-01-17,145.19,942134390,136788494384
2023-01-18,140.41,942134390,132285093150
2023-01-19,140.62,942134390,132482933322
2023-01-20,141.20,942134390,133029372993
2023-01-23,141.86,942134390,133651185140
2023-01-24,141.49,942134390,133302600016
2023-01-25,140.76,942134390,132614831561
2023-01-26,134.45,942134390,126669965860
2023-01-27,134.39,942134390,126613440097
2023-01-30,135.30,942134390,127470785842
2023-01-31,134.73,942134390,126933762339
2023-02-01,135.09,942134390,127272931295
2023-02-02,136.39,942134390,128497708877
2023-02-03,136.94,942134390,129015885667
2023-02-06,136.18,942134390,128299854330
2023-02-07,135.84,942134390,127979532087
2023-02-08,135.98,942134390,128111430327
2023-02-09,133.75,942134390,126010474663
2023-02-10,135.60,942134390,127753429034
2023-02-13,137.35,942134390,129402164217
2023-02-14,136.01,942134390,128139693209
2023-02-15,136.40,942134390,128507125046
2023-02-16,135.00,942134390,127188142650
2023-02-17,135.02,942134390,127206989363
2023-02-21,131.71,942134390,124088526832
2023-02-22,130.97,942134390,123391342208
2023-02-23,130.79,942134390,123221750543
2023-02-24,130.57,942134390,123014494203
2023-02-27,130.49,942134390,122939121726
2023-02-28,129.30,942134390,121817979502
2023-03-01,128.19,942134390,120772209754
2023-03-02,128.93,942134390,121469380002
2023-03-03,129.64,942134390,122138301745
2023-03-06,130.19,942134390,122656478534
2023-03-07,128.25,942134390,120828735518
2023-03-08,128.05,942134390,120640311515
2023-03-09,126.16,942134390,118859678093
2023-03-10,125.45,942134390,118190756350
2023-03-13,125.58,942134390,118313238421
2023-03-14,124.65,942134390,117437053151
2023-03-15,123.28,942134390,116146326449
2023-03-16,124.70,942134390,117484155558
2023-03-17,123.69,942134390,116532604999
2023-03-20,125.94,942134390,118652407377
2023-03-21,126.57,942134390,119245949455
2023-03-22,124.05,942134390,116871773955
2023-03-23,123.37,942134390,116231122282
2023-03-24,125.29,942134390,118040018586
2023-03-27,129.31,942134390,121827395671
2023-03-28,129.34,942134390,121855658552
2023-03-29,129.71,942134390,122204258052
2023-03-30,129.22,942134390,121742607026
2023-03-31,131.09,942134390,123504393735
2023-04-03,132.06,942134390,124418265243
2023-04-04,131.60,942134390,123984891474
2023-04-05,132.14,942134390,124493637720
2023-04-06,130.50,942134390,122948537895
2023-04-10,131.03,942134390,123447867972
2023-04-11,130.42,942134390,122873165419
2023-04-12,128.54,942134390,121101948165
2023-04-13,127.90,942134390,120498989919
2023-04-14,128.14,942134390,120725100160
2023-04-17,127.82,942134390,120423617442
2023-04-18,127.78,942134390,120385931204
2023-04-19,126.32,942134390,119010415857
2023-04-20,126.36,942134390,119048102095
2023-04-21,125.73,942134390,118454560017
2023-04-24,125.40,942134390,118143653944
2023-04-25,125.89,942134390,118605297782
2023-04-26,125.85,942134390,118567611544
2023-04-27,126.97,942134390,119622804648
2023-04-28,126.41,942134390,119095211690
2023-05-01,126.09,942134390,118793721785
2023-05-02,125.16,942134390,117917543703
2023-05-03,123.45,942134390,116306487570
2023-05-04,122.57,942134390,115477411895
2023-05-05,123.65,942134390,116494918761
2023-05-08,123.40,942134390,116259385164
2023-05-09,121.17,942134390,114158422311
2023-05-10,122.02,942134390,114959235105
2023-05-11,120.90,942134390,113904049189
2023-05-12,122.84,942134390,115731785017
2023-05-15,123.36,942134390,116221698925
2023-05-16,123.46,942134390,116315910927
2023-05-17,125.71,942134390,118435713304
2023-05-18,126.15,942134390,118850254736
2023-05-19,127.26,942134390,119896024484
2023-05-22,127.50,942134390,120122134725
2023-05-23,128.18,942134390,120762779210
2023-05-24,125.68,942134390,118407450423
2023-05-25,126.76,942134390,119424957289
2023-05-26,128.89,942134390,121431700952
2023-05-30,129.48,942134390,121987556792
2023-05-31,128.59,942134390,121149057760
2023-06-01,129.82,942134390,122307893410
2023-06-02,132.42,942134390,124757434199
2023-06-05,132.64,942134390,124964704915
2023-06-06,132.69,942134390,125011814509
2023-06-07,134.38,942134390,126604023928
2023-06-08,134.41,942134390,126632286810
2023-06-09,135.30,942134390,127470785842
2023-06-12,136.42,942134390,128525971759
2023-06-13,137.60,942134390,129637697814
2023-06-14,137.20,942134390,129260835433
2023-06-15,138.40,942134390,130391393826
2023-06-16,137.48,942134390,129524631912
2023-06-20,135.96,942134390,128092597990
2023-06-21,133.69,942134390,125953948899
2023-06-22,131.17,942134390,123579766211
2023-06-23,129.43,942134390,121940447197
2023-06-26,131.34,942134390,123739927332
2023-06-27,132.34,942134390,124682061722
2023-06-28,131.76,942134390,124135622051
2023-06-29,134.06,942134390,126302534023
2023-06-30,133.81,942134390,126067000426
2023-07-03,133.67,942134390,125935102186
2023-07-05,134.24,942134390,126472125689
2023-07-06,132.16,942134390,124512484433
2023-07-07,132.08,942134390,124437111956
2023-07-10,132.90,942134390,125209654681
2023-07-11,134.44,942134390,126660549692
2023-07-12,132.84,942134390,125153128917
2023-07-13,133.92,942134390,126170635784
2023-07-14,133.40,942134390,125680721876
2023-07-17,134.24,942134390,126472125689
2023-07-18,135.36,942134390,127527311605
2023-07-19,135.48,942134390,127640363132
2023-07-20,138.38,942134390,130372561488
2023-07-21,138.94,942134390,130900154447
2023-07-24,139.54,942134390,131465426455
2023-07-25,140.33,942134390,132209720674
2023-07-26,141.07,942134390,132906905298
2023-07-27,142.97,942134390,134696954888
2023-07-28,143.45,942134390,135149175370
2023-07-31,144.18,942134390,135836929450
2023-08-01,143.33,942134390,135036123844
2023-08-02,144.17,942134390,135827513281
2023-08-03,144.45,942134390,136091309760
2023-08-04,144.24,942134390,135893469589
2023-08-07,146.18,942134390,137721198230
2023-08-08,145.91,942134390,137466832295
2023-08-09,142.49,942134390,134244734406
2023-08-10,143.25,942134390,134960751368
2023-08-11,143.12,942134390,134838269297
2023-08-14,141.91,942134390,133698294735
2023-08-15,141.87,942134390,133660601309
2023-08-16,140.64,942134390,132501780035
2023-08-17,140.66,942134390,132520626748
2023-08-18,141.41,942134390,133227227540
2023-08-21,142.28,942134390,134046879859
2023-08-22,141.49,942134390,133302600016
2023-08-23,143.41,942134390,135111496320
2023-08-24,143.55,942134390,135243394560
2023-08-25,145.35,942134390,136939239337
2023-08-28,146.02,942134390,137570467653
2023-08-29,146.45,942134390,137975578540
2023-08-30,146.86,942134390,138361857090
2023-08-31,146.83,942134390,138333594209
2023-09-01,147.94,942134390,139379363957
2023-09-05,148.13,942134390,139558371791
2023-09-06,148.06,942134390,139492415483
2023-09-07,147.52,942134390,138983669238
2023-09-08,147.68,942134390,139134399815
2023-09-11,148.38,942134390,139793905388
2023-09-12,146.30,942134390,137834264132
2023-09-13,146.55,942134390,138069797730
2023-09-14,147.35,942134390,138823508117
2023-09-15,145.99,942134390,137542204771
2023-09-18,145.09,942134390,136694275195
2023-09-19,146.52,942134390,138041534848
2023-09-20,149.83,942134390,141159997379
2023-09-21,147.38,942134390,138851770998
2023-09-22,146.91,942134390,138408966685
2023-09-25,146.48,942134390,138003841422
2023-09-26,143.24,942134390,134951335199
2023-09-27,143.17,942134390,134885378891
2023-09-28,141.58,942134390,133387388661
2023-09-29,140.30,942134390,132181457792
2023-10-02,140.80,942134390,132652524987
2023-10-03,140.39,942134390,132266246437
2023-10-04,141.07,942134390,132906905298
2023-10-05,141.52,942134390,133330862898
2023-10-06,142.03,942134390,133811346262
2023-10-09,142.20,942134390,133971507383
2023-10-10,142.11,942134390,133886718738
2023-10-11,143.23,942134390,134941904654
2023-10-12,141.24,942134390,133067066419
2023-10-13,138.46,942134390,130447933965
2023-10-16,139.21,942134390,131154534757
2023-10-17,140.32,942134390,132200304505
2023-10-18,139.97,942134390,131870551718
2023-10-19,138.01,942134390,130023961989
2023-10-20,137.16,942134390,129223156383
2023-10-23,136.38,942134390,128488292708
2023-10-24,137.79,942134390,129816691273
2023-10-25,137.08,942134390,129147783906
2023-10-26,143.76,942134390,135441234731
2023-10-27,142.52,942134390,134272997288
2023-10-30,142.63,942134390,134376632646
2023-10-31,144.64,942134390,136270317595
2023-11-01,145.40,942134390,136986334556
2023-11-02,147.01,942134390,138503171499
2023-11-03,147.90,942134390,139341670531
2023-11-06,148.97,942134390,140349761228
2023-11-07,148.83,942134390,140217862989
2023-11-08,148.03,942134390,139464152602
2023-11-09,146.62,942134390,138135739662
2023-11-10,149.02,942134390,140396870823
2023-11-13,148.10,942134390,139530108909
2023-11-14,150.41,942134390,141706437050
2023-11-15,152.58,942134390,143750866951
2023-11-16,153.06,942134390,144203087433
2023-11-17,152.89,942134390,144042926312
2023-11-20,154.35,942134390,145418448847
2023-11-21,153.91,942134390,145003907415
2023-11-22,155.13,942134390,146153312521
2023-11-24,155.18,942134390,146200407740
2023-11-27,155.57,942134390,146567853953
2023-11-28,155.65,942134390,146643212053
2023-11-29,156.41,942134390,147359243390
2023-11-30,158.56,942134390,149384826578
2023-12-01,160.55,942134390,151259679190
2023-12-04,161.10,942134390,151777855979
2023-12-05,161.39,942134390,152051068627
2023-12-06,160.28,942134390,151005298879
2023-12-07,160.22,942134390,150948773116
2023-12-08,161.96,942134390,152588092130
2023-12-11,163.51,942134390,154048388934
2023-12-12,164.71,942134390,155178961702
2023-12-13,163.62,942134390,154152024292
2023-12-14,162.91,942134390,153483116925
2023-12-15,162.23,942134390,152842458064
2023-12-18,162.74,942134390,153322955804
2023-12-19,161.56,942134390,152211229748
2023-12-20,160.05,942134390,150788611995
2023-12-21,160.78,942134390,151476366074
2023-12-22,162.14,942134390,152757669420
2023-12-26,163.21,942134390,153765760117
2023-12-27,163.46,942134390,154001293715
2023-12-28,163.75,942134390,154274506363
2023-12-29,163.55,942134390,154086082360
2024-01-02,161.50,942134390,152154703985
2024-01-03,160.10,942134390,150835721589
2024-01-04,160.86,942134390,151551738550
2024-01-05,159.16,942134390,149950112963
2024-01-08,161.14,942134390,151815535030
2024-01-09,160.08,942134390,150816874876
2024-01-10,161.23,942134390,151900323674
2024-01-11,162.16,942134390,152776516133
2024-01-12,165.80,942134390,156205884737
2024-01-16,166.96,942134390,157298764080
2024-01-17,166.08,942134390,156469681216
2024-01-18,166.84,942134390,157185698177
2024-01-19,171.48,942134390,161557201172
2024-01-22,172.83,942134390,162829088349
2024-01-23,173.94,942134390,163874858097
2024-01-24,173.93,942134390,163865427552
2024-01-25,190.43,942134390,179410644987
2024-01-26,187.42,942134390,176574825649
2024-01-29,187.14,942134390,176311029170
2024-01-30,187.87,942134390,176998783249
2024-01-31,183.66,942134390,173032405518
2024-02-01,186.90,942134390,176084911741
2024-02-02,185.79,942134390,175039141993
2024-02-05,183.42,942134390,172806288089
2024-02-06,183.41,942134390,172796871920
2024-02-07,183.74,942134390,173107777994
2024-02-08,184.36,942134390,173691896715
2024-02-09,186.34,942134390,175557318782
2024-02-12,186.16,942134390,175387741493
2024-02-13,183.70,942134390,173070084568
2024-02-14,183.57,942134390,172947616873
2024-02-15,186.87,942134390,176056648859
2024-02-16,187.64,942134390,176782096365
2024-02-20,183.44,942134390,172825134802
2024-02-21,179.70,942134390,169301547008
2024-02-22,184.21,942134390,173550582307
2024-02-23,185.72,942134390,174973200061
2024-02-26,184.13,942134390,173475209831
2024-02-27,184.87,942134390,174172380079
2024-02-28,185.30,942134390,174577505342
2024-02-29,185.03,942134390,174323125032
2024-03-01,188.20,942134390,177309689323
2024-03-04,193.06,942134390,181888463033
2024-03-05,191.95,942134390,180842693285
2024-03-06,196.16,942134390,184809085393
2024-03-07,196.54,942134390,185167086685
2024-03-08,195.95,942134390,184611230845
2024-03-11,191.73,942134390,180635422569
2024-03-12,197.78,942134390,186335338504
2024-03-13,196.70,942134390,185317831638
2024-03-14,193.43,942134390,182237048157
2024-03-15,191.07,942134390,180013624798
2024-03-18,191.69,942134390,180597743519
2024-03-19,193.34,942134390,182152259512
2024-03-20,193.96,942134390,182736392610
2024-03-21,191.90,942134390,180795583691
2024-03-22,190.84,942134390,179796923537
2024-03-25,188.79,942134390,177865545163
2024-03-26,188.50,942134390,177592332515
2024-03-27,190.80,942134390,179759244487
2024-03-28,190.96,942134390,179909989440
2024-04-01,189.83,942134390,178845372979
2024-04-02,188.88,942134390,177950348183
2024-04-03,190.90,942134390,179853449301
2024-04-04,187.94,942134390,177064739557
2024-04-05,189.14,942134390,178195297950
2024-04-08,189.82,942134390,178835956810
2024-04-09,189.31,942134390,178355459071
2024-04-10,186.04,942134390,175274675590
2024-04-11,185.90,942134390,175142777351
2024-04-12,182.27,942134390,171722839291
2024-04-15,181.25,942134390,170761858188
2024-04-16,183.75,942134390,173117194163
2024-04-17,183.10,942134390,172504812559
2024-04-18,181.47,942134390,170969128903
2024-04-19,181.58,942134390,171072764261
2024-04-22,181.90,942134390,171374239791
2024-04-23,182.19,942134390,171647466814
2024-04-24,184.10,942134390,173446946949
2024-04-25,168.91,942134390,159135923265
2024-04-26,167.13,942134390,157458925201
2024-04-29,167.43,942134390,157741554017
2024-04-30,166.20,942134390,156582732743
2024-05-01,164.43,942134390,154915150847
2024-05-02,164.69,942134390,155160114989
2024-05-03,165.71,942134390,156121096092
2024-05-06,168.61,942134390,158853280073
2024-05-07,168.38,942134390,158636593188
2024-05-08,169.90,942134390,160068627111
2024-05-09,166.27,942134390,156648689051
2024-05-10,167.15,942134390,157477757538
2024-05-13,167.56,942134390,157864036088
2024-05-14,167.36,942134390,157675612085
2024-05-15,168.26,942134390,158523527286
2024-05-16,168.97,942134390,159192449028
2024-05-17,169.03,942134390,159248974792
2024-05-20,169.92,942134390,160087473824
2024-05-21,173.47,942134390,163432053783
2024-05-22,173.69,942134390,163639324499
2024-05-23,170.67,942134390,160794074616
2024-05-24,170.89,942134390,161001345332
2024-05-28,169.66,942134390,159842524058
2024-05-29,167.05,942134390,157383552725
2024-05-30,165.63,942134390,156045723616
2024-05-31,166.85,942134390,157195128722
2024-06-03,165.28,942134390,155715970829
2024-06-04,165.81,942134390,156215300906
2024-06-05,167.38,942134390,157694458798
2024-06-06,168.20,942134390,158467001523
2024-06-07,170.01,942134390,160172262469
2024-06-10,170.38,942134390,160520861968
2024-06-11,169.32,942134390,159522201815
2024-06-12,169.00,942134390,159220711910
2024-06-13,169.12,942134390,159333763437
2024-06-14,169.21,942134390,159418566457
2024-06-17,169.50,942134390,159691779105
2024-06-18,170.55,942134390,160681023090
2024-06-20,173.92,942134390,163856011384
2024-06-21,172.46,942134390,162480503225
2024-06-24,175.01,942134390,164882934419
2024-06-25,172.60,942134390,162612401464
2024-06-26,171.87,942134390,161924633009
2024-06-27,170.85,942134390,160963666282
2024-06-28,172.95,942134390,162942139875
2024-07-01,175.10,942134390,164967737439
2024-07-02,177.30,942134390,167040430222
2024-07-03,175.73,942134390,165561272329
2024-07-05,176.02,942134390,165834499353
2024-07-08,177.64,942134390,167360752465
2024-07-09,176.48,942134390,166267873122
2024-07-10,177.84,942134390,167549176467
2024-07-11,178.31,942134390,167991980781
2024-07-12,182.83,942134390,172250432249
2024-07-15,182.88,942134390,172297541843
2024-07-16,185.81,942134390,175057988706
2024-07-17,187.45,942134390,176603088530
2024-07-18,185.22,942134390,174502132866
2024-07-19,183.25,942134390,172646126968
2024-07-22,184.15,942134390,173494042168
2024-07-23,184.10,942134390,173446946949
2024-07-24,184.02,942134390,173371574473
2024-07-25,191.98,942134390,180870956167
2024-07-26,191.75,942134390,180654269283
2024-07-29,191.50,942134390,180418735685
2024-07-30,191.04,942134390,179985347540
2024-07-31,192.14,942134390,181021701120
2024-08-01,189.66,942134390,178685211858
2024-08-02,189.12,942134390,178176451237
2024-08-05,183.31,942134390,172702652731
2024-08-06,186.80,942134390,175990706927
2024-08-07,186.80,942134390,175990706927
2024-08-08,192.61,942134390,181464505433
2024-08-09,191.45,942134390,180371626090
2024-08-12,189.48,942134390,178515620192
2024-08-13,190.99,942134390,179938252321
2024-08-14,192.32,942134390,181191292785
2024-08-15,193.95,942134390,182726962065
2024-08-16,193.78,942134390,182566800944
2024-08-19,194.73,942134390,183461825739
2024-08-20,196.03,942134390,184686603322
2024-08-21,197.21,942134390,185798329377
2024-08-22,195.96,942134390,184620661390
2024-08-23,196.10,942134390,184752559629
2024-08-26,197.98,942134390,186523762507
2024-08-27,198.73,942134390,187230363299
2024-08-28,198.46,942134390,186975997365
2024-08-29,198.90,942134390,187390524421
2024-08-30,202.13,942134390,190433628851
2024-09-03,201.28,942134390,189632808869
2024-09-04,204.11,942134390,192299050918
2024-09-05,202.59,942134390,190867002620
2024-09-06,200.74,942134390,189124062624
2024-09-09,203.53,942134390,191752611247
2024-09-10,205.32,942134390,193439039855
2024-09-11,209.89,942134390,197744586542
2024-09-12,211.61,942134390,199365058843
2024-09-13,214.79,942134390,202361039303
2024-09-16,217.16,942134390,204593907583
2024-09-17,214.13,942134390,201739241531
2024-09-18,214.94,942134390,202502368087
2024-09-19,213.89,942134390,201513124102
2024-09-20,217.70,942134390,205102653828
2024-09-23,220.50,942134390,207740632995
2024-09-24,220.97,942134390,208183437308
2024-09-25,221.23,942134390,208428387074
2024-09-26,223.43,942134390,210501079857
2024-09-27,220.84,942134390,208060955237
2024-09-30,221.08,942134390,208287072666
2024-10-01,219.35,942134390,206657184197
2024-10-02,219.73,942134390,207015185489
2024-10-03,222.72,942134390,209832172491
2024-10-04,226.00,942134390,212922372140
2024-10-07,227.12,942134390,213977558057
2024-10-08,228.62,942134390,215390759642
2024-10-09,234.30,942134390,220742090452
2024-10-10,233.02,942134390,219536159583
2024-10-11,233.26,942134390,219762262636
2024-10-14,235.26,942134390,221646531416
2024-10-15,232.96,942134390,219479633820
2024-10-16,233.67,942134390,220148541186
2024-10-17,232.88,942134390,219404261343
2024-10-18,232.20,942134390,218763602483
2024-10-21,231.75,942134390,218339644883
2024-10-22,232.25,942134390,218810712078
2024-10-23,232.75,942134390,219281779273
2024-10-24,218.39,942134390,205752728857
2024-10-25,214.67,942134390,202247987776
2024-10-28,212.91,942134390,200589836425
2024-10-29,210.43,942134390,198253332787
2024-10-30,204.90,942134390,193043330761
2024-10-31,206.72,942134390,194758022251
2024-11-01,208.25,942134390,196199486718
2024-11-04,206.32,942134390,194381174245
2024-11-05,207.57,942134390,195558842233
2024-11-06,213.60,942134390,201239911454
2024-11-07,213.69,942134390,201324700099
2024-11-08,213.72,942134390,201352962981
2024-11-11,213.57,942134390,201211648573
2024-11-12,210.86,942134390,198658458050
2024-11-13,210.92,942134390,198714983814
2024-11-14,208.99,942134390,196896671341
2024-11-15,204.99,942134390,193128133781
2024-11-18,208.09,942134390,196048741765
2024-11-19,210.25,942134390,198083755498
2024-11-20,214.60,942134390,202182045844
2024-11-21,222.40,942134390,209530682586
2024-11-22,222.97,942134390,210067706088
2024-11-25,226.13,942134390,213044854211
2024-11-26,228.83,942134390,215588614189
2024-11-27,226.92,942134390,213789134054
2024-11-29,227.41,942134390,214250785080
2024-12-02,227.39,942134390,214231938367
2024-12-03,229.00,942134390,215748775310
2024-12-04,233.49,942134390,219978963896
2024-12-05,234.75,942134390,221166048053
2024-12-06,238.04,942134390,224265663870
2024-12-09,230.00,942134390,216690909700
2024-12-10,231.72,942134390,218311382001
2024-12-11,230.12,942134390,216803961227
2024-12-12,232.26,942134390,218820128246
2024-12-13,230.82,942134390,217463466800
2024-12-16,229.33,942134390,216059681384
2024-12-17,228.97,942134390,215720512428
2024-12-18,220.17,942134390,207429726921
2024-12-19,223.92,942134390,210962730884
2024-12-20,223.36,942134390,210435137925
2024-12-23,221.93,942134390,209087878272
2024-12-24,224.41,942134390,211424381910
2024-12-26,224.89,942134390,211876602392
2024-12-27,222.78,942134390,209888698254
2024-12-30,220.25,942134390,207505099398
2024-12-31,219.83,942134390,207109404679
2025-01-02,219.94,942134390,207213040037
2025-01-03,222.65,942134390,209766216183
2025-01-06,222.67,942134390,209785062896
2025-01-07,223.96,942134390,211000424310
2025-01-08,223.18,942134390,210265546260
2025-01-10,219.75,942134390,207034032203
2025-01-13,217.40,942134390,204820010636
2025-01-14,217.75,942134390,205149763423
2025-01-15,220.03,942134390,207297828682
2025-01-16,222.66,942134390,209775646728
2025-01-17,224.79,942134390,211782383203
2025-01-21,224.26,942134390,211283053126
2025-01-22,223.26,942134390,210340918736
2025-01-23,226.04,942134390,212960051190
2025-01-24,224.80,942134390,211791813747
2025-01-27,224.13,942134390,211160585431
2025-01-28,225.66,942134390,212602049898
2025-01-29,228.63,942134390,215400190186
2025-01-30,258.27,942134390,243325038555
2025-01-31,255.70,942134390,240903760648
2025-02-03,260.73,942134390,245642709855
2025-02-04,264.46,942134390,249156852729
2025-02-05,263.30,942134390,248063973386
2025-02-06,253.44,942134390,238774542102
2025-02-07,252.34,942134390,237738188522
2025-02-10,249.27,942134390,234845843421
2025-02-11,254.70,942134390,239961626258
2025-02-12,255.81,942134390,241007396006
2025-02-13,259.19,942134390,244191814844
2025-02-14,261.28,942134390,246160872269
2025-02-18,263.07,942134390,247847300878
2025-02-19,264.32,942134390,249024968865
2025-02-20,264.74,942134390,249420649208
2025-02-21,261.48,942134390,246349310648
2025-02-24,261.87,942134390,246716728109
2025-02-25,257.75,942134390,242835139023
2025-02-26,255.84,942134390,241035658887
2025-02-27,253.23,942134390,238576687554
2025-02-28,252.44,942134390,237832407712
2025-03-03,250.19,942134390,235712605334
2025-03-04,253.21,942134390,238557855217
2025-03-05,251.35,942134390,236805484677
2025-03-06,248.69,942134390,234299403749
2025-03-07,261.54,942134390,246405836411
2025-03-10,256.90,942134390,242034319041
2025-03-11,248.95,942134390,234544353515
2025-03-12,249.63,942134390,235185012376
2025-03-13,245.80,942134390,231576635937
2025-03-14,248.35,942134390,233979081507
2025-03-17,252.97,942134390,238331737788
2025-03-18,246.95,942134390,232660084735
2025-03-19,252.29,942134390,237691078928
2025-03-20,243.32,942134390,229240146675
2025-03-21,243.87,942134390,229758309089
2025-03-24,248.45,942134390,234073286320
2025-03-25,249.90,942134390,235439378311
2025-03-26,250.34,942134390,235853919742
2025-03-27,246.21,942134390,231962914487
2025-03-28,244.00,942134390,229880791160
2025-03-31,248.66,942134390,234271140868
2025-04-01,250.34,942134390,235853919742
2025-04-02,249.98,942134390,235514750787
2025-04-03,243.49,942134390,229400307796
2025-04-04,227.48,942134390,214316727012
2025-04-07,225.78,942134390,212715101424
2025-04-08,221.03,942134390,208239963072
2025-04-09,235.31,942134390,221693641011
2025-04-10,229.55,942134390,216266952100
2025-04-11,235.48,942134390,221853802132
2025-04-14,239.06,942134390,225226644973
2025-04-15,240.70,942134390,226771744798
2025-04-16,238.57,942134390,224765008323
2025-04-17,238.81,942134390,224991111376
2025-04-21,236.22,942134390,222550986756
2025-04-22,240.90,942134390,226960168801
2025-04-23,245.48,942134390,231275146032
2025-04-24,229.33,942134390,216059681384
2025-04-25,232.41,942134390,218961457030
2025-04-28,236.16,942134390,222494460993
2025-04-29,239.39,942134390,225537551047
2025-04-30,241.82,942134390,227826945090
2025-05-01,239.66,942134390,225791931358
2025-05-02,245.55,942134390,231341102340
2025-05-05,249.18,942134390,234761040400
2025-05-06,249.12,942134390,234704514637
2025-05-07,253.37,942134390,238708585794
2025-05-08,254.14,942134390,239434033300
2025-05-09,249.20,942134390,234779887113
2025-05-12,253.69,942134390,239010075699
2025-05-13,258.59,942134390,243626528460
2025-05-14,257.82,942134390,242901095330
2025-05-15,266.68,942134390,251248392225
2025-05-16,266.76,942134390,251323779077
2025-05-19,268.41,942134390,252878295070
2025-05-20,266.95,942134390,251502786911
2025-05-21,260.87,942134390,245774593719
2025-05-22,258.37,942134390,243419257744
2025-05-23,258.63,942134390,243664221886
2025-05-27,263.23,942134390,247998045830
2025-05-28,260.24,942134390,245181044453
2025-05-29,258.69,942134390,243720747649
2025-05-30,259.06,942134390,244069332773
2025-06-02,263.90,942134390,248629259771
2025-06-03,265.20,942134390,249854051729
2025-06-04,265.52,942134390,250155512882
2025-06-05,266.86,942134390,251417969515
2025-06-06,268.87,942134390,253311668839
2025-06-09,272.08,942134390,256335912180
2025-06-10,276.24,942134390,260255194693
2025-06-11,281.52,942134390,265229663122
2025-06-12,281.03,942134390,264768026472
2025-06-13,277.22,942134390,261178496746
2025-06-16,281.83,942134390,265521722483
2025-06-17,283.05,942134390,266671127589
2025-06-18,283.21,942134390,266821872541
2025-06-20,280.97,942134390,264711500708
2025-06-23,289.18,942134390,272446416000
2025-06-24,293.79,942134390,276789670489
2025-06-25,291.06,942134390,274217633253
2025-06-26,291.93,942134390,275037285572
2025-06-27,289.70,942134390,272936344284
2025-06-30,294.78,942134390,277722374334
2025-07-01,291.20,942134390,274349545869
2025-07-02,287.65,942134390,271004951533
2025-07-03,291.97,942134390,275074978998
2025-07-07,292.47,942134390,275546046193
2025-07-08,290.42,942134390,273614682195
2025-07-09,290.14,942134390,273350885715
2025-07-10,287.43,942134390,270797680817
2025-07-11,283.59,942134390,267179888210
2025-07-14,283.79,942134390,267368326589
2025-07-15,282.70,942134390,266341403554
2025-07-16,281.92,942134390,265606539880
2025-07-17,282.00,942134390,265681897980
2025-07-18,285.87,942134390,269327953469
2025-07-21,284.71,942134390,268235074126
2025-07-22,281.96,942134390,265644204554
2025-07-23,282.01,942134390,265691328524
2025-07-24,260.51,942134390,245435439139
2025-07-25,259.72,942134390,244691144921
2025-07-28,263.21,942134390,247979184741
2025-07-29,262.41,942134390,247225488730
2025-07-30,260.26,942134390,245199905542
2025-07-31,253.15,942134390,238501315078
2025-08-01,250.05,942134390,235580707095
2025-08-04,251.98,942134390,237399019567
2025-08-05,250.67,942134390,236164825816
2025-08-06,252.28,942134390,237681662759
2025-08-07,250.16,942134390,235684342453
2025-08-08,242.27,942134390,228250902691
2025-08-11,236.30,942134390,222626359232
2025-08-12,234.77,942134390,221184894766
2025-08-13,240.07,942134390,226178209908
2025-08-14,237.11,942134390,223389485788
2025-08-15,239.72,942134390,225848457121
2025-08-18,239.45,942134390,225594076810
2025-08-19,241.28,942134390,227318184469
2025-08-20,242.55,942134390,228514699170
2025-08-21,239.40,942134390,225546967216
2025-08-22,242.09,942134390,228081311025
2025-08-25,239.43,942134390,225575230097
2025-08-26,242.63,942134390,228590071646
2025-08-27,244.84,942134390,230672180597
2025-08-28,245.73,942134390,231510679629
2025-08-29,243.49,942134390,229400307796
2025-09-02,241.50,942134390,227525455185
2025-09-03,244.10,942134390,229975010349
2025-09-04,247.18,942134390,232876771620
2025-09-05,248.53,942134390,234148658797
2025-09-08,256.09,942134390,241271192485
2025-09-09,259.11,942134390,244116427992
2025-09-10,256.88,942134390,242015486703
2025-09-11,257.01,942134390,242137968774
2025-09-12,253.44,942134390,238774542102
2025-09-15,256.24,942134390,241412506893
2025-09-16,257.52,942134390,242618437762
2025-09-17,259.08,942134390,244088165110
2025-09-18,265.00,942134390,249665613350
2025-09-19,266.40,942134390,250984595746
2025-09-22,271.37,942134390,255667004814
2025-09-23,272.24,942134390,256486657133
2025-09-24,267.53,942134390,252049212207
2025-09-25,281.44,942134390,265154305022
2025-09-26,284.31,942134390,267858226121
2025-09-29,279.80,942134390,263609190821
2025-09-30,282.16,942134390,265832642933
2025-10-01,286.49,942134390,269912072191
2025-10-02,286.72,942134390,270128773451
2025-10-03,288.37,942134390,271683289444
2025-10-06,289.42,942134390,272672547805
2025-10-07,293.87,942134390,276865028589
2025-10-08,289.46,942134390,272710212479
2025-10-09,288.23,942134390,271551405580
2025-10-10,277.82,942134390,261743783130
2025-10-13,277.22,942134390,261178496746
2025-10-14,276.15,942134390,260170406048
2025-10-15,280.75,942134390,264504229993
2025-10-16,275.97,942134390,260000828758
2025-10-17,281.28,942134390,265003560069
2025-10-20,283.65,942134390,267236413973
2025-10-21,282.05,942134390,265728993199
2025-10-22,287.51,942134390,270873067669
2025-10-23,285.00,942134390,268508301150
2025-10-24,307.46,942134390,289668631499
2025-10-27,313.09,942134390,294972852715
2025-10-28,312.57,942134390,294482953183
2025-10-29,308.21,942134390,290375232291
2025-10-30,310.06,942134390,292118186663
2025-10-31,307.41,942134390,289621536280
2025-11-03,304.73,942134390,287096623015
2025-11-04,300.85,942134390,283441136982
2025-11-05,306.77,942134390,289018556470
2025-11-06,312.42,942134390,294341638775
2025-11-07,306.38,942134390,288651139008
2025-11-10,309.13,942134390,291242008581
2025-11-11,313.72,942134390,295566401981
2025-11-12,314.98,942134390,296753500513
2025-11-13,304.86,942134390,287219076335
2025-11-14,305.69,942134390,288001063979
2025-11-17,297.17,942134390,279974089327
2025-11-18,289.95,942134390,273171877881
2025-11-19,288.53,942134390,271834034397
2025-11-20,290.40,942134390,273595821106
2025-11-21,297.44,942134390,280228455262
2025-11-24,304.12,942134390,286521906087
2025-11-25,304.48,942134390,286861089418
2025-11-26,303.21,942134390,285664560341
2025-11-28,308.58,942134390,290723817415
2025-12-01,305.67,942134390,287982231642
2025-12-02,301.78,942134390,284317315064
2025-12-03,302.62,942134390,285108704502
2025-12-04,307.99,942134390,290167961576
2025-12-05,307.94,942134390,290120866357
2025-12-08,309.18,942134390,291289103800
2025-12-09,310.48,942134390,292513895758
2025-12-10,312.67,942134390,294577172372
2025-12-11,310.74,942134390,292758831148
2025-12-12,309.24,942134390,291345629563
2025-12-15,308.66,942134390,290799204268
2025-12-16,303.18,942134390,285636297460
2025-12-17,303.32,942134390,285768210075
2025-12-18,300.45,942134390,283064288976
2025-12-19,300.98,942134390,283563619053
2025-12-22,302.79,942134390,285268879999
2025-12-23,303.78,942134390,286201583844
2025-12-24,304.56,942134390,286936447518
2025-12-26,305.09,942134390,287435777595
2025-12-29,305.74,942134390,288048159198
2025-12-30,302.05,942134390,284571680999
2025-12-31,296.21,942134390,279069619611
2026-01-02,291.50,942134390,274632174685
2026-01-05,294.97,942134390,277901382168
2026-01-06,302.47,942134390,284967390093
2026-01-07,296.73,942134390,279559547895
2026-01-08,302.72,942134390,285202923691
2026-01-09,304.22,942134390,286616125276
2026-01-12,312.18,942134390,294115506970
2026-01-13,303.16,942134390,285617465123
2026-01-14,309.03,942134390,291147789392
2026-01-15,297.95,942134390,280708953001
2026-01-16,305.67,942134390,287982231642
2026-01-20,291.35,942134390,274490860277
2026-01-21,297.54,942134390,280322674451
2026-01-22,294.67,942134390,277618753352
2026-01-23,292.44,942134390,275517783312
2026-01-26,296.33,942134390,279182671138
2026-01-27,293.86,942134390,276855598045
2026-01-28,294.16,942134390,277138255613
2026-01-29,309.24,942134390,291345629563
2026-01-30,306.70,942134390,288952628914
2026-02-02,314.73,942134390,296517966915
2026-02-03,294.31,942134390,277279570021
2026-02-04,289.05,942134390,272323933929
2026-02-05,289.89,942134390,273115352118
2026-02-06,298.93,942134390,281632226302
2026-02-09,296.34,942134390,279192101682
2026-02-10,291.76,942134390,274877138827
2026-02-11,272.81,942134390,257023680636
2026-02-12,259.52,942134390,244502706542
2026-02-13,262.38,942134390,247197225848
2026-02-17,258.31,942134390,243362731981
2026-02-18,260.79,942134390,245699235619
2026-02-19,256.28,942134390,241450200319
2026-02-20,257.16,942134390,242279283183
2026-02-23,223.35,942134390,210425721757
2026-02-24,229.32,942134390,216050265215
2026-02-25,237.54,942134390,223794596675
2026-02-26,242.01,942134390,228005938549
2026-02-27,240.21,942134390,226310108147
2026-03-02,239.37,942134390,225518704334
2026-03-03,245.28,942134390,231086722029
2026-03-04,250.06,942134390,235590123263
2026-03-05,256.55,942134390,241704566254
2026-03-06,258.85,942134390,243871492602
2026-03-09,253.33,942134390,238670906744
2026-03-10,250.20,942134390,235722021503
2026-03-11,248.87,942134390,234468981039
2026-03-12,247.68,942134390,233347838815
2026-03-13,246.28,942134390,232028856419
2026-03-16,249.25,942134390,234826996708
2026-03-17,256.11,942134390,241290024822
2026-03-18,251.60,942134390,237041018274
2026-03-19,250.37,942134390,235882182624
2026-03-20,241.77,942134390,227779835496
2026-03-23,248.44,942134390,234063870152
2026-03-24,240.59,942134390,226668109440
2026-03-25,241.39,942134390,227421819827
2026-03-26,241.67,942134390,227685616306
2026-03-27,236.34,942134390,222664038282
2026-03-30,237.25,942134390,223521384028
2026-03-31,242.39,942134390,228363954217
2026-04-01,243.14,942134390,229070555010
2026-04-02,248.16,942134390,233800073673
2026-04-06,246.74,942134390,232462244564
2026-04-07,245.07,942134390,230888881858
2026-04-08,241.74,942134390,227751572614
2026-04-09,237.18,942134390,223455427720
2026-04-10,230.76,942134390,217406926661
2026-04-13,237.82,942134390,224058407530
2026-04-14,240.27,942134390,226366633911
2026-04-15,244.80,942134390,230634501547
2026-04-16,251.00,942134390,236475731890
2026-04-17,253.47,942134390,238802804983
2026-04-20,253.71,942134390,239028922412
2026-04-21,255.68,942134390,240884913935
2026-04-22,251.86,942134390,237285968040
2026-04-23,231.08,942134390,217708416566
2026-04-24,231.98,942134390,218556331767
2026-04-27,228.05,942134390,214853750515
2026-04-28,233.04,942134390,219554991920
2026-04-29,227.10,942134390,213958725719
2026-04-30,230.98,942134390,217614197377
2026-05-01,232.20,942134390,218763602483
2026-05-04,229.48,942134390,216200995792
2026-05-05,229.03,942134390,215777038192
2026-05-06,225.74,942134390,212677422374
2026-05-07,231.31,942134390,217925103451
2026-05-08,229.76,942134390,216464792271
2026-05-11,223.55,942134390,210614145760
2026-05-12,219.22,942134390,206534702126
2026-05-13,214.64,942134390,202219724895
2026-05-14,218.37,942134390,205733882144
2026-05-15,219.30,942134390,206610074602
2026-05-18,222.75,942134390,209860435373
2026-05-19,222.33,942134390,209464740654
2026-05-20,225.00,942134390,211980237750
2026-05-21,252.97,942134390,238331737788
2026-05-22,253.84,942134390,239151390107
2026-05-26,250.69,942134390,236183672529
2026-05-27,255.20,942134390,240432693453
2026-05-28,264.22,942134390,248930749676
2026-05-29,297.80,942134390,280567609841
2026-06-01,320.42,942134390,301878713895
2026-06-02,329.23,942134390,310178915570
2026-06-03,305.63,942134390,287944538216
2026-06-04,301.77,942134390,284307884520
2026-06-05,284.84,942134390,268357556197
2026-06-08,280.82,942134390,264570186300
2026-06-09,277.49,942134390,261432862681
2026-06-10,272.36,942134390,256599708660
2026-06-11,274.85,942134390,258945642842
2026-06-12,272.24,942134390,256486657133
2026-06-15,268.71,942134390,253160923886
2026-06-16,270.81,942134390,255139411856
2026-06-17,262.35,942134390,247168962967
2026-06-18,249.10,942134390,234685682299
2026-06-22,252.22,942134390,237625136996
2026-06-23,264.94,942134390,249609087587
2026-06-24,262.96,942134390,247743651144
2026-06-25,258.27,942134390,243325038555
2026-06-26,271.63,942134390,255911968956
2026-06-29,278.00,942134390,261913360420
2026-06-30,281.21,942134390,264937603761
2026-07-01,286.25,942134390,269685969138
2026-07-02,289.52,942134390,272766738242
2026-07-06,299.52,942134390,282188082142
2026-07-07,306.13,942134390,288415605411
2026-07-08,302.05,942134390,284571680999
2026-07-09,295.30,942134390,278212273866
2026-07-10,287.56,942134390,270920162888
2026-07-13,290.23,942134390,273435674360
2026-07-14,217.07,942134390,204509118938
2026-07-15,211.20,942134390,198978780293
2026-07-16,219.05,942134390,206374541005
2026-07-17,212.67,942134390,200363718996
2026-07-20,213.00,942134390,200674625070
2026-07-21,210.50,942134390,198319289095
2026-07-22,205.77,942134390,193862997456
2026-07-23,206.65,942134390,194692065943
2026-07-24,214.19,942134390,201795767294
2026-07-27,216.28,942134390,203764824719
2026-07-28,227.55,942134390,214382683320
2026-07-29,226.44,942134390,213336913572
2026-07-30,221.74,942134390,208908884814
2026-07-31,223.65,942134390,210708350573
2026-08-03,226.31,942134390,213214431501
2026-08-04,235.15,942134390,221542896058
2026-08-05,235.92,942134390,222268343564
2026-08-06,233.43,942134390,219922423757
2026-08-07,237.28,942134390,223549646909
2026-08-10,236.31,942134390,222635775401
2026-08-11,238.42,942134390,224623679539
2026-08-12,235.98,942134390,222324869327
2026-08-13,237.14,942134390,223417748670
2026-08-14,234.32,942134390,220760937165
2026-08-17,228.85,942134390,215607460902
2026-08-18,232.67,942134390,219206406796
2026-08-19,237.16,942134390,223436595383
2026-08-20,233.69,942134390,220167387899
2026-08-21,235.68,942134390,222042226135
2026-08-24,231.04,942134390,217670723140
2026-08-25,234.19,942134390,220638455094
2026-08-26,229.87,942134390,216568427629
2026-08-27,238.79,942134390,224972264663
2026-08-28,235.59,942134390,221957437490
2026-08-31,233.87,942134390,220336965189
2026-09-01,231.40,942134390,218009892096
2026-09-02,231.70,942134390,218292535288
2026-09-03,234.71,942134390,221128369002
2026-09-04,234.89,942134390,221297946292
2026-09-08,232.09,942134390,218659967125
2026-09-09,239.94,942134390,226055727837
2026-09-10,234.02,942134390,220478293973
2026-09-11,243.29,942134390,229211869418