Date,Close,Shares_Outstanding,Market_Cap
2012-05-18,38.23,2205128509,84302061890
2012-05-21,34.03,2205128509,75040520469
2012-05-22,31.00,2205128509,68358983779
2012-05-23,32.00,2205128509,70564112288
2012-05-24,33.03,2205128509,72835391960
2012-05-25,31.91,2205128509,70365650386
2012-05-29,28.84,2205128509,63595906536
2012-05-30,28.19,2205128509,62162573846
2012-05-31,29.60,2205128509,65271804708
2012-06-01,27.72,2205128509,61126160755
2012-06-04,26.90,2205128509,59317956051
2012-06-05,25.87,2205128509,57046676378
2012-06-06,26.81,2205128509,59119494149
2012-06-07,26.31,2205128509,58016929894
2012-06-08,27.10,2205128509,59758983435
2012-06-11,27.01,2205128509,59560521533
2012-06-12,27.40,2205128509,60420520305
2012-06-13,27.27,2205128509,60133855450
2012-06-14,28.29,2205128509,62383087538
2012-06-15,30.01,2205128509,66175907060
2012-06-18,31.41,2205128509,69263086131
2012-06-19,31.91,2205128509,70365650386
2012-06-20,31.60,2205128509,69682061726
2012-06-21,31.84,2205128509,70211292063
2012-06-22,33.05,2205128509,72879495540
2012-06-25,32.06,2205128509,70696423027
2012-06-26,33.10,2205128509,72989750283
2012-06-27,32.23,2205128509,71071290836
2012-06-28,31.36,2205128509,69152831388
2012-06-29,31.10,2205128509,68579497471
2012-07-02,30.77,2205128509,67851805231
2012-07-03,31.20,2205128509,68800011163
2012-07-05,31.47,2205128509,69395392664
2012-07-06,31.73,2205128509,69968726581
2012-07-09,32.17,2205128509,70938980097
2012-07-10,31.47,2205128509,69395392664
2012-07-11,30.97,2205128509,68292828410
2012-07-12,30.81,2205128509,67940008185
2012-07-13,30.72,2205128509,67741546282
2012-07-16,28.25,2205128509,62294880379
2012-07-17,28.09,2205128509,61942060154
2012-07-18,29.11,2205128509,64191292243
2012-07-19,29.00,2205128509,63948726761
2012-07-20,28.76,2205128509,63419496424
2012-07-23,28.75,2205128509,63397444634
2012-07-24,28.45,2205128509,62735907763
2012-07-25,29.34,2205128509,64698470791
2012-07-26,26.85,2205128509,59207701308
2012-07-27,23.71,2205128509,52283594930
2012-07-30,23.15,2205128509,51048724142
2012-07-31,21.71,2205128509,47873337912
2012-08-01,20.88,2205128509,46043081417
2012-08-02,20.04,2205128509,44190777339
2012-08-03,21.09,2205128509,46506160591
2012-08-06,21.92,2205128509,48336417086
2012-08-07,20.72,2205128509,45690261192
2012-08-08,20.72,2205128509,45690261192
2012-08-09,21.01,2205128509,46329750479
2012-08-10,21.81,2205128509,48093851604
2012-08-13,21.60,2205128509,47630776636
2012-08-14,20.38,2205128509,44940517163
2012-08-15,21.20,2205128509,46748726073
2012-08-16,19.87,2205128509,43815905324
2012-08-17,19.05,2205128509,42007696414
2012-08-20,20.01,2205128509,44124621970
2012-08-21,19.16,2205128509,42250261896
2012-08-22,19.44,2205128509,42867699393
2012-08-23,19.44,2205128509,42867699393
2012-08-24,19.41,2205128509,42801544023
2012-08-27,19.15,2205128509,42228210106
2012-08-28,19.34,2205128509,42647185701
2012-08-29,19.10,2205128509,42117955363
2012-08-30,19.09,2205128509,42095903573
2012-08-31,18.06,2205128509,39824619695
2012-09-04,17.73,2205128509,39096927455
2012-09-05,18.58,2205128509,40971287529
2012-09-06,18.96,2205128509,41809234512
2012-09-07,18.98,2205128509,41853338091
2012-09-10,18.81,2205128509,41478466077
2012-09-11,19.43,2205128509,42845647603
2012-09-12,20.93,2205128509,46153340366
2012-09-13,20.71,2205128509,45668209403
2012-09-14,22.00,2205128509,48512827198
2012-09-17,21.52,2205128509,47454366523
2012-09-18,21.87,2205128509,48226162342
2012-09-19,23.29,2205128509,51357444993
2012-09-20,22.59,2205128509,49813853355
2012-09-21,22.86,2205128509,50409239062
2012-09-24,20.79,2205128509,45844623721
2012-09-25,20.28,2205128509,44720007677
2012-09-26,20.62,2205128509,45469751706
2012-09-27,20.32,2205128509,44808210630
2012-09-28,21.66,2205128509,47763083168
2012-10-01,21.99,2205128509,48490775408
2012-10-02,22.27,2205128509,49108212905
2012-10-03,21.83,2205128509,48137955183
2012-10-04,21.95,2205128509,48402572455
2012-10-05,20.91,2205128509,46109236787
2012-10-08,20.40,2205128509,44984620742
2012-10-09,20.23,2205128509,44609748728
2012-10-10,19.64,2205128509,43308722571
2012-10-11,19.75,2205128509,43551288053
2012-10-12,19.52,2205128509,43044109505
2012-10-15,19.52,2205128509,43044109505
2012-10-16,19.48,2205128509,42955902346
2012-10-17,19.88,2205128509,43837952908
2012-10-18,18.98,2205128509,41853338091
2012-10-19,19.00,2205128509,41897441671
2012-10-22,19.32,2205128509,42603082121
2012-10-23,19.50,2205128509,43000005926
2012-10-24,23.23,2205128509,51225134255
2012-10-25,22.56,2205128509,49747697985
2012-10-26,21.94,2205128509,48380520665
2012-10-31,21.11,2205128509,46550264171
2012-11-01,21.21,2205128509,46770773657
2012-11-02,21.18,2205128509,46704622494
2012-11-05,21.25,2205128509,46858980816
2012-11-06,21.17,2205128509,46682570704
2012-11-07,20.47,2205128509,45138979065
2012-11-08,19.99,2205128509,44080518390
2012-11-09,19.21,2205128509,42360516639
2012-11-12,20.07,2205128509,44256928503
2012-11-13,19.86,2205128509,43793853535
2012-11-14,22.36,2205128509,49306674807
2012-11-15,22.17,2205128509,48887699213
2012-11-16,23.56,2205128509,51952826494
2012-11-19,22.92,2205128509,50541545595
2012-11-20,23.10,2205128509,50938469399
2012-11-21,24.32,2205128509,53628724666
2012-11-23,24.00,2205128509,52923084216
2012-11-26,25.94,2205128509,57201034701
2012-11-27,26.15,2205128509,57664109669
2012-11-28,26.36,2205128509,58127188843
2012-11-29,27.32,2205128509,60244110193
2012-11-30,28.00,2205128509,61743598252
2012-12-03,27.04,2205128509,59626676902
2012-12-04,27.46,2205128509,60552826838
2012-12-05,27.71,2205128509,61104108966
2012-12-06,26.97,2205128509,59472314374
2012-12-07,27.49,2205128509,60618982208
2012-12-10,27.84,2205128509,61390778027
2012-12-11,27.98,2205128509,61699494672
2012-12-12,27.58,2205128509,60817444110
2012-12-13,28.24,2205128509,62272828589
2012-12-14,26.81,2205128509,59119494149
2012-12-17,26.75,2205128509,58987187616
2012-12-18,27.71,2205128509,61104108966
2012-12-19,27.41,2205128509,60442572095
2012-12-20,27.36,2205128509,60332317352
2012-12-21,26.26,2205128509,57906675151
2012-12-24,26.93,2205128509,59384111420
2012-12-26,26.51,2205128509,58457957278
2012-12-27,26.05,2205128509,57443595977
2012-12-28,25.91,2205128509,57134879332
2012-12-31,26.62,2205128509,58700522760
2013-01-02,28.00,2205128509,61743598252
2013-01-03,27.77,2205128509,61236419704
2013-01-04,28.76,2205128509,63419496424
2013-01-07,29.42,2205128509,64874880903
2013-01-08,29.06,2205128509,64081033294
2013-01-09,30.59,2205128509,67454881427
2013-01-10,31.30,2205128509,69020520649
2013-01-11,31.72,2205128509,69946674791
2013-01-14,30.95,2205128509,68248729036
2013-01-15,30.10,2205128509,66374368962
2013-01-16,29.85,2205128509,65823086835
2013-01-17,30.14,2205128509,66462571915
2013-01-18,29.66,2205128509,65404111240
2013-01-22,30.73,2205128509,67763598072
2013-01-23,30.82,2205128509,67962059974
2013-01-24,31.08,2205128509,68535393891
2013-01-25,31.54,2205128509,69549755193
2013-01-28,32.47,2205128509,71600525379
2013-01-29,30.79,2205128509,67895908811
2013-01-30,31.24,2205128509,68888214116
2013-01-31,30.98,2205128509,68314880199
2013-02-01,29.73,2205128509,65558469563
2013-02-04,28.11,2205128509,61986163734
2013-02-05,28.64,2205128509,63154879152
2013-02-06,29.05,2205128509,64058981504
2013-02-07,28.65,2205128509,63176930942
2013-02-08,28.55,2205128509,62956417250
2013-02-11,28.26,2205128509,62316932169
2013-02-12,27.37,2205128509,60354369142
2013-02-13,27.91,2205128509,61545136350
2013-02-14,28.50,2205128509,62846162507
2013-02-15,28.32,2205128509,62449238702
2013-02-19,28.93,2205128509,63794368438
2013-02-20,28.46,2205128509,62757955347
2013-02-21,27.28,2205128509,60155907240
2013-02-22,27.13,2205128509,59825134599
2013-02-25,27.27,2205128509,60133855450
2013-02-26,27.39,2205128509,60398468516
2013-02-27,26.87,2205128509,59251804887
2013-02-28,27.25,2205128509,60089751870
2013-03-01,27.78,2205128509,61258471494
2013-03-04,27.72,2205128509,61126160755
2013-03-05,27.52,2205128509,60685137577
2013-03-06,27.45,2205128509,60530779254
2013-03-07,28.58,2205128509,63022572619
2013-03-08,27.96,2205128509,61655391093
2013-03-11,28.14,2205128509,62052314897
2013-03-12,27.83,2205128509,61368726237
2013-03-13,27.08,2205128509,59714879855
2013-03-14,27.04,2205128509,59626676902
2013-03-15,26.65,2205128509,58766673924
2013-03-18,26.49,2205128509,58413853699
2013-03-19,26.55,2205128509,58546160232
2013-03-20,25.86,2205128509,57024624589
2013-03-21,25.74,2205128509,56760007317
2013-03-22,25.73,2205128509,56737955527
2013-03-25,25.13,2205128509,55414877581
2013-03-26,25.21,2205128509,55591287693
2013-03-27,26.09,2205128509,57531803136
2013-03-28,25.58,2205128509,56407187092
2013-04-01,25.53,2205128509,56296932349
2013-04-02,25.42,2205128509,56054366867
2013-04-03,26.25,2205128509,57884623361
2013-04-04,27.07,2205128509,59692828066
2013-04-05,27.39,2205128509,60398468516
2013-04-08,26.85,2205128509,59207701308
2013-04-09,26.59,2205128509,58634367391
2013-04-10,27.57,2205128509,60795392320
2013-04-11,28.02,2205128509,61787701832
2013-04-12,27.40,2205128509,60420520305
2013-04-15,26.52,2205128509,58480009068
2013-04-16,26.92,2205128509,59362059631
2013-04-17,26.63,2205128509,58722570344
2013-04-18,25.69,2205128509,56649752574
2013-04-19,25.73,2205128509,56737955527
2013-04-22,25.97,2205128509,57267185865
2013-04-23,25.98,2205128509,57289237654
2013-04-24,26.11,2205128509,57575906716
2013-04-25,26.14,2205128509,57642057879
2013-04-26,26.85,2205128509,59207701308
2013-04-29,26.98,2205128509,59494366163
2013-04-30,27.77,2205128509,61236419704
2013-05-01,27.43,2205128509,60486675675
2013-05-02,28.97,2205128509,63882571392
2013-05-03,28.31,2205128509,62427186912
2013-05-06,27.57,2205128509,60795392320
2013-05-07,26.89,2205128509,59295904261
2013-05-08,27.12,2205128509,59803087015
2013-05-09,27.04,2205128509,59626676902
2013-05-10,26.68,2205128509,58832829293
2013-05-13,26.82,2205128509,59141545938
2013-05-14,27.07,2205128509,59692828066
2013-05-15,26.60,2205128509,58656419181
2013-05-16,26.13,2205128509,57620006090
2013-05-17,26.25,2205128509,57884623361
2013-05-20,25.76,2205128509,56804110897
2013-05-21,25.66,2205128509,56583597204
2013-05-22,25.16,2205128509,55481032950
2013-05-23,25.06,2205128509,55260519258
2013-05-24,24.31,2205128509,53606672876
2013-05-28,24.10,2205128509,53143597908
2013-05-29,23.32,2205128509,51423596157
2013-05-30,24.55,2205128509,54135903214
2013-05-31,24.35,2205128509,53694880035
2013-06-03,23.85,2205128509,52592315781
2013-06-04,23.52,2205128509,51864623541
2013-06-05,22.90,2205128509,50497442015
2013-06-06,22.97,2205128509,50651800338
2013-06-07,23.29,2205128509,51357444993
2013-06-10,24.33,2205128509,53650776456
2013-06-11,24.03,2205128509,52989239585
2013-06-12,23.77,2205128509,52415905668
2013-06-13,23.73,2205128509,52327698509
2013-06-14,23.63,2205128509,52107184817
2013-06-17,24.02,2205128509,52967187796
2013-06-18,24.21,2205128509,53386159184
2013-06-19,24.31,2205128509,53606672876
2013-06-20,23.90,2205128509,52702570524
2013-06-21,24.53,2205128509,54091803840
2013-06-24,23.94,2205128509,52790777683
2013-06-25,24.25,2205128509,53474366343
2013-06-26,24.16,2205128509,53275904441
2013-06-27,24.66,2205128509,54378468695
2013-06-28,24.88,2205128509,54863595453
2013-07-01,24.81,2205128509,54709237131
2013-07-02,24.41,2205128509,53827186568
2013-07-03,24.52,2205128509,54069752050
2013-07-05,24.37,2205128509,53738983615
2013-07-08,24.71,2205128509,54488723439
2013-07-09,25.48,2205128509,56186673400
2013-07-10,25.80,2205128509,56892313850
2013-07-11,25.81,2205128509,56914365640
2013-07-12,25.91,2205128509,57134879332
2013-07-15,26.28,2205128509,57950778731
2013-07-16,26.32,2205128509,58038981684
2013-07-17,26.65,2205128509,58766673924
2013-07-18,26.18,2205128509,57730265039
2013-07-19,25.88,2205128509,57068723962
2013-07-22,26.05,2205128509,57443595977
2013-07-23,26.13,2205128509,57620006090
2013-07-24,26.51,2205128509,58457957278
2013-07-25,34.36,2205128509,75768216915
2013-07-26,34.01,2205128509,74996416890
2013-07-29,35.43,2205128509,78127703747
2013-07-30,37.63,2205128509,82978988149
2013-07-31,36.80,2205128509,81148727449
2013-08-01,37.49,2205128509,82670271504
2013-08-02,38.05,2205128509,83905138085
2013-08-05,39.19,2205128509,86418983239
2013-08-06,38.55,2205128509,85007702340
2013-08-07,38.87,2205128509,85713342789
2013-08-08,38.54,2205128509,84985654756
2013-08-09,38.50,2205128509,84897447597
2013-08-12,38.22,2205128509,84280014306
2013-08-13,37.02,2205128509,81633858413
2013-08-14,36.65,2205128509,80817963220
2013-08-15,36.56,2205128509,80619501317
2013-08-16,37.08,2205128509,81766169151
2013-08-19,37.81,2205128509,83375911954
2013-08-20,38.41,2205128509,84698985694
2013-08-21,38.32,2205128509,84500523792
2013-08-22,38.55,2205128509,85007702340
2013-08-23,40.55,2205128509,89417959358
2013-08-26,41.34,2205128509,91160012899
2013-08-27,39.64,2205128509,87411292751
2013-08-28,40.55,2205128509,89417959358
2013-08-29,41.28,2205128509,91027702160
2013-08-30,41.29,2205128509,91049758155
2013-09-03,41.87,2205128509,92328728316
2013-09-04,41.78,2205128509,92130266414
2013-09-05,42.66,2205128509,94070781857
2013-09-06,43.95,2205128509,96915399653
2013-09-09,44.04,2205128509,97113861555
2013-09-10,43.60,2205128509,96143599628
2013-09-11,45.04,2205128509,99318990064
2013-09-12,44.75,2205128509,98679500778
2013-09-13,44.31,2205128509,97709247262
2013-09-16,42.51,2205128509,93740009216
2013-09-17,45.07,2205128509,99385141228
2013-09-18,45.23,2205128509,99737961453
2013-09-19,45.98,2205128509,101391807834
2013-09-20,47.49,2205128509,104721556594
2013-09-23,47.19,2205128509,104060011311
2013-09-24,48.45,2205128509,106838477943
2013-09-25,49.46,2205128509,109065654036
2013-09-26,50.39,2205128509,111116424223
2013-09-27,51.24,2205128509,112990788502
2013-09-30,50.23,2205128509,110763603998
2013-10-01,50.42,2205128509,111182575386
2013-10-02,50.28,2205128509,110873858741
2013-10-03,49.18,2205128509,108448220746
2013-10-04,51.04,2205128509,112549761118
2013-10-07,50.52,2205128509,111403093284
2013-10-08,47.14,2205128509,103949756568
2013-10-09,46.77,2205128509,103133861375
2013-10-10,49.05,2205128509,108161551684
2013-10-11,49.11,2205128509,108293862423
2013-10-14,49.51,2205128509,109175908779
2013-10-15,49.50,2205128509,109153861196
2013-10-16,51.14,2205128509,112770270604
2013-10-17,52.21,2205128509,115129757436
2013-10-18,54.22,2205128509,119562070450
2013-10-21,53.85,2205128509,118746166845
2013-10-22,52.68,2205128509,116166170527
2013-10-23,51.90,2205128509,114446172982
2013-10-24,52.45,2205128509,115658991979
2013-10-25,51.95,2205128509,114556427725
2013-10-28,50.23,2205128509,110763603998
2013-10-29,49.40,2205128509,108933351709
2013-10-30,49.01,2205128509,108073344525
2013-10-31,50.21,2205128509,110719500418
2013-11-01,49.75,2205128509,109705143323
2013-11-04,48.22,2205128509,106331299396
2013-11-05,50.11,2205128509,110498990932
2013-11-06,49.12,2205128509,108315910007
2013-11-07,47.56,2205128509,104875914916
2013-11-08,47.53,2205128509,104809755341
2013-11-11,46.20,2205128509,101876938798
2013-11-12,46.61,2205128509,102781041150
2013-11-13,48.71,2205128509,107411807655
2013-11-14,48.99,2205128509,108029249357
2013-11-15,49.01,2205128509,108073344525
2013-11-18,45.83,2205128509,101061043605
2013-11-19,46.36,2205128509,102229759023
2013-11-20,46.43,2205128509,102384117346
2013-11-21,46.70,2205128509,102979503053
2013-11-22,46.23,2205128509,101943089962
2013-11-25,44.82,2205128509,98833859100
2013-11-26,45.89,2205128509,101193345932
2013-11-27,46.49,2205128509,102516428085
2013-11-29,47.01,2205128509,103663087507
2013-12-02,47.06,2205128509,103773350662
2013-12-03,46.73,2205128509,103045654216
2013-12-04,48.62,2205128509,107213345752
2013-12-05,48.34,2205128509,106595912462
2013-12-06,47.94,2205128509,105713857693
2013-12-09,48.84,2205128509,107698476716
2013-12-10,50.25,2205128509,110807707577
2013-12-11,49.38,2205128509,108889248130
2013-12-12,51.83,2205128509,114291814659
2013-12-13,53.32,2205128509,117577451427
2013-12-16,53.81,2205128509,118657968098
2013-12-17,54.86,2205128509,120973351350
2013-12-18,55.57,2205128509,122538990572
2013-12-19,55.05,2205128509,121392322738
2013-12-20,55.12,2205128509,121546681061
2013-12-23,57.77,2205128509,127390274974
2013-12-24,57.96,2205128509,127809246363
2013-12-26,57.73,2205128509,127302067815
2013-12-27,55.44,2205128509,122252321511
2013-12-30,53.71,2205128509,118437450200
2013-12-31,54.65,2205128509,120510276382
2014-01-02,54.71,2205128509,120642578709
2014-01-03,54.56,2205128509,120311814479
2014-01-06,57.20,2205128509,126133352397
2014-01-07,57.92,2205128509,127721039204
2014-01-08,58.23,2205128509,128404632070
2014-01-09,57.22,2205128509,126177455977
2014-01-10,57.94,2205128509,127765142783
2014-01-13,55.91,2205128509,123288734602
2014-01-14,57.74,2205128509,127324123811
2014-01-15,57.60,2205128509,127015398754
2014-01-16,57.19,2205128509,126111296401
2014-01-17,56.30,2205128509,124148733374
2014-01-21,58.51,2205128509,129022065360
2014-01-22,57.51,2205128509,126816936851
2014-01-23,56.63,2205128509,124876429820
2014-01-24,54.45,2205128509,120069248997
2014-01-27,53.55,2205128509,118084629975
2014-01-28,55.14,2205128509,121590784640
2014-01-29,53.53,2205128509,118040526395
2014-01-30,61.08,2205128509,134689253367
2014-01-31,62.57,2205128509,137974890135
2014-02-03,61.48,2205128509,135571299724
2014-02-04,62.75,2205128509,138371813940
2014-02-05,62.19,2205128509,137136938946
2014-02-06,62.16,2205128509,137070787783
2014-02-07,64.32,2205128509,141833865026
2014-02-10,63.55,2205128509,140135915065
2014-02-11,64.85,2205128509,143002580444
2014-02-12,64.45,2205128509,142120525676
2014-02-13,67.33,2205128509,148471306549
2014-02-14,67.09,2205128509,147942063593
2014-02-18,67.30,2205128509,148405155385
2014-02-19,68.06,2205128509,150081040939
2014-02-20,69.63,2205128509,153543092025
2014-02-21,68.59,2205128509,151249756357
2014-02-24,70.78,2205128509,156078993175
2014-02-25,69.85,2205128509,154028222989
2014-02-26,69.26,2205128509,152727205244
2014-02-27,68.94,2205128509,152021564794
2014-02-28,68.46,2205128509,150963095707
2014-03-03,67.41,2205128509,148647720867
2014-03-04,68.80,2205128509,151712848149
2014-03-05,71.57,2205128509,157821046716
2014-03-06,70.84,2205128509,156211295502
2014-03-07,69.80,2205128509,153917976658
2014-03-10,72.03,2205128509,158835403811
2014-03-11,70.10,2205128509,154579505116
2014-03-12,70.88,2205128509,156299502661
2014-03-13,68.83,2205128509,151778999312
2014-03-14,67.72,2205128509,149331305321
2014-03-17,68.74,2205128509,151580528998
2014-03-18,69.19,2205128509,152572846921
2014-03-19,68.24,2205128509,150477964743
2014-03-20,66.97,2205128509,147677458940
2014-03-21,67.24,2205128509,148272836234
2014-03-24,64.10,2205128509,141348734062
2014-03-25,64.89,2205128509,143090787603
2014-03-26,60.39,2205128509,133167709313
2014-03-27,60.97,2205128509,134446687886
2014-03-28,60.01,2205128509,132329758124
2014-03-31,60.24,2205128509,132836945083
2014-04-01,62.62,2205128509,138085144878
2014-04-02,62.72,2205128509,138305662776
2014-04-03,59.49,2205128509,131183098702
2014-04-04,56.75,2205128509,125141042886
2014-04-07,56.95,2205128509,125582070270
2014-04-08,58.19,2205128509,128316424910
2014-04-09,62.41,2205128509,137622069910
2014-04-10,59.16,2205128509,130455402256
2014-04-11,58.53,2205128509,129066168940
2014-04-14,58.89,2205128509,129860016549
2014-04-15,59.09,2205128509,130301043933
2014-04-16,59.72,2205128509,131690277249
2014-04-17,58.94,2205128509,129970271292
2014-04-21,61.24,2205128509,135042073592
2014-04-22,63.03,2205128509,138989247230
2014-04-23,61.36,2205128509,135306686658
2014-04-24,60.87,2205128509,134226169987
2014-04-25,57.71,2205128509,127257964236
2014-04-28,56.14,2205128509,123795913149
2014-04-29,58.15,2205128509,128228226163
2014-04-30,59.78,2205128509,131822579576
2014-05-01,61.15,2205128509,134843611690
2014-05-02,60.46,2205128509,133322067635
2014-05-05,61.22,2205128509,134997970013
2014-05-06,58.53,2205128509,129066168940
2014-05-07,57.39,2205128509,126552323786
2014-05-08,56.76,2205128509,125163090470
2014-05-09,57.24,2205128509,126221559556
2014-05-12,59.83,2205128509,131932842731
2014-05-13,59.83,2205128509,131932842731
2014-05-14,59.23,2205128509,130609760579
2014-05-15,57.92,2205128509,127721039204
2014-05-16,58.02,2205128509,127941557102
2014-05-19,59.21,2205128509,130565656999
2014-05-20,58.56,2205128509,129132328515
2014-05-21,60.49,2205128509,133388227211
2014-05-22,60.52,2205128509,133454378374
2014-05-23,61.35,2205128509,135284630662
2014-05-27,63.48,2205128509,139981556742
2014-05-28,63.51,2205128509,140047707905
2014-05-29,63.83,2205128509,140753356767
2014-05-30,63.30,2205128509,139584632937
2014-06-02,63.08,2205128509,139099510385
2014-06-03,62.87,2205128509,138636427005
2014-06-04,63.34,2205128509,139672840097
2014-06-05,63.19,2205128509,139342067455
2014-06-06,62.50,2205128509,137820531813
2014-06-09,62.88,2205128509,138658483001
2014-06-10,65.77,2205128509,145031294634
2014-06-11,65.78,2205128509,145053350630
2014-06-12,64.29,2205128509,141767713862
2014-06-13,64.50,2205128509,142230788831
2014-06-16,64.19,2205128509,141547204376
2014-06-17,64.40,2205128509,142010279344
2014-06-18,65.60,2205128509,144656426826
2014-06-19,64.34,2205128509,141877960194
2014-06-20,64.50,2205128509,142230788831
2014-06-23,65.37,2205128509,144149256690
2014-06-24,65.72,2205128509,144921048303
2014-06-25,67.44,2205128509,148713872031
2014-06-26,67.13,2205128509,148030270753
2014-06-27,67.60,2205128509,149066683844
2014-06-30,67.29,2205128509,148383099389
2014-07-01,68.06,2205128509,150081040939
2014-07-02,66.45,2205128509,146530782694
2014-07-03,66.29,2205128509,146177970880
2014-07-07,65.29,2205128509,143972842371
2014-07-08,62.76,2205128509,138393861524
2014-07-09,64.97,2205128509,143267201922
2014-07-10,64.87,2205128509,143046692435
2014-07-11,66.34,2205128509,146288217212
2014-07-14,67.90,2205128509,149728229126
2014-07-15,67.17,2205128509,148118477912
2014-07-16,67.66,2205128509,149199002994
2014-07-17,66.41,2205128509,146442592358
2014-07-18,68.42,2205128509,150874888548
2014-07-21,69.40,2205128509,153035921889
2014-07-22,69.27,2205128509,152749244416
2014-07-23,71.29,2205128509,157203613425
2014-07-24,74.98,2205128509,165340543007
2014-07-25,75.19,2205128509,165803617975
2014-07-28,74.92,2205128509,165208223857
2014-07-29,73.71,2205128509,162540020380
2014-07-30,74.68,2205128509,164678997725
2014-07-31,72.65,2205128509,160202589544
2014-08-01,72.36,2205128509,159563100257
2014-08-04,73.51,2205128509,162099001407
2014-08-05,72.69,2205128509,160290796703
2014-08-06,72.47,2205128509,159805665739
2014-08-07,73.17,2205128509,161349248966
2014-08-08,73.06,2205128509,161106683484
2014-08-11,73.44,2205128509,161944643085
2014-08-12,72.83,2205128509,160599513348
2014-08-13,73.77,2205128509,162672322706
2014-08-14,74.30,2205128509,163841054948
2014-08-15,73.63,2205128509,162363606061
2014-08-18,74.59,2205128509,164480527411
2014-08-19,75.29,2205128509,166024127461
2014-08-20,74.81,2205128509,164965658375
2014-08-21,74.57,2205128509,164436432243
2014-08-22,74.57,2205128509,164436432243
2014-08-25,75.02,2205128509,165428733343
2014-08-26,75.96,2205128509,167501559525
2014-08-27,74.63,2205128509,164568734570
2014-08-28,73.86,2205128509,162870793021
2014-08-29,74.82,2205128509,164987714370
2014-09-02,76.68,2205128509,169089254743
2014-09-03,75.83,2205128509,167214898875
2014-09-04,75.95,2205128509,167479503529
2014-09-05,77.26,2205128509,170368233316
2014-09-08,77.89,2205128509,171757458220
2014-09-09,76.67,2205128509,169067198747
2014-09-10,77.43,2205128509,170743101125
2014-09-11,77.92,2205128509,171823609384
2014-09-12,77.48,2205128509,170853364280
2014-09-15,74.58,2205128509,164458488239
2014-09-16,76.08,2205128509,167766181002
2014-09-17,76.43,2205128509,168537972616
2014-09-18,77.00,2205128509,169794895193
2014-09-19,77.91,2205128509,171801570212
2014-09-22,76.80,2205128509,169353876221
2014-09-23,78.29,2205128509,172639512988
2014-09-24,78.54,2205128509,173190795116
2014-09-25,77.22,2205128509,170280026157
2014-09-26,78.79,2205128509,173742077243
2014-09-29,79.00,2205128509,174205152211
2014-09-30,79.04,2205128509,174293359370
2014-10-01,76.55,2205128509,168802594093
2014-10-02,77.08,2205128509,169971309511
2014-10-03,77.44,2205128509,170765157121
2014-10-06,77.56,2205128509,171029761774
2014-10-07,76.29,2205128509,168229255970
2014-10-08,77.52,2205128509,170941554615
2014-10-09,75.91,2205128509,167391313194
2014-10-10,72.91,2205128509,160775927667
2014-10-13,72.99,2205128509,160952325161
2014-10-14,73.59,2205128509,162275398902
2014-10-15,73.21,2205128509,161437456125
2014-10-16,72.63,2205128509,160158477552
2014-10-17,75.95,2205128509,167479503529
2014-10-20,76.95,2205128509,169684632038
2014-10-21,78.69,2205128509,173521567757
2014-10-22,78.37,2205128509,172815927307
2014-10-23,80.04,2205128509,176498487879
2014-10-24,80.67,2205128509,177887712783
2014-10-27,80.28,2205128509,177027714011
2014-10-28,80.77,2205128509,178108222269
2014-10-29,75.86,2205128509,167281050039
2014-10-30,74.11,2205128509,163422075148
2014-10-31,74.99,2205128509,165362582179
2014-11-03,73.88,2205128509,162914888188
2014-11-04,75.76,2205128509,167060540553
2014-11-05,74.83,2205128509,165009770366
2014-11-06,75.26,2205128509,165957976298
2014-11-07,75.60,2205128509,166707711916
2014-11-10,75.00,2205128509,165384638175
2014-11-11,74.61,2205128509,164524639402
2014-11-12,74.72,2205128509,164767204884
2014-11-13,74.25,2205128509,163730791793
2014-11-14,74.88,2205128509,165120016697
2014-11-17,74.24,2205128509,163708735797
2014-11-18,74.34,2205128509,163929245284
2014-11-19,73.33,2205128509,161702077603
2014-11-20,73.60,2205128509,162297454898
2014-11-21,73.75,2205128509,162628227539
2014-11-24,74.01,2205128509,163201565662
2014-11-25,75.63,2205128509,166773863079
2014-11-26,77.62,2205128509,171162080925
2014-11-28,77.70,2205128509,171338478420
2014-12-01,75.10,2205128509,165605147661
2014-12-02,75.46,2205128509,166398995270
2014-12-03,74.88,2205128509,165120016697
2014-12-04,75.24,2205128509,165913864306
2014-12-05,76.36,2205128509,168383614293
2014-12-08,76.52,2205128509,168736426106
2014-12-09,76.84,2205128509,169442066556
2014-12-10,76.18,2205128509,167986690489
2014-12-11,77.73,2205128509,171404646407
2014-12-12,77.83,2205128509,171625155893
2014-12-15,76.99,2205128509,169772839197
2014-12-16,74.69,2205128509,164701053721
2014-12-17,76.11,2205128509,167832332166
2014-12-18,78.40,2205128509,172882078470
2014-12-19,79.88,2205128509,176145659242
2014-12-22,81.45,2205128509,179607710329
2014-12-23,80.61,2205128509,177755410456
2014-12-24,80.77,2205128509,178108222269
2014-12-26,80.78,2205128509,178130278265
2014-12-29,80.02,2205128509,176454375888
2014-12-30,79.22,2205128509,174690283175
2014-12-31,78.02,2205128509,172044118870
2015-01-02,78.45,2205128509,172992324802
2015-01-05,77.19,2205128509,170213874993
2015-01-06,76.15,2205128509,167920539325
2015-01-07,76.15,2205128509,167920539325
2015-01-08,78.18,2205128509,172396947507
2015-01-09,77.74,2205128509,171426685579
2015-01-12,76.72,2205128509,169177461902
2015-01-13,76.45,2205128509,168582067784
2015-01-14,76.28,2205128509,168207199975
2015-01-15,74.05,2205128509,163289772821
2015-01-16,75.18,2205128509,165781561980
2015-01-20,76.24,2205128509,168118992815
2015-01-21,76.74,2205128509,169221557070
2015-01-22,77.65,2205128509,171228232089
2015-01-23,77.83,2205128509,171625155893
2015-01-26,77.50,2205128509,170897459448
2015-01-27,75.78,2205128509,167104635720
2015-01-28,76.24,2205128509,168118992815
2015-01-29,78.00,2205128509,172000023702
2015-01-30,75.91,2205128509,167391313194
2015-02-02,74.99,2205128509,165362582179
2015-02-03,75.40,2205128509,166266692943
2015-02-04,75.63,2205128509,166773863079
2015-02-05,75.61,2205128509,166729767911
2015-02-06,74.47,2205128509,164215922757
2015-02-09,74.44,2205128509,164149771594
2015-02-10,75.19,2205128509,165803617975
2015-02-11,76.51,2205128509,168714386934
2015-02-12,76.23,2205128509,168096953644
2015-02-13,75.74,2205128509,167016428561
2015-02-17,75.60,2205128509,166707711916
2015-02-18,76.71,2205128509,169155405907
2015-02-19,79.42,2205128509,175131302147
2015-02-20,79.90,2205128509,176189771234
2015-02-23,78.84,2205128509,173852323574
2015-02-24,78.45,2205128509,172992324802
2015-02-25,79.56,2205128509,175440018792
2015-02-26,80.41,2205128509,177314391484
2015-02-27,78.97,2205128509,174139001048
2015-03-02,79.75,2205128509,175858998593
2015-03-03,79.60,2205128509,175528225952
2015-03-04,80.90,2205128509,178394899743
2015-03-05,81.21,2205128509,179078484197
2015-03-06,80.01,2205128509,176432336716
2015-03-09,79.44,2205128509,175175414139
2015-03-10,77.55,2205128509,171007722602
2015-03-11,77.57,2205128509,171051817770
2015-03-12,78.93,2205128509,174050793888
2015-03-13,78.05,2205128509,172110286857
2015-03-16,78.07,2205128509,172154382025
2015-03-17,79.36,2205128509,174998999820
2015-03-18,80.91,2205128509,178416955739
2015-03-19,82.75,2205128509,182474384120
2015-03-20,83.80,2205128509,184789775784
2015-03-23,84.43,2205128509,186179000688
2015-03-24,85.31,2205128509,188119507719
2015-03-25,82.92,2205128509,182849251929
2015-03-26,83.01,2205128509,183047722243
2015-03-27,83.30,2205128509,183687211529
2015-03-30,83.20,2205128509,183466685219
2015-03-31,82.22,2205128509,181305668702
2015-04-01,81.67,2205128509,180092841292
2015-04-02,81.56,2205128509,179850275810
2015-04-06,82.44,2205128509,181790799666
2015-04-07,82.32,2205128509,181526178188
2015-04-08,82.28,2205128509,181437971029
2015-04-09,82.17,2205128509,181195405547
2015-04-10,82.04,2205128509,180908744897
2015-04-13,83.01,2205128509,183047722243
2015-04-14,83.52,2205128509,184172325669
2015-04-15,82.71,2205128509,182386176961
2015-04-16,82.31,2205128509,181504122192
2015-04-17,80.78,2205128509,178130278265
2015-04-20,83.09,2205128509,183224119737
2015-04-21,83.62,2205128509,184392851979
2015-04-22,84.63,2205128509,186620019660
2015-04-23,82.41,2205128509,181724648502
2015-04-24,81.53,2205128509,179784124647
2015-04-27,81.91,2205128509,180622084248
2015-04-28,80.68,2205128509,177909768779
2015-04-29,80.47,2205128509,177446693811
2015-04-30,78.77,2205128509,173697965251
2015-05-01,78.99,2205128509,174183096215
2015-05-04,78.81,2205128509,173786172411
2015-05-05,77.56,2205128509,171029761774
2015-05-06,78.10,2205128509,172220533188
2015-05-07,78.43,2205128509,172948229634
2015-05-08,78.51,2205128509,173124643952
2015-05-11,78.01,2205128509,172022079698
2015-05-12,77.46,2205128509,170809252288
2015-05-13,78.44,2205128509,172970285630
2015-05-14,81.37,2205128509,179431312834
2015-05-15,80.42,2205128509,177336430656
2015-05-18,80.88,2205128509,178350787751
2015-05-19,80.63,2205128509,177799505624
2015-05-20,80.55,2205128509,177623108129
2015-05-21,80.48,2205128509,177468749807
2015-05-22,80.54,2205128509,177601052134
2015-05-26,79.33,2205128509,174932848657
2015-05-27,80.55,2205128509,177623108129
2015-05-28,80.15,2205128509,176741053361
2015-05-29,79.19,2205128509,174624132011
2015-06-01,80.29,2205128509,177049770006
2015-06-02,80.44,2205128509,177380542648
2015-06-03,82.44,2205128509,181790799666
2015-06-04,82.05,2205128509,180930800893
2015-06-05,82.14,2205128509,181129254383
2015-06-08,80.67,2205128509,177887712783
2015-06-09,80.67,2205128509,177887712783
2015-06-10,82.16,2205128509,181173366375
2015-06-11,81.83,2205128509,180445669929
2015-06-12,81.53,2205128509,179784124647
2015-06-15,80.71,2205128509,177975919943
2015-06-16,81.06,2205128509,178747711556
2015-06-17,81.79,2205128509,180357462770
2015-06-18,82.91,2205128509,182827212757
2015-06-19,82.51,2205128509,181945157988
2015-06-22,84.74,2205128509,186862585142
2015-06-23,87.88,2205128509,193786687314
2015-06-24,88.86,2205128509,195947720656
2015-06-25,87.98,2205128509,194007213624
2015-06-26,88.01,2205128509,194073364788
2015-06-29,85.80,2205128509,189200032802
2015-06-30,85.77,2205128509,189133864814
2015-07-01,86.91,2205128509,191647726793
2015-07-02,87.29,2205128509,192485669569
2015-07-06,87.55,2205128509,193059007692
2015-07-07,87.22,2205128509,192331311247
2015-07-08,85.65,2205128509,188869260161
2015-07-09,85.88,2205128509,189376430296
2015-07-10,87.95,2205128509,193941045637
2015-07-13,90.10,2205128509,198682075296
2015-07-14,89.68,2205128509,197755925360
2015-07-15,89.76,2205128509,197932339679
2015-07-16,90.85,2205128509,200335921678
2015-07-17,94.97,2205128509,209421057192
2015-07-20,97.91,2205128509,215904140392
2015-07-21,98.39,2205128509,216962592655
2015-07-22,97.04,2205128509,213985672532
2015-07-23,95.44,2205128509,210457470283
2015-07-24,96.95,2205128509,213787202218
2015-07-27,94.17,2205128509,207656947655
2015-07-28,95.29,2205128509,210126697641
2015-07-29,96.99,2205128509,213875409377
2015-07-30,95.21,2205128509,209950283323
2015-07-31,94.01,2205128509,207304135842
2015-08-03,94.14,2205128509,207590796491
2015-08-04,94.06,2205128509,207414382173
2015-08-05,96.44,2205128509,212662598792
2015-08-06,95.12,2205128509,209751829833
2015-08-07,94.30,2205128509,207943625128
2015-08-10,94.15,2205128509,207612852487
2015-08-11,93.62,2205128509,206444137069
2015-08-12,94.19,2205128509,207701059646
2015-08-13,93.43,2205128509,206025157269
2015-08-14,94.42,2205128509,208208229782
2015-08-17,93.93,2205128509,207127721523
2015-08-18,95.17,2205128509,209862076164
2015-08-19,95.31,2205128509,210170792809
2015-08-20,90.56,2205128509,199696432391
2015-08-21,86.06,2205128509,189773354101
2015-08-24,82.09,2205128509,181018991228
2015-08-25,83.00,2205128509,183025666247
2015-08-26,87.19,2205128509,192265160083
2015-08-27,89.73,2205128509,197866188515
2015-08-28,91.01,2205128509,200688750315
2015-08-31,89.43,2205128509,197204643233
2015-09-01,87.23,2205128509,192353367243
2015-09-02,89.89,2205128509,198219000328
2015-09-03,88.15,2205128509,194382081433
2015-09-04,88.26,2205128509,194624646915
2015-09-08,89.53,2205128509,197425152719
2015-09-09,90.44,2205128509,199431827738
2015-09-10,91.98,2205128509,202827727660
2015-09-11,92.05,2205128509,202982085983
2015-09-14,92.31,2205128509,203555407282
2015-09-15,92.90,2205128509,204856441851
2015-09-16,93.45,2205128509,206069252437
2015-09-17,94.34,2205128509,208031815464
2015-09-18,94.40,2205128509,208164134614
2015-09-21,95.55,2205128509,210700035764
2015-09-22,92.96,2205128509,204988744178
2015-09-23,93.97,2205128509,207215928683
2015-09-24,94.41,2205128509,208186190610
2015-09-25,92.77,2205128509,204569764377
2015-09-28,89.21,2205128509,196719512269
2015-09-29,86.67,2205128509,191118483837
2015-09-30,89.90,2205128509,198241056324
2015-10-01,90.95,2205128509,200556431164
2015-10-02,92.07,2205128509,203026181151
2015-10-05,94.01,2205128509,207304135842
2015-10-06,92.80,2205128509,204635932365
2015-10-07,92.40,2205128509,203753877596
2015-10-08,92.47,2205128509,203908235919
2015-10-09,93.24,2205128509,205606177468
2015-10-12,94.26,2205128509,207855417969
2015-10-13,94.12,2205128509,207546701324
2015-10-14,94.07,2205128509,207436438169
2015-10-15,95.96,2205128509,211604129705
2015-10-16,97.54,2205128509,215088236787
2015-10-19,98.47,2205128509,217139006973
2015-10-20,97.00,2205128509,213897465373
2015-10-21,97.11,2205128509,214140030855
2015-10-22,99.67,2205128509,219785154454
2015-10-23,102.19,2205128509,225342087718
2015-10-26,103.77,2205128509,228826177976
2015-10-27,103.70,2205128509,228671819654
2015-10-28,104.20,2205128509,229774383908
2015-10-29,104.88,2205128509,231273871967
2015-10-30,101.97,2205128509,224856956755
2015-11-02,103.31,2205128509,227811820881
2015-11-03,102.58,2205128509,226202086491
2015-11-04,103.94,2205128509,229201062609
2015-11-05,108.76,2205128509,239829781350
2015-11-06,107.10,2205128509,236169259949
2015-11-09,106.49,2205128509,234824130213
2015-11-10,107.91,2205128509,237955425482
2015-11-11,109.01,2205128509,240381063477
2015-11-12,108.02,2205128509,238197974140
2015-11-13,103.95,2205128509,229223101781
2015-11-16,104.04,2205128509,229421572095
2015-11-17,105.13,2205128509,231825154095
2015-11-18,107.77,2205128509,237646692012
2015-11-19,106.26,2205128509,234316960077
2015-11-20,107.32,2205128509,236654390913
2015-11-23,106.95,2205128509,235838487308
2015-11-24,105.74,2205128509,233170283831
2015-11-25,105.41,2205128509,232442604209
2015-11-27,105.45,2205128509,232530794545
2015-11-30,104.24,2205128509,229862591067
2015-12-01,107.12,2205128509,236213371941
2015-12-02,106.07,2205128509,233897980277
2015-12-03,104.38,2205128509,230171307713
2015-12-04,106.18,2205128509,234140545759
2015-12-07,105.61,2205128509,232883623181
2015-12-08,106.49,2205128509,234824130213
2015-12-09,104.60,2205128509,230656438677
2015-12-10,105.42,2205128509,232464643381
2015-12-11,102.12,2205128509,225187729396
2015-12-14,104.66,2205128509,230788757827
2015-12-15,104.55,2205128509,230546192345
2015-12-16,106.79,2205128509,235485675495
2015-12-17,106.22,2205128509,234228752918
2015-12-18,104.04,2205128509,229421572095
2015-12-21,104.77,2205128509,231031306485
2015-12-22,105.51,2205128509,232663113695
2015-12-23,104.63,2205128509,230722589840
2015-12-24,105.02,2205128509,231582588613
2015-12-28,105.93,2205128509,233589263631
2015-12-29,107.26,2205128509,236522088586
2015-12-30,106.22,2205128509,234228752918
2015-12-31,104.66,2205128509,230788757827
2016-01-04,102.22,2205128509,225408238882
2016-01-05,102.73,2205128509,226532859132
2016-01-06,102.97,2205128509,227062085264
2016-01-07,97.92,2205128509,215926179564
2016-01-08,97.33,2205128509,214625161819
2016-01-11,97.51,2205128509,215022085623
2016-01-12,99.37,2205128509,219123625996
2016-01-13,95.44,2205128509,210457470283
2016-01-14,98.37,2205128509,216918497487
2016-01-15,94.97,2205128509,209421057192
2016-01-19,95.26,2205128509,210060546478
2016-01-20,94.35,2205128509,208053871459
2016-01-21,94.16,2205128509,207634908483
2016-01-22,97.94,2205128509,215970291555
2016-01-25,97.01,2205128509,213919521369
2016-01-26,97.34,2205128509,214647200991
2016-01-27,94.45,2205128509,208274380946
2016-01-28,109.11,2205128509,240601572963
2016-01-29,112.21,2205128509,247437467976
2016-02-01,115.09,2205128509,253788232025
2016-02-02,114.61,2205128509,252729779762
2016-02-03,112.69,2205128509,248495937063
2016-02-04,110.49,2205128509,243644644249
2016-02-05,104.07,2205128509,229487723259
2016-02-08,99.75,2205128509,219961568773
2016-02-09,99.54,2205128509,219498493805
2016-02-10,101.00,2205128509,222717979409
2016-02-11,101.91,2205128509,224724654428
2016-02-12,102.01,2205128509,224945163914
2016-02-16,101.61,2205128509,224063109145
2016-02-17,105.20,2205128509,231979512417
2016-02-18,103.47,2205128509,228164649518
2016-02-19,104.57,2205128509,230590287513
2016-02-22,107.16,2205128509,236301579100
2016-02-23,105.46,2205128509,232552850540
2016-02-24,106.88,2205128509,235684128985
2016-02-25,108.07,2205128509,238308237295
2016-02-26,107.92,2205128509,237977464654
2016-02-29,106.92,2205128509,235772336145
2016-03-01,109.82,2205128509,242167212185
2016-03-02,109.95,2205128509,242453872835
2016-03-03,109.58,2205128509,241637986054
2016-03-04,108.39,2205128509,239013877745
2016-03-07,105.73,2205128509,233148244659
2016-03-08,105.93,2205128509,233589263631
2016-03-09,107.51,2205128509,237073370713
2016-03-10,107.32,2205128509,236654390913
2016-03-11,109.41,2205128509,241263118245
2016-03-14,109.89,2205128509,242321570508
2016-03-15,110.67,2205128509,244041568053
2016-03-16,112.18,2205128509,247371316813
2016-03-17,111.02,2205128509,244813359667
2016-03-18,111.45,2205128509,245761565599
2016-03-21,111.85,2205128509,246643620367
2016-03-22,112.25,2205128509,247525675135
2016-03-23,112.54,2205128509,248165164422
2016-03-24,113.05,2205128509,249289784672
2016-03-28,113.69,2205128509,250701065572
2016-03-29,116.14,2205128509,256103623689
2016-03-30,114.70,2205128509,252928233253
2016-03-31,114.10,2205128509,251605159512
2016-04-01,116.06,2205128509,255927209371
2016-04-04,112.55,2205128509,248187220417
2016-04-05,112.22,2205128509,247459523972
2016-04-06,113.71,2205128509,250745160740
2016-04-07,113.64,2205128509,250590802417
2016-04-08,110.63,2205128509,243953360894
2016-04-11,108.99,2205128509,240336951485
2016-04-12,110.61,2205128509,243909265726
2016-04-13,110.51,2205128509,243688756240
2016-04-14,110.84,2205128509,244416435862
2016-04-15,109.64,2205128509,241770288381
2016-04-18,110.45,2205128509,243556437090
2016-04-19,112.29,2205128509,247613882294
2016-04-20,112.42,2205128509,247900542944
2016-04-21,113.44,2205128509,250149783445
2016-04-22,110.56,2205128509,243799002571
2016-04-25,110.10,2205128509,242784645476
2016-04-26,108.76,2205128509,239829781350
2016-04-27,108.89,2205128509,240116441999
2016-04-28,116.73,2205128509,257404658258
2016-04-29,117.58,2205128509,259279014126
2016-05-02,118.57,2205128509,261462086639
2016-05-03,117.43,2205128509,258948241485
2016-05-04,118.06,2205128509,260337466389
2016-05-05,117.81,2205128509,259786184262
2016-05-06,119.49,2205128509,263490800830
2016-05-09,119.24,2205128509,262939518702
2016-05-10,120.50,2205128509,265717985335
2016-05-11,119.52,2205128509,263556951993
2016-05-12,120.28,2205128509,265232854371
2016-05-13,119.81,2205128509,264196441280
2016-05-16,118.67,2205128509,261682596125
2016-05-17,117.35,2205128509,258771827166
2016-05-18,117.65,2205128509,259433372449
2016-05-19,116.81,2205128509,257581055753
2016-05-20,117.35,2205128509,258771827166
2016-05-23,115.97,2205128509,255728755881
2016-05-24,117.70,2205128509,259543618780
2016-05-25,117.89,2205128509,259962598580
2016-05-26,119.47,2205128509,263446705662
2016-05-27,119.38,2205128509,263248235348
2016-05-31,118.81,2205128509,261991312771
2016-06-01,118.78,2205128509,261925161607
2016-06-02,118.93,2205128509,262255934248
2016-06-03,118.47,2205128509,261241577153
2016-06-06,118.79,2205128509,261947217603
2016-06-07,117.76,2205128509,259675937931
2016-06-08,118.39,2205128509,261065162835
2016-06-09,118.56,2205128509,261440030643
2016-06-10,116.62,2205128509,257162092776
2016-06-13,113.95,2205128509,251274386871
2016-06-14,114.94,2205128509,253457476208
2016-06-15,114.60,2205128509,252707723767
2016-06-16,114.39,2205128509,252244648799
2016-06-17,113.02,2205128509,249223616685
2016-06-20,113.37,2205128509,249995425122
2016-06-21,114.38,2205128509,252222592803
2016-06-22,113.91,2205128509,251186196536
2016-06-23,115.08,2205128509,253766192853
2016-06-24,112.08,2205128509,247150807326
2016-06-27,108.97,2205128509,240292856318
2016-06-28,112.70,2205128509,248517976235
2016-06-29,114.16,2205128509,251737478663
2016-06-30,114.28,2205128509,252002083317
2016-07-01,114.19,2205128509,251803629826
2016-07-05,114.20,2205128509,251825668998
2016-07-06,116.70,2205128509,257338490271
2016-07-07,115.85,2205128509,255464134403
2016-07-08,117.24,2205128509,258529261684
2016-07-11,117.87,2205128509,259918503412
2016-07-12,117.93,2205128509,260050805739
2016-07-13,116.78,2205128509,257514904589
2016-07-14,117.29,2205128509,258639524839
2016-07-15,116.86,2205128509,257691318908
2016-07-18,119.37,2205128509,263226196176
2016-07-19,120.61,2205128509,265960550816
2016-07-20,121.92,2205128509,268849263780
2016-07-21,120.61,2205128509,265960550816
2016-07-22,121.00,2205128509,266820549589
2016-07-25,121.63,2205128509,268209774493
2016-07-26,121.22,2205128509,267305680553
2016-07-27,123.34,2205128509,271980542225
2016-07-28,125.00,2205128509,275641063625
2016-07-29,123.94,2205128509,273303632789
2016-08-01,124.31,2205128509,274119519570
2016-08-02,123.09,2205128509,271429260097
2016-08-03,122.51,2205128509,270150298348
2016-08-04,124.36,2205128509,274229782725
2016-08-05,125.15,2205128509,275971836266
2016-08-08,125.26,2205128509,276214401748
2016-08-09,125.06,2205128509,275773365952
2016-08-10,124.88,2205128509,275376442147
2016-08-11,124.90,2205128509,275420554139
2016-08-12,124.88,2205128509,275376442147
2016-08-15,123.90,2205128509,273215425630
2016-08-16,123.30,2205128509,271892351889
2016-08-17,124.37,2205128509,274251838721
2016-08-18,123.91,2205128509,273237481626
2016-08-19,123.56,2205128509,272465673188
2016-08-22,124.15,2205128509,273766707757
2016-08-23,124.37,2205128509,274251838721
2016-08-24,123.48,2205128509,272289275694
2016-08-25,123.89,2205128509,273193369634
2016-08-26,124.96,2205128509,275552856466
2016-08-29,126.54,2205128509,279036963548
2016-08-30,125.84,2205128509,277493363497
2016-08-31,126.12,2205128509,278110813612
2016-09-01,126.17,2205128509,278221059943
2016-09-02,126.51,2205128509,278970812384
2016-09-06,129.73,2205128509,286071312051
2016-09-07,131.05,2205128509,288982097834
2016-09-08,130.27,2205128509,287262100289
2016-09-09,127.10,2205128509,280271830129
2016-09-12,128.69,2205128509,283777993207
2016-09-13,127.21,2205128509,280514395611
2016-09-14,127.77,2205128509,281749262192
2016-09-15,128.35,2205128509,283028257589
2016-09-16,129.07,2205128509,284615952807
2016-09-19,128.65,2205128509,283689769224
2016-09-20,128.64,2205128509,283667730052
2016-09-21,129.94,2205128509,286534403843
2016-09-22,130.08,2205128509,286843120488
2016-09-23,127.96,2205128509,282168241993
2016-09-26,127.31,2205128509,280734905097
2016-09-27,128.69,2205128509,283777993207
2016-09-28,129.23,2205128509,284968747797
2016-09-29,128.09,2205128509,282454902642
2016-09-30,128.27,2205128509,282851843271
2016-10-03,128.77,2205128509,283954407525
2016-10-04,128.19,2205128509,282675428952
2016-10-05,128.47,2205128509,283292862243
2016-10-06,128.74,2205128509,283888256362
2016-10-07,128.99,2205128509,284439538489
2016-10-10,130.24,2205128509,287195949125
2016-10-11,128.88,2205128509,284196973007
2016-10-12,129.05,2205128509,284571840816
2016-10-13,127.82,2205128509,281859525347
2016-10-14,127.88,2205128509,281991827674
2016-10-17,127.54,2205128509,281242092057
2016-10-18,128.57,2205128509,283513388553
2016-10-19,130.11,2205128509,286909271652
2016-10-20,130.00,2205128509,286666706170
2016-10-21,132.07,2205128509,291231338334
2016-10-24,133.28,2205128509,293899524988
2016-10-25,132.29,2205128509,291716435651
2016-10-26,131.04,2205128509,288960025014
2016-10-27,129.69,2205128509,285983121716
2016-10-28,131.29,2205128509,289511307142
2016-10-31,130.99,2205128509,288849795507
2016-11-01,129.50,2205128509,285564141916
2016-11-02,127.17,2205128509,280426188452
2016-11-03,120.00,2205128509,264615421080
2016-11-04,120.75,2205128509,266269267462
2016-11-07,122.15,2205128509,269356450739
2016-11-08,124.22,2205128509,273921066080
2016-11-09,123.18,2205128509,271627730412
2016-11-10,120.80,2205128509,266379530617
2016-11-11,119.02,2205128509,262454387739
2016-11-14,115.08,2205128509,253766192853
2016-11-15,117.20,2205128509,258441054525
2016-11-16,116.34,2205128509,256544642662
2016-11-17,117.79,2205128509,259742089094
2016-11-18,117.02,2205128509,258044130721
2016-11-21,121.77,2205128509,268518491138
2016-11-22,121.47,2205128509,267856962680
2016-11-23,120.84,2205128509,266467720952
2016-11-25,120.38,2205128509,265453363857
2016-11-28,120.41,2205128509,265519531844
2016-11-29,120.87,2205128509,266533888939
2016-11-30,118.42,2205128509,261131313998
2016-12-01,115.10,2205128509,253810288021
2016-12-02,115.40,2205128509,254471833303
2016-12-05,117.43,2205128509,258948241485
2016-12-06,117.31,2205128509,258683620007
2016-12-07,117.95,2205128509,260094900907
2016-12-08,118.91,2205128509,262211839081
2016-12-09,119.68,2205128509,263909780630
2016-12-12,117.77,2205128509,259697977102
2016-12-13,120.31,2205128509,265299005534
2016-12-14,120.21,2205128509,265078496048
2016-12-15,120.57,2205128509,265872343657
2016-12-16,119.87,2205128509,264328760430
2016-12-19,119.24,2205128509,262939518702
2016-12-20,119.09,2205128509,262608746061
2016-12-21,119.04,2205128509,262498499730
2016-12-22,117.40,2205128509,258882090321
2016-12-23,117.27,2205128509,258595412848
2016-12-27,118.01,2205128509,260227220058
2016-12-28,116.92,2205128509,257823621235
2016-12-29,116.35,2205128509,256566698657
2016-12-30,115.05,2205128509,253700041690
2017-01-03,116.86,2205128509,257691318908
2017-01-04,118.69,2205128509,261726708117
2017-01-05,120.67,2205128509,266092853143
2017-01-06,123.41,2205128509,272134917371
2017-01-09,124.90,2205128509,275420554139
2017-01-10,124.35,2205128509,274207726729
2017-01-11,126.09,2205128509,278044645624
2017-01-12,126.62,2205128509,279213377866
2017-01-13,128.34,2205128509,283006184770
2017-01-17,127.87,2205128509,281969788502
2017-01-18,127.92,2205128509,282080034834
2017-01-19,127.55,2205128509,281264148052
2017-01-20,127.04,2205128509,280139527802
2017-01-23,128.93,2205128509,284307202515
2017-01-24,129.37,2205128509,285277464442
2017-01-25,131.48,2205128509,289930286942
2017-01-26,132.78,2205128509,292796960733
2017-01-27,132.18,2205128509,291473870169
2017-01-30,130.98,2205128509,288827722687
2017-01-31,130.32,2205128509,287372363444
2017-02-01,133.23,2205128509,293789261833
2017-02-02,130.84,2205128509,288519006042
2017-02-03,130.98,2205128509,288827722687
2017-02-06,132.06,2205128509,291209265515
2017-02-07,131.84,2205128509,290724134551
2017-02-08,134.20,2205128509,295928239178
2017-02-09,134.14,2205128509,295795936851
2017-02-10,134.19,2205128509,295906200006
2017-02-13,134.05,2205128509,295597483361
2017-02-14,133.85,2205128509,295156464389
2017-02-15,133.44,2205128509,294252353625
2017-02-16,133.84,2205128509,295134391569
2017-02-17,133.53,2205128509,294450807115
2017-02-21,133.72,2205128509,294869786915
2017-02-22,136.12,2205128509,300162081878
2017-02-23,135.36,2205128509,298486196324
2017-02-24,135.44,2205128509,298662610643
2017-02-27,136.41,2205128509,300801587988
2017-02-28,135.54,2205128509,298883103305
2017-03-01,137.42,2205128509,303028755669
2017-03-02,136.76,2205128509,301573362778
2017-03-03,137.17,2205128509,302477473542
2017-03-06,137.42,2205128509,303028755669
2017-03-07,137.30,2205128509,302764151015
2017-03-08,137.72,2205128509,303690300951
2017-03-09,138.24,2205128509,304836977197
2017-03-10,138.79,2205128509,306049770959
2017-03-13,139.60,2205128509,307835953315
2017-03-14,139.32,2205128509,307218520025
2017-03-15,139.72,2205128509,308100557969
2017-03-16,139.99,2205128509,308695952088
2017-03-17,139.84,2205128509,308365162623
2017-03-20,139.94,2205128509,308585688933
2017-03-21,138.51,2205128509,305432337668
2017-03-22,139.59,2205128509,307813880496
2017-03-23,139.53,2205128509,307681578169
2017-03-24,140.34,2205128509,309467726878
2017-03-27,140.32,2205128509,309423648534
2017-03-28,141.76,2205128509,312599005323
2017-03-29,142.65,2205128509,314561568350
2017-03-30,142.41,2205128509,314032359042
2017-03-31,142.05,2205128509,313238511433
2017-04-03,142.28,2205128509,313745681569
2017-04-04,141.73,2205128509,312532854159
2017-04-05,141.85,2205128509,312797492461
2017-04-06,141.17,2205128509,311297987578
2017-04-07,140.78,2205128509,310437988805
2017-04-10,141.04,2205128509,311011310104
2017-04-11,139.92,2205128509,308541576942
2017-04-12,139.58,2205128509,307791841324
2017-04-13,139.39,2205128509,307372861524
2017-04-17,141.42,2205128509,311849269705
2017-04-18,140.96,2205128509,310834929434
2017-04-19,142.27,2205128509,313723642397
2017-04-20,143.80,2205128509,317097486324
2017-04-21,143.68,2205128509,316832848022
2017-04-24,145.47,2205128509,320780046896
2017-04-25,146.49,2205128509,323029287397
2017-04-26,146.56,2205128509,323183628895
2017-04-27,147.70,2205128509,325697474050
2017-04-28,150.25,2205128509,331320558477
2017-05-01,152.46,2205128509,336193907287
2017-05-02,152.78,2205128509,336899530913
2017-05-03,151.80,2205128509,334738514396
2017-05-04,150.85,2205128509,332643649042
2017-05-05,150.24,2205128509,331298519305
2017-05-08,151.06,2205128509,333106707186
2017-05-09,150.48,2205128509,331827728613
2017-05-10,150.29,2205128509,331408748813
2017-05-11,150.04,2205128509,330857466685
2017-05-12,150.33,2205128509,331496972796
2017-05-15,150.19,2205128509,331188256150
2017-05-16,149.78,2205128509,330284145386
2017-05-17,144.85,2205128509,319412877988
2017-05-18,147.66,2205128509,325609283714
2017-05-19,148.06,2205128509,326491321659
2017-05-22,148.24,2205128509,326888262287
2017-05-23,148.07,2205128509,326513394478
2017-05-24,150.04,2205128509,330857466685
2017-05-25,151.96,2205128509,335091343033
2017-05-26,152.13,2205128509,335466210841
2017-05-30,152.38,2205128509,336017492969
2017-05-31,151.46,2205128509,333988778778
2017-06-01,151.53,2205128509,334143120277
2017-06-02,153.61,2205128509,338729791613
2017-06-05,153.63,2205128509,338773903605
2017-06-06,152.81,2205128509,336965682077
2017-06-07,153.12,2205128509,337649266531
2017-06-08,154.71,2205128509,341155446432
2017-06-09,149.60,2205128509,329887238405
2017-06-12,148.44,2205128509,327329281260
2017-06-13,150.68,2205128509,332268747585
2017-06-14,150.25,2205128509,331320558477
2017-06-15,149.80,2205128509,330328257378
2017-06-16,150.64,2205128509,332180557250
2017-06-19,152.87,2205128509,337097984404
2017-06-20,152.25,2205128509,335730815495
2017-06-21,153.91,2205128509,339391336896
2017-06-22,153.40,2205128509,338266699822
2017-06-23,155.07,2205128509,341949294041
2017-06-26,153.59,2205128509,338685679622
2017-06-27,150.58,2205128509,332048254923
2017-06-28,153.24,2205128509,337913904832
2017-06-29,151.04,2205128509,333062595194
2017-06-30,150.98,2205128509,332930292867
2017-07-03,148.43,2205128509,327307208440
2017-07-05,150.34,2205128509,331519011968
2017-07-06,148.82,2205128509,328167240860
2017-07-07,151.44,2205128509,333944666787
2017-07-10,153.50,2205128509,338487226132
2017-07-11,155.27,2205128509,342390313014
2017-07-12,158.90,2205128509,350394906621
2017-07-13,159.26,2205128509,351188754230
2017-07-14,159.97,2205128509,352754410277
2017-07-17,159.73,2205128509,352225167321
2017-07-18,162.86,2205128509,359127230322
2017-07-19,164.14,2205128509,361949792121
2017-07-20,164.53,2205128509,362809790894
2017-07-21,164.43,2205128509,362589264584
2017-07-24,166.00,2205128509,366051332494
2017-07-25,165.28,2205128509,364463637276
2017-07-26,165.61,2205128509,365191333721
2017-07-27,170.44,2205128509,375842108458
2017-07-28,172.45,2205128509,380274404648
2017-07-31,169.25,2205128509,373218000148
2017-08-01,169.86,2205128509,374563129885
2017-08-02,169.30,2205128509,373328263303
2017-08-03,168.59,2205128509,371762607257
2017-08-04,169.62,2205128509,374033886929
2017-08-07,171.98,2205128509,379237991556
2017-08-08,171.23,2205128509,377584145175
2017-08-09,171.18,2205128509,377473882020
2017-08-10,167.40,2205128509,369138498948
2017-08-11,168.08,2205128509,370638003830
2017-08-14,170.75,2205128509,376525692912
2017-08-15,171.00,2205128509,377076975039
2017-08-16,170.00,2205128509,374871846530
2017-08-17,166.91,2205128509,368058007513
2017-08-18,167.41,2205128509,369160571767
2017-08-21,167.78,2205128509,369976458548
2017-08-22,169.64,2205128509,374077998921
2017-08-23,168.71,2205128509,372027245558
2017-08-24,167.74,2205128509,369888268213
2017-08-25,166.32,2205128509,366756989768
2017-08-28,167.24,2205128509,368785703958
2017-08-29,168.05,2205128509,370571852667
2017-08-30,169.92,2205128509,374695432212
2017-08-31,171.97,2205128509,379215952385
2017-09-01,172.02,2205128509,379326215540
2017-09-05,170.72,2205128509,376459541748
2017-09-06,172.09,2205128509,379480557038
2017-09-07,173.21,2205128509,381950323849
2017-09-08,170.95,2205128509,376966711884
2017-09-11,173.51,2205128509,382611835483
2017-09-12,172.96,2205128509,381399041722
2017-09-13,173.05,2205128509,381597495212
2017-09-14,170.96,2205128509,376988784704
2017-09-15,171.64,2205128509,378488255939
2017-09-18,170.01,2205128509,374893885702
2017-09-19,172.52,2205128509,380428779794
2017-09-20,172.17,2205128509,379656971357
2017-09-21,171.11,2205128509,377319540521
2017-09-22,170.54,2205128509,376062601120
2017-09-25,162.87,2205128509,359149269494
2017-09-26,164.21,2205128509,362104167268
2017-09-27,167.68,2205128509,369755932238
2017-09-28,168.73,2205128509,372071323902
2017-09-29,170.87,2205128509,376790297566
2017-10-02,169.47,2205128509,373703131112
2017-10-03,169.96,2205128509,374783656195
2017-10-04,168.42,2205128509,371387739448
2017-10-05,171.24,2205128509,377606217994
2017-10-06,172.23,2205128509,379789273684
2017-10-09,172.50,2205128509,380384667803
2017-10-10,171.59,2205128509,378377992784
2017-10-11,172.74,2205128509,380913910758
2017-10-12,172.55,2205128509,380494930957
2017-10-13,173.74,2205128509,383119039267
2017-10-16,174.52,2205128509,384839036812
2017-10-17,176.11,2205128509,388345183066
2017-10-18,176.03,2205128509,388168768747
2017-10-19,174.56,2205128509,384927227147
2017-10-20,174.98,2205128509,385853377083
2017-10-23,171.27,2205128509,377672369158
2017-10-24,171.80,2205128509,378841084576
2017-10-25,170.60,2205128509,376194937094
2017-10-26,170.63,2205128509,376261088258
2017-10-27,177.88,2205128509,392248269948
2017-10-30,179.87,2205128509,396636454147
2017-10-31,180.06,2205128509,397055433947
2017-11-01,182.66,2205128509,402788781529
2017-11-02,178.92,2205128509,394541588793
2017-11-03,178.92,2205128509,394541588793
2017-11-06,180.17,2205128509,397297999429
2017-11-07,180.25,2205128509,397474413747
2017-11-08,179.56,2205128509,395952869692
2017-11-09,179.30,2205128509,395379548393
2017-11-10,178.46,2205128509,393527248521
2017-11-13,178.77,2205128509,394210832975
2017-11-14,178.07,2205128509,392667249748
2017-11-15,177.95,2205128509,392402611447
2017-11-16,179.59,2205128509,396019020856
2017-11-17,179.00,2205128509,394718003111
2017-11-20,178.74,2205128509,394144681812
2017-11-21,181.86,2205128509,401024671993
2017-11-22,180.87,2205128509,398841582656
2017-11-24,182.78,2205128509,403053386183
2017-11-27,183.03,2205128509,403604668310
2017-11-28,182.42,2205128509,402259538574
2017-11-29,175.13,2205128509,386184166548
2017-11-30,177.18,2205128509,390704653074
2017-12-01,175.10,2205128509,386118015385
2017-12-04,171.47,2205128509,378113388130
2017-12-05,172.83,2205128509,381112364248
2017-12-06,176.06,2205128509,388234919911
2017-12-07,180.14,2205128509,397231848265
2017-12-08,179.00,2205128509,394718003111
2017-12-11,179.04,2205128509,394806193446
2017-12-12,176.96,2205128509,390219555758
2017-12-13,178.30,2205128509,393174419884
2017-12-14,178.39,2205128509,393372873375
2017-12-15,180.18,2205128509,397320038601
2017-12-18,180.82,2205128509,398731353148
2017-12-19,179.51,2205128509,395842606537
2017-12-20,177.89,2205128509,392270309120
2017-12-21,177.45,2205128509,391300047193
2017-12-22,177.20,2205128509,390748765065
2017-12-26,175.99,2205128509,388080578412
2017-12-27,177.62,2205128509,391674915001
2017-12-28,177.92,2205128509,392336460284
2017-12-29,176.46,2205128509,389116991503
2018-01-02,181.42,2205128509,400054410065
2018-01-03,184.67,2205128509,407221077719
2018-01-04,184.33,2205128509,406471342102
2018-01-05,186.85,2205128509,412028275366
2018-01-08,188.28,2205128509,415181592983
2018-01-09,187.87,2205128509,414277482219
2018-01-10,187.84,2205128509,414211331055
2018-01-11,187.77,2205128509,414056989556
2018-01-12,179.37,2205128509,395533889892
2018-01-16,178.39,2205128509,393372873375
2018-01-17,177.60,2205128509,391630836657
2018-01-18,179.80,2205128509,396482112648
2018-01-19,181.29,2205128509,399767732592
2018-01-22,185.37,2205128509,408764660946
2018-01-23,189.35,2205128509,417541096638
2018-01-24,186.55,2205128509,411366730083
2018-01-25,187.48,2205128509,413417483446
2018-01-26,190.00,2205128509,418974416710
2018-01-29,185.98,2205128509,410109790682
2018-01-30,187.12,2205128509,412623635837
2018-01-31,186.89,2205128509,412116465701
2018-02-01,193.09,2205128509,425788255727
2018-02-02,190.28,2205128509,419591850001
2018-02-05,181.26,2205128509,399701581428
2018-02-06,185.31,2205128509,408632358619
2018-02-07,180.18,2205128509,397320038601
2018-02-08,171.58,2205128509,378355953612
2018-02-09,176.11,2205128509,388345183066
2018-02-12,176.41,2205128509,389006728348
2018-02-13,173.15,2205128509,381817987874
2018-02-14,179.52,2205128509,395864679357
2018-02-15,179.96,2205128509,396834941285
2018-02-16,177.36,2205128509,391101593702
2018-02-20,176.01,2205128509,388124656756
2018-02-21,177.91,2205128509,392314421112
2018-02-22,178.99,2205128509,394695963939
2018-02-23,183.29,2205128509,404177989610
2018-02-26,184.93,2205128509,407794399019
2018-02-27,181.46,2205128509,400142634048
2018-02-28,178.32,2205128509,393218531876
2018-03-01,175.94,2205128509,387970315257
2018-03-02,176.62,2205128509,389469786492
2018-03-05,180.40,2205128509,397805169565
2018-03-06,179.78,2205128509,396438000656
2018-03-07,183.71,2205128509,405104173193
2018-03-08,182.34,2205128509,402083124256
2018-03-09,185.23,2205128509,408455944301
2018-03-12,184.76,2205128509,407419531210
2018-03-13,181.88,2205128509,401068783984
2018-03-14,184.19,2205128509,406162625456
2018-03-15,183.86,2205128509,405434929011
2018-03-16,185.09,2205128509,408147227655
2018-03-19,172.56,2205128509,380516970129
2018-03-20,168.15,2205128509,370792345329
2018-03-21,169.39,2205128509,373526716794
2018-03-22,164.89,2205128509,363603638503
2018-03-23,159.39,2205128509,351475431704
2018-03-26,160.06,2205128509,352952863767
2018-03-27,152.22,2205128509,335664664332
2018-03-28,153.03,2205128509,337450813040
2018-03-29,159.79,2205128509,352357469648
2018-04-02,155.39,2205128509,342654917668
2018-04-03,156.11,2205128509,344242612886
2018-04-04,155.10,2205128509,342015445205
2018-04-05,159.34,2205128509,351365168549
2018-04-06,157.20,2205128509,346646194885
2018-04-09,157.93,2205128509,348255929276
2018-04-10,165.04,2205128509,363934394320
2018-04-11,166.32,2205128509,366756989768
2018-04-12,163.87,2205128509,361354398003
2018-04-13,164.52,2205128509,362787751722
2018-04-16,164.83,2205128509,363471336176
2018-04-17,168.66,2205128509,371916982403
2018-04-18,166.36,2205128509,366845180103
2018-04-19,168.10,2205128509,370682115822
2018-04-20,166.28,2205128509,366668765785
2018-04-23,165.84,2205128509,365698503857
2018-04-24,159.69,2205128509,352136976986
2018-04-25,159.69,2205128509,352136976986
2018-04-26,174.16,2205128509,384045189203
2018-04-27,173.59,2205128509,382788249802
2018-04-30,172.00,2205128509,379282103548
2018-05-01,173.86,2205128509,383383643921
2018-05-02,176.07,2205128509,388256992730
2018-05-03,174.02,2205128509,383736472558
2018-05-04,176.61,2205128509,389447747320
2018-05-07,177.97,2205128509,392446723439
2018-05-08,178.92,2205128509,394541588793
2018-05-09,182.66,2205128509,402788781529
2018-05-10,185.53,2205128509,409117489583
2018-05-11,186.99,2205128509,412336992011
2018-05-14,186.64,2205128509,411565183574
2018-05-15,184.32,2205128509,406449302930
2018-05-16,183.20,2205128509,403979536119
2018-05-17,183.76,2205128509,405214402701
2018-05-18,182.68,2205128509,402832859873
2018-05-21,184.49,2205128509,406824170739
2018-05-22,183.80,2205128509,405302626684
2018-05-23,186.90,2205128509,412138504873
2018-05-24,185.93,2205128509,409999527528
2018-05-25,184.92,2205128509,407772359847
2018-05-29,185.74,2205128509,409580581375
2018-05-30,187.67,2205128509,413836463246
2018-05-31,191.78,2205128509,422899542764
2018-06-01,193.99,2205128509,427772891574
2018-06-04,193.28,2205128509,426207235528
2018-06-05,192.94,2205128509,425457499910
2018-06-06,191.34,2205128509,421929280837
2018-06-07,188.18,2205128509,414961066673
2018-06-08,189.10,2205128509,416989814511
2018-06-11,191.54,2205128509,422370299809
2018-06-12,192.40,2205128509,424266711673
2018-06-13,192.41,2205128509,424288784492
2018-06-14,196.81,2205128509,433991336473
2018-06-15,195.85,2205128509,431874431947
2018-06-18,198.31,2205128509,437299029236
2018-06-19,197.49,2205128509,435490841356
2018-06-20,202.00,2205128509,445435958818
2018-06-21,201.50,2205128509,444333394564
2018-06-22,201.74,2205128509,444862637519
2018-06-25,196.35,2205128509,432976996201
2018-06-26,199.00,2205128509,438820573291
2018-06-27,195.84,2205128509,431852359127
2018-06-28,196.23,2205128509,432712357900
2018-06-29,194.32,2205128509,428500588020
2018-07-02,197.36,2205128509,435204163882
2018-07-03,192.73,2205128509,424994408118
2018-07-05,198.45,2205128509,437607745882
2018-07-06,203.23,2205128509,448148257463
2018-07-09,204.74,2205128509,451478023046
2018-07-10,203.54,2205128509,448831841917
2018-07-11,202.54,2205128509,446626713408
2018-07-12,206.92,2205128509,456285187045
2018-07-13,207.32,2205128509,457167258637
2018-07-16,207.23,2205128509,456968771499
2018-07-17,209.99,2205128509,463054947718
2018-07-18,209.36,2205128509,461665705990
2018-07-19,208.09,2205128509,458865183362
2018-07-20,209.94,2205128509,462944684563
2018-07-23,210.91,2205128509,465083661909
2018-07-24,214.67,2205128509,473374932989
2018-07-25,217.50,2205128509,479615450708
2018-07-26,176.26,2205128509,388675938883
2018-07-27,174.89,2205128509,385654923593
2018-07-30,171.06,2205128509,377209277366
2018-07-31,172.58,2205128509,380561082121
2018-08-01,171.65,2205128509,378510295111
2018-08-02,176.37,2205128509,388918504365
2018-08-03,177.78,2205128509,392027743638
2018-08-06,185.69,2205128509,409470318220
2018-08-07,183.81,2205128509,405324665856
2018-08-08,185.18,2205128509,408345681146
2018-08-09,183.09,2205128509,403736970637
2018-08-10,180.26,2205128509,397496452919
2018-08-13,180.05,2205128509,397033394775
2018-08-14,181.11,2205128509,399370825611
2018-08-15,179.53,2205128509,395886718529
2018-08-16,174.70,2205128509,385235943793
2018-08-17,173.80,2205128509,383251341594
2018-08-20,172.50,2205128509,380384667803
2018-08-21,172.62,2205128509,380649272456
2018-08-22,173.64,2205128509,382898512957
2018-08-23,172.90,2205128509,381266705747
2018-08-24,174.65,2205128509,385125680638
2018-08-27,177.46,2205128509,391322120012
2018-08-28,176.26,2205128509,388675938883
2018-08-29,175.90,2205128509,387882091274
2018-08-30,177.64,2205128509,391719026993
2018-08-31,175.73,2205128509,387507223465
2018-09-04,171.16,2205128509,377429803676
2018-09-05,167.18,2205128509,368653367984
2018-09-06,162.53,2205128509,358399533876
2018-09-07,163.04,2205128509,359524137302
2018-09-10,164.18,2205128509,362037982457
2018-09-11,165.94,2205128509,365919030167
2018-09-12,162.00,2205128509,357230818458
2018-09-13,161.36,2205128509,355819537558
2018-09-14,162.32,2205128509,357936475732
2018-09-17,160.58,2205128509,354099540013
2018-09-18,160.30,2205128509,353482106722
2018-09-19,163.06,2205128509,359568249294
2018-09-20,166.02,2205128509,366095444486
2018-09-21,162.93,2205128509,359281571821
2018-09-24,165.41,2205128509,364750314749
2018-09-25,164.91,2205128509,363647750495
2018-09-26,166.95,2205128509,368146197848
2018-09-27,168.84,2205128509,372313889384
2018-09-28,164.46,2205128509,362655449395
2018-10-01,162.44,2205128509,358201080386
2018-10-02,159.33,2205128509,351343129377
2018-10-03,162.43,2205128509,358179007566
2018-10-04,158.85,2205128509,350284677114
2018-10-05,157.33,2205128509,346932872359
2018-10-08,157.25,2205128509,346756458040
2018-10-09,157.90,2205128509,348189778112
2018-10-10,151.38,2205128509,333812364460
2018-10-11,153.35,2205128509,338156470314
2018-10-12,153.74,2205128509,339016469087
2018-10-15,153.52,2205128509,338531338123
2018-10-16,158.78,2205128509,350130301967
2018-10-17,159.42,2205128509,351541582867
2018-10-18,154.92,2205128509,341618504577
2018-10-19,154.05,2205128509,339700053541
2018-10-22,154.78,2205128509,341309787931
2018-10-23,154.39,2205128509,340449789159
2018-10-24,146.04,2205128509,322036952649
2018-10-25,150.95,2205128509,332864141704
2018-10-26,145.37,2205128509,320559520586
2018-10-29,142.09,2205128509,313326701768
2018-10-30,146.22,2205128509,322433893278
2018-10-31,151.79,2205128509,334716441576
2018-11-01,151.75,2205128509,334628251241
2018-11-02,150.35,2205128509,331541084787
2018-11-05,148.68,2205128509,327858490567
2018-11-06,149.94,2205128509,330636974023
2018-11-07,151.53,2205128509,334143120277
2018-11-08,147.87,2205128509,326072341859
2018-11-09,144.96,2205128509,319655443470
2018-11-12,141.55,2205128509,312135947178
2018-11-13,142.16,2205128509,313481076915
2018-11-14,144.22,2205128509,318023636260
2018-11-15,143.85,2205128509,317207749479
2018-11-16,139.53,2205128509,307681578169
2018-11-19,131.55,2205128509,290084662088
2018-11-20,132.43,2205128509,292025152296
2018-11-21,134.82,2205128509,297295441734
2018-11-23,131.73,2205128509,290481569069
2018-11-26,136.38,2205128509,300735436825
2018-11-27,135.00,2205128509,297692348715
2018-11-28,136.76,2205128509,301573362778
2018-11-29,138.68,2205128509,305807205477
2018-11-30,140.61,2205128509,310063120996
2018-12-03,141.09,2205128509,311121573259
2018-12-04,137.93,2205128509,304153359096
2018-12-06,139.63,2205128509,307902104479
2018-12-07,137.42,2205128509,303028755669
2018-12-10,141.85,2205128509,312797492461
2018-12-11,142.08,2205128509,313304662596
2018-12-12,144.50,2205128509,318641069551
2018-12-13,145.01,2205128509,319765672977
2018-12-14,144.06,2205128509,317670807623
2018-12-17,140.19,2205128509,309136971060
2018-12-18,143.66,2205128509,316788769678
2018-12-19,133.24,2205128509,293811334652
2018-12-20,133.40,2205128509,294164129642
2018-12-21,124.95,2205128509,275530800470
2018-12-24,124.06,2205128509,273568237443
2018-12-26,134.18,2205128509,295884127187
2018-12-27,134.52,2205128509,296633896452
2018-12-28,133.20,2205128509,293723110669
2018-12-31,131.09,2205128509,289070288169
2019-01-02,135.68,2205128509,299191819950
2019-01-03,131.74,2205128509,290503641889
2019-01-04,137.95,2205128509,304197471087
2019-01-07,138.05,2205128509,304417997397
2019-01-08,142.53,2205128509,314296963696
2019-01-09,144.23,2205128509,318045675432
2019-01-10,144.20,2205128509,317979524268
2019-01-11,143.80,2205128509,317097486324
2019-01-14,145.39,2205128509,320603632578
2019-01-15,148.95,2205128509,328453884686
2019-01-16,147.54,2205128509,325344645413
2019-01-17,148.30,2205128509,327020564614
2019-01-18,150.04,2205128509,330857466685
2019-01-22,147.57,2205128509,325410830224
2019-01-23,144.30,2205128509,318200050578
2019-01-24,145.83,2205128509,321573894505
2019-01-25,149.01,2205128509,328586187013
2019-01-28,147.47,2205128509,325190303914
2019-01-29,144.19,2205128509,317957485096
2019-01-30,150.42,2205128509,331695426286
2019-01-31,166.69,2205128509,367572876549
2019-02-01,165.71,2205128509,365411860031
2019-02-04,169.25,2205128509,373218000148
2019-02-05,171.16,2205128509,377429803676
2019-02-06,170.49,2205128509,375952371613
2019-02-07,166.38,2205128509,366889292095
2019-02-08,167.33,2205128509,368984157449
2019-02-11,165.79,2205128509,365588240702
2019-02-12,165.04,2205128509,363934394320
2019-02-13,164.07,2205128509,361795450622
2019-02-14,163.95,2205128509,361530812321
2019-02-15,162.50,2205128509,358333382713
2019-02-19,162.29,2205128509,357870290921
2019-02-20,162.56,2205128509,358465685039
2019-02-21,160.04,2205128509,352908751775
2019-02-22,161.89,2205128509,356988252976
2019-02-25,164.62,2205128509,363008244384
2019-02-26,164.13,2205128509,361927752949
2019-02-27,162.81,2205128509,359016967167
2019-02-28,161.45,2205128509,356017991049
2019-03-01,162.28,2205128509,357848251749
2019-03-04,167.37,2205128509,369072347784
2019-03-05,171.26,2205128509,377650296338
2019-03-06,172.51,2205128509,380406706974
2019-03-07,169.13,2205128509,372953395494
2019-03-08,169.60,2205128509,373989808585
2019-03-11,172.07,2205128509,379436478694
2019-03-12,171.92,2205128509,379105689230
2019-03-13,173.37,2205128509,382303118838
2019-03-14,170.17,2205128509,375246714339
2019-03-15,165.98,2205128509,366007220502
2019-03-18,160.47,2205128509,353856974531
2019-03-19,161.57,2205128509,356282629350
2019-03-20,165.44,2205128509,364816465913
2019-03-21,166.08,2205128509,366227746812
2019-03-22,164.34,2205128509,362390811094
2019-03-25,166.29,2205128509,366690804957
2019-03-26,167.68,2205128509,369755932238
2019-03-27,165.87,2205128509,365764655021
2019-03-28,165.55,2205128509,365059031394
2019-03-29,166.69,2205128509,367572876549
2019-04-01,168.70,2205128509,372005172739
2019-04-02,174.20,2205128509,384133379538
2019-04-03,173.54,2205128509,382677986647
2019-04-04,176.02,2205128509,388146729576
2019-04-05,175.72,2205128509,387485184293
2019-04-08,174.93,2205128509,385743113929
2019-04-09,177.58,2205128509,391586724666
2019-04-10,177.82,2205128509,392115967621
2019-04-11,177.51,2205128509,391432349519
2019-04-12,179.10,2205128509,394938529421
2019-04-15,179.65,2205128509,396151323183
2019-04-16,178.87,2205128509,394431325638
2019-04-17,178.78,2205128509,394232872147
2019-04-18,178.28,2205128509,393130307893
2019-04-22,181.44,2205128509,400098522057
2019-04-23,183.78,2205128509,405258514692
2019-04-24,182.58,2205128509,402612367211
2019-04-25,193.26,2205128509,426163123536
2019-04-26,191.49,2205128509,422260070302
2019-04-29,194.78,2205128509,429514928291
2019-04-30,193.40,2205128509,426471840182
2019-05-01,193.03,2205128509,425655953400
2019-05-02,192.53,2205128509,424553389146
2019-05-03,195.47,2205128509,431036472346
2019-05-06,193.88,2205128509,427530326092
2019-05-07,189.77,2205128509,418467246574
2019-05-08,189.54,2205128509,417960042791
2019-05-09,188.65,2205128509,415997479764
2019-05-10,188.34,2205128509,415313895310
2019-05-13,181.54,2205128509,400319014719
2019-05-14,180.73,2205128509,398532866010
2019-05-15,186.27,2205128509,410749296793
2019-05-16,186.99,2205128509,412336992011
2019-05-17,185.30,2205128509,408610319447
2019-05-20,182.72,2205128509,402921083856
2019-05-21,184.82,2205128509,407551867184
2019-05-22,185.32,2205128509,408654431439
2019-05-23,180.87,2205128509,398841582656
2019-05-24,181.06,2205128509,399260562456
2019-05-28,184.31,2205128509,406427230110
2019-05-29,182.19,2205128509,401752368438
2019-05-30,183.01,2205128509,403560556319
2019-05-31,177.47,2205128509,391344159184
2019-06-03,164.15,2205128509,361971831293
2019-06-04,167.50,2205128509,369359025258
2019-06-05,168.17,2205128509,370836457321
2019-06-06,168.33,2205128509,371189285958
2019-06-07,173.35,2205128509,382259040494
2019-06-10,174.82,2205128509,385500582094
2019-06-11,178.10,2205128509,392733400912
2019-06-12,175.04,2205128509,385985679410
2019-06-13,177.47,2205128509,391344159184
2019-06-14,181.33,2205128509,399855956575
2019-06-17,189.01,2205128509,416791327373
2019-06-18,188.47,2205128509,415600572783
2019-06-19,187.48,2205128509,413417483446
2019-06-20,189.53,2205128509,417938003619
2019-06-21,191.14,2205128509,421488261864
2019-06-24,192.60,2205128509,424707764292
2019-06-25,188.84,2205128509,416416459564
2019-06-26,187.66,2205128509,413814424074
2019-06-27,189.50,2205128509,417871852456
2019-06-28,193.00,2205128509,425589802237
2019-07-01,193.00,2205128509,425589802237
2019-07-02,195.00,2205128509,430000059255
2019-07-03,197.20,2205128509,434851335245
2019-07-05,196.40,2205128509,433087225709
2019-07-08,195.76,2205128509,431675944809
2019-07-09,199.21,2205128509,439283665083
2019-07-10,202.73,2205128509,447045693208
2019-07-11,201.23,2205128509,443738000445
2019-07-12,204.87,2205128509,451764666872
2019-07-15,203.91,2205128509,449647762346
2019-07-16,203.84,2205128509,449493387199
2019-07-17,201.80,2205128509,444994939846
2019-07-18,200.78,2205128509,442745699345
2019-07-19,198.36,2205128509,437409292391
2019-07-22,202.32,2205128509,446141616092
2019-07-23,202.36,2205128509,446229806427
2019-07-24,204.66,2205128509,451301608727
2019-07-25,200.71,2205128509,442591357846
2019-07-26,199.75,2205128509,440474419673
2019-07-29,195.94,2205128509,432072885437
2019-07-30,197.04,2205128509,434498506608
2019-07-31,194.23,2205128509,428302100882
2019-08-01,192.73,2205128509,424994408118
2019-08-02,189.02,2205128509,416813400193
2019-08-05,181.73,2205128509,400737994519
2019-08-06,184.51,2205128509,406868249082
2019-08-07,185.15,2205128509,408279529982
2019-08-08,190.16,2205128509,419327245347
2019-08-09,187.85,2205128509,414233403875
2019-08-12,185.37,2205128509,408764660946
2019-08-13,188.45,2205128509,415556460792
2019-08-14,179.71,2205128509,396283659157
2019-08-15,182.59,2205128509,402634406383
2019-08-16,183.70,2205128509,405082100374
2019-08-19,186.17,2205128509,410528770483
2019-08-20,183.81,2205128509,405324665856
2019-08-21,183.55,2205128509,404751344556
2019-08-22,182.04,2205128509,401421578973
2019-08-23,177.75,2205128509,391961592475
2019-08-26,180.36,2205128509,397716979229
2019-08-27,181.30,2205128509,399789805411
2019-08-28,181.76,2205128509,400804145683
2019-08-29,185.57,2205128509,409205713566
2019-08-30,185.67,2205128509,409426206228
2019-09-03,182.39,2205128509,402193387411
2019-09-04,187.14,2205128509,412667747828
2019-09-05,190.90,2205128509,420959018909
2019-09-06,187.49,2205128509,413439556266
2019-09-09,188.76,2205128509,416240045246
2019-09-10,186.17,2205128509,410528770483
2019-09-11,188.49,2205128509,415644684775
2019-09-12,187.47,2205128509,413395444274
2019-09-13,187.19,2205128509,412778010983
2019-09-16,186.22,2205128509,410639033638
2019-09-17,188.08,2205128509,414740574010
2019-09-18,188.14,2205128509,414872876337
2019-09-19,190.14,2205128509,419283133355
2019-09-20,189.93,2205128509,418820041564
2019-09-23,186.82,2205128509,411962124202
2019-09-24,181.28,2205128509,399745693420
2019-09-25,182.80,2205128509,403097498175
2019-09-26,180.11,2205128509,397165697102
2019-09-27,177.10,2205128509,390528272403
2019-09-30,178.08,2205128509,392689288920
2019-10-01,175.81,2205128509,387683637784
2019-10-02,174.60,2205128509,385015451130
2019-10-03,179.38,2205128509,395555962712
2019-10-04,180.45,2205128509,397915432720
2019-10-07,179.68,2205128509,396217474346
2019-10-08,177.75,2205128509,391961592475
2019-10-09,179.85,2205128509,396592375803
2019-10-10,180.03,2205128509,396989282783
2019-10-11,184.19,2205128509,406162625456
2019-10-14,183.28,2205128509,404155950438
2019-10-15,188.89,2205128509,416526722719
2019-10-16,189.55,2205128509,417982115610
2019-10-17,190.39,2205128509,419834415483
2019-10-18,185.85,2205128509,409823146857
2019-10-21,189.76,2205128509,418445173755
2019-10-22,182.34,2205128509,402083124256
2019-10-23,186.15,2205128509,410484658491
2019-10-24,186.38,2205128509,410991862275
2019-10-25,187.89,2205128509,414321594210
2019-10-28,189.40,2205128509,417651326146
2019-10-29,189.31,2205128509,417452872655
2019-10-30,188.25,2205128509,415115441819
2019-10-31,191.65,2205128509,422612865291
2019-11-01,193.62,2205128509,426956971145
2019-11-04,194.72,2205128509,429382625964
2019-11-05,194.32,2205128509,428500588020
2019-11-06,191.55,2205128509,422392372628
2019-11-07,190.42,2205128509,419900566646
2019-11-08,190.84,2205128509,420826716582
2019-11-11,189.61,2205128509,418114417937
2019-11-12,194.47,2205128509,428831343837
2019-11-13,193.19,2205128509,426008782037
2019-11-14,193.15,2205128509,425920558054
2019-11-15,195.10,2205128509,430220585565
2019-11-18,197.40,2205128509,435292354218
2019-11-19,199.32,2205128509,439526230565
2019-11-20,197.51,2205128509,435534919699
2019-11-21,197.93,2205128509,436461069636
2019-11-22,198.82,2205128509,438423666310
2019-11-25,199.79,2205128509,440562610008
2019-11-26,198.97,2205128509,438754422128
2019-11-27,202.00,2205128509,445435958818
2019-11-29,201.64,2205128509,444642111209
2019-12-02,199.70,2205128509,440364156518
2019-12-03,198.82,2205128509,438423666310
2019-12-04,198.71,2205128509,438181100828
2019-12-05,199.36,2205128509,439614420900
2019-12-06,201.05,2205128509,443341093464
2019-12-09,201.34,2205128509,443980565927
2019-12-10,200.87,2205128509,442944152836
2019-12-11,202.26,2205128509,446009280117
2019-12-12,196.75,2205128509,433859034146
2019-12-13,194.11,2205128509,428037496228
2019-12-16,197.92,2205128509,436439030464
2019-12-17,198.39,2205128509,437475443555
2019-12-18,202.50,2205128509,446538523073
2019-12-19,206.06,2205128509,454388775181
2019-12-20,206.30,2205128509,454918018136
2019-12-23,206.18,2205128509,454653379835
2019-12-24,205.12,2205128509,452315948999
2019-12-26,207.79,2205128509,458203638080
2019-12-27,208.10,2205128509,458887256182
2019-12-30,204.41,2205128509,450750326600
2019-12-31,205.25,2205128509,452602626472
2020-01-02,209.78,2205128509,462591855926
2020-01-03,208.67,2205128509,460144161935
2020-01-06,212.60,2205128509,468810334472
2020-01-07,213.06,2205128509,469824674744
2020-01-08,215.22,2205128509,474587760399
2020-01-09,218.30,2205128509,481379560244
2020-01-10,218.06,2205128509,480850317289
2020-01-13,221.91,2205128509,489340075508
2020-01-14,219.06,2205128509,483055445798
2020-01-15,221.15,2205128509,487664156306
2020-01-16,221.77,2205128509,489031358862
2020-01-17,222.14,2205128509,489847245643
2020-01-21,221.44,2205128509,488303662417
2020-01-22,221.32,2205128509,488039057763
2020-01-23,219.76,2205128509,484599029025
2020-01-24,217.94,2205128509,480585712635
2020-01-27,214.87,2205128509,473815951962
2020-01-28,217.79,2205128509,480254923170
2020-01-29,223.23,2205128509,492250827643
2020-01-30,209.53,2205128509,462040573799
2020-01-31,201.91,2205128509,445237505328
2020-02-03,204.19,2205128509,450265195636
2020-02-04,209.83,2205128509,462702119081
2020-02-05,210.11,2205128509,463319552372
2020-02-06,210.85,2205128509,464951359582
2020-02-07,212.33,2205128509,468214940354
2020-02-10,213.06,2205128509,469824674744
2020-02-11,207.19,2205128509,456880581163
2020-02-12,210.76,2205128509,464752872444
2020-02-13,213.14,2205128509,470001089062
2020-02-14,214.18,2205128509,472294407907
2020-02-18,217.80,2205128509,480276995990
2020-02-19,217.49,2205128509,479593411536
2020-02-20,214.58,2205128509,473176479499
2020-02-21,210.18,2205128509,463473893871
2020-02-24,200.72,2205128509,442613397018
2020-02-25,196.77,2205128509,433903146137
2020-02-26,197.20,2205128509,434851335245
2020-02-27,189.75,2205128509,418423134583
2020-02-28,192.47,2205128509,424421086819
2020-03-02,196.44,2205128509,433175449692
2020-03-03,185.89,2205128509,409911337192
2020-03-04,191.76,2205128509,422855430773
2020-03-05,185.17,2205128509,408323641974
2020-03-06,181.09,2205128509,399326713619
2020-03-09,169.50,2205128509,373769282276
2020-03-10,178.19,2205128509,392931854402
2020-03-11,170.24,2205128509,375401089485
2020-03-12,154.47,2205128509,340626203477
2020-03-13,170.28,2205128509,375489279821
2020-03-16,146.01,2205128509,321970801486
2020-03-17,149.42,2205128509,329490297777
2020-03-18,146.96,2205128509,324065700488
2020-03-19,153.13,2205128509,337671339350
2020-03-20,149.73,2205128509,330173882231
2020-03-23,148.10,2205128509,326579545642
2020-03-24,160.98,2205128509,354981577957
2020-03-25,156.21,2205128509,344463139196
2020-03-26,163.34,2205128509,360185682585
2020-03-27,156.79,2205128509,345742084121
2020-03-30,165.95,2205128509,365941069339
2020-03-31,166.80,2205128509,367815442031
2020-04-01,159.60,2205128509,351938523495
2020-04-02,158.19,2205128509,348829284222
2020-04-03,154.18,2205128509,339986697367
2020-04-06,165.55,2205128509,365059031394
2020-04-07,168.83,2205128509,372291850212
2020-04-08,174.28,2205128509,384309793857
2020-04-09,175.19,2205128509,386316468875
2020-04-13,174.79,2205128509,385434397283
2020-04-14,178.17,2205128509,392887742411
2020-04-15,176.97,2205128509,390241594930
2020-04-16,176.25,2205128509,388653899711
2020-04-17,179.24,2205128509,395247246066
2020-04-20,178.24,2205128509,393042117557
2020-04-21,170.80,2205128509,376635956067
2020-04-22,182.28,2205128509,401950821929
2020-04-23,185.13,2205128509,408235451638
2020-04-24,190.07,2205128509,419128791856
2020-04-27,187.50,2205128509,413461595438
2020-04-28,182.91,2205128509,403340063657
2020-04-29,194.19,2205128509,428213910546
2020-04-30,204.71,2205128509,451411871882
2020-05-01,202.27,2205128509,446031352937
2020-05-04,205.26,2205128509,452624665644
2020-05-05,207.07,2205128509,456615976509
2020-05-06,208.47,2205128509,459703142963
2020-05-07,211.26,2205128509,465855436698
2020-05-08,212.35,2205128509,468259052345
2020-05-11,213.18,2205128509,470089279398
2020-05-12,210.10,2205128509,463297513200
2020-05-13,205.10,2205128509,452271870655
2020-05-14,206.81,2205128509,456042621563
2020-05-15,210.88,2205128509,465017510745
2020-05-18,213.19,2205128509,470111352217
2020-05-19,216.88,2205128509,478248281799
2020-05-20,229.97,2205128509,507113405907
2020-05-21,231.39,2205128509,510244684352
2020-05-22,234.91,2205128509,518006746125
2020-05-26,232.20,2205128509,512030833060
2020-05-27,229.14,2205128509,505283145206
2020-05-28,225.46,2205128509,497168288444
2020-05-29,225.09,2205128509,496352368015
2020-06-01,231.91,2205128509,511391360598
2020-06-02,232.72,2205128509,513177509306
2020-06-03,230.16,2205128509,507532385707
2020-06-04,226.29,2205128509,498998515497
2020-06-05,230.77,2205128509,508877515443
2020-06-08,231.40,2205128509,510266723524
2020-06-09,238.67,2205128509,526298017205
2020-06-10,236.73,2205128509,522020062514
2020-06-11,224.43,2205128509,494896975124
2020-06-12,228.58,2205128509,504048278625
2020-06-15,232.50,2205128509,512692378343
2020-06-16,235.65,2205128509,519638519687
2020-06-17,235.53,2205128509,519373915033
2020-06-18,235.94,2205128509,520278025797
2020-06-19,238.79,2205128509,526562621859
2020-06-22,239.22,2205128509,527510844615
2020-06-23,242.24,2205128509,534170342133
2020-06-24,234.02,2205128509,516044183098
2020-06-25,235.68,2205128509,519704670850
2020-06-26,216.08,2205128509,476484172262
2020-06-29,220.64,2205128509,486539552880
2020-06-30,227.07,2205128509,500718546689
2020-07-01,237.55,2205128509,523828284042
2020-07-02,233.42,2205128509,514721092533
2020-07-06,240.28,2205128509,529848275451
2020-07-07,240.86,2205128509,531127254024
2020-07-08,243.58,2205128509,537125206260
2020-07-09,244.50,2205128509,539153920451
2020-07-10,245.07,2205128509,540410859851
2020-07-13,239.00,2205128509,527025713651
2020-07-14,239.73,2205128509,528635448041
2020-07-15,240.28,2205128509,529848275451
2020-07-16,240.93,2205128509,531281595523
2020-07-17,242.03,2205128509,533707250341
2020-07-20,245.42,2205128509,541182634641
2020-07-21,241.75,2205128509,533089817051
2020-07-22,239.87,2205128509,528944164687
2020-07-23,232.60,2205128509,512912904652
2020-07-24,230.71,2205128509,508745213116
2020-07-27,233.50,2205128509,514897506852
2020-07-28,230.12,2205128509,507444161724
2020-07-29,233.29,2205128509,514434415060
2020-07-30,234.50,2205128509,517102635361
2020-07-31,253.67,2205128509,559374944840
2020-08-03,251.96,2205128509,555604193933
2020-08-04,249.83,2205128509,550907259441
2020-08-05,249.12,2205128509,549341603395
2020-08-06,265.28,2205128509,584976488176
2020-08-07,268.44,2205128509,591944702340
2020-08-10,263.00,2205128509,579948797867
2020-08-11,256.13,2205128509,564799575777
2020-08-12,259.89,2205128509,573090880506
2020-08-13,261.30,2205128509,576200052484
2020-08-14,261.24,2205128509,576067750157
2020-08-17,261.16,2205128509,575891369486
2020-08-18,262.34,2205128509,578493404976
2020-08-19,262.59,2205128509,579044687103
2020-08-20,269.01,2205128509,593201641741
2020-08-21,267.01,2205128509,588791384723
2020-08-24,271.39,2205128509,598449858359
2020-08-25,280.82,2205128509,619244204048
2020-08-26,303.91,2205128509,670160613246
2020-08-27,293.22,2205128509,646587784101
2020-08-28,293.66,2205128509,647558046028
2020-08-31,293.20,2205128509,646543705757
2020-09-01,295.44,2205128509,651483172083
2020-09-02,302.50,2205128509,667051373973
2020-09-03,291.12,2205128509,641957000773
2020-09-04,282.73,2205128509,623456007576
2020-09-08,271.16,2205128509,597942654576
2020-09-09,273.72,2205128509,603587778175
2020-09-10,268.09,2205128509,591172893902
2020-09-11,266.61,2205128509,587909279483
2020-09-14,266.15,2205128509,586894939211
2020-09-15,272.42,2205128509,600721138032
2020-09-16,263.52,2205128509,581095440465
2020-09-17,254.82,2205128509,561910862814
2020-09-18,252.53,2205128509,556861099686
2020-09-21,248.15,2205128509,547202626049
2020-09-22,254.75,2205128509,561756487668
2020-09-23,249.02,2205128509,549121110733
2020-09-24,249.53,2205128509,550245714159
2020-09-25,254.82,2205128509,561910862814
2020-09-28,256.82,2205128509,566321119832
2020-09-29,261.79,2205128509,577280611214
2020-09-30,261.90,2205128509,577523143048
2020-10-01,266.63,2205128509,587953425122
2020-10-02,259.94,2205128509,573201110013
2020-10-05,264.65,2205128509,583587246448
2020-10-06,258.66,2205128509,570378548213
2020-10-07,258.12,2205128509,569187759976
2020-10-08,263.76,2205128509,581624717068
2020-10-09,264.45,2205128509,583146261123
2020-10-12,275.75,2205128509,608064186357
2020-10-13,276.14,2205128509,608924218777
2020-10-14,271.82,2205128509,599398047467
2020-10-15,266.72,2205128509,588151878612
2020-10-16,265.93,2205128509,586409808248
2020-10-19,261.40,2205128509,576420578794
2020-10-20,267.56,2205128509,590004178484
2020-10-21,278.73,2205128509,614635493540
2020-10-22,278.12,2205128509,613290330156
2020-10-23,284.79,2205128509,627998566921
2020-10-26,277.11,2205128509,611063128827
2020-10-27,283.29,2205128509,624690874157
2020-10-28,267.67,2205128509,590246777614
2020-10-29,280.83,2205128509,619266209573
2020-10-30,263.11,2205128509,580191329701
2020-11-02,261.36,2205128509,576332354811
2020-11-03,265.30,2205128509,585020566520
2020-11-04,287.38,2205128509,633709841684
2020-11-05,294.68,2205128509,649807252881
2020-11-06,293.41,2205128509,647006763901
2020-11-09,278.77,2205128509,614723650228
2020-11-10,272.43,2205128509,600743143556
2020-11-11,276.48,2205128509,609673954395
2020-11-12,275.08,2205128509,606586720646
2020-11-13,276.95,2205128509,610710367486
2020-11-16,278.96,2205128509,615142630028
2020-11-17,275.00,2205128509,606410339975
2020-11-18,271.97,2205128509,599728803285
2020-11-19,272.94,2205128509,601867780630
2020-11-20,269.70,2205128509,594723185795
2020-11-23,268.43,2205128509,591922629520
2020-11-24,276.92,2205128509,610644216322
2020-11-25,275.59,2205128509,607711357720
2020-11-27,277.81,2205128509,612606745702
2020-11-30,276.97,2205128509,610754445830
2020-12-01,286.55,2205128509,631879547336
2020-12-02,287.52,2205128509,634018524681
2020-12-03,281.85,2205128509,621515483721
2020-12-04,279.70,2205128509,616774470885
2020-12-07,285.58,2205128509,629740569990
2020-12-08,283.40,2205128509,624933405992
2020-12-09,277.92,2205128509,612849344831
2020-12-10,277.12,2205128509,611085201647
2020-12-11,273.55,2205128509,603212876719
2020-12-14,274.19,2205128509,604624191266
2020-12-15,275.55,2205128509,607623133737
2020-12-16,275.67,2205128509,607887805686
2020-12-17,274.48,2205128509,605263697377
2020-12-18,276.40,2205128509,609497506429
2020-12-21,272.79,2205128509,601537024813
2020-12-22,267.09,2205128509,588967765393
2020-12-23,268.11,2205128509,591216972246
2020-12-24,267.40,2205128509,589651349848
2020-12-28,277.00,2205128509,610820596993
2020-12-29,276.78,2205128509,610335466029
2020-12-30,271.87,2205128509,599508276975
2020-12-31,273.16,2205128509,602352911594
2021-01-04,268.94,2205128509,593047266594
2021-01-05,270.97,2205128509,597523674776
2021-01-06,263.31,2205128509,580632382321
2021-01-07,268.74,2205128509,592606213974
2021-01-08,267.57,2205128509,590026251304
2021-01-11,256.84,2205128509,566365198176
2021-01-12,251.09,2205128509,553685709249
2021-01-13,251.64,2205128509,554898536659
2021-01-14,245.64,2205128509,541667765605
2021-01-15,251.36,2205128509,554281103368
2021-01-19,261.10,2205128509,575759067159
2021-01-20,267.48,2205128509,589827797814
2021-01-21,272.87,2205128509,601713405484
2021-01-22,274.50,2205128509,605307775721
2021-01-25,278.01,2205128509,613047798322
2021-01-26,282.05,2205128509,621956469045
2021-01-27,272.14,2205128509,600103704741
2021-01-28,265.00,2205128509,584359054885
2021-01-29,258.33,2205128509,569650818120
2021-02-01,262.01,2205128509,577765742178
2021-02-02,267.08,2205128509,588945692574
2021-02-03,266.65,2205128509,587997503466
2021-02-04,266.49,2205128509,587644674829
2021-02-05,268.10,2205128509,591194966722
2021-02-08,266.58,2205128509,587843128319
2021-02-09,269.45,2205128509,594171903668
2021-02-10,271.87,2205128509,599508276975
2021-02-11,270.39,2205128509,596244729850
2021-02-12,270.50,2205128509,596487261685
2021-02-16,273.97,2205128509,604139060303
2021-02-17,273.57,2205128509,603257022358
2021-02-18,269.39,2205128509,594039601341
2021-02-19,261.56,2205128509,576773407430
2021-02-22,260.33,2205128509,574061075138
2021-02-23,265.86,2205128509,586255433101
2021-02-24,264.31,2205128509,582837510830
2021-02-25,254.69,2205128509,561624185341
2021-02-26,257.62,2205128509,568085195721
2021-03-01,264.91,2205128509,584160601395
2021-03-02,259.00,2205128509,571128283831
2021-03-03,255.41,2205128509,563211880559
2021-03-04,257.64,2205128509,568129341360
2021-03-05,264.28,2205128509,582771359667
2021-03-08,255.31,2205128509,562991354249
2021-03-09,265.74,2205128509,585990828447
2021-03-10,264.90,2205128509,584138528575
2021-03-11,273.88,2205128509,603940606812
2021-03-12,268.40,2205128509,591856478357
2021-03-15,273.75,2205128509,603653929339
2021-03-16,279.28,2205128509,615848287302
2021-03-17,284.01,2205128509,626278569376
2021-03-18,278.62,2205128509,614392894410
2021-03-19,290.11,2205128509,639729799444
2021-03-22,293.54,2205128509,647293441375
2021-03-23,290.63,2205128509,640876509338
2021-03-24,282.14,2205128509,622154989831
2021-03-25,278.74,2205128509,614657499064
2021-03-26,283.02,2205128509,624095446391
2021-03-29,290.82,2205128509,641295489138
2021-03-30,288.00,2205128509,635077010592
2021-03-31,294.53,2205128509,649476497064
2021-04-01,298.66,2205128509,658583688573
2021-04-05,308.91,2205128509,681186255791
2021-04-06,306.26,2205128509,675342678701
2021-04-07,313.09,2205128509,690403676807
2021-04-08,313.02,2205128509,690249301661
2021-04-09,312.46,2205128509,689014435079
2021-04-12,311.54,2205128509,686985754537
2021-04-13,309.76,2205128509,683060628482
2021-04-14,302.82,2205128509,667757031246
2021-04-15,307.82,2205128509,678782673791
2021-04-16,306.18,2205128509,675166230735
2021-04-19,302.24,2205128509,666478019026
2021-04-20,302.65,2205128509,667382129790
2021-04-21,301.47,2205128509,664780094300
2021-04-22,296.52,2205128509,653864681262
2021-04-23,301.13,2205128509,664030358682
2021-04-26,303.04,2205128509,668242162210
2021-04-27,303.57,2205128509,669410877628
2021-04-28,307.10,2205128509,677194978573
2021-04-29,329.51,2205128509,726611916535
2021-04-30,325.08,2205128509,716843146096
2021-05-03,322.58,2205128509,711330324823
2021-05-04,318.36,2205128509,702024679824
2021-05-05,315.02,2205128509,694659558679
2021-05-06,320.02,2205128509,705685201224
2021-05-07,319.08,2205128509,703612375042
2021-05-10,305.97,2205128509,674703172591
2021-05-11,306.53,2205128509,675938039172
2021-05-12,302.55,2205128509,667161603480
2021-05-13,305.26,2205128509,673137550192
2021-05-14,315.94,2205128509,696688306517
2021-05-17,315.46,2205128509,695629820606
2021-05-18,309.96,2205128509,683501613807
2021-05-19,313.59,2205128509,691506241062
2021-05-20,318.61,2205128509,702575961951
2021-05-21,316.23,2205128509,697327812627
2021-05-24,324.63,2205128509,715850878644
2021-05-25,327.79,2205128509,722819092808
2021-05-26,327.66,2205128509,722532415334
2021-05-27,332.75,2205128509,733756511370
2021-05-28,328.73,2205128509,724891918990
2021-06-01,329.13,2205128509,725773956934
2021-06-02,329.15,2205128509,725818035278
2021-06-03,326.04,2205128509,718960117917
2021-06-04,330.35,2205128509,728464216407
2021-06-07,336.58,2205128509,742202123949
2021-06-08,333.68,2205128509,735807264732
2021-06-09,330.25,2205128509,728243690097
2021-06-10,332.46,2205128509,733117005259
2021-06-11,331.26,2205128509,730470891426
2021-06-14,336.77,2205128509,742621103750
2021-06-15,336.75,2205128509,742577025406
2021-06-16,331.08,2205128509,730073917150
2021-06-17,336.51,2205128509,742047816098
2021-06-18,329.66,2205128509,726942672352
2021-06-21,332.29,2205128509,732742171098
2021-06-22,339.03,2205128509,747604715714
2021-06-23,340.59,2205128509,751044710805
2021-06-24,343.18,2205128509,756755985568
2021-06-25,341.37,2205128509,752764708350
2021-06-28,355.64,2205128509,784231935242
2021-06-29,351.89,2205128509,775962703334
2021-06-30,347.71,2205128509,766745215022
2021-07-01,354.39,2205128509,781475524606
2021-07-02,354.70,2205128509,782159109060
2021-07-06,352.78,2205128509,777925232713
2021-07-07,350.49,2205128509,772875469585
2021-07-08,345.65,2205128509,762202655677
2021-07-09,350.42,2205128509,772721161734
2021-07-12,353.16,2205128509,778763192314
2021-07-13,352.09,2205128509,776403688658
2021-07-14,347.63,2205128509,766568834351
2021-07-15,344.46,2205128509,759578547367
2021-07-16,341.16,2205128509,752301650206
2021-07-19,336.95,2205128509,743018078026
2021-07-20,341.66,2205128509,753404214460
2021-07-21,346.23,2205128509,763481667897
2021-07-22,351.19,2205128509,774419086459
2021-07-23,369.79,2205128509,815434490186
2021-07-26,372.46,2205128509,821322145619
2021-07-27,367.81,2205128509,811068311512
2021-07-28,373.28,2205128509,823130367148
2021-07-29,358.32,2205128509,790141663496
2021-07-30,356.30,2205128509,785687260839
2021-08-02,351.95,2205128509,776095005661
2021-08-03,351.24,2205128509,774529315967
2021-08-04,358.92,2205128509,791464754060
2021-08-05,362.97,2205128509,800395497604
2021-08-06,363.51,2205128509,801586285841
2021-08-09,361.61,2205128509,797396487838
2021-08-10,361.13,2205128509,796338069222
2021-08-11,359.96,2205128509,793758039257
2021-08-12,362.65,2205128509,799689840330
2021-08-13,363.18,2205128509,800858555748
2021-08-16,366.56,2205128509,808311900875
2021-08-17,358.45,2205128509,790428340969
2021-08-18,355.45,2205128509,783812955442
2021-08-19,355.12,2205128509,783085225349
2021-08-20,359.37,2205128509,792457021512
2021-08-23,363.35,2205128509,801233457204
2021-08-24,365.51,2205128509,805996542859
2021-08-25,368.39,2205128509,812347323732
2021-08-26,364.38,2205128509,803504736877
2021-08-27,372.63,2205128509,821697047076
2021-08-30,380.66,2205128509,839404226311
2021-08-31,379.38,2205128509,836581664512
2021-09-01,382.05,2205128509,842469319945
2021-09-02,375.28,2205128509,827540624166
2021-09-03,376.26,2205128509,829701674331
2021-09-07,382.18,2205128509,842755997419
2021-09-08,377.57,2205128509,832590387294
2021-09-09,378.00,2205128509,833538576402
2021-09-10,378.69,2205128509,835060120457
2021-09-13,376.51,2205128509,830252956458
2021-09-14,376.53,2205128509,830297034802
2021-09-15,373.92,2205128509,824541681695
2021-09-16,373.06,2205128509,822645236184
2021-09-17,364.72,2205128509,804254472494
2021-09-20,355.70,2205128509,784364237569
2021-09-21,357.48,2205128509,788289363624
2021-09-22,343.21,2205128509,756822136731
2021-09-23,345.96,2205128509,762886240131
2021-09-24,352.96,2205128509,778322139694
2021-09-27,353.58,2205128509,779689308602
2021-09-28,340.65,2205128509,751177013132
2021-09-29,339.61,2205128509,748883660640
2021-09-30,339.39,2205128509,748398596971
2021-10-01,343.01,2205128509,756381151407
2021-10-04,326.23,2205128509,719379097717
2021-10-05,332.96,2205128509,734219569514
2021-10-06,333.64,2205128509,735719108044
2021-10-07,329.22,2205128509,725972410425
2021-10-08,330.05,2205128509,727802637477
2021-10-11,325.45,2205128509,717659100172
2021-10-12,323.77,2205128509,713954433133
2021-10-13,324.54,2205128509,715652425154
2021-10-14,328.53,2205128509,724450866370
2021-10-15,324.76,2205128509,716137556117
2021-10-18,335.34,2205128509,739467786133
2021-10-19,339.99,2205128509,749721620240
2021-10-20,340.78,2205128509,751463690605
2021-10-21,341.88,2205128509,753889345424
2021-10-22,324.61,2205128509,715806733005
2021-10-25,328.69,2205128509,724803695007
2021-10-26,315.81,2205128509,696401629044
2021-10-27,312.22,2205128509,688485225772
2021-10-28,316.92,2205128509,698849356682
2021-10-29,323.57,2205128509,713513447808
2021-11-01,329.98,2205128509,727648329626
2021-11-02,328.08,2205128509,723458531623
2021-11-03,331.62,2205128509,731264705387
2021-11-04,335.85,2205128509,740592423207
2021-11-05,341.13,2205128509,752235499042
2021-11-08,338.62,2205128509,746700604950
2021-11-09,335.37,2205128509,739533937296
2021-11-10,327.64,2205128509,722488336990
2021-11-11,327.74,2205128509,722708796005
2021-11-12,340.89,2205128509,751706289735
2021-11-15,347.56,2205128509,766414459204
2021-11-16,342.96,2205128509,756270854604
2021-11-17,340.77,2205128509,751441617786
2021-11-18,338.69,2205128509,746854980097
2021-11-19,345.30,2205128509,761430847240
2021-11-22,341.01,2205128509,751970894389
2021-11-23,337.25,2205128509,743679589660
2021-11-24,341.06,2205128509,752081123896
2021-11-26,333.12,2205128509,734572398151
2021-11-29,338.03,2205128509,745399587205
2021-11-30,324.46,2205128509,715475977187
2021-12-01,310.60,2205128509,684912928354
2021-12-02,310.39,2205128509,684449870210
2021-12-03,306.84,2205128509,676621623626
2021-12-06,317.87,2205128509,700944188389
2021-12-07,322.81,2205128509,711837528607
2021-12-08,330.56,2205128509,728927274551
2021-12-09,329.82,2205128509,727295500989
2021-12-10,329.75,2205128509,727141125843
2021-12-13,334.49,2205128509,737593413441
2021-12-14,333.74,2205128509,735939567059
2021-12-15,341.66,2205128509,753404214460
2021-12-16,334.90,2205128509,738497524205
2021-12-17,333.79,2205128509,736049863862
2021-12-20,325.45,2205128509,717659100172
2021-12-21,334.20,2205128509,736953974626
2021-12-22,330.45,2205128509,728684742717
2021-12-23,335.24,2205128509,739247259823
2021-12-27,346.18,2205128509,763371371095
2021-12-28,346.22,2205128509,763459595078
2021-12-29,342.94,2205128509,756226776260
2021-12-30,344.36,2205128509,759358021058
2021-12-31,336.35,2205128509,741694987461
2022-01-03,338.54,2205128509,746524224280
2022-01-04,336.53,2205128509,742091894442
2022-01-05,324.17,2205128509,714836538372
2022-01-06,332.46,2205128509,733117005259
2022-01-07,331.79,2205128509,731639606844
2022-01-10,328.07,2205128509,723436526098
2022-01-11,334.37,2205128509,737328808787
2022-01-12,333.26,2205128509,734881148444
2022-01-13,326.48,2205128509,719930379845
2022-01-14,331.90,2205128509,731882138678
2022-01-18,318.15,2205128509,701561621679
2022-01-19,319.59,2205128509,704737012116
2022-01-20,316.56,2205128509,698055475425
2022-01-21,303.17,2205128509,668528839683
2022-01-24,308.71,2205128509,680745203171
2022-01-25,300.15,2205128509,661869308517
2022-01-26,294.63,2205128509,649697023374
2022-01-27,294.64,2205128509,649719096193
2022-01-28,301.71,2205128509,665309303608
2022-01-31,313.26,2205128509,690778578264
2022-02-01,319.00,2205128509,703435994371
2022-02-02,323.00,2205128509,712256508407
2022-02-03,237.76,2205128509,524291342187
2022-02-04,237.09,2205128509,522813910123
2022-02-07,224.91,2205128509,495955461035
2022-02-08,220.18,2205128509,485525178961
2022-02-09,232.00,2205128509,511589814088
2022-02-10,228.07,2205128509,502923675198
2022-02-11,219.55,2205128509,484135970880
2022-02-14,217.70,2205128509,480056469680
2022-02-15,221.00,2205128509,487333400489
2022-02-16,216.54,2205128509,477498512534
2022-02-17,207.71,2205128509,458027257409
2022-02-18,206.16,2205128509,454609301491
2022-02-22,202.08,2205128509,445612373136
2022-02-23,198.45,2205128509,437607745882
2022-02-24,207.60,2205128509,457784691927
2022-02-25,210.48,2205128509,464135439153
2022-02-28,211.03,2205128509,465348266562
2022-03-01,203.49,2205128509,448721612410
2022-03-02,208.11,2205128509,458909295354
2022-03-03,202.97,2205128509,447574936164
2022-03-04,200.06,2205128509,441158004127
2022-03-07,187.47,2205128509,413395444274
2022-03-08,190.29,2205128509,419613889173
2022-03-09,198.50,2205128509,437718009037
2022-03-10,195.21,2205128509,430463151047
2022-03-11,187.61,2205128509,413704160919
2022-03-14,186.63,2205128509,411543144402
2022-03-15,192.03,2205128509,423450824891
2022-03-16,203.63,2205128509,449030329055
2022-03-17,207.84,2205128509,458313901235
2022-03-18,216.49,2205128509,477388283027
2022-03-21,211.49,2205128509,466362640482
2022-03-22,216.65,2205128509,477741078016
2022-03-23,213.46,2205128509,470706746336
2022-03-24,219.57,2205128509,484180082872
2022-03-25,221.82,2205128509,489141622017
2022-03-28,223.59,2205128509,493044675252
2022-03-29,229.86,2205128509,506870840425
2022-03-30,227.85,2205128509,502438544235
2022-03-31,222.36,2205128509,490332376607
2022-04-01,224.85,2205128509,495823158708
2022-04-04,233.89,2205128509,515757505624
2022-04-05,231.84,2205128509,511236985451
2022-04-06,223.30,2205128509,492405202789
2022-04-07,222.95,2205128509,491633394352
2022-04-08,222.33,2205128509,490266225444
2022-04-11,216.46,2205128509,477322131863
2022-04-12,214.14,2205128509,472206217571
2022-04-13,214.99,2205128509,474080590263
2022-04-14,210.18,2205128509,463473893871
2022-04-18,210.77,2205128509,464774945263
2022-04-19,217.31,2205128509,479196470907
2022-04-20,200.42,2205128509,441951851736
2022-04-21,188.07,2205128509,414718534838
2022-04-22,184.11,2205128509,405986211138
2022-04-25,186.99,2205128509,412336992011
2022-04-26,180.95,2205128509,399017996974
2022-04-27,174.95,2205128509,385787225920
2022-04-28,205.73,2205128509,453661078735
2022-04-29,200.47,2205128509,442062114891
2022-05-02,211.13,2205128509,465568792872
2022-05-03,212.03,2205128509,467553395071
2022-05-04,223.41,2205128509,492647768271
2022-05-05,208.28,2205128509,459284163163
2022-05-06,203.77,2205128509,449339045700
2022-05-09,196.21,2205128509,432668279556
2022-05-10,197.65,2205128509,435843636345
2022-05-11,188.74,2205128509,416195966902
2022-05-12,191.24,2205128509,421708788174
2022-05-13,198.62,2205128509,437982613690
2022-05-16,200.04,2205128509,441113892135
2022-05-17,202.62,2205128509,446803127726
2022-05-18,192.24,2205128509,423913916683
2022-05-19,191.29,2205128509,421819017682
2022-05-20,193.54,2205128509,426780556827
2022-05-23,196.23,2205128509,432712357900
2022-05-24,181.28,2205128509,399745693420
2022-05-25,183.83,2205128509,405368777847
2022-05-26,191.63,2205128509,422568786947
2022-05-27,195.13,2205128509,430286736728
2022-05-31,193.64,2205128509,427001083137
2022-06-01,188.64,2205128509,415975440592
2022-06-02,198.86,2205128509,438511856646
2022-06-03,190.78,2205128509,420694414255
2022-06-06,194.25,2205128509,428346212873
2022-06-07,195.65,2205128509,431433379327
2022-06-08,196.64,2205128509,433616468664
2022-06-09,184.00,2205128509,405743645656
2022-06-10,175.57,2205128509,387154428476
2022-06-13,164.26,2205128509,362214396775
2022-06-14,163.73,2205128509,361045681357
2022-06-15,169.35,2205128509,373438526458
2022-06-16,160.87,2205128509,354739012476
2022-06-17,163.74,2205128509,361067754177
2022-06-21,157.05,2205128509,346315439068
2022-06-22,155.85,2205128509,343669291587
2022-06-23,158.75,2205128509,350064150804
2022-06-24,170.16,2205128509,375224675167
2022-06-27,169.49,2205128509,373747243104
2022-06-28,160.68,2205128509,354320032675
2022-06-29,163.94,2205128509,361508773149
2022-06-30,161.25,2205128509,355576972076
2022-07-01,160.03,2205128509,352886712603
2022-07-05,168.19,2205128509,370880569312
2022-07-06,169.77,2205128509,374364676394
2022-07-07,172.19,2205128509,379701083348
2022-07-08,170.88,2205128509,376812370385
2022-07-11,162.88,2205128509,359171342313
2022-07-12,163.27,2205128509,360031341086
2022-07-13,163.49,2205128509,360516472050
2022-07-14,158.05,2205128509,348520567577
2022-07-15,164.70,2205128509,363184658703
2022-07-18,167.23,2205128509,368763631139
2022-07-19,175.78,2205128509,387617486620
2022-07-20,183.09,2205128509,403736970637
2022-07-21,183.17,2205128509,403913384956
2022-07-22,169.27,2205128509,373262112140
2022-07-25,166.65,2205128509,367484652566
2022-07-26,159.15,2205128509,350946188748
2022-07-27,169.58,2205128509,373945696594
2022-07-28,160.72,2205128509,354408256658
2022-07-29,159.10,2205128509,350835959241
2022-08-01,159.93,2205128509,352666186294
2022-08-02,160.19,2205128509,353239541240
2022-08-03,168.80,2205128509,372225699049
2022-08-04,170.57,2205128509,376128785931
2022-08-05,167.11,2205128509,368499026485
2022-08-08,170.25,2205128509,375423128657
2022-08-09,168.53,2205128509,371630304930
2022-08-10,178.34,2205128509,393262610220
2022-08-11,177.49,2205128509,391388271176
2022-08-12,180.50,2205128509,398025695875
2022-08-15,180.89,2205128509,398885694647
2022-08-16,179.47,2205128509,395754416202
2022-08-17,174.85,2205128509,385566733258
2022-08-18,174.66,2205128509,385147753457
2022-08-19,167.96,2205128509,370373399177
2022-08-22,163.05,2205128509,359546210122
2022-08-23,161.11,2205128509,355268255431
2022-08-24,163.26,2205128509,360009268266
2022-08-25,168.78,2205128509,372181587057
2022-08-26,161.78,2205128509,356745687494
2022-08-29,159.17,2205128509,350990300740
2022-08-30,157.16,2205128509,346558004550
2022-08-31,162.93,2205128509,359281571821
2022-09-01,165.36,2205128509,364640051594
2022-09-02,160.32,2205128509,353526218714
2022-09-06,158.54,2205128509,349601059012
2022-09-07,160.39,2205128509,353680560213
2022-09-08,162.06,2205128509,357363120785
2022-09-09,169.15,2205128509,372997473838
2022-09-12,168.96,2205128509,372578527686
2022-09-13,153.13,2205128509,337671339350
2022-09-14,151.47,2205128509,334010817950
2022-09-15,149.55,2205128509,329776975250
2022-09-16,146.29,2205128509,322588234777
2022-09-19,148.02,2205128509,326403131324
2022-09-20,146.09,2205128509,322147215804
2022-09-21,142.12,2205128509,313392852932
2022-09-22,142.82,2205128509,314936469806
2022-09-23,140.41,2205128509,309622102024
2022-09-26,136.37,2205128509,300713364005
2022-09-27,134.40,2205128509,296369258151
2022-09-28,141.61,2205128509,312268249505
2022-09-29,136.41,2205128509,300801587988
2022-09-30,135.68,2205128509,299191819950
2022-10-03,138.61,2205128509,305652863978
2022-10-04,140.28,2205128509,309335424551
2022-10-05,138.98,2205128509,306468750759
2022-10-06,139.07,2205128509,306667237897
2022-10-07,133.45,2205128509,294274392797
2022-10-10,133.79,2205128509,295024128414
2022-10-11,128.54,2205128509,283447203742
2022-10-12,127.50,2205128509,281153884898
2022-10-13,130.29,2205128509,287306178633
2022-10-14,126.76,2205128509,279522094512
2022-10-17,134.04,2205128509,295575410541
2022-10-18,132.80,2205128509,292841072725
2022-10-19,133.23,2205128509,293789261833
2022-10-20,131.53,2205128509,290040550097
2022-10-21,130.01,2205128509,286688745342
2022-10-24,129.72,2205128509,286049272879
2022-10-25,137.51,2205128509,303227209159
2022-10-26,129.82,2205128509,286269799189
2022-10-27,97.94,2205128509,215970291555
2022-10-28,99.20,2205128509,218748741363
2022-10-31,93.16,2205128509,205429779974
2022-11-01,95.20,2205128509,209928227327
2022-11-02,90.54,2205128509,199652337224
2022-11-03,88.91,2205128509,196057983811
2022-11-04,90.79,2205128509,200203619351
2022-11-07,96.72,2205128509,213280032082
2022-11-08,96.47,2205128509,212728749955
2022-11-09,101.47,2205128509,223754392500
2022-11-10,111.87,2205128509,246687732358
2022-11-11,113.02,2205128509,249223616685
2022-11-14,114.22,2205128509,251869780990
2022-11-15,117.08,2205128509,258176449871
2022-11-16,113.23,2205128509,249686708477
2022-11-17,111.45,2205128509,245761565599
2022-11-18,112.05,2205128509,247084656163
2022-11-21,109.86,2205128509,242255419345
2022-11-22,111.44,2205128509,245739526427
2022-11-23,112.24,2205128509,247503619139
2022-11-25,111.41,2205128509,245673375263
2022-11-28,108.78,2205128509,239873876517
2022-11-29,109.46,2205128509,241373364576
2022-11-30,118.10,2205128509,260425673548
2022-12-01,120.44,2205128509,265585683008
2022-12-02,123.49,2205128509,272311314866
2022-12-05,122.43,2205128509,269973884030
2022-12-06,114.12,2205128509,251649271504
2022-12-07,113.93,2205128509,251230291703
2022-12-08,115.33,2205128509,254317474981
2022-12-09,115.90,2205128509,255574397558
2022-12-12,114.71,2205128509,252950289249
2022-12-13,120.15,2205128509,264946193721
2022-12-14,121.59,2205128509,268121567334
2022-12-15,116.15,2205128509,256125679685
2022-12-16,119.43,2205128509,263358498503
2022-12-19,114.48,2205128509,252443119113
2022-12-20,117.09,2205128509,258198489043
2022-12-21,119.76,2205128509,264086194949
2022-12-22,117.12,2205128509,258264657031
2022-12-23,118.04,2205128509,260293371221
2022-12-27,116.88,2205128509,257735414075
2022-12-28,115.62,2205128509,254956964267
2022-12-29,120.26,2205128509,265188759203
2022-12-30,120.34,2205128509,265365156698
2023-01-03,124.74,2205128509,275067725502
2023-01-04,127.37,2205128509,280867224248
2023-01-05,126.94,2205128509,279919018316
2023-01-06,130.02,2205128509,286710818162
2023-01-09,129.47,2205128509,285497990752
2023-01-10,132.99,2205128509,293260052525
2023-01-11,132.89,2205128509,293039526215
2023-01-12,136.71,2205128509,301463133270
2023-01-13,136.98,2205128509,302058493741
2023-01-17,135.36,2205128509,298486196324
2023-01-18,133.02,2205128509,293326203689
2023-01-19,136.15,2205128509,300228233041
2023-01-20,139.37,2205128509,307328749532
2023-01-23,143.27,2205128509,315928770906
2023-01-24,143.14,2205128509,315642093432
2023-01-25,141.50,2205128509,312025684024
2023-01-26,147.30,2205128509,324815436105
2023-01-27,151.74,2205128509,334606212069
2023-01-30,147.06,2205128509,324286193150
2023-01-31,148.97,2205128509,328497996678
2023-02-01,153.12,2205128509,337649266531
2023-02-02,188.77,2205128509,416262118065
2023-02-03,186.53,2205128509,411322618092
2023-02-06,186.06,2205128509,410286205001
2023-02-07,191.62,2205128509,422546714127
2023-02-08,183.43,2205128509,404486706255
2023-02-09,177.92,2205128509,392336460284
2023-02-10,174.15,2205128509,384023116383
2023-02-13,179.43,2205128509,395666192219
2023-02-14,179.48,2205128509,395776455374
2023-02-15,177.16,2205128509,390660574730
2023-02-16,172.44,2205128509,380252365476
2023-02-17,172.88,2205128509,381222627403
2023-02-21,172.08,2205128509,379458517866
2023-02-22,171.12,2205128509,377341579693
2023-02-23,172.04,2205128509,379370293883
2023-02-24,170.39,2205128509,375731845303
2023-02-27,169.54,2205128509,373857472611
2023-02-28,174.94,2205128509,385765186748
2023-03-01,173.42,2205128509,382413381993
2023-03-02,174.53,2205128509,384861075984
2023-03-03,185.25,2205128509,408500056292
2023-03-06,184.90,2205128509,407728247855
2023-03-07,184.51,2205128509,406868249082
2023-03-08,184.97,2205128509,407882623002
2023-03-09,181.69,2205128509,400649804184
2023-03-10,179.51,2205128509,395842606537
2023-03-13,180.90,2205128509,398907733819
2023-03-14,194.02,2205128509,427839042738
2023-03-15,197.75,2205128509,436064162655
2023-03-16,204.93,2205128509,451896969199
2023-03-17,195.61,2205128509,431345188991
2023-03-20,197.81,2205128509,436196464982
2023-03-21,202.16,2205128509,445788787455
2023-03-22,199.81,2205128509,440606722000
2023-03-23,204.28,2205128509,450463649127
2023-03-24,206.01,2205128509,454278512026
2023-03-27,202.84,2205128509,447288258690
2023-03-28,200.68,2205128509,442525173035
2023-03-29,205.35,2205128509,452823152782
2023-03-30,207.84,2205128509,458313901235
2023-03-31,211.94,2205128509,467354941581
2023-04-03,213.07,2205128509,469846747563
2023-04-04,214.72,2205128509,473485196144
2023-04-05,211.48,2205128509,466340567662
2023-04-06,216.10,2205128509,476528284254
2023-04-10,214.75,2205128509,473551347308
2023-04-11,213.85,2205128509,471566745109
2023-04-12,214.00,2205128509,471897500926
2023-04-13,220.35,2205128509,485900080417
2023-04-14,221.49,2205128509,488413925572
2023-04-17,218.86,2205128509,482614426826
2023-04-18,217.89,2205128509,480475449480
2023-04-19,215.70,2205128509,475646212662
2023-04-20,213.07,2205128509,469846747563
2023-04-21,212.89,2205128509,469449806935
2023-04-24,212.79,2205128509,469229280625
2023-04-25,207.55,2205128509,457674428772
2023-04-26,209.40,2205128509,461753896326
2023-04-27,238.56,2205128509,526055451723
2023-04-28,240.32,2205128509,529936499434
2023-05-01,243.18,2205128509,536243134668
2023-05-02,239.24,2205128509,527554956606
2023-05-03,237.03,2205128509,522681607796
2023-05-04,233.52,2205128509,514941618843
2023-05-05,232.78,2205128509,513309811633
2023-05-08,233.27,2205128509,514390336716
2023-05-09,233.37,2205128509,514610829378
2023-05-10,233.08,2205128509,513971356915
2023-05-11,235.79,2205128509,519947236332
2023-05-12,233.81,2205128509,515581091306
2023-05-15,238.86,2205128509,526716997006
2023-05-16,238.82,2205128509,526628806670
2023-05-17,242.49,2205128509,534721624261
2023-05-18,246.85,2205128509,544335985906
2023-05-19,245.64,2205128509,541667765605
2023-05-22,248.32,2205128509,547577527506
2023-05-23,246.74,2205128509,544093420424
2023-05-24,249.21,2205128509,549540090533
2023-05-25,252.69,2205128509,557213928323
2023-05-26,262.04,2205128509,577831893341
2023-05-30,262.52,2205128509,578890311956
2023-05-31,264.72,2205128509,583741621594
2023-06-01,272.61,2205128509,601140050537
2023-06-02,272.61,2205128509,601140050537
2023-06-05,271.39,2205128509,598449858359
2023-06-06,271.12,2205128509,597854430593
2023-06-07,263.60,2205128509,581271888431
2023-06-08,264.58,2205128509,583432871301
2023-06-09,264.95,2205128509,584248825378
2023-06-12,271.05,2205128509,597700055446
2023-06-13,271.32,2205128509,598295483213
2023-06-14,273.35,2205128509,602771891394
2023-06-15,281.83,2205128509,621471338082
2023-06-16,281.00,2205128509,619641111029
2023-06-20,284.33,2205128509,626984159354
2023-06-21,281.64,2205128509,621052425576
2023-06-22,284.88,2205128509,628197020411
2023-06-23,288.73,2205128509,636686778630
2023-06-26,278.47,2205128509,614062138593
2023-06-27,287.05,2205128509,632982111590
2023-06-28,285.29,2205128509,629101131175
2023-06-29,281.53,2205128509,620809826447
2023-06-30,286.98,2205128509,632827803739
2023-07-03,286.02,2205128509,630710831918
2023-07-05,294.37,2205128509,649123668427
2023-07-06,291.99,2205128509,643875451808
2023-07-07,290.53,2205128509,640655983028
2023-07-10,294.10,2205128509,648528307956
2023-07-11,298.29,2205128509,657767801792
2023-07-12,309.34,2205128509,682134444899
2023-07-13,313.41,2205128509,691109334081
2023-07-14,308.87,2205128509,681098031808
2023-07-17,310.62,2205128509,684957006698
2023-07-18,312.05,2205128509,688110324315
2023-07-19,316.01,2205128509,696842681664
2023-07-20,302.52,2205128509,667095452316
2023-07-21,294.26,2205128509,648881136593
2023-07-24,291.61,2205128509,643037492208
2023-07-25,294.47,2205128509,649344194737
2023-07-26,298.57,2205128509,658385235083
2023-07-27,311.71,2205128509,687360588698
2023-07-28,325.48,2205128509,717725251336
2023-07-31,318.60,2205128509,702553956426
2023-08-01,322.71,2205128509,711617002297
2023-08-02,314.31,2205128509,693093936280
2023-08-03,313.19,2205128509,690624203117
2023-08-04,310.73,2205128509,685199605828
2023-08-07,316.56,2205128509,698055475425
2023-08-08,312.64,2205128509,689411409355
2023-08-09,305.21,2205128509,673027253389
2023-08-10,305.74,2205128509,674195968807
2023-08-11,301.64,2205128509,665154995756
2023-08-14,306.19,2205128509,675188303554
2023-08-15,301.95,2205128509,665838580211
2023-08-16,294.29,2205128509,648947287756
2023-08-17,285.09,2205128509,628660078555
2023-08-18,283.25,2205128509,624602650174
2023-08-21,289.90,2205128509,639266741300
2023-08-22,287.60,2205128509,634194972647
2023-08-23,294.24,2205128509,648836990954
2023-08-24,286.75,2205128509,632320599956
2023-08-25,285.50,2205128509,629564189320
2023-08-28,290.26,2205128509,640060622557
2023-08-29,297.99,2205128509,657106222862
2023-08-30,295.10,2205128509,650733436465
2023-08-31,295.89,2205128509,652475506830
2023-09-01,296.38,2205128509,653555998265
2023-09-05,300.15,2205128509,661869308517
2023-09-06,299.17,2205128509,659708325647
2023-09-07,298.67,2205128509,658605761393
2023-09-08,297.89,2205128509,656885763848
2023-09-11,307.56,2205128509,678209318844
2023-09-12,301.66,2205128509,665199074100
2023-09-13,305.06,2205128509,672696497572
2023-09-14,311.72,2205128509,687382661517
2023-09-15,300.31,2205128509,662222137154
2023-09-18,302.55,2205128509,667161603480
2023-09-19,305.07,2205128509,672718570391
2023-09-20,299.67,2205128509,660810889902
2023-09-21,295.73,2205128509,652122678193
2023-09-22,299.08,2205128509,659509804862
2023-09-25,300.83,2205128509,663368779753
2023-09-26,298.96,2205128509,659245200208
2023-09-27,297.74,2205128509,656554940735
2023-09-28,303.96,2205128509,670270842753
2023-09-29,300.21,2205128509,662001610844
2023-10-02,306.82,2205128509,676577545282
2023-10-03,300.94,2205128509,663611378882
2023-10-04,305.58,2205128509,673843140170
2023-10-05,304.79,2205128509,672101137101
2023-10-06,315.43,2205128509,695563669443
2023-10-09,318.36,2205128509,702024679824
2023-10-10,321.84,2205128509,709698551261
2023-10-11,327.82,2205128509,722885243971
2023-10-12,324.16,2205128509,714814465553
2023-10-13,314.69,2205128509,693931895881
2023-10-16,321.15,2205128509,708177007206
2023-10-17,324.00,2205128509,714461636916
2023-10-18,316.97,2205128509,698959586190
2023-10-19,312.81,2205128509,689786243517
2023-10-20,308.65,2205128509,680612900844
2023-10-23,314.01,2205128509,692432424646
2023-10-24,312.55,2205128509,689212888570
2023-10-25,299.53,2205128509,660502139609
2023-10-26,288.35,2205128509,635848819029
2023-10-27,296.73,2205128509,654327806702
2023-10-30,302.66,2205128509,667404202609
2023-10-31,301.27,2205128509,664339041680
2023-11-01,311.85,2205128509,687669338991
2023-11-02,310.87,2205128509,685508288826
2023-11-03,314.60,2205128509,693733442390
2023-11-06,315.80,2205128509,696379556224
2023-11-07,318.82,2205128509,703039087390
2023-11-08,319.78,2205128509,705155991916
2023-11-09,320.55,2205128509,706853916642
2023-11-10,328.77,2205128509,724980075678
2023-11-13,329.19,2205128509,725906259261
2023-11-14,336.31,2205128509,741606763478
2023-11-15,332.71,2205128509,733668287387
2023-11-16,334.19,2205128509,736931901806
2023-11-17,335.04,2205128509,738806274498
2023-11-20,339.97,2205128509,749677541897
2023-11-21,336.98,2205128509,743084229189
2023-11-22,341.49,2205128509,753029313004
2023-11-24,338.23,2205128509,745840639825
2023-11-27,334.70,2205128509,738056538880
2023-11-28,338.99,2205128509,747516491731
2023-11-29,332.20,2205128509,732543717608
2023-11-30,327.15,2205128509,721407778260
2023-12-01,324.82,2205128509,716269858444
2023-12-04,320.02,2205128509,705685201224
2023-12-05,318.29,2205128509,701870371972
2023-12-06,317.45,2205128509,700018072100
2023-12-07,326.59,2205128509,720172911679
2023-12-08,332.75,2205128509,733756511370
2023-12-11,325.28,2205128509,717284198716
2023-12-12,334.22,2205128509,736998052970
2023-12-13,334.74,2205128509,738144695568
2023-12-14,333.17,2205128509,734682694953
2023-12-15,334.92,2205128509,738541669844
2023-12-18,344.62,2205128509,759931376004
2023-12-19,350.36,2205128509,772588792112
2023-12-20,349.28,2205128509,770207282932
2023-12-21,354.09,2205128509,780813945676
2023-12-22,353.39,2205128509,779270396097
2023-12-26,354.83,2205128509,782445719239
2023-12-27,357.83,2205128509,789061104766
2023-12-28,358.32,2205128509,790141663496
2023-12-29,353.96,2205128509,780527268203
2024-01-02,346.29,2205128509,763613970224
2024-01-03,344.47,2205128509,759600620187
2024-01-04,347.12,2205128509,765444197277
2024-01-05,351.95,2205128509,776095005661
2024-01-08,358.66,2205128509,790891399113
2024-01-09,357.43,2205128509,788179066821
2024-01-10,370.47,2205128509,816933961421
2024-01-11,369.67,2205128509,815169885532
2024-01-12,374.49,2205128509,825798553801
2024-01-16,367.46,2205128509,810296503074
2024-01-17,368.37,2205128509,812303178093
2024-01-18,376.13,2205128509,829414996857
2024-01-19,383.45,2205128509,845556553694
2024-01-22,381.78,2205128509,841873959474
2024-01-23,385.20,2205128509,849415528585
2024-01-24,390.70,2205128509,861543735384
2024-01-25,393.18,2205128509,867012411018
2024-01-26,394.14,2205128509,869129382839
2024-01-29,401.02,2205128509,884300610453
2024-01-30,400.06,2205128509,882183705927
2024-01-31,390.14,2205128509,860308868803
2024-02-01,394.78,2205128509,870540630091
2024-02-02,474.99,2205128509,1047413968955
2024-02-05,459.41,2205128509,1013058096395
2024-02-06,454.72,2205128509,1002716038304
2024-02-07,469.59,2205128509,1035506288466
2024-02-08,470.00,2205128509,1036410399230
2024-02-09,468.11,2205128509,1032242674046
2024-02-12,468.90,2205128509,1033984744411
2024-02-13,460.12,2205128509,1014623718794
2024-02-14,473.28,2205128509,1043643218048
2024-02-15,484.03,2205128509,1067348349519
2024-02-16,473.32,2205128509,1043731442031
2024-02-20,471.75,2205128509,1040269374121
2024-02-21,468.03,2205128509,1032066293375
2024-02-22,486.13,2205128509,1071979132847
2024-02-23,484.03,2205128509,1067348349519
2024-02-26,481.74,2205128509,1062298586391
2024-02-27,487.05,2205128509,1074007813390
2024-02-28,484.02,2205128509,1067326276700
2024-02-29,490.13,2205128509,1080799646883
2024-03-01,502.30,2205128509,1107636023153
2024-03-04,498.19,2205128509,1098572977282
2024-03-05,490.22,2205128509,1080998100374
2024-03-06,496.09,2205128509,1093942193954
2024-03-07,512.19,2205128509,1129444776408
2024-03-08,505.95,2205128509,1115684796047
2024-03-11,483.59,2205128509,1066378087592
2024-03-12,499.75,2205128509,1102012972373
2024-03-13,495.57,2205128509,1092795551356
2024-03-14,491.83,2205128509,1084548324972
2024-03-15,484.10,2205128509,1067502724666
2024-03-18,496.98,2205128509,1095904790629
2024-03-19,496.24,2205128509,1094272949772
2024-03-20,505.52,2205128509,1114736539643
2024-03-21,507.76,2205128509,1119676073264
2024-03-22,509.58,2205128509,1123689356006
2024-03-25,503.02,2205128509,1109223718371
2024-03-26,495.89,2205128509,1093501208630
2024-03-27,493.86,2205128509,1089024733153
2024-03-28,485.58,2205128509,1070766271790
2024-04-01,491.35,2205128509,1083489906356
2024-04-02,497.37,2205128509,1096764755754
2024-04-03,506.74,2205128509,1117426799116
2024-04-04,510.92,2205128509,1126644287428
2024-04-05,527.34,2205128509,1162852527156
2024-04-08,519.25,2205128509,1145012978298
2024-04-09,516.90,2205128509,1139830980138
2024-04-10,519.83,2205128509,1146291990519
2024-04-11,523.16,2205128509,1153634971549
2024-04-12,511.90,2205128509,1128805270298
2024-04-15,500.23,2205128509,1103071458283
2024-04-16,499.76,2205128509,1102035045192
2024-04-17,494.17,2205128509,1089708384902
2024-04-18,501.80,2205128509,1106533458898
2024-04-19,481.07,2205128509,1060821187975
2024-04-22,481.73,2205128509,1062276580867
2024-04-23,496.10,2205128509,1093964266774
2024-04-24,493.50,2205128509,1088230919192
2024-04-25,441.38,2205128509,973299632070
2024-04-26,443.29,2205128509,977511435597
2024-04-29,432.62,2205128509,953982684796
2024-04-30,430.17,2205128509,948580160326
2024-05-01,439.19,2205128509,968470395251
2024-05-02,441.68,2205128509,973961143704
2024-05-03,451.96,2205128509,996629862085
2024-05-06,465.68,2205128509,1026884227920
2024-05-07,468.24,2205128509,1032529351520
2024-05-08,472.60,2205128509,1042143746812
2024-05-09,475.42,2205128509,1048362225359
2024-05-10,476.20,2205128509,1050082222904
2024-05-13,468.01,2205128509,1032022215032
2024-05-14,471.85,2205128509,1040489900431
2024-05-15,481.54,2205128509,1061857601067
2024-05-16,473.23,2205128509,1043532988540
2024-05-17,471.91,2205128509,1040622202758
2024-05-20,468.84,2205128509,1033852442084
2024-05-21,464.63,2205128509,1024568869904
2024-05-22,467.78,2205128509,1031515011248
2024-05-23,465.78,2205128509,1027104754230
2024-05-24,478.22,2205128509,1054536558266
2024-05-28,479.92,2205128509,1058285303649
2024-05-29,474.36,2205128509,1046024727228
2024-05-30,467.05,2205128509,1029905243210
2024-05-31,466.83,2205128509,1029420112247
2024-06-03,477.49,2205128509,1052926790228
2024-06-04,476.99,2205128509,1051824225973
2024-06-05,495.06,2205128509,1091670914282
2024-06-06,493.76,2205128509,1088804274138
2024-06-07,492.96,2205128509,1087040130954
2024-06-10,502.60,2205128509,1108297602082
2024-06-11,507.47,2205128509,1119036567154
2024-06-12,508.84,2205128509,1122057582444
2024-06-13,504.10,2205128509,1111605294846
2024-06-14,504.16,2205128509,1111737597173
2024-06-17,506.63,2205128509,1117184267282
2024-06-18,499.49,2205128509,1101439617426
2024-06-20,501.70,2205128509,1106312999883
2024-06-21,494.78,2205128509,1091053480991
2024-06-24,498.91,2205128509,1100160672501
2024-06-25,510.60,2205128509,1125938630154
2024-06-26,513.12,2205128509,1131495529771
2024-06-27,519.56,2205128509,1145696562752
2024-06-28,504.22,2205128509,1111869899500
2024-07-01,504.68,2205128509,1112884239771
2024-07-02,509.50,2205128509,1123512975336
2024-07-03,509.96,2205128509,1124527315607
2024-07-05,539.91,2205128509,1190570874074
2024-07-08,529.32,2205128509,1167218638535
2024-07-09,530.00,2205128509,1168718109770
2024-07-10,534.69,2205128509,1179060167861
2024-07-11,512.70,2205128509,1130569413482
2024-07-12,498.87,2205128509,1100072448518
2024-07-15,496.16,2205128509,1094096569101
2024-07-16,489.79,2205128509,1080049911266
2024-07-17,461.99,2205128509,1018747298338
2024-07-18,475.85,2205128509,1049310414467
2024-07-19,476.79,2205128509,1051383240649
2024-07-22,487.40,2205128509,1074779621828
2024-07-23,488.69,2205128509,1077624256447
2024-07-24,461.27,2205128509,1017159603120
2024-07-25,453.41,2205128509,999827325341
2024-07-26,465.70,2205128509,1026928373559
2024-07-29,465.71,2205128509,1026950379084
2024-07-30,463.19,2205128509,1021393479467
2024-07-31,474.83,2205128509,1047061140319
2024-08-01,497.74,2205128509,1097580642535
2024-08-02,488.14,2205128509,1076411462685
2024-08-05,475.73,2205128509,1049045809813
2024-08-06,494.09,2205128509,1089531936936
2024-08-07,488.92,2205128509,1078131460230
2024-08-08,509.63,2205128509,1123799652809
2024-08-09,517.77,2205128509,1141749431174
2024-08-12,515.95,2205128509,1137736081137
2024-08-13,528.54,2205128509,1165498573694
2024-08-14,526.76,2205128509,1161573514935
2024-08-15,537.33,2205128509,1184881739426
2024-08-16,527.42,2205128509,1163028840531
2024-08-19,529.28,2205128509,1167130481847
2024-08-20,526.73,2205128509,1161507296477
2024-08-21,535.16,2205128509,1180096513657
2024-08-22,531.93,2205128509,1172973991642
2024-08-23,528.00,2205128509,1164307852752
2024-08-26,521.12,2205128509,1149136557843
2024-08-27,519.10,2205128509,1144682155186
2024-08-28,516.78,2205128509,1139566375484
2024-08-29,518.22,2205128509,1142741631331
2024-08-30,521.31,2205128509,1149555537643
2024-09-03,511.76,2205128509,1128496587300
2024-09-04,512.74,2205128509,1130657570170
2024-09-05,516.86,2205128509,1139742688860
2024-09-06,500.27,2205128509,1103159614971
2024-09-09,504.79,2205128509,1113126838901
2024-09-10,504.79,2205128509,1113126838901
2024-09-11,511.83,2205128509,1128650895152
2024-09-12,525.60,2205128509,1159015490494
2024-09-13,524.62,2205128509,1156854507624
2024-09-16,533.28,2205128509,1175950995883
2024-09-17,536.32,2205128509,1182654538098
2024-09-18,537.95,2205128509,1186248908335
2024-09-19,559.10,2205128509,1232887295546
2024-09-20,561.35,2205128509,1237848834691
2024-09-23,564.41,2205128509,1244596522545
2024-09-24,563.33,2205128509,1242215080660
2024-09-25,568.31,2205128509,1253196577566
2024-09-26,567.84,2205128509,1252160231770
2024-09-27,567.36,2205128509,1251101678565
2024-09-30,572.44,2205128509,1262303769076
2024-10-01,576.47,2205128509,1271190366980
2024-10-02,572.81,2205128509,1263119655857
2024-10-03,582.77,2205128509,1285082784259
2024-10-04,595.94,2205128509,1314124289037
2024-10-07,584.78,2205128509,1289515114096
2024-10-08,592.89,2205128509,1307398674003
2024-10-09,590.51,2205128509,1302150457384
2024-10-10,583.83,2205128509,1287420215095
2024-10-11,589.95,2205128509,1300915590803
2024-10-14,590.42,2205128509,1301951936598
2024-10-15,586.27,2205128509,1292800734040
2024-10-16,576.79,2205128509,1271896024254
2024-10-17,576.93,2205128509,1272204774547
2024-10-18,576.47,2205128509,1271190366980
2024-10-21,575.16,2205128509,1268301654017
2024-10-22,582.01,2205128509,1283406865058
2024-10-23,563.69,2205128509,1243008894622
2024-10-24,567.78,2205128509,1252027929443
2024-10-25,573.25,2205128509,1264089917784
2024-10-28,578.16,2205128509,1274917039544
2024-10-29,593.28,2205128509,1308258706423
2024-10-30,591.80,2205128509,1304995024708
2024-10-31,567.58,2205128509,1251586876824
2024-11-01,567.16,2205128509,1250660625945
2024-11-04,560.68,2205128509,1236371436275
2024-11-05,572.43,2205128509,1262281696256
2024-11-06,572.05,2205128509,1261443736655
2024-11-07,591.70,2205128509,1304774565693
2024-11-08,589.34,2205128509,1299570494714
2024-11-11,583.17,2205128509,1285964754908
2024-11-12,584.82,2205128509,1289603270784
2024-11-13,580.00,2205128509,1278974535220
2024-11-14,577.16,2205128509,1272711911035
2024-11-15,554.08,2205128509,1221817641952
2024-11-18,554.40,2205128509,1222523299226
2024-11-19,561.09,2205128509,1237275614335
2024-11-20,565.52,2205128509,1247044317479
2024-11-21,563.09,2205128509,1241685871353
2024-11-22,559.14,2205128509,1232975586824
2024-11-25,565.11,2205128509,1246140139419
2024-11-26,573.54,2205128509,1264729356599
2024-11-27,569.20,2205128509,1255159174241
2024-11-29,574.32,2205128509,1266449421440
2024-12-02,592.83,2205128509,1307266371676
2024-12-03,613.65,2205128509,1353177163384
2024-12-04,613.78,2205128509,1353463840857
2024-12-05,608.93,2205128509,1342768886835
2024-12-06,623.77,2205128509,1375493053128
2024-12-09,613.57,2205128509,1353000715418
2024-12-10,619.32,2205128509,1365680204345
2024-12-11,632.68,2205128509,1395140688923
2024-12-12,630.79,2205128509,1390972963740
2024-12-13,620.35,2205128509,1367951416722
2024-12-16,624.24,2205128509,1376529398924
2024-12-17,619.44,2205128509,1365944808999
2024-12-18,597.19,2205128509,1316880699673
2024-12-19,595.57,2205128509,1313308402256
2024-12-20,585.25,2205128509,1290551459892
2024-12-23,599.85,2205128509,1322746282288
2024-12-24,607.75,2205128509,1340166851345
2024-12-26,603.35,2205128509,1330464232069
2024-12-27,599.81,2205128509,1322658125600
2024-12-30,591.24,2205128509,1303760158127
2024-12-31,585.51,2205128509,1291124814839
2025-01-02,599.24,2205128509,1321401186199
2025-01-03,604.63,2205128509,1333286861164
2025-01-06,630.20,2205128509,1389672013290
2025-01-07,617.89,2205128509,1362526886728
2025-01-08,610.72,2205128509,1346716018413
2025-01-10,615.86,2205128509,1358050411251
2025-01-13,608.33,2205128509,1341445863565
2025-01-14,594.25,2205128509,1310397616473
2025-01-15,617.12,2205128509,1360828894707
2025-01-16,611.30,2205128509,1347995030634
2025-01-17,612.77,2205128509,1351236639529
2025-01-21,616.46,2205128509,1359373569111
2025-01-22,623.50,2205128509,1374897625362
2025-01-23,636.45,2205128509,1403454066471
2025-01-24,647.49,2205128509,1427798636758
2025-01-27,659.88,2205128509,1455120211286
2025-01-28,674.33,2205128509,1486984345159
2025-01-29,676.49,2205128509,1491747363519
2025-01-30,687.00,2205128509,1514923285683
2025-01-31,689.18,2205128509,1519730449682
2025-02-03,697.46,2205128509,1537988978340
2025-02-04,704.19,2205128509,1552829450136
2025-02-05,704.87,2205128509,1554328921372
2025-02-06,711.99,2205128509,1570029425588
2025-02-07,714.52,2205128509,1575608465320
2025-02-10,717.40,2205128509,1581959246193
2025-02-11,719.80,2205128509,1587251473860
2025-02-12,725.38,2205128509,1599556128626
2025-02-13,728.56,2205128509,1606568421133
2025-02-14,736.67,2205128509,1624451981040
2025-02-18,716.37,2205128509,1579687899225
2025-02-19,703.77,2205128509,1551903333848
2025-02-20,694.84,2205128509,1532211552413
2025-02-21,683.55,2205128509,1507315565409
2025-02-24,668.13,2205128509,1473312521485
2025-02-25,657.50,2205128509,1449871994668
2025-02-26,673.70,2205128509,1485595103431
2025-02-27,658.24,2205128509,1451503768230
2025-02-28,668.20,2205128509,1473466896632
2025-03-03,655.05,2205128509,1444469402902
2025-03-04,640.00,2205128509,1411282245760
2025-03-05,656.47,2205128509,1447600647700
2025-03-06,627.93,2205128509,1384666328506
2025-03-07,625.66,2205128509,1379660643721
2025-03-10,597.99,2205128509,1318644775562
2025-03-11,605.71,2205128509,1335668437639
2025-03-12,619.56,2205128509,1366209413652
2025-03-13,590.64,2205128509,1302437134857
2025-03-14,607.60,2205128509,1339836028232
2025-03-17,604.90,2205128509,1333882288930
2025-03-18,582.36,2205128509,1284178606200
2025-03-19,584.06,2205128509,1287927351583
2025-03-20,586.00,2205128509,1292205306274
2025-03-21,596.25,2205128509,1314807873491
2025-03-24,618.85,2205128509,1364643723959
2025-03-25,626.31,2205128509,1381094031088
2025-03-26,610.98,2205128509,1347289373360
2025-03-27,602.58,2205128509,1328766374639
2025-03-28,576.74,2205128509,1271785794746
2025-03-31,576.36,2205128509,1270947835146
2025-04-01,586.00,2205128509,1292205306274
2025-04-02,583.93,2205128509,1287640674110
2025-04-03,531.62,2205128509,1172290407187
2025-04-04,504.73,2205128509,1112994536574
2025-04-07,516.25,2205128509,1138397592771
2025-04-08,510.45,2205128509,1125607874337
2025-04-09,585.77,2205128509,1291698169786
2025-04-10,546.29,2205128509,1204639604729
2025-04-11,543.57,2205128509,1198641719788
2025-04-14,531.48,2205128509,1171981656894
2025-04-15,521.52,2205128509,1150018663083
2025-04-16,502.31,2205128509,1107658095972
2025-04-17,501.48,2205128509,1105827868920
2025-04-21,484.66,2205128509,1068737591247
2025-04-22,500.28,2205128509,1103181687791
2025-04-23,520.27,2205128509,1147262252446
2025-04-24,533.15,2205128509,1175664318409
2025-04-25,547.27,2205128509,1206800722189
2025-04-28,549.74,2205128509,1212247325003
2025-04-29,554.44,2205128509,1222611455914
2025-04-30,549.00,2205128509,1210615551441
2025-05-01,572.21,2205128509,1261796632587
2025-05-02,597.02,2205128509,1316505865512
2025-05-05,599.27,2205128509,1321467404657
2025-05-06,587.31,2205128509,1295094019237
2025-05-07,596.81,2205128509,1316042740073
2025-05-08,598.01,2205128509,1318688921202
2025-05-09,592.49,2205128509,1306516568763
2025-05-12,639.43,2205128509,1410025306359
2025-05-13,656.03,2205128509,1446630520363
2025-05-14,659.36,2205128509,1453973501393
2025-05-15,643.88,2205128509,1419838155142
2025-05-16,640.34,2205128509,1412032048673
2025-05-19,640.43,2205128509,1412230434868
2025-05-20,637.10,2205128509,1404887319248
2025-05-21,635.50,2205128509,1401359167470
2025-05-22,636.57,2205128509,1403718671125
2025-05-23,627.06,2205128509,1382747877470
2025-05-27,642.32,2205128509,1416398160052
2025-05-28,643.58,2205128509,1419176643508
2025-05-29,645.05,2205128509,1422418117812
2025-05-30,647.49,2205128509,1427798636758
2025-06-02,670.90,2205128509,1479420770524
2025-06-03,666.85,2205128509,1470489892391
2025-06-04,687.95,2205128509,1517018184685
2025-06-05,684.62,2205128509,1509675069064
2025-06-06,697.71,2205128509,1538540260467
2025-06-09,694.06,2205128509,1530491487573
2025-06-10,702.40,2205128509,1548882318558
2025-06-11,694.14,2205128509,1530667935539
2025-06-12,693.36,2205128509,1528947870699
2025-06-13,682.87,2205128509,1505816094174
2025-06-16,702.12,2205128509,1548264817972
2025-06-17,697.23,2205128509,1537481707261
2025-06-18,695.77,2205128509,1534262305776
2025-06-20,682.35,2205128509,1504669384280
2025-06-23,698.53,2205128509,1540348481995
2025-06-24,712.20,2205128509,1570492551028
2025-06-25,708.68,2205128509,1562730455607
2025-06-26,726.09,2205128509,1601121818320
2025-06-27,733.63,2205128509,1617748438825
2025-06-30,738.09,2205128509,1627583360428
2025-07-01,719.22,2205128509,1585972461640
2025-07-02,713.57,2205128509,1573513566318
2025-07-03,719.01,2205128509,1585509470791
2025-07-07,718.35,2205128509,1584054010604
2025-07-08,720.67,2205128509,1589169924896
2025-07-09,732.78,2205128509,1615874133428
2025-07-10,727.24,2205128509,1603657635351
2025-07-11,717.51,2205128509,1582201778027
2025-07-14,720.92,2205128509,1589721207023
2025-07-15,710.39,2205128509,1566501273810
2025-07-16,702.91,2205128509,1550006821041
2025-07-17,701.41,2205128509,1546699128278
2025-07-18,704.28,2205128509,1553027970922
2025-07-21,712.97,2205128509,1572190408458
2025-07-22,704.81,2205128509,1554196619045
2025-07-23,713.58,2205128509,1573535639138
2025-07-24,714.80,2205128509,1576225831315
2025-07-25,712.68,2205128509,1571550969643
2025-07-28,717.63,2205128509,1582466382681
2025-07-29,700.00,2205128509,1543589956300
2025-07-30,695.21,2205128509,1533027439194
2025-07-31,773.44,2205128509,1705534599385
2025-08-01,750.01,2205128509,1653868454570
2025-08-04,776.37,2205128509,1711995609765
2025-08-05,763.46,2205128509,1683527459934
2025-08-06,771.99,2205128509,1702337136128
2025-08-07,761.83,2205128509,1679933089697
2025-08-08,769.30,2205128509,1696405335056
2025-08-11,765.87,2205128509,1688841760421
2025-08-12,790.00,2205128509,1742051522110
2025-08-13,780.08,2205128509,1720176684986
2025-08-14,782.13,2205128509,1724697171511
2025-08-15,785.23,2205128509,1731533016053
2025-08-18,767.37,2205128509,1692149453184
2025-08-19,751.48,2205128509,1657109928874
2025-08-20,747.72,2205128509,1648818624146
2025-08-21,739.10,2205128509,1629810427166
2025-08-22,754.79,2205128509,1664408898856
2025-08-25,753.30,2205128509,1661123278912
2025-08-26,754.10,2205128509,1662887354801
2025-08-27,747.38,2205128509,1648068955824
2025-08-28,751.11,2205128509,1656294042093
2025-08-29,738.70,2205128509,1628928456516
2025-09-02,735.11,2205128509,1621011985949
2025-09-03,737.05,2205128509,1625289940640
2025-09-04,748.65,2205128509,1650869512099
2025-09-05,752.45,2205128509,1659248973515
2025-09-08,752.30,2205128509,1658918150403
2025-09-09,765.70,2205128509,1688466926259
2025-09-10,751.98,2205128509,1658212493129
2025-09-11,750.90,2205128509,1655831051244
2025-09-12,755.59,2205128509,1666173109335
2025-09-15,764.70,2205128509,1686261797750
2025-09-16,779.00,2205128509,1717795108511
2025-09-17,775.72,2205128509,1710562222398
2025-09-18,780.25,2205128509,1720551519147
2025-09-19,778.38,2205128509,1716427939603
2025-09-22,765.16,2205128509,1687276070727
2025-09-23,755.40,2205128509,1665754129535
2025-09-24,760.66,2205128509,1677352992436
2025-09-25,748.91,2205128509,1651442732455
2025-09-26,743.75,2205128509,1640064328569
2025-09-29,743.40,2205128509,1639292587427
2025-09-30,734.38,2205128509,1619402285207
2025-10-01,717.34,2205128509,1581826943866
2025-10-02,727.05,2205128509,1603238655550
2025-10-03,710.56,2205128509,1566876107971
2025-10-06,715.66,2205128509,1578122209531
2025-10-07,713.08,2205128509,1572433074883
2025-10-08,717.84,2205128509,1582929508120
2025-10-09,733.51,2205128509,1617483834171
2025-10-10,705.30,2205128509,1555277110480
2025-10-13,715.70,2205128509,1578210500809
2025-10-14,708.65,2205128509,1562664371739
2025-10-15,717.55,2205128509,1582289934715
2025-10-16,712.07,2205128509,1570205873554
2025-10-17,716.92,2205128509,1580900692987
2025-10-20,732.17,2205128509,1614528902749
2025-10-21,733.27,2205128509,1616954624863
2025-10-22,733.41,2205128509,1617263240566
2025-10-23,734.00,2205128509,1618564325606
2025-10-24,738.36,2205128509,1628178653604
2025-10-27,750.82,2205128509,1655654603278
2025-10-28,751.44,2205128509,1657021772187
2025-10-29,751.67,2205128509,1657528908675
2025-10-30,666.47,2205128509,1469651932790
2025-10-31,648.35,2205128509,1429695014974
2025-11-03,637.71,2205128509,1406232549927
2025-11-04,627.32,2205128509,1383321232417
2025-11-05,635.95,2205128509,1402351502217
2025-11-06,618.94,2205128509,1364842244744
2025-11-07,621.71,2205128509,1370950493783
2025-11-10,631.76,2205128509,1393112008380
2025-11-11,627.08,2205128509,1382792023109
2025-11-12,609.01,2205128509,1342945334801
2025-11-13,609.89,2205128509,1344885858656
2025-11-14,609.46,2205128509,1343937669548
2025-11-17,602.01,2205128509,1327509435238
2025-11-18,597.69,2205128509,1317983263928
2025-11-19,590.32,2205128509,1301731477584
2025-11-20,589.15,2205128509,1299151514913
2025-11-21,594.25,2205128509,1310397616473
2025-11-24,613.05,2205128509,1351854005524
2025-11-25,636.22,2205128509,1402946795393
2025-11-26,633.61,2205128509,1397191442286
2025-11-28,647.95,2205128509,1428813044325
2025-12-01,640.87,2205128509,1413200696796
2025-12-02,647.10,2205128509,1426938604338
2025-12-03,639.60,2205128509,1410400140520
2025-12-04,661.53,2205128509,1458758727162
2025-12-05,673.42,2205128509,1484977602845
2025-12-08,666.80,2205128509,1470379662883
2025-12-09,656.96,2205128509,1448681273725
2025-12-10,650.13,2205128509,1433620208323
2025-12-11,652.71,2205128509,1439309477562
2025-12-12,644.23,2205128509,1420609896284
2025-12-15,647.51,2205128509,1427842782397
2025-12-16,657.15,2205128509,1449100253525
2025-12-17,649.50,2205128509,1432230966596
2025-12-18,664.45,2205128509,1465197664723
2025-12-19,658.77,2205128509,1452672550943
2025-12-22,661.50,2205128509,1458692508704
2025-12-23,664.94,2205128509,1466278156158
2025-12-24,667.55,2205128509,1472033509265
2025-12-26,663.29,2205128509,1462639640282
2025-12-29,658.69,2205128509,1452496102977
2025-12-30,665.95,2205128509,1468505357487
2025-12-31,660.09,2205128509,1455583336726
2026-01-02,650.41,2205128509,1434237574319
2026-01-05,658.79,2205128509,1452716561992
2026-01-06,660.62,2205128509,1456751984848
2026-01-07,648.69,2205128509,1430444817887
2026-01-08,646.06,2205128509,1424645319141
2026-01-09,653.06,2205128509,1440081218704
2026-01-12,641.97,2205128509,1415626284319
2026-01-13,631.09,2205128509,1391634609965
2026-01-14,615.52,2205128509,1357300742929
2026-01-15,620.80,2205128509,1368943751469
2026-01-16,620.25,2205128509,1367730957707
2026-01-20,604.12,2205128509,1332162224090
2026-01-21,612.96,2205128509,1351655619329
2026-01-22,647.63,2205128509,1428107387051
2026-01-23,658.76,2205128509,1452650478123
2026-01-26,672.36,2205128509,1482640172010
2026-01-27,672.97,2205128509,1483985268098
2026-01-28,668.73,2205128509,1474635544755
2026-01-29,738.31,2205128509,1628068424096
2026-01-30,716.50,2205128509,1579974576699
2026-02-02,706.41,2205128509,1557724770823
2026-02-03,691.70,2205128509,1525287416593
2026-02-04,668.99,2205128509,1475208899701
2026-02-05,670.21,2205128509,1477899226469
2026-02-06,661.46,2205128509,1458604352016
2026-02-09,677.22,2205128509,1493357064262
2026-02-10,670.72,2205128509,1479023728953
2026-02-11,668.69,2205128509,1474547388067
2026-02-12,649.81,2205128509,1432914551050
2026-02-13,639.77,2205128509,1410775109272
2026-02-17,639.29,2205128509,1409716556066
2026-02-18,643.22,2205128509,1418382694956
2026-02-19,644.78,2205128509,1421822824636
2026-02-20,655.66,2205128509,1445814498991
2026-02-23,637.25,2205128509,1405218142360
2026-02-24,639.30,2205128509,1409738628886
2026-02-25,653.69,2205128509,1441470460432
2026-02-26,657.01,2205128509,1448791503233
2026-02-27,648.18,2205128509,1429320180813
2026-03-02,653.56,2205128509,1441183782958
2026-03-03,655.08,2205128509,1444535621361
2026-03-04,667.73,2205128509,1472430416246
2026-03-05,660.57,2205128509,1456641755341
2026-03-06,644.86,2205128509,1421999138012
2026-03-09,647.39,2205128509,1427578177743
2026-03-10,654.07,2205128509,1442308420032
2026-03-11,654.86,2205128509,1444050423102
2026-03-12,638.18,2205128509,1407268895723
2026-03-13,613.71,2205128509,1353309465711
2026-03-16,627.45,2205128509,1383607909890
2026-03-17,622.66,2205128509,1373045258194
2026-03-18,615.68,2205128509,1357653504270
2026-03-19,606.70,2205128509,1337851493328
2026-03-20,593.66,2205128509,1309096531433
2026-03-23,604.06,2205128509,1332029921763
2026-03-24,592.92,2205128509,1307464757871
2026-03-25,594.89,2205128509,1311808931021
2026-03-26,547.54,2205128509,1207396015365
2026-03-27,525.72,2205128509,1159280095148
2026-03-30,536.38,2205128509,1182786840425
2026-03-31,572.13,2205128509,1261620184621
2026-04-01,579.23,2205128509,1277276543199
2026-04-02,574.46,2205128509,1266758171733
2026-04-06,573.02,2205128509,1263582781296
2026-04-07,575.05,2205128509,1268059122182
2026-04-08,612.42,2205128509,1350464763796
2026-04-09,628.39,2205128509,1385680736072
2026-04-10,629.86,2205128509,1388922210377
2026-04-13,634.53,2205128509,1399220257419
2026-04-14,662.49,2205128509,1460875564393
2026-04-15,671.58,2205128509,1480920241760
2026-04-16,676.87,2205128509,1492585323120
2026-04-17,688.55,2205128509,1518341207954
2026-04-20,670.91,2205128509,1479442708753
2026-04-21,668.84,2205128509,1474878211179
2026-04-22,674.72,2205128509,1487844242989
2026-04-23,659.15,2205128509,1453510510543
2026-04-24,675.03,2205128509,1488527962034
2026-04-27,678.62,2205128509,1496444298010
2026-04-28,671.34,2205128509,1480391032452
2026-04-29,669.12,2205128509,1475495577175
2026-04-30,611.91,2205128509,1349340126722
2026-05-01,608.75,2205128509,1342371979854
2026-05-04,610.41,2205128509,1346032433959
2026-05-05,604.96,2205128509,1334014591257
2026-05-06,612.88,2205128509,1351479171363
2026-05-07,616.81,2205128509,1360145310253
2026-05-08,609.63,2205128509,1344312503709
2026-05-11,598.86,2205128509,1320563226598
2026-05-12,603.00,2205128509,1329692490927
2026-05-13,616.63,2205128509,1359748403272
2026-05-14,618.43,2205128509,1363717607670
2026-05-15,614.23,2205128509,1354456041014
2026-05-18,611.21,2205128509,1347796644438
2026-05-19,602.61,2205128509,1328832458507
2026-05-20,605.06,2205128509,1334235050272
2026-05-21,607.38,2205128509,1339350964564
2026-05-22,610.26,2205128509,1345701745437
2026-05-26,612.34,2205128509,1350288450421
2026-05-27,635.26,2205128509,1400829958162
2026-05-28,635.29,2205128509,1400896042030
2026-05-29,632.51,2205128509,1394765854762
2026-06-01,600.47,2205128509,1324113451196
2026-06-02,597.63,2205128509,1317850961601
2026-06-03,622.98,2205128509,1373750915468
2026-06-04,627.57,2205128509,1383872514544
2026-06-05,593.00,2205128509,1307641205837
2026-06-08,585.39,2205128509,1290860210185
2026-06-09,584.59,2205128509,1289096134296
2026-06-10,570.98,2205128509,1259084233000
2026-06-11,568.43,2205128509,1253461182220
2026-06-12,566.98,2205128509,1250263718964
2026-06-15,593.48,2205128509,1308699624452
2026-06-16,600.21,2205128509,1323540230839
2026-06-17,567.58,2205128509,1251586876824
2026-06-18,577.22,2205128509,1272844213362
2026-06-22,563.85,2205128509,1243361655964
2026-06-23,562.20,2205128509,1239723274678
2026-06-24,557.67,2205128509,1229733977929
2026-06-25,542.87,2205128509,1197098102914
2026-06-26,550.25,2205128509,1213371962077
2026-06-29,562.60,2205128509,1240605245327
2026-06-30,563.29,2205128509,1242126789382
2026-07-01,612.91,2205128509,1351545255231
2026-07-02,582.90,2205128509,1285369461732
2026-07-06,600.29,2205128509,1323716544215
2026-07-07,615.58,2205128509,1357433045256
2026-07-08,603.12,2205128509,1329957095581
2026-07-09,631.48,2205128509,1392494507794
2026-07-10,669.21,2205128509,1475694097960
2026-07-13,656.73,2205128509,1448174002647
2026-07-14,661.04,2205128509,1457678101137
2026-07-15,681.31,2205128509,1502376099083
2026-07-16,664.54,2205128509,1465396050918
2026-07-17,646.01,2205128509,1424535089634
2026-07-20,645.85,2205128509,1424182193702
2026-07-21,643.81,2205128509,1419683779996
2026-07-22,627.17,2205128509,1382990409304
2026-07-23,606.10,2205128509,1336528335469
2026-07-24,595.19,2205128509,1312470442655
2026-07-27,593.87,2205128509,1309559656873
2026-07-28,593.41,2205128509,1308545249306
2026-07-29,585.61,2205128509,1291345273854
2026-07-30,539.03,2205128509,1188630484810
2026-07-31,556.71,2205128509,1227617140698
2026-08-03,590.24,2205128509,1301555029618
2026-08-04,587.94,2205128509,1296483260965
2026-08-05,588.77,2205128509,1298313555313
2026-08-06,589.90,2205128509,1300805361295
2026-08-07,592.10,2205128509,1305656536343
2026-08-10,594.92,2205128509,1311875014889
2026-08-11,599.12,2205128509,1321136581545
2026-08-12,578.85,2205128509,1276438583599
2026-08-13,594.97,2205128509,1311985244396
2026-08-14,589.85,2205128509,1300694997198
2026-08-17,568.97,2205128509,1254651903162
2026-08-18,543.67,2205128509,1198862178803
2026-08-19,546.03,2205128509,1204066384373
2026-08-20,545.83,2205128509,1203625331753
2026-08-21,549.90,2205128509,1212600220935
2026-08-24,559.02,2205128509,1232710982170
2026-08-25,570.05,2205128509,1257033479637
2026-08-26,576.14,2205128509,1270462771477
2026-08-27,571.10,2205128509,1259348837654
2026-08-28,578.02,2205128509,1274608423841
2026-08-31,572.34,2205128509,1262083310061
2026-09-01,578.54,2205128509,1275754999144
2026-09-02,592.85,2205128509,1307310382725
2026-09-03,610.68,2205128509,1346627861725
2026-09-04,616.77,2205128509,1360057153565
2026-09-08,613.48,2205128509,1352802194632
2026-09-09,653.69,2205128509,1441470460432
2026-09-10,644.38,2205128509,1420940719397
2026-09-11,648.03,2205128509,1428989492291