Date,Close,Shares_Outstanding,Market_Cap
2006-09-14,26.33,7425545491,195514612212
2006-09-15,26.85,7425545491,199375899266
2006-09-18,26.79,7425545491,198930370502
2006-09-19,26.86,7425545491,199450156420
2006-09-20,27.18,7425545491,201826328711
2006-09-21,26.90,7425545491,199747170875
2006-09-22,26.66,7425545491,197965041657
2006-09-25,26.95,7425545491,200118456648
2006-09-26,27.20,7425545491,201974843020
2006-09-27,27.44,7425545491,203756972239
2006-09-28,27.40,7425545491,203459943621
2006-09-29,27.35,7425545491,203088672011
2006-10-02,27.36,7425545491,203162929166
2006-10-03,27.37,7425545491,203237186320
2006-10-04,27.94,7425545491,207469744984
2006-10-05,27.92,7425545491,207321230675
2006-10-06,27.87,7425545491,206949959066
2006-10-09,27.72,7425545491,205836115912
2006-10-10,27.69,7425545491,205613358611
2006-10-11,27.54,7425545491,204499529620
2006-10-12,28.22,7425545491,209548888657
2006-10-13,28.37,7425545491,210662731811
2006-10-16,28.45,7425545491,211256774884
2006-10-17,28.44,7425545491,211182517730
2006-10-18,28.52,7425545491,211776560802
2006-10-19,28.29,7425545491,210068688739
2006-10-20,28.43,7425545491,211108260575
2006-10-23,28.45,7425545491,211256774884
2006-10-24,28.28,7425545491,209994431584
2006-10-25,28.31,7425545491,210217188885
2006-10-26,28.35,7425545491,210514217502
2006-10-27,28.34,7425545491,210439960348
2006-10-30,28.53,7425545491,211850817957
2006-10-31,28.71,7425545491,213187404248
2006-11-01,28.81,7425545491,213929961630
2006-11-02,28.77,7425545491,213632947175
2006-11-03,28.73,7425545491,213335918557
2006-11-06,28.84,7425545491,214152733093
2006-11-07,28.95,7425545491,214969547630
2006-11-08,28.98,7425545491,215192304930
2006-11-09,29.26,7425545491,217271462766
2006-11-10,29.24,7425545491,217122948457
2006-11-13,29.35,7425545491,217939762993
2006-11-14,29.23,7425545491,217048691303
2006-11-15,29.12,7425545491,216231890930
2006-11-16,29.47,7425545491,218830820521
2006-11-17,29.40,7425545491,218311034603
2006-11-20,29.89,7425545491,221949550194
2006-11-21,29.92,7425545491,222172321657
2006-11-22,29.92,7425545491,222172321657
2006-11-24,29.76,7425545491,220984235512
2006-11-27,29.48,7425545491,218905077676
2006-11-28,29.39,7425545491,218236777448
2006-11-29,29.57,7425545491,219573377903
2006-11-30,29.36,7425545491,218014020148
2006-12-01,29.12,7425545491,216231890930
2006-12-04,29.33,7425545491,217791248685
2006-12-05,29.13,7425545491,216306133921
2006-12-06,28.99,7425545491,215266562085
2006-12-07,28.85,7425545491,214226990248
2006-12-08,29.40,7425545491,218311034603
2006-12-11,29.54,7425545491,219350620602
2006-12-12,29.43,7425545491,218533806066
2006-12-13,29.55,7425545491,219424863594
2006-12-14,30.07,7425545491,223286150648
2006-12-15,30.19,7425545491,224177222339
2006-12-18,29.89,7425545491,221949550194
2006-12-19,29.99,7425545491,222692107576
2006-12-20,30.09,7425545491,223434664957
2006-12-21,29.98,7425545491,222617850421
2006-12-22,29.64,7425545491,220093163821
2006-12-26,29.99,7425545491,222692107576
2006-12-27,30.02,7425545491,222914879039
2006-12-28,29.98,7425545491,222617850421
2006-12-29,29.86,7425545491,221726792893
2007-01-03,29.86,7425545491,221726792893
2007-01-04,29.81,7425545491,221355507121
2007-01-05,29.64,7425545491,220093163821
2007-01-08,29.93,7425545491,222246578812
2007-01-09,29.96,7425545491,222469336112
2007-01-10,29.66,7425545491,220241678130
2007-01-11,30.70,7425545491,227964252239
2007-01-12,31.21,7425545491,231751267976
2007-01-16,31.16,7425545491,231379996367
2007-01-17,31.10,7425545491,230934467603
2007-01-18,31.00,7425545491,230191910221
2007-01-19,31.11,7425545491,231008724757
2007-01-22,30.72,7425545491,228112752385
2007-01-23,30.74,7425545491,228261266694
2007-01-24,31.09,7425545491,230860210448
2007-01-25,30.45,7425545491,226107865866
2007-01-26,30.60,7425545491,227221694857
2007-01-29,30.53,7425545491,226701908939
2007-01-30,30.48,7425545491,226330623167
2007-01-31,30.86,7425545491,229152338384
2007-02-01,30.56,7425545491,226924666239
2007-02-02,30.19,7425545491,224177222339
2007-02-05,29.61,7425545491,219870406521
2007-02-06,29.51,7425545491,219127849139
2007-02-07,29.37,7425545491,218088277302
2007-02-08,29.26,7425545491,217271462766
2007-02-09,28.98,7425545491,215192304930
2007-02-12,28.94,7425545491,214895290475
2007-02-13,29.01,7425545491,215415076393
2007-02-14,29.40,7425545491,218311034603
2007-02-15,29.46,7425545491,218756563367
2007-02-16,28.74,7425545491,213410175712
2007-02-20,28.83,7425545491,214078475939
2007-02-21,29.35,7425545491,217939762993
2007-02-22,29.39,7425545491,218236777448
2007-02-23,28.90,7425545491,214598261857
2007-02-26,29.07,7425545491,215860605157
2007-02-27,27.87,7425545491,206949959066
2007-02-28,28.17,7425545491,209177617048
2007-03-01,28.09,7425545491,208583573975
2007-03-02,27.76,7425545491,206133144530
2007-03-05,27.55,7425545491,204573772612
2007-03-06,27.83,7425545491,206652930448
2007-03-07,27.61,7425545491,205019315539
2007-03-08,27.32,7425545491,202865900548
2007-03-09,27.29,7425545491,202643143248
2007-03-12,27.44,7425545491,203756972239
2007-03-13,26.72,7425545491,198410570421
2007-03-14,27.40,7425545491,203459943621
2007-03-15,27.28,7425545491,202568886093
2007-03-16,27.33,7425545491,202940157703
2007-03-19,27.83,7425545491,206652930448
2007-03-20,27.84,7425545491,206727187602
2007-03-21,28.52,7425545491,211776560802
2007-03-22,28.27,7425545491,209920174430
2007-03-23,28.02,7425545491,208063788057
2007-03-26,28.22,7425545491,209548888657
2007-03-27,27.72,7425545491,205836115912
2007-03-28,27.64,7425545491,205242072839
2007-03-29,27.75,7425545491,206058887375
2007-03-30,27.87,7425545491,206949959066
2007-04-02,27.74,7425545491,205984630221
2007-04-03,27.87,7425545491,206949959066
2007-04-04,28.50,7425545491,211628046494
2007-04-05,28.55,7425545491,211999318103
2007-04-09,28.57,7425545491,212147832412
2007-04-10,28.40,7425545491,210885489112
2007-04-11,28.11,7425545491,208732088284
2007-04-12,28.54,7425545491,211925075111
2007-04-13,28.61,7425545491,212444861030
2007-04-16,28.73,7425545491,213335918557
2007-04-17,28.85,7425545491,214226990248
2007-04-18,28.60,7425545491,212370603875
2007-04-19,28.69,7425545491,213038904102
2007-04-20,29.02,7425545491,215489333548
2007-04-23,28.78,7425545491,213707204330
2007-04-24,28.79,7425545491,213781461484
2007-04-25,28.99,7425545491,215266562085
2007-04-26,29.10,7425545491,216083376621
2007-04-27,30.12,7425545491,223657436421
2007-04-30,29.94,7425545491,222320835966
2007-05-01,30.40,7425545491,225736580094
2007-05-02,30.61,7425545491,227295952012
2007-05-03,30.97,7425545491,229969138758
2007-05-04,30.56,7425545491,226924666239
2007-05-07,30.71,7425545491,228038495230
2007-05-08,30.75,7425545491,228335523848
2007-05-09,30.78,7425545491,228558295312
2007-05-10,30.58,7425545491,227073180548
2007-05-11,30.89,7425545491,229375095685
2007-05-14,30.97,7425545491,229969138758
2007-05-15,30.90,7425545491,229449352839
2007-05-16,31.07,7425545491,230711696139
2007-05-17,30.98,7425545491,230043395912
2007-05-18,30.83,7425545491,228929566921
2007-05-21,31.05,7425545491,230563181830
2007-05-22,30.69,7425545491,227889995084
2007-05-23,30.58,7425545491,227073180548
2007-05-24,30.17,7425545491,224028708030
2007-05-25,30.48,7425545491,226330623167
2007-05-29,30.79,7425545491,228632552466
2007-05-30,31.11,7425545491,231008724757
2007-05-31,30.69,7425545491,227889995084
2007-06-01,30.59,7425545491,227147437703
2007-06-04,30.72,7425545491,228112752385
2007-06-05,30.58,7425545491,227073180548
2007-06-06,30.29,7425545491,224919779721
2007-06-07,29.62,7425545491,219944663675
2007-06-08,30.05,7425545491,223137636339
2007-06-11,30.02,7425545491,222914879039
2007-06-12,29.85,7425545491,221652535739
2007-06-13,30.39,7425545491,225662322939
2007-06-14,30.52,7425545491,226627651784
2007-06-15,30.49,7425545491,226404880321
2007-06-18,30.51,7425545491,226553394630
2007-06-19,30.46,7425545491,226182108858
2007-06-20,30.01,7425545491,222840621884
2007-06-21,30.22,7425545491,224399979639
2007-06-22,29.49,7425545491,218979334830
2007-06-25,29.49,7425545491,218979334830
2007-06-26,29.52,7425545491,219202106293
2007-06-27,29.87,7425545491,221801050048
2007-06-28,29.83,7425545491,221504021430
2007-06-29,29.47,7425545491,218830820521
2007-07-02,29.74,7425545491,220835721203
2007-07-03,30.02,7425545491,222914879039
2007-07-05,29.99,7425545491,222692107576
2007-07-06,29.97,7425545491,222543593267
2007-07-09,29.87,7425545491,221801050048
2007-07-10,29.33,7425545491,217791248685
2007-07-11,29.49,7425545491,218979334830
2007-07-12,30.07,7425545491,223286150648
2007-07-13,29.82,7425545491,221429764276
2007-07-16,30.03,7425545491,222989136193
2007-07-17,30.78,7425545491,228558295312
2007-07-18,30.92,7425545491,229597867148
2007-07-19,31.51,7425545491,233978940121
2007-07-20,31.16,7425545491,231379996367
2007-07-23,31.19,7425545491,231602767830
2007-07-24,30.80,7425545491,228706795458
2007-07-25,30.71,7425545491,228038495230
2007-07-26,29.98,7425545491,222617850421
2007-07-27,29.39,7425545491,218236777448
2007-07-30,29.40,7425545491,218311034603
2007-07-31,28.99,7425545491,215266562085
2007-08-01,29.30,7425545491,217568477221
2007-08-02,29.52,7425545491,219202106293
2007-08-03,28.96,7425545491,215043790621
2007-08-06,29.54,7425545491,219350620602
2007-08-07,29.55,7425545491,219424863594
2007-08-08,30.00,7425545491,222766364730
2007-08-09,29.30,7425545491,217568477221
2007-08-10,28.71,7425545491,213187404248
2007-08-13,28.63,7425545491,212593361176
2007-08-14,28.27,7425545491,209920174430
2007-08-15,28.10,7425545491,208657831130
2007-08-16,27.81,7425545491,206504416139
2007-08-17,28.25,7425545491,209771660121
2007-08-20,28.26,7425545491,209845917275
2007-08-21,28.07,7425545491,208435059666
2007-08-22,28.22,7425545491,209548888657
2007-08-23,28.30,7425545491,210142931730
2007-08-24,28.81,7425545491,213929961630
2007-08-27,28.49,7425545491,211553789339
2007-08-28,27.93,7425545491,207395487830
2007-08-29,28.59,7425545491,212296346721
2007-08-30,28.45,7425545491,211256774884
2007-08-31,28.73,7425545491,213335918557
2007-09-04,28.81,7425545491,213929961630
2007-09-05,28.48,7425545491,211479532185
2007-09-06,28.91,7425545491,214672519012
2007-09-07,28.44,7425545491,211182517730
2007-09-10,28.48,7425545491,211479532185
2007-09-11,28.93,7425545491,214821033321
2007-09-12,28.93,7425545491,214821033321
2007-09-13,29.16,7425545491,216528905385
2007-09-14,29.04,7425545491,215637847857
2007-09-17,28.73,7425545491,213335918557
2007-09-18,28.93,7425545491,214821033321
2007-09-19,28.67,7425545491,212890389793
2007-09-20,28.42,7425545491,211034003421
2007-09-21,28.65,7425545491,212741875485
2007-09-24,29.08,7425545491,215934862312
2007-09-25,29.56,7425545491,219499120748
2007-09-26,29.50,7425545491,219053591985
2007-09-27,29.49,7425545491,218979334830
2007-09-28,29.46,7425545491,218756563367
2007-10-01,29.77,7425545491,221058492666
2007-10-02,29.70,7425545491,220538706748
2007-10-03,29.45,7425545491,218682320375
2007-10-04,29.71,7425545491,220612949739
2007-10-05,29.84,7425545491,221578278584
2007-10-08,29.84,7425545491,221578278584
2007-10-09,30.10,7425545491,223508922112
2007-10-10,30.23,7425545491,224474236794
2007-10-11,29.91,7425545491,222098064503
2007-10-12,30.17,7425545491,224028708030
2007-10-15,30.04,7425545491,223063393348
2007-10-16,30.32,7425545491,225142537021
2007-10-17,31.08,7425545491,230785953294
2007-10-18,31.16,7425545491,231379996367
2007-10-19,30.17,7425545491,224028708030
2007-10-22,30.51,7425545491,226553394630
2007-10-23,30.90,7425545491,229449352839
2007-10-24,31.25,7425545491,232048296594
2007-10-25,31.99,7425545491,237543198558
2007-10-26,35.03,7425545491,260116849485
2007-10-29,34.57,7425545491,256701105358
2007-10-30,35.57,7425545491,264126650849
2007-10-31,36.81,7425545491,273334339721
2007-11-01,37.06,7425545491,275190726094
2007-11-02,37.06,7425545491,275190726094
2007-11-05,36.73,7425545491,272740282485
2007-11-06,36.41,7425545491,270364110194
2007-11-07,35.52,7425545491,263755379239
2007-11-08,34.74,7425545491,257963462821
2007-11-09,33.73,7425545491,250463646012
2007-11-12,33.38,7425545491,247864716421
2007-11-13,34.46,7425545491,255884290822
2007-11-14,33.93,7425545491,251948760776
2007-11-15,33.76,7425545491,250686403313
2007-11-16,34.09,7425545491,253136846921
2007-11-19,33.96,7425545491,252171518076
2007-11-20,34.58,7425545491,256775376675
2007-11-21,34.23,7425545491,254176418758
2007-11-23,34.11,7425545491,253285361230
2007-11-26,32.97,7425545491,244820243903
2007-11-27,33.06,7425545491,245488544130
2007-11-28,33.70,7425545491,250240888712
2007-11-29,33.59,7425545491,249424074176
2007-11-30,33.60,7425545491,249498317167
2007-12-03,32.92,7425545491,244448943967
2007-12-04,32.77,7425545491,243335129139
2007-12-05,34.15,7425545491,253582389848
2007-12-06,34.55,7425545491,256552591049
2007-12-07,34.53,7425545491,256404076740
2007-12-10,34.76,7425545491,258111948804
2007-12-11,34.10,7425545491,253211089913
2007-12-12,34.47,7425545491,255958562139
2007-12-13,35.22,7425545491,261527721257
2007-12-14,35.31,7425545491,262196021485
2007-12-17,34.39,7425545491,255364504903
2007-12-18,34.74,7425545491,257963462821
2007-12-19,34.79,7425545491,258334734430
2007-12-20,35.52,7425545491,263755379239
2007-12-21,36.06,7425545491,267765180603
2007-12-24,36.58,7425545491,271626467657
2007-12-26,36.61,7425545491,271849224958
2007-12-27,35.97,7425545491,267096880376
2007-12-28,36.12,7425545491,268210695204
2007-12-31,35.60,7425545491,264349408149
2008-01-02,35.22,7425545491,261527721257
2008-01-03,35.37,7425545491,262641536085
2008-01-04,34.38,7425545491,255290261912
2008-01-07,34.61,7425545491,256998133976
2008-01-08,33.45,7425545491,248384502339
2008-01-09,34.44,7425545491,255735776513
2008-01-10,34.33,7425545491,254918990303
2008-01-11,33.91,7425545491,251800246467
2008-01-14,34.39,7425545491,255364504903
2008-01-15,34.00,7425545491,252468546694
2008-01-16,33.23,7425545491,246750873267
2008-01-17,33.11,7425545491,245859815739
2008-01-18,33.01,7425545491,245117244194
2008-01-22,31.96,7425545491,237320427094
2008-01-23,31.93,7425545491,237097669794
2008-01-24,33.25,7425545491,246899387576
2008-01-25,32.94,7425545491,244597458276
2008-01-28,32.72,7425545491,242963857530
2008-01-29,32.60,7425545491,242072771676
2008-01-30,32.20,7425545491,239102570475
2008-01-31,32.60,7425545491,242072771676
2008-02-01,30.45,7425545491,226107865866
2008-02-04,30.19,7425545491,224177222339
2008-02-05,29.07,7425545491,215860605157
2008-02-06,28.52,7425545491,211776560802
2008-02-07,28.12,7425545491,208806345439
2008-02-08,28.56,7425545491,212073575257
2008-02-11,28.21,7425545491,209474631503
2008-02-12,28.34,7425545491,210439960348
2008-02-13,28.96,7425545491,215043790621
2008-02-14,28.50,7425545491,211628046494
2008-02-15,28.42,7425545491,211034003421
2008-02-19,28.17,7425545491,209177617048
2008-02-20,28.22,7425545491,209548888657
2008-02-21,28.10,7425545491,208657831130
2008-02-22,27.68,7425545491,205539101457
2008-02-25,27.84,7425545491,206727187602
2008-02-26,28.38,7425545491,210736974803
2008-02-27,28.26,7425545491,209845917275
2008-02-28,27.93,7425545491,207395487830
2008-02-29,27.20,7425545491,201974843020
2008-03-03,26.99,7425545491,200415471103
2008-03-04,27.59,7425545491,204870801230
2008-03-05,28.12,7425545491,208806345439
2008-03-06,27.57,7425545491,204722286921
2008-03-07,27.87,7425545491,206949959066
2008-03-10,28.05,7425545491,208286545357
2008-03-11,29.28,7425545491,217419977075
2008-03-12,28.63,7425545491,212593361176
2008-03-13,28.62,7425545491,212519118184
2008-03-14,27.96,7425545491,207618245130
2008-03-17,28.30,7425545491,210142931730
2008-03-18,29.42,7425545491,218459548912
2008-03-19,28.62,7425545491,212519118184
2008-03-20,29.18,7425545491,216677419693
2008-03-24,29.17,7425545491,216603162539
2008-03-25,29.14,7425545491,216380391076
2008-03-26,28.56,7425545491,212073575257
2008-03-27,28.05,7425545491,208286545357
2008-03-28,27.91,7425545491,207246973521
2008-03-31,28.38,7425545491,210736974803
2008-04-01,29.50,7425545491,219053591985
2008-04-02,29.16,7425545491,216528905385
2008-04-03,29.00,7425545491,215340819239
2008-04-04,29.16,7425545491,216528905385
2008-04-07,29.16,7425545491,216528905385
2008-04-08,28.75,7425545491,213484432866
2008-04-09,28.89,7425545491,214524004703
2008-04-10,29.11,7425545491,216157633775
2008-04-11,28.28,7425545491,209994431584
2008-04-14,28.06,7425545491,208360802512
2008-04-15,28.25,7425545491,209771660121
2008-04-16,28.95,7425545491,214969547630
2008-04-17,29.22,7425545491,216974434148
2008-04-18,30.00,7425545491,222766364730
2008-04-21,30.42,7425545491,225885094403
2008-04-22,30.25,7425545491,224622751103
2008-04-23,31.45,7425545491,233533411357
2008-04-24,31.80,7425545491,236132340949
2008-04-25,29.83,7425545491,221504021430
2008-04-28,28.99,7425545491,215266562085
2008-04-29,28.64,7425545491,212667618330
2008-04-30,28.52,7425545491,211776560802
2008-05-01,29.40,7425545491,218311034603
2008-05-02,29.24,7425545491,217122948457
2008-05-05,29.08,7425545491,215934862312
2008-05-06,29.70,7425545491,220538706748
2008-05-07,29.21,7425545491,216900176994
2008-05-08,29.27,7425545491,217345719921
2008-05-09,29.39,7425545491,218236777448
2008-05-12,29.99,7425545491,222692107576
2008-05-13,29.78,7425545491,221132749821
2008-05-14,29.93,7425545491,222246578812
2008-05-15,30.45,7425545491,226107865866
2008-05-16,29.99,7425545491,222692107576
2008-05-19,29.46,7425545491,218756563367
2008-05-20,28.76,7425545491,213558690021
2008-05-21,28.25,7425545491,209771660121
2008-05-22,28.47,7425545491,211405275030
2008-05-23,28.05,7425545491,208286545357
2008-05-27,28.44,7425545491,211182517730
2008-05-28,28.18,7425545491,209251874202
2008-05-29,28.31,7425545491,210217188885
2008-05-30,28.32,7425545491,210291446039
2008-06-02,27.80,7425545491,206430158985
2008-06-03,27.31,7425545491,202791643394
2008-06-04,27.54,7425545491,204499529620
2008-06-05,28.30,7425545491,210142931730
2008-06-06,27.49,7425545491,204128243848
2008-06-09,27.71,7425545491,205761858757
2008-06-10,27.89,7425545491,207098459212
2008-06-11,27.12,7425545491,201380799948
2008-06-12,28.24,7425545491,209697402966
2008-06-13,29.07,7425545491,215860605157
2008-06-16,28.93,7425545491,214821033321
2008-06-17,28.80,7425545491,213855704476
2008-06-18,28.46,7425545491,211331017876
2008-06-19,28.93,7425545491,214821033321
2008-06-20,28.23,7425545491,209623145812
2008-06-23,27.97,7425545491,207692502285
2008-06-24,27.73,7425545491,205910373066
2008-06-25,28.35,7425545491,210514217502
2008-06-26,27.75,7425545491,206058887375
2008-06-27,27.63,7425545491,205167815685
2008-06-30,27.51,7425545491,204276758157
2008-07-01,26.87,7425545491,199524413575
2008-07-02,25.88,7425545491,192173111075
2008-07-03,25.98,7425545491,192915668457
2008-07-07,26.03,7425545491,193286954229
2008-07-08,25.85,7425545491,191950353775
2008-07-09,25.23,7425545491,187346509339
2008-07-10,25.45,7425545491,188980138411
2008-07-11,25.25,7425545491,187495023648
2008-07-14,25.15,7425545491,186752466266
2008-07-15,26.15,7425545491,194178011757
2008-07-16,27.26,7425545491,202420371784
2008-07-17,27.52,7425545491,204351015311
2008-07-18,25.86,7425545491,192024610929
2008-07-21,25.64,7425545491,190390981857
2008-07-22,25.80,7425545491,191579068003
2008-07-23,26.43,7425545491,196257169593
2008-07-24,25.44,7425545491,188905881257
2008-07-25,26.16,7425545491,194252268912
2008-07-28,25.50,7425545491,189351410021
2008-07-29,26.11,7425545491,193880997302
2008-07-30,26.23,7425545491,194772054830
2008-07-31,25.72,7425545491,190985024930
2008-08-01,25.44,7425545491,188905881257
2008-08-04,25.28,7425545491,187717795111
2008-08-05,26.21,7425545491,194623540521
2008-08-06,27.02,7425545491,200638242566
2008-08-07,27.39,7425545491,203385686466
2008-08-08,28.13,7425545491,208880588430
2008-08-11,27.90,7425545491,207172716366
2008-08-12,28.12,7425545491,208806345439
2008-08-13,27.91,7425545491,207246973521
2008-08-14,27.91,7425545491,207246973521
2008-08-15,27.81,7425545491,206504416139
2008-08-18,27.69,7425545491,205613358611
2008-08-19,27.32,7425545491,202865900548
2008-08-20,27.29,7425545491,202643143248
2008-08-21,27.18,7425545491,201826328711
2008-08-22,27.84,7425545491,206727187602
2008-08-25,27.66,7425545491,205390587148
2008-08-26,27.27,7425545491,202494628939
2008-08-27,27.56,7425545491,204648029766
2008-08-28,27.94,7425545491,207469744984
2008-08-29,27.29,7425545491,202643143248
2008-09-02,27.10,7425545491,201232285639
2008-09-03,26.90,7425545491,199747170875
2008-09-04,26.35,7425545491,195663126520
2008-09-05,25.65,7425545491,190465239012
2008-09-08,26.12,7425545491,193955254457
2008-09-09,26.10,7425545491,193806740148
2008-09-10,26.44,7425545491,196331426748
2008-09-11,27.34,7425545491,203014414857
2008-09-12,27.62,7425545491,205093572693
2008-09-15,26.82,7425545491,199153127803
2008-09-16,25.99,7425545491,192989925612
2008-09-17,24.57,7425545491,182445650448
2008-09-18,25.26,7425545491,187569280802
2008-09-19,25.16,7425545491,186826723421
2008-09-22,25.40,7425545491,188608852639
2008-09-23,25.44,7425545491,188905881257
2008-09-24,25.72,7425545491,190985024930
2008-09-25,26.61,7425545491,197593770048
2008-09-26,27.40,7425545491,203459943621
2008-09-29,25.01,7425545491,185712894429
2008-09-30,26.69,7425545491,198187813120
2008-10-01,26.48,7425545491,196628441203
2008-10-02,26.25,7425545491,194920569139
2008-10-03,26.32,7425545491,195440355057
2008-10-06,24.91,7425545491,184970337048
2008-10-07,23.23,7425545491,172495418357
2008-10-08,23.01,7425545491,170861803447
2008-10-09,22.30,7425545491,165589658784
2008-10-10,21.50,7425545491,159649228057
2008-10-13,25.50,7425545491,189351410021
2008-10-14,24.10,7425545491,178955649166
2008-10-15,22.66,7425545491,168262859693
2008-10-16,24.19,7425545491,179623949393
2008-10-17,23.93,7425545491,177693305866
2008-10-20,24.72,7425545491,183559479439
2008-10-21,23.36,7425545491,173460747202
2008-10-22,21.53,7425545491,159871999520
2008-10-23,22.32,7425545491,165738173093
2008-10-24,21.96,7425545491,163064972184
2008-10-27,21.18,7425545491,157273055765
2008-10-28,23.10,7425545491,171530103675
2008-10-29,23.00,7425545491,170787546293
2008-10-30,22.63,7425545491,168040088230
2008-10-31,22.33,7425545491,165812430248
2008-11-03,22.62,7425545491,167965845238
2008-11-04,23.53,7425545491,174723090502
2008-11-05,22.08,7425545491,163956043875
2008-11-06,20.88,7425545491,155045383620
2008-11-07,21.50,7425545491,159649228057
2008-11-10,21.30,7425545491,158164113293
2008-11-11,21.20,7425545491,157421570074
2008-11-12,20.30,7425545491,150738567802
2008-11-13,21.25,7425545491,157792841684
2008-11-14,20.06,7425545491,148956438584
2008-11-17,19.32,7425545491,143461536620
2008-11-18,19.62,7425545491,145689208765
2008-11-19,18.29,7425545491,135813233829
2008-11-20,17.53,7425545491,130169817556
2008-11-21,19.68,7425545491,146134737529
2008-11-24,20.69,7425545491,153634540174
2008-11-25,19.99,7425545491,148436652666
2008-11-26,20.49,7425545491,152149425411
2008-11-28,20.22,7425545491,150144524729
2008-12-01,18.61,7425545491,138189406120
2008-12-02,19.15,7425545491,142199193320
2008-12-03,19.87,7425545491,147545595138
2008-12-04,19.11,7425545491,141902178865
2008-12-05,19.87,7425545491,147545595138
2008-12-08,21.01,7425545491,156010712465
2008-12-09,20.60,7425545491,152966239947
2008-12-10,20.61,7425545491,153040497102
2008-12-11,19.45,7425545491,144426865465
2008-12-12,19.36,7425545491,143758565238
2008-12-15,19.04,7425545491,141382392947
2008-12-16,20.11,7425545491,149327724356
2008-12-17,19.66,7425545491,145986223220
2008-12-18,19.30,7425545491,143313022311
2008-12-19,19.12,7425545491,141976436020
2008-12-22,19.18,7425545491,142421964783
2008-12-23,19.28,7425545491,143164522165
2008-12-24,19.17,7425545491,142347707629
2008-12-26,19.13,7425545491,142050679011
2008-12-29,18.96,7425545491,140788335711
2008-12-30,19.34,7425545491,143610050929
2008-12-31,19.44,7425545491,144352608311
2009-01-02,20.33,7425545491,150961339266
2009-01-05,20.52,7425545491,152372196874
2009-01-06,20.76,7425545491,154154326093
2009-01-07,19.51,7425545491,144872394229
2009-01-08,20.12,7425545491,149401981511
2009-01-09,19.52,7425545491,144946651383
2009-01-12,19.47,7425545491,144575365611
2009-01-13,19.82,7425545491,147174309366
2009-01-14,19.09,7425545491,141753664556
2009-01-15,19.24,7425545491,142867493547
2009-01-16,19.71,7425545491,146357494829
2009-01-20,18.48,7425545491,137224077275
2009-01-21,19.38,7425545491,143907065384
2009-01-22,17.11,7425545491,127051087883
2009-01-23,17.20,7425545491,127719388110
2009-01-26,17.63,7425545491,130912360775
2009-01-27,17.66,7425545491,131135132238
2009-01-28,18.04,7425545491,133956847456
2009-01-29,17.59,7425545491,130615346320
2009-01-30,17.10,7425545491,126976830729
2009-02-02,17.83,7425545491,132397475538
2009-02-03,18.50,7425545491,137372591584
2009-02-04,18.63,7425545491,138337906266
2009-02-05,19.04,7425545491,141382392947
2009-02-06,19.66,7425545491,145986223220
2009-02-09,19.44,7425545491,144352608311
2009-02-10,18.80,7425545491,139600249566
2009-02-11,19.21,7425545491,142644722084
2009-02-12,19.26,7425545491,143016007856
2009-02-13,19.09,7425545491,141753664556
2009-02-17,18.09,7425545491,134328119065
2009-02-18,18.12,7425545491,134550890529
2009-02-19,17.91,7425545491,132991518611
2009-02-20,18.00,7425545491,133659818838
2009-02-23,17.21,7425545491,127793631102
2009-02-24,17.17,7425545491,127496616647
2009-02-25,16.96,7425545491,125937244729
2009-02-26,16.42,7425545491,121927457529
2009-02-27,16.15,7425545491,119922556847
2009-03-02,15.79,7425545491,117249363020
2009-03-03,15.88,7425545491,117917663247
2009-03-04,16.12,7425545491,119699799547
2009-03-05,15.27,7425545491,113388083047
2009-03-06,15.28,7425545491,113462333120
2009-03-09,15.15,7425545491,112497011356
2009-03-10,16.48,7425545491,122372986293
2009-03-11,17.11,7425545491,127051087883
2009-03-12,17.01,7425545491,126308530501
2009-03-13,16.65,7425545491,123635329593
2009-03-16,16.25,7425545491,120665114229
2009-03-17,16.90,7425545491,125491715965
2009-03-18,16.96,7425545491,125937244729
2009-03-19,17.14,7425545491,127273845184
2009-03-20,17.06,7425545491,126679802111
2009-03-23,18.33,7425545491,136110248284
2009-03-24,17.93,7425545491,133140032920
2009-03-25,17.88,7425545491,132768747147
2009-03-26,18.83,7425545491,139823021029
2009-03-27,18.13,7425545491,134625133520
2009-03-30,17.48,7425545491,129798531784
2009-03-31,18.37,7425545491,136407276901
2009-04-01,19.31,7425545491,143387279466
2009-04-02,19.29,7425545491,143238779320
2009-04-03,18.75,7425545491,139228977956
2009-04-06,18.76,7425545491,139303235111
2009-04-07,18.76,7425545491,139303235111
2009-04-08,19.19,7425545491,142496221938
2009-04-09,19.67,7425545491,146060480374
2009-04-13,19.59,7425545491,145466437302
2009-04-14,19.35,7425545491,143684308083
2009-04-15,18.83,7425545491,139823021029
2009-04-16,19.76,7425545491,146728780602
2009-04-17,19.20,7425545491,142570479092
2009-04-20,18.61,7425545491,138189406120
2009-04-21,18.97,7425545491,140862592866
2009-04-22,18.78,7425545491,139451749420
2009-04-23,18.92,7425545491,140491321256
2009-04-24,20.91,7425545491,155268155084
2009-04-27,20.40,7425545491,151481125184
2009-04-28,19.93,7425545491,147991123902
2009-04-29,20.25,7425545491,150367296193
2009-04-30,20.26,7425545491,150441553347
2009-05-01,20.24,7425545491,150293039038
2009-05-04,20.19,7425545491,149921767429
2009-05-05,19.79,7425545491,146951552065
2009-05-06,19.79,7425545491,146951552065
2009-05-07,19.32,7425545491,143461536620
2009-05-08,19.42,7425545491,144204094002
2009-05-11,19.32,7425545491,143461536620
2009-05-12,19.89,7425545491,147694095284
2009-05-13,19.75,7425545491,146654523447
2009-05-14,20.06,7425545491,148956438584
2009-05-15,20.22,7425545491,150144524729
2009-05-18,20.60,7425545491,152966239947
2009-05-19,20.31,7425545491,150812824957
2009-05-20,20.38,7425545491,151332610875
2009-05-21,19.82,7425545491,147174309366
2009-05-22,19.75,7425545491,146654523447
2009-05-26,20.34,7425545491,151035596420
2009-05-27,20.13,7425545491,149476224502
2009-05-28,20.45,7425545491,151852410956
2009-05-29,20.89,7425545491,155119640775
2009-06-01,21.40,7425545491,158906670675
2009-06-02,21.40,7425545491,158906670675
2009-06-03,21.73,7425545491,161357100120
2009-06-04,21.83,7425545491,162099657502
2009-06-05,22.14,7425545491,164401572639
2009-06-08,22.05,7425545491,163733272411
2009-06-09,22.08,7425545491,163956043875
2009-06-10,22.55,7425545491,167446045157
2009-06-11,22.83,7425545491,169525202993
2009-06-12,23.33,7425545491,173237975739
2009-06-15,23.42,7425545491,173906275966
2009-06-16,23.45,7425545491,174129047429
2009-06-17,23.68,7425545491,175836919493
2009-06-18,23.50,7425545491,174500319039
2009-06-19,24.07,7425545491,178732877702
2009-06-22,23.28,7425545491,172866704129
2009-06-23,23.34,7425545491,173312232893
2009-06-24,23.47,7425545491,174277547575
2009-06-25,23.79,7425545491,176653734029
2009-06-26,23.35,7425545491,173386490047
2009-06-29,23.86,7425545491,177173519947
2009-06-30,23.77,7425545491,176505219720
2009-07-01,24.04,7425545491,178510120402
2009-07-02,23.37,7425545491,173535004356
2009-07-06,23.20,7425545491,172272661056
2009-07-07,22.53,7425545491,167297545011
2009-07-08,22.56,7425545491,167520302311
2009-07-09,22.44,7425545491,166629244784
2009-07-10,22.39,7425545491,166257959011
2009-07-13,23.23,7425545491,172495418357
2009-07-14,23.11,7425545491,171604360829
2009-07-15,24.12,7425545491,179104163475
2009-07-16,24.44,7425545491,181480335766
2009-07-17,24.29,7425545491,180366506775
2009-07-20,24.53,7425545491,182148635993
2009-07-21,24.83,7425545491,184376293975
2009-07-22,24.80,7425545491,184153522512
2009-07-23,25.56,7425545491,189796938784
2009-07-24,23.45,7425545491,174129047429
2009-07-27,23.11,7425545491,171604360829
2009-07-28,23.47,7425545491,174277547575
2009-07-29,23.80,7425545491,176727977021
2009-07-30,23.81,7425545491,176802234175
2009-07-31,23.52,7425545491,174648833347
2009-08-03,23.83,7425545491,176950748484
2009-08-04,23.77,7425545491,176505219720
2009-08-05,23.81,7425545491,176802234175
2009-08-06,23.46,7425545491,174203290421
2009-08-07,23.56,7425545491,174945847802
2009-08-10,23.42,7425545491,173906275966
2009-08-11,23.13,7425545491,171752860975
2009-08-12,23.53,7425545491,174723090502
2009-08-13,23.62,7425545491,175391390729
2009-08-14,23.69,7425545491,175911176647
2009-08-17,23.25,7425545491,172643932666
2009-08-18,23.58,7425545491,175094362111
2009-08-19,23.65,7425545491,175614148030
2009-08-20,23.67,7425545491,175762662338
2009-08-21,24.41,7425545491,181257564302
2009-08-24,24.64,7425545491,182965436366
2009-08-25,24.64,7425545491,182965436366
2009-08-26,24.55,7425545491,182297136139
2009-08-27,24.69,7425545491,183336722138
2009-08-28,24.68,7425545491,183262464984
2009-08-31,24.65,7425545491,183039693521
2009-09-01,24.00,7425545491,178213091784
2009-09-02,23.86,7425545491,177173519947
2009-09-03,24.11,7425545491,179029906320
2009-09-04,24.62,7425545491,182816936220
2009-09-08,24.82,7425545491,184302036821
2009-09-09,24.78,7425545491,184005022366
2009-09-10,25.00,7425545491,185638637275
2009-09-11,24.86,7425545491,184599065438
2009-09-14,25.00,7425545491,185638637275
2009-09-15,25.20,7425545491,187123752038
2009-09-16,25.20,7425545491,187123752038
2009-09-17,25.30,7425545491,187866295257
2009-09-18,25.26,7425545491,187569280802
2009-09-21,25.30,7425545491,187866295257
2009-09-22,25.77,7425545491,191356310702
2009-09-23,25.71,7425545491,190910767775
2009-09-24,25.94,7425545491,192618654002
2009-09-25,25.55,7425545491,189722681630
2009-09-28,25.83,7425545491,191801839466
2009-09-29,25.75,7425545491,191207796393
2009-09-30,25.72,7425545491,190985024930
2009-10-01,24.88,7425545491,184747565584
2009-10-02,24.96,7425545491,185341608657
2009-10-05,24.64,7425545491,182965436366
2009-10-06,25.11,7425545491,186455451811
2009-10-07,25.10,7425545491,186381194657
2009-10-08,25.67,7425545491,190613753320
2009-10-09,25.55,7425545491,189722681630
2009-10-12,25.72,7425545491,190985024930
2009-10-13,25.81,7425545491,191653325157
2009-10-14,25.96,7425545491,192767154148
2009-10-15,26.71,7425545491,198336313266
2009-10-16,26.50,7425545491,196776955512
2009-10-19,26.36,7425545491,195737383675
2009-10-20,26.37,7425545491,195811640829
2009-10-21,26.58,7425545491,197370998584
2009-10-22,26.59,7425545491,197445255739
2009-10-23,28.02,7425545491,208063788057
2009-10-26,28.68,7425545491,212964646948
2009-10-27,28.59,7425545491,212296346721
2009-10-28,28.02,7425545491,208063788057
2009-10-29,28.22,7425545491,209548888657
2009-10-30,27.73,7425545491,205910373066
2009-11-02,27.88,7425545491,207024202057
2009-11-03,27.53,7425545491,204425272466
2009-11-04,28.06,7425545491,208360802512
2009-11-05,28.47,7425545491,211405275030
2009-11-06,28.52,7425545491,211776560802
2009-11-09,28.99,7425545491,215266562085
2009-11-10,29.01,7425545491,215415076393
2009-11-11,29.12,7425545491,216231890930
2009-11-12,29.36,7425545491,218014020148
2009-11-13,29.63,7425545491,220018906667
2009-11-16,29.54,7425545491,219350620602
2009-11-17,30.00,7425545491,222766364730
2009-11-18,30.11,7425545491,223583179266
2009-11-19,29.78,7425545491,221132749821
2009-11-20,29.62,7425545491,219944663675
2009-11-23,29.94,7425545491,222320835966
2009-11-24,29.91,7425545491,222098064503
2009-11-25,29.79,7425545491,221207006975
2009-11-27,29.22,7425545491,216974434148
2009-11-30,29.41,7425545491,218385291757
2009-12-01,30.01,7425545491,222840621884
2009-12-02,29.78,7425545491,221132749821
2009-12-03,29.83,7425545491,221504021430
2009-12-04,29.98,7425545491,222617850421
2009-12-07,29.79,7425545491,221207006975
2009-12-08,29.57,7425545491,219573377903
2009-12-09,29.71,7425545491,220612949739
2009-12-10,29.87,7425545491,221801050048
2009-12-11,29.85,7425545491,221652535739
2009-12-14,30.11,7425545491,223583179266
2009-12-15,30.02,7425545491,222914879039
2009-12-16,30.10,7425545491,223508922112
2009-12-17,29.60,7425545491,219796149366
2009-12-18,30.36,7425545491,225439565639
2009-12-21,30.52,7425545491,226627651784
2009-12-22,30.82,7425545491,228855309767
2009-12-23,30.92,7425545491,229597867148
2009-12-24,31.00,7425545491,230191910221
2009-12-28,31.17,7425545491,231454253521
2009-12-29,31.39,7425545491,233087868430
2009-12-30,30.96,7425545491,229894881603
2009-12-31,30.48,7425545491,226330623167
2010-01-04,30.95,7425545491,229820638612
2010-01-05,30.96,7425545491,229894881603
2010-01-06,30.77,7425545491,228484038157
2010-01-07,30.45,7425545491,226107865866
2010-01-08,30.66,7425545491,227667223621
2010-01-11,30.27,7425545491,224771265412
2010-01-12,30.07,7425545491,223286150648
2010-01-13,30.35,7425545491,225365308484
2010-01-14,30.96,7425545491,229894881603
2010-01-15,30.86,7425545491,229152338384
2010-01-19,31.10,7425545491,230934467603
2010-01-20,30.59,7425545491,227147437703
2010-01-21,30.01,7425545491,222840621884
2010-01-22,28.96,7425545491,215043790621
2010-01-25,29.32,7425545491,217716991530
2010-01-26,29.50,7425545491,219053591985
2010-01-27,29.67,7425545491,220315935284
2010-01-28,29.16,7425545491,216528905385
2010-01-29,28.18,7425545491,209251874202
2010-02-01,28.41,7425545491,210959746266
2010-02-02,28.46,7425545491,211331017876
2010-02-03,28.63,7425545491,212593361176
2010-02-04,27.84,7425545491,206727187602
2010-02-05,28.02,7425545491,208063788057
2010-02-08,27.72,7425545491,205836115912
2010-02-09,28.01,7425545491,207989530902
2010-02-10,27.99,7425545491,207841016594
2010-02-11,28.12,7425545491,208806345439
2010-02-12,27.93,7425545491,207395487830
2010-02-16,28.35,7425545491,210514217502
2010-02-17,28.59,7425545491,212296346721
2010-02-18,28.97,7425545491,215118047776
2010-02-19,28.77,7425545491,213632947175
2010-02-22,28.73,7425545491,213335918557
2010-02-23,28.33,7425545491,210365703194
2010-02-24,28.63,7425545491,212593361176
2010-02-25,28.60,7425545491,212370603875
2010-02-26,28.67,7425545491,212890389793
2010-03-01,29.02,7425545491,215489333548
2010-03-02,28.46,7425545491,211331017876
2010-03-03,28.46,7425545491,211331017876
2010-03-04,28.63,7425545491,212593361176
2010-03-05,28.59,7425545491,212296346721
2010-03-08,28.63,7425545491,212593361176
2010-03-09,28.80,7425545491,213855704476
2010-03-10,28.97,7425545491,215118047776
2010-03-11,29.18,7425545491,216677419693
2010-03-12,29.27,7425545491,217345719921
2010-03-15,29.29,7425545491,217494234230
2010-03-16,29.37,7425545491,218088277302
2010-03-17,29.63,7425545491,220018906667
2010-03-18,29.61,7425545491,219870406521
2010-03-19,29.59,7425545491,219721892212
2010-03-22,29.60,7425545491,219796149366
2010-03-23,29.88,7425545491,221875293039
2010-03-24,29.65,7425545491,220167420976
2010-03-25,30.01,7425545491,222840621884
2010-03-26,29.66,7425545491,220241678130
2010-03-29,29.59,7425545491,219721892212
2010-03-30,29.77,7425545491,221058492666
2010-03-31,29.29,7425545491,217494234230
2010-04-01,29.16,7425545491,216528905385
2010-04-05,29.27,7425545491,217345719921
2010-04-06,29.32,7425545491,217716991530
2010-04-07,29.35,7425545491,217939762993
2010-04-08,29.92,7425545491,222172321657
2010-04-09,30.34,7425545491,225291051330
2010-04-12,30.32,7425545491,225142537021
2010-04-13,30.45,7425545491,226107865866
2010-04-14,30.82,7425545491,228855309767
2010-04-15,30.87,7425545491,229226595539
2010-04-16,30.67,7425545491,227741480775
2010-04-19,31.04,7425545491,230488938839
2010-04-20,31.36,7425545491,232865111130
2010-04-21,31.33,7425545491,232642339667
2010-04-22,31.39,7425545491,233087868430
2010-04-23,30.96,7425545491,229894881603
2010-04-26,31.11,7425545491,231008724757
2010-04-27,30.85,7425545491,229078081230
2010-04-28,30.91,7425545491,229523609994
2010-04-29,31.00,7425545491,230191910221
2010-04-30,30.54,7425545491,226776166093
2010-05-03,30.86,7425545491,229152338384
2010-05-04,30.13,7425545491,223731679412
2010-05-05,29.85,7425545491,221652535739
2010-05-06,28.98,7425545491,215192304930
2010-05-07,28.21,7425545491,209474631503
2010-05-10,28.94,7425545491,214895290475
2010-05-11,28.88,7425545491,214449747548
2010-05-12,29.44,7425545491,218608063221
2010-05-13,29.24,7425545491,217122948457
2010-05-14,28.93,7425545491,214821033321
2010-05-17,28.94,7425545491,214895290475
2010-05-18,28.60,7425545491,212370603875
2010-05-19,28.24,7425545491,209697402966
2010-05-20,27.11,7425545491,201306542793
2010-05-21,26.84,7425545491,199301642111
2010-05-24,26.27,7425545491,195069083448
2010-05-25,26.07,7425545491,193583968684
2010-05-26,25.01,7425545491,185712894429
2010-05-27,26.00,7425545491,193064182766
2010-05-28,25.80,7425545491,191579068003
2010-06-01,25.89,7425545491,192247368230
2010-06-02,26.46,7425545491,196479926894
2010-06-03,26.86,7425545491,199450156420
2010-06-04,25.79,7425545491,191504825011
2010-06-07,25.29,7425545491,187792052266
2010-06-08,25.11,7425545491,186455451811
2010-06-09,24.79,7425545491,184079279520
2010-06-10,25.00,7425545491,185638637275
2010-06-11,25.66,7425545491,190539496166
2010-06-14,25.50,7425545491,189351410021
2010-06-15,26.58,7425545491,197370998584
2010-06-16,26.32,7425545491,195440355057
2010-06-17,26.37,7425545491,195811640829
2010-06-18,26.44,7425545491,196331426748
2010-06-21,25.95,7425545491,192692911157
2010-06-22,25.77,7425545491,191356310702
2010-06-23,25.31,7425545491,187940552412
2010-06-24,25.00,7425545491,185638637275
2010-06-25,24.53,7425545491,182148635993
2010-06-28,24.31,7425545491,180515006921
2010-06-29,23.31,7425545491,173089461430
2010-06-30,23.01,7425545491,170861803447
2010-07-01,23.16,7425545491,171975632439
2010-07-02,23.27,7425545491,172792446975
2010-07-06,23.82,7425545491,176876491330
2010-07-07,24.30,7425545491,180440749766
2010-07-08,24.41,7425545491,181257564302
2010-07-09,24.27,7425545491,180217992466
2010-07-12,24.83,7425545491,184376293975
2010-07-13,25.13,7425545491,186603951957
2010-07-14,25.44,7425545491,188905881257
2010-07-15,25.51,7425545491,189425667175
2010-07-16,24.89,7425545491,184821822739
2010-07-19,25.23,7425545491,187346509339
2010-07-20,25.48,7425545491,189202895712
2010-07-21,25.12,7425545491,186529708966
2010-07-22,25.84,7425545491,191876096620
2010-07-23,25.81,7425545491,191653325157
2010-07-26,26.10,7425545491,193806740148
2010-07-27,26.16,7425545491,194252268912
2010-07-28,25.95,7425545491,192692911157
2010-07-29,26.03,7425545491,193286954229
2010-07-30,25.81,7425545491,191653325157
2010-08-02,26.33,7425545491,195514612212
2010-08-03,26.16,7425545491,194252268912
2010-08-04,25.73,7425545491,191059282084
2010-08-05,25.37,7425545491,188386095338
2010-08-06,25.55,7425545491,189722681630
2010-08-09,25.61,7425545491,190168224557
2010-08-10,25.07,7425545491,186158423193
2010-08-11,24.86,7425545491,184599065438
2010-08-12,24.49,7425545491,181851607375
2010-08-13,24.40,7425545491,181183307148
2010-08-16,24.50,7425545491,181925864530
2010-08-17,24.71,7425545491,183485222284
2010-08-18,24.82,7425545491,184302036821
2010-08-19,24.44,7425545491,181480335766
2010-08-20,24.23,7425545491,179920963848
2010-08-23,24.28,7425545491,180292249620
2010-08-24,24.04,7425545491,178510120402
2010-08-25,24.10,7425545491,178955649166
2010-08-26,23.82,7425545491,176876491330
2010-08-27,23.93,7425545491,177693305866
2010-08-30,23.64,7425545491,175539890875
2010-08-31,23.47,7425545491,174277547575
2010-09-01,23.90,7425545491,177470534402
2010-09-02,23.94,7425545491,177767563020
2010-09-03,24.29,7425545491,180366506775
2010-09-07,23.96,7425545491,177916063166
2010-09-08,23.93,7425545491,177693305866
2010-09-09,24.01,7425545491,178287348938
2010-09-10,23.85,7425545491,177099262793
2010-09-13,25.11,7425545491,186455451811
2010-09-14,25.03,7425545491,185861408738
2010-09-15,25.12,7425545491,186529708966
2010-09-16,25.33,7425545491,188089066721
2010-09-17,25.22,7425545491,187272252184
2010-09-20,25.43,7425545491,188831624102
2010-09-21,25.15,7425545491,186752466266
2010-09-22,24.61,7425545491,182742679066
2010-09-23,24.43,7425545491,181406078611
2010-09-24,24.78,7425545491,184005022366
2010-09-27,24.73,7425545491,183633736593
2010-09-28,24.68,7425545491,183262464984
2010-09-29,24.50,7425545491,181925864530
2010-09-30,24.49,7425545491,181851607375
2010-10-01,24.38,7425545491,181034792839
2010-10-04,23.91,7425545491,177544791557
2010-10-05,24.35,7425545491,180812035538
2010-10-06,24.43,7425545491,181406078611
2010-10-07,24.53,7425545491,182148635993
2010-10-08,24.57,7425545491,182445650448
2010-10-11,24.59,7425545491,182594164757
2010-10-12,24.83,7425545491,184376293975
2010-10-13,25.34,7425545491,188163323875
2010-10-14,25.23,7425545491,187346509339
2010-10-15,25.54,7425545491,189648438638
2010-10-18,25.82,7425545491,191727582312
2010-10-19,25.10,7425545491,186381194657
2010-10-20,25.31,7425545491,187940552412
2010-10-21,25.42,7425545491,188757366948
2010-10-22,25.38,7425545491,188460338330
2010-10-25,25.19,7425545491,187049494884
2010-10-26,25.90,7425545491,192321625384
2010-10-27,26.05,7425545491,193435454375
2010-10-28,26.28,7425545491,195143340602
2010-10-29,26.67,7425545491,198039298811
2010-11-01,26.95,7425545491,200118456648
2010-11-02,27.39,7425545491,203385686466
2010-11-03,27.03,7425545491,200712499720
2010-11-04,27.14,7425545491,201529300094
2010-11-05,26.85,7425545491,199375899266
2010-11-08,26.81,7425545491,199078870648
2010-11-09,26.95,7425545491,200118456648
2010-11-10,26.94,7425545491,200044199493
2010-11-11,26.68,7425545491,198113555966
2010-11-12,26.27,7425545491,195069083448
2010-11-15,26.20,7425545491,194549297529
2010-11-16,25.81,7425545491,191653325157
2010-11-17,25.57,7425545491,189871195939
2010-11-18,25.84,7425545491,191876096620
2010-11-19,25.69,7425545491,190762267629
2010-11-22,25.73,7425545491,191059282084
2010-11-23,25.12,7425545491,186529708966
2010-11-24,25.37,7425545491,188386095338
2010-11-26,25.25,7425545491,187495023648
2010-11-29,25.31,7425545491,187940552412
2010-11-30,25.26,7425545491,187569280802
2010-12-01,26.04,7425545491,193361211384
2010-12-02,26.89,7425545491,199672913721
2010-12-03,27.02,7425545491,200638242566
2010-12-06,26.84,7425545491,199301642111
2010-12-07,26.87,7425545491,199524413575
2010-12-08,27.23,7425545491,202197600321
2010-12-09,27.08,7425545491,201083771330
2010-12-10,27.34,7425545491,203014414857
2010-12-13,27.25,7425545491,202346114630
2010-12-14,27.62,7425545491,205093572693
2010-12-15,27.85,7425545491,206801444757
2010-12-16,27.99,7425545491,207841016594
2010-12-17,27.90,7425545491,207172716366
2010-12-20,27.81,7425545491,206504416139
2010-12-21,28.07,7425545491,208435059666
2010-12-22,28.19,7425545491,209326131357
2010-12-23,28.30,7425545491,210142931730
2010-12-27,28.07,7425545491,208435059666
2010-12-28,28.01,7425545491,207989530902
2010-12-29,27.97,7425545491,207692502285
2010-12-30,27.85,7425545491,206801444757
2010-12-31,27.91,7425545491,207246973521
2011-01-03,27.98,7425545491,207766759439
2011-01-04,28.09,7425545491,208583573975
2011-01-05,28.00,7425545491,207915273748
2011-01-06,28.82,7425545491,214004218785
2011-01-07,28.60,7425545491,212370603875
2011-01-10,28.22,7425545491,209548888657
2011-01-11,28.11,7425545491,208732088284
2011-01-12,28.55,7425545491,211999318103
2011-01-13,28.19,7425545491,209326131357
2011-01-14,28.30,7425545491,210142931730
2011-01-18,28.66,7425545491,212816132639
2011-01-19,28.47,7425545491,211405275030
2011-01-20,28.35,7425545491,210514217502
2011-01-21,28.02,7425545491,208063788057
2011-01-24,28.38,7425545491,210736974803
2011-01-25,28.45,7425545491,211256774884
2011-01-26,28.78,7425545491,213707204330
2011-01-27,28.87,7425545491,214375504557
2011-01-28,27.75,7425545491,206058887375
2011-01-31,27.73,7425545491,205910373066
2011-02-01,27.99,7425545491,207841016594
2011-02-02,27.94,7425545491,207469744984
2011-02-03,27.65,7425545491,205316329994
2011-02-04,27.77,7425545491,206207401684
2011-02-07,28.20,7425545491,209400388511
2011-02-08,28.28,7425545491,209994431584
2011-02-09,27.97,7425545491,207692502285
2011-02-10,27.50,7425545491,204202501003
2011-02-11,27.25,7425545491,202346114630
2011-02-14,27.23,7425545491,202197600321
2011-02-15,26.96,7425545491,200192699639
2011-02-16,27.02,7425545491,200638242566
2011-02-17,27.21,7425545491,202049086012
2011-02-18,27.06,7425545491,200935257021
2011-02-22,26.59,7425545491,197445255739
2011-02-23,26.59,7425545491,197445255739
2011-02-24,26.77,7425545491,198781856193
2011-02-25,26.55,7425545491,197148227121
2011-02-28,26.58,7425545491,197370998584
2011-03-01,26.16,7425545491,194252268912
2011-03-02,26.08,7425545491,193658225839
2011-03-03,26.20,7425545491,194549297529
2011-03-04,25.95,7425545491,192692911157
2011-03-07,25.72,7425545491,190985024930
2011-03-08,25.91,7425545491,192395882539
2011-03-09,25.89,7425545491,192247368230
2011-03-10,25.41,7425545491,188683109793
2011-03-11,25.68,7425545491,190688010475
2011-03-14,25.69,7425545491,190762267629
2011-03-15,25.39,7425545491,188534595484
2011-03-16,24.79,7425545491,184079279520
2011-03-17,24.78,7425545491,184005022366
2011-03-18,24.80,7425545491,184153522512
2011-03-21,25.33,7425545491,188089066721
2011-03-22,25.30,7425545491,187866295257
2011-03-23,25.54,7425545491,189648438638
2011-03-24,25.81,7425545491,191653325157
2011-03-25,25.62,7425545491,190242481711
2011-03-28,25.41,7425545491,188683109793
2011-03-29,25.49,7425545491,189277152866
2011-03-30,25.61,7425545491,190168224557
2011-03-31,25.39,7425545491,188534595484
2011-04-01,25.48,7425545491,189202895712
2011-04-04,25.55,7425545491,189722681630
2011-04-05,25.78,7425545491,191430567857
2011-04-06,26.15,7425545491,194178011757
2011-04-07,26.20,7425545491,194549297529
2011-04-08,26.07,7425545491,193583968684
2011-04-11,25.98,7425545491,192915668457
2011-04-12,25.64,7425545491,190390981857
2011-04-13,25.63,7425545491,190316724703
2011-04-14,25.42,7425545491,188757366948
2011-04-15,25.37,7425545491,188386095338
2011-04-18,25.08,7425545491,186232680348
2011-04-19,25.15,7425545491,186752466266
2011-04-20,25.76,7425545491,191282053548
2011-04-21,25.52,7425545491,189499924329
2011-04-25,25.61,7425545491,190168224557
2011-04-26,26.19,7425545491,194475040375
2011-04-27,26.38,7425545491,195885883821
2011-04-28,26.71,7425545491,198336313266
2011-04-29,25.92,7425545491,192470139693
2011-05-02,25.66,7425545491,190539496166
2011-05-03,25.81,7425545491,191653325157
2011-05-04,26.06,7425545491,193509711530
2011-05-05,25.79,7425545491,191504825011
2011-05-06,25.87,7425545491,192098868084
2011-05-09,25.83,7425545491,191801839466
2011-05-10,25.67,7425545491,190613753320
2011-05-11,25.36,7425545491,188311838184
2011-05-12,25.32,7425545491,188014809566
2011-05-13,25.03,7425545491,185861408738
2011-05-16,24.57,7425545491,182445650448
2011-05-17,24.52,7425545491,182074378838
2011-05-18,24.69,7425545491,183336722138
2011-05-19,24.72,7425545491,183559479439
2011-05-20,24.49,7425545491,181851607375
2011-05-23,24.17,7425545491,179475435084
2011-05-24,24.15,7425545491,179326920775
2011-05-25,24.19,7425545491,179623949393
2011-05-26,24.67,7425545491,183188207829
2011-05-27,24.76,7425545491,183856508057
2011-05-31,25.01,7425545491,185712894429
2011-06-01,24.43,7425545491,181406078611
2011-06-02,24.22,7425545491,179846706693
2011-06-03,23.91,7425545491,177544791557
2011-06-06,24.01,7425545491,178287348938
2011-06-07,24.06,7425545491,178658620548
2011-06-08,23.94,7425545491,177767563020
2011-06-09,23.96,7425545491,177916063166
2011-06-10,23.71,7425545491,176059676793
2011-06-13,24.04,7425545491,178510120402
2011-06-14,24.22,7425545491,179846706693
2011-06-15,23.74,7425545491,176282448257
2011-06-16,24.00,7425545491,178213091784
2011-06-17,24.26,7425545491,180143735311
2011-06-20,24.47,7425545491,181703093066
2011-06-21,24.76,7425545491,183856508057
2011-06-22,24.65,7425545491,183039693521
2011-06-23,24.63,7425545491,182891179212
2011-06-24,24.30,7425545491,180440749766
2011-06-27,25.20,7425545491,187123752038
2011-06-28,25.80,7425545491,191579068003
2011-06-29,25.62,7425545491,190242481711
2011-06-30,26.00,7425545491,193064182766
2011-07-01,26.02,7425545491,193212697075
2011-07-05,26.03,7425545491,193286954229
2011-07-06,26.33,7425545491,195514612212
2011-07-07,26.77,7425545491,198781856193
2011-07-08,26.92,7425545491,199895685184
2011-07-11,26.63,7425545491,197742270194
2011-07-12,26.54,7425545491,197073984129
2011-07-13,26.63,7425545491,197742270194
2011-07-14,26.47,7425545491,196554184048
2011-07-15,26.78,7425545491,198856113348
2011-07-18,26.59,7425545491,197445255739
2011-07-19,27.54,7425545491,204499529620
2011-07-20,27.06,7425545491,200935257021
2011-07-21,27.10,7425545491,201232285639
2011-07-22,27.53,7425545491,204425272466
2011-07-25,27.91,7425545491,207246973521
2011-07-26,28.08,7425545491,208509316821
2011-07-27,27.33,7425545491,202940157703
2011-07-28,27.72,7425545491,205836115912
2011-07-29,27.40,7425545491,203459943621
2011-08-01,27.27,7425545491,202494628939
2011-08-02,26.80,7425545491,199004613494
2011-08-03,26.92,7425545491,199895685184
2011-08-04,25.94,7425545491,192618654002
2011-08-05,25.68,7425545491,190688010475
2011-08-08,24.48,7425545491,181777350221
2011-08-09,25.58,7425545491,189945453093
2011-08-10,24.20,7425545491,179698206547
2011-08-11,25.19,7425545491,187049494884
2011-08-12,25.10,7425545491,186381194657
2011-08-15,25.51,7425545491,189425667175
2011-08-16,25.35,7425545491,188237581029
2011-08-17,25.25,7425545491,187495023648
2011-08-18,24.67,7425545491,183188207829
2011-08-19,24.05,7425545491,178584363393
2011-08-22,23.98,7425545491,178064577475
2011-08-23,24.72,7425545491,183559479439
2011-08-24,24.90,7425545491,184896079893
2011-08-25,24.57,7425545491,182445650448
2011-08-26,25.25,7425545491,187495023648
2011-08-29,25.84,7425545491,191876096620
2011-08-30,26.23,7425545491,194772054830
2011-08-31,26.60,7425545491,197519512893
2011-09-01,26.21,7425545491,194623540521
2011-09-02,25.80,7425545491,191579068003
2011-09-06,25.51,7425545491,189425667175
2011-09-07,26.00,7425545491,193064182766
2011-09-08,26.22,7425545491,194697797675
2011-09-09,25.74,7425545491,191133539239
2011-09-12,25.89,7425545491,192247368230
2011-09-13,26.04,7425545491,193361211384
2011-09-14,26.50,7425545491,196776955512
2011-09-15,26.99,7425545491,200415471103
2011-09-16,27.12,7425545491,201380799948
2011-09-19,27.21,7425545491,202049086012
2011-09-20,26.98,7425545491,200341213948
2011-09-21,25.99,7425545491,192989925612
2011-09-22,25.06,7425545491,186084166039
2011-09-23,25.06,7425545491,186084166039
2011-09-26,25.44,7425545491,188905881257
2011-09-27,25.67,7425545491,190613753320
2011-09-28,25.58,7425545491,189945453093
2011-09-29,25.45,7425545491,188980138411
2011-09-30,24.89,7425545491,184821822739
2011-10-03,24.53,7425545491,182148635993
2011-10-04,25.34,7425545491,188163323875
2011-10-05,25.89,7425545491,192247368230
2011-10-06,26.34,7425545491,195588869366
2011-10-07,26.25,7425545491,194920569139
2011-10-10,26.94,7425545491,200044199493
2011-10-11,27.00,7425545491,200489728257
2011-10-12,26.96,7425545491,200192699639
2011-10-13,27.18,7425545491,201826328711
2011-10-14,27.27,7425545491,202494628939
2011-10-17,26.98,7425545491,200341213948
2011-10-18,27.31,7425545491,202791643394
2011-10-19,27.13,7425545491,201455042939
2011-10-20,27.04,7425545491,200786756875
2011-10-21,27.16,7425545491,201677814403
2011-10-24,27.19,7425545491,201900585866
2011-10-25,26.81,7425545491,199078870648
2011-10-26,26.59,7425545491,197445255739
2011-10-27,27.25,7425545491,202346114630
2011-10-28,26.98,7425545491,200341213948
2011-10-31,26.63,7425545491,197742270194
2011-11-01,25.99,7425545491,192989925612
2011-11-02,26.01,7425545491,193138439920
2011-11-03,26.53,7425545491,196999726975
2011-11-04,26.25,7425545491,194920569139
2011-11-07,26.80,7425545491,199004613494
2011-11-08,27.16,7425545491,201677814403
2011-11-09,26.20,7425545491,194549297529
2011-11-10,26.28,7425545491,195143340602
2011-11-11,26.91,7425545491,199821428030
2011-11-14,26.76,7425545491,198707599039
2011-11-15,26.74,7425545491,198559084730
2011-11-16,26.07,7425545491,193583968684
2011-11-17,25.54,7425545491,189648438638
2011-11-18,25.30,7425545491,187866295257
2011-11-21,25.00,7425545491,185638637275
2011-11-22,24.79,7425545491,184079279520
2011-11-23,24.47,7425545491,181703093066
2011-11-25,24.30,7425545491,180440749766
2011-11-28,24.87,7425545491,184673322593
2011-11-29,24.84,7425545491,184450551129
2011-11-30,25.58,7425545491,189945453093
2011-12-01,25.28,7425545491,187717795111
2011-12-02,25.22,7425545491,187272252184
2011-12-05,25.70,7425545491,190836524784
2011-12-06,25.66,7425545491,190539496166
2011-12-07,25.60,7425545491,190093967402
2011-12-08,25.40,7425545491,188608852639
2011-12-09,25.70,7425545491,190836524784
2011-12-12,25.51,7425545491,189425667175
2011-12-13,25.76,7425545491,191282053548
2011-12-14,25.59,7425545491,190019710248
2011-12-15,25.56,7425545491,189796938784
2011-12-16,26.00,7425545491,193064182766
2011-12-19,25.53,7425545491,189574181484
2011-12-20,26.03,7425545491,193286954229
2011-12-21,25.76,7425545491,191282053548
2011-12-22,25.81,7425545491,191653325157
2011-12-23,26.03,7425545491,193286954229
2011-12-27,26.04,7425545491,193361211384
2011-12-28,25.82,7425545491,191727582312
2011-12-29,26.02,7425545491,193212697075
2011-12-30,25.96,7425545491,192767154148
2012-01-03,26.77,7425545491,198781856193
2012-01-04,27.40,7425545491,203459943621
2012-01-05,27.68,7425545491,205539101457
2012-01-06,28.11,7425545491,208732088284
2012-01-09,27.74,7425545491,205984630221
2012-01-10,27.84,7425545491,206727187602
2012-01-11,27.72,7425545491,205836115912
2012-01-12,28.00,7425545491,207915273748
2012-01-13,28.25,7425545491,209771660121
2012-01-17,28.26,7425545491,209845917275
2012-01-18,28.23,7425545491,209623145812
2012-01-19,28.12,7425545491,208806345439
2012-01-20,29.71,7425545491,220612949739
2012-01-23,29.73,7425545491,220761464048
2012-01-24,29.34,7425545491,217865505839
2012-01-25,29.56,7425545491,219499120748
2012-01-26,29.50,7425545491,219053591985
2012-01-27,29.23,7425545491,217048691303
2012-01-30,29.61,7425545491,219870406521
2012-01-31,29.53,7425545491,219276363448
2012-02-01,29.89,7425545491,221949550194
2012-02-02,29.95,7425545491,222395093121
2012-02-03,30.24,7425545491,224548493948
2012-02-06,30.20,7425545491,224251479493
2012-02-07,30.35,7425545491,225365308484
2012-02-08,30.66,7425545491,227667223621
2012-02-09,30.77,7425545491,228484038157
2012-02-10,30.50,7425545491,226479137476
2012-02-13,30.58,7425545491,227073180548
2012-02-14,30.25,7425545491,224622751103
2012-02-15,30.05,7425545491,223137636339
2012-02-16,31.29,7425545491,232345325212
2012-02-17,31.25,7425545491,232048296594
2012-02-21,31.44,7425545491,233459154203
2012-02-22,31.27,7425545491,232196810903
2012-02-23,31.37,7425545491,232939368284
2012-02-24,31.48,7425545491,233756168658
2012-02-27,31.35,7425545491,232790853975
2012-02-28,31.87,7425545491,236652141030
2012-02-29,31.74,7425545491,235686812185
2012-03-01,32.29,7425545491,239770870703
2012-03-02,32.08,7425545491,238211512948
2012-03-05,31.80,7425545491,236132340949
2012-03-06,31.56,7425545491,234350211730
2012-03-07,31.84,7425545491,236429369566
2012-03-08,32.01,7425545491,237691698703
2012-03-09,31.99,7425545491,237543198558
2012-03-12,32.04,7425545491,237914484330
2012-03-13,32.67,7425545491,242592557594
2012-03-14,32.77,7425545491,243335129139
2012-03-15,32.85,7425545491,243929158049
2012-03-16,32.60,7425545491,242072771676
2012-03-19,32.20,7425545491,239102570475
2012-03-20,31.99,7425545491,237543198558
2012-03-21,31.91,7425545491,236949155485
2012-03-22,32.00,7425545491,237617455712
2012-03-23,32.01,7425545491,237691698703
2012-03-26,32.59,7425545491,241998528685
2012-03-27,32.52,7425545491,241478742766
2012-03-28,32.19,7425545491,239028299158
2012-03-29,32.12,7425545491,238508513240
2012-03-30,32.26,7425545491,239548085076
2012-04-02,32.29,7425545491,239770870703
2012-04-03,31.94,7425545491,237171926948
2012-04-04,31.21,7425545491,231751267976
2012-04-05,31.52,7425545491,234053197275
2012-04-09,31.10,7425545491,230934467603
2012-04-10,30.47,7425545491,226256366012
2012-04-11,30.35,7425545491,225365308484
2012-04-12,30.98,7425545491,230043395912
2012-04-13,30.81,7425545491,228781052612
2012-04-16,31.08,7425545491,230785953294
2012-04-17,31.44,7425545491,233459154203
2012-04-18,31.14,7425545491,231231482058
2012-04-19,31.01,7425545491,230266167375
2012-04-20,32.42,7425545491,240736171222
2012-04-23,32.12,7425545491,238508513240
2012-04-24,31.92,7425545491,237023412639
2012-04-25,32.20,7425545491,239102570475
2012-04-26,32.11,7425545491,238434270248
2012-04-27,31.98,7425545491,237468941403
2012-04-30,32.02,7425545491,237765970021
2012-05-01,32.01,7425545491,237691698703
2012-05-02,31.80,7425545491,236132340949
2012-05-03,31.76,7425545491,235835326494
2012-05-04,30.98,7425545491,230043395912
2012-05-07,30.65,7425545491,227592966467
2012-05-08,30.50,7425545491,226479137476
2012-05-09,30.76,7425545491,228409781003
2012-05-10,30.74,7425545491,228261266694
2012-05-11,31.16,7425545491,231379996367
2012-05-14,30.68,7425545491,227815737930
2012-05-15,30.21,7425545491,224325722485
2012-05-16,29.90,7425545491,222023807348
2012-05-17,29.72,7425545491,220687206894
2012-05-18,29.27,7425545491,217345719921
2012-05-21,29.75,7425545491,220909978357
2012-05-22,29.76,7425545491,220984235512
2012-05-23,29.11,7425545491,216157633775
2012-05-24,29.07,7425545491,215860605157
2012-05-25,29.06,7425545491,215786348003
2012-05-29,29.56,7425545491,219499120748
2012-05-30,29.34,7425545491,217865505839
2012-05-31,29.19,7425545491,216751676848
2012-06-01,28.45,7425545491,211256774884
2012-06-04,28.55,7425545491,211999318103
2012-06-05,28.51,7425545491,211702303648
2012-06-06,29.35,7425545491,217939762993
2012-06-07,29.23,7425545491,217048691303
2012-06-08,29.65,7425545491,220167420976
2012-06-11,28.90,7425545491,214598261857
2012-06-12,29.29,7425545491,217494234230
2012-06-13,29.13,7425545491,216306133921
2012-06-14,29.34,7425545491,217865505839
2012-06-15,30.02,7425545491,222914879039
2012-06-18,29.84,7425545491,221578278584
2012-06-19,30.70,7425545491,227964252239
2012-06-20,30.93,7425545491,229672124303
2012-06-21,30.14,7425545491,223805936567
2012-06-22,30.70,7425545491,227964252239
2012-06-25,29.87,7425545491,221801050048
2012-06-26,30.02,7425545491,222914879039
2012-06-27,30.17,7425545491,224028708030
2012-06-28,29.91,7425545491,222098064503
2012-06-29,30.59,7425545491,227147437703
2012-07-02,30.56,7425545491,226924666239
2012-07-03,30.76,7425545491,228409781003
2012-07-05,30.70,7425545491,227964252239
2012-07-06,30.19,7425545491,224177222339
2012-07-09,30.00,7425545491,222766364730
2012-07-10,29.74,7425545491,220835721203
2012-07-11,29.30,7425545491,217568477221
2012-07-12,28.63,7425545491,212593361176
2012-07-13,29.39,7425545491,218236777448
2012-07-16,29.44,7425545491,218608063221
2012-07-17,29.66,7425545491,220241678130
2012-07-18,30.45,7425545491,226107865866
2012-07-19,30.67,7425545491,227741480775
2012-07-20,30.12,7425545491,223657436421
2012-07-23,29.28,7425545491,217419977075
2012-07-24,29.15,7425545491,216454648230
2012-07-25,28.83,7425545491,214078475939
2012-07-26,29.16,7425545491,216528905385
2012-07-27,29.76,7425545491,220984235512
2012-07-30,29.64,7425545491,220093163821
2012-07-31,29.47,7425545491,218830820521
2012-08-01,29.41,7425545491,218385291757
2012-08-02,29.19,7425545491,216751676848
2012-08-03,29.75,7425545491,220909978357
2012-08-06,29.95,7425545491,222395093121
2012-08-07,30.26,7425545491,224697008257
2012-08-08,30.33,7425545491,225216794176
2012-08-09,30.50,7425545491,226479137476
2012-08-10,30.42,7425545491,225885094403
2012-08-13,30.39,7425545491,225662322939
2012-08-14,30.13,7425545491,223731679412
2012-08-15,30.20,7425545491,224251479493
2012-08-16,30.78,7425545491,228558295312
2012-08-17,30.90,7425545491,229449352839
2012-08-20,30.74,7425545491,228261266694
2012-08-21,30.80,7425545491,228706795458
2012-08-22,30.54,7425545491,226776166093
2012-08-23,30.26,7425545491,224697008257
2012-08-24,30.56,7425545491,226924666239
2012-08-27,30.69,7425545491,227889995084
2012-08-28,30.63,7425545491,227444452158
2012-08-29,30.65,7425545491,227592966467
2012-08-30,30.32,7425545491,225142537021
2012-08-31,30.82,7425545491,228855309767
2012-09-04,30.39,7425545491,225662322939
2012-09-05,30.39,7425545491,225662322939
2012-09-06,31.35,7425545491,232790853975
2012-09-07,30.95,7425545491,229820638612
2012-09-10,30.72,7425545491,228112752385
2012-09-11,30.79,7425545491,228632552466
2012-09-12,30.78,7425545491,228558295312
2012-09-13,30.94,7425545491,229746381457
2012-09-14,31.21,7425545491,231751267976
2012-09-17,31.21,7425545491,231751267976
2012-09-18,31.18,7425545491,231528510675
2012-09-19,31.05,7425545491,230563181830
2012-09-20,31.45,7425545491,233533411357
2012-09-21,31.19,7425545491,231602767830
2012-09-24,30.78,7425545491,228558295312
2012-09-25,30.39,7425545491,225662322939
2012-09-26,30.17,7425545491,224028708030
2012-09-27,30.16,7425545491,223954450876
2012-09-28,29.76,7425545491,220984235512
2012-10-01,29.49,7425545491,218979334830
2012-10-02,29.66,7425545491,220241678130
2012-10-03,29.86,7425545491,221726792893
2012-10-04,30.03,7425545491,222989136193
2012-10-05,29.85,7425545491,221652535739
2012-10-08,29.78,7425545491,221132749821
2012-10-09,29.28,7425545491,217419977075
2012-10-10,28.98,7425545491,215192304930
2012-10-11,28.95,7425545491,214969547630
2012-10-12,29.20,7425545491,216825934002
2012-10-15,29.51,7425545491,219127849139
2012-10-16,29.49,7425545491,218979334830
2012-10-17,29.59,7425545491,219721892212
2012-10-18,29.50,7425545491,219053591985
2012-10-19,28.64,7425545491,212667618330
2012-10-22,28.00,7425545491,207915273748
2012-10-23,28.05,7425545491,208286545357
2012-10-24,27.90,7425545491,207172716366
2012-10-25,27.88,7425545491,207024202057
2012-10-26,28.21,7425545491,209474631503
2012-10-31,28.54,7425545491,211925075111
2012-11-01,29.52,7425545491,219202106293
2012-11-02,29.50,7425545491,219053591985
2012-11-05,29.63,7425545491,220018906667
2012-11-06,29.86,7425545491,221726792893
2012-11-07,29.08,7425545491,215934862312
2012-11-08,28.81,7425545491,213929961630
2012-11-09,28.83,7425545491,214078475939
2012-11-12,28.22,7425545491,209548888657
2012-11-13,27.09,7425545491,201158028484
2012-11-14,26.84,7425545491,199301642111
2012-11-15,26.66,7425545491,197965041657
2012-11-16,26.52,7425545491,196925469820
2012-11-19,26.73,7425545491,198484827575
2012-11-20,26.71,7425545491,198336313266
2012-11-21,26.95,7425545491,200118456648
2012-11-23,27.70,7425545491,205687615766
2012-11-26,27.39,7425545491,203385686466
2012-11-27,27.08,7425545491,201083771330
2012-11-28,27.36,7425545491,203162929166
2012-11-29,26.95,7425545491,200118456648
2012-11-30,26.62,7425545491,197668027202
2012-12-03,26.43,7425545491,196257169593
2012-12-04,26.37,7425545491,195811640829
2012-12-05,26.67,7425545491,198039298811
2012-12-06,26.73,7425545491,198484827575
2012-12-07,26.46,7425545491,196479926894
2012-12-10,26.94,7425545491,200044199493
2012-12-11,27.32,7425545491,202865900548
2012-12-12,27.24,7425545491,202271857475
2012-12-13,27.11,7425545491,201306542793
2012-12-14,26.81,7425545491,199078870648
2012-12-17,27.10,7425545491,201232285639
2012-12-18,27.56,7425545491,204648029766
2012-12-19,27.31,7425545491,202791643394
2012-12-20,27.68,7425545491,205539101457
2012-12-21,27.45,7425545491,203831229393
2012-12-24,27.06,7425545491,200935257021
2012-12-26,26.86,7425545491,199450156420
2012-12-27,26.96,7425545491,200192699639
2012-12-28,26.55,7425545491,197148227121
2012-12-31,26.71,7425545491,198336313266
2013-01-02,27.62,7425545491,205093572693
2013-01-03,27.25,7425545491,202346114630
2013-01-04,26.74,7425545491,198559084730
2013-01-07,26.69,7425545491,198187813120
2013-01-08,26.55,7425545491,197148227121
2013-01-09,26.70,7425545491,198262070275
2013-01-10,26.46,7425545491,196479926894
2013-01-11,26.83,7425545491,199227384957
2013-01-14,26.89,7425545491,199672913721
2013-01-15,27.21,7425545491,202049086012
2013-01-16,27.04,7425545491,200786756875
2013-01-17,27.25,7425545491,202346114630
2013-01-18,27.25,7425545491,202346114630
2013-01-22,27.15,7425545491,201603557248
2013-01-23,27.61,7425545491,205019315539
2013-01-24,27.63,7425545491,205167815685
2013-01-25,27.88,7425545491,207024202057
2013-01-28,27.91,7425545491,207246973521
2013-01-29,28.01,7425545491,207989530902
2013-01-30,27.85,7425545491,206801444757
2013-01-31,27.45,7425545491,203831229393
2013-02-01,27.93,7425545491,207395487830
2013-02-04,27.44,7425545491,203756972239
2013-02-05,27.50,7425545491,204202501003
2013-02-06,27.34,7425545491,203014414857
2013-02-07,27.28,7425545491,202568886093
2013-02-08,27.55,7425545491,204573772612
2013-02-11,27.86,7425545491,206875701911
2013-02-12,27.88,7425545491,207024202057
2013-02-13,28.03,7425545491,208138045211
2013-02-14,28.04,7425545491,208212302366
2013-02-15,28.01,7425545491,207989530902
2013-02-19,28.05,7425545491,208286545357
2013-02-20,27.87,7425545491,206949959066
2013-02-21,27.49,7425545491,204128243848
2013-02-22,27.76,7425545491,206133144530
2013-02-25,27.37,7425545491,203237186320
2013-02-26,27.37,7425545491,203237186320
2013-02-27,27.81,7425545491,206504416139
2013-02-28,27.80,7425545491,206430158985
2013-03-01,27.95,7425545491,207544002139
2013-03-04,28.15,7425545491,209029102739
2013-03-05,28.35,7425545491,210514217502
2013-03-06,28.09,7425545491,208583573975
2013-03-07,28.14,7425545491,208954845585
2013-03-08,28.00,7425545491,207915273748
2013-03-11,27.87,7425545491,206949959066
2013-03-12,27.91,7425545491,207246973521
2013-03-13,27.92,7425545491,207321230675
2013-03-14,28.14,7425545491,208954845585
2013-03-15,28.04,7425545491,208212302366
2013-03-18,28.10,7425545491,208657831130
2013-03-19,28.18,7425545491,209251874202
2013-03-20,28.32,7425545491,210291446039
2013-03-21,28.11,7425545491,208732088284
2013-03-22,28.25,7425545491,209771660121
2013-03-25,28.16,7425545491,209103359894
2013-03-26,28.16,7425545491,209103359894
2013-03-27,28.37,7425545491,210662731811
2013-03-28,28.61,7425545491,212444861030
2013-04-01,28.61,7425545491,212444861030
2013-04-02,28.80,7425545491,213855704476
2013-04-03,28.56,7425545491,212073575257
2013-04-04,28.60,7425545491,212370603875
2013-04-05,28.70,7425545491,213113161257
2013-04-08,28.59,7425545491,212296346721
2013-04-09,29.61,7425545491,219870406521
2013-04-10,30.28,7425545491,224845522566
2013-04-11,28.94,7425545491,214895290475
2013-04-12,28.79,7425545491,213781461484
2013-04-15,28.69,7425545491,213038904102
2013-04-16,28.97,7425545491,215118047776
2013-04-17,28.83,7425545491,214078475939
2013-04-18,28.79,7425545491,213781461484
2013-04-19,29.77,7425545491,221058492666
2013-04-22,30.83,7425545491,228929566921
2013-04-23,30.60,7425545491,227221694857
2013-04-24,31.76,7425545491,235835326494
2013-04-25,31.94,7425545491,237171926948
2013-04-26,31.79,7425545491,236058097957
2013-04-29,32.61,7425545491,242147042994
2013-04-30,33.10,7425545491,245785544422
2013-05-01,32.72,7425545491,242963857530
2013-05-02,33.16,7425545491,246231087349
2013-05-03,33.49,7425545491,248681530957
2013-05-06,33.75,7425545491,250612160321
2013-05-07,33.31,7425545491,247344930503
2013-05-08,32.99,7425545491,244968758212
2013-05-09,32.66,7425545491,242518314603
2013-05-10,32.69,7425545491,242741071903
2013-05-13,33.03,7425545491,245265758503
2013-05-14,33.53,7425545491,248978531249
2013-05-15,33.85,7425545491,251354703540
2013-05-16,34.08,7425545491,253062603930
2013-05-17,34.87,7425545491,258928763340
2013-05-20,35.08,7425545491,260488149421
2013-05-21,34.85,7425545491,258780249031
2013-05-22,34.61,7425545491,256998133976
2013-05-23,34.15,7425545491,253582389848
2013-05-24,34.27,7425545491,254473447376
2013-05-28,35.02,7425545491,260042606494
2013-05-29,34.88,7425545491,259003034657
2013-05-30,35.03,7425545491,260116849485
2013-05-31,34.90,7425545491,259151548966
2013-06-03,35.59,7425545491,264275165158
2013-06-04,34.99,7425545491,259819849194
2013-06-05,34.78,7425545491,258260463113
2013-06-06,34.96,7425545491,259597063567
2013-06-07,35.67,7425545491,264869194067
2013-06-10,35.47,7425545491,263384107630
2013-06-11,34.84,7425545491,258706006039
2013-06-12,35.00,7425545491,259894092185
2013-06-13,34.72,7425545491,257814948512
2013-06-14,34.40,7425545491,255438776221
2013-06-17,35.00,7425545491,259894092185
2013-06-18,34.98,7425545491,259745577876
2013-06-19,34.59,7425545491,256849619667
2013-06-20,33.49,7425545491,248681530957
2013-06-21,33.27,7425545491,247047901885
2013-06-24,33.72,7425545491,250389403021
2013-06-25,33.67,7425545491,250018103085
2013-06-26,34.35,7425545491,255067476285
2013-06-27,34.62,7425545491,257072376967
2013-06-28,34.54,7425545491,256478348057
2013-07-01,34.36,7425545491,255141747603
2013-07-02,33.94,7425545491,252023003767
2013-07-03,34.01,7425545491,252542789685
2013-07-05,34.21,7425545491,254027904449
2013-07-08,34.33,7425545491,254918990303
2013-07-09,34.35,7425545491,255067476285
2013-07-10,34.70,7425545491,257666434203
2013-07-11,35.69,7425545491,265017708376
2013-07-12,35.67,7425545491,264869194067
2013-07-15,36.17,7425545491,268581966813
2013-07-16,36.27,7425545491,269324538358
2013-07-17,35.74,7425545491,265389008312
2013-07-18,35.44,7425545491,263161322004
2013-07-19,31.40,7425545491,233162125585
2013-07-22,32.01,7425545491,237691698703
2013-07-23,31.82,7425545491,236280855258
2013-07-24,31.96,7425545491,237320427094
2013-07-25,31.39,7425545491,233087868430
2013-07-26,31.62,7425545491,234795754657
2013-07-29,31.54,7425545491,234201711584
2013-07-30,31.85,7425545491,236503626721
2013-07-31,31.84,7425545491,236429369566
2013-08-01,31.67,7425545491,235167026266
2013-08-02,31.89,7425545491,236800641176
2013-08-05,31.70,7425545491,235389797730
2013-08-06,31.58,7425545491,234498726039
2013-08-07,32.06,7425545491,238062998639
2013-08-08,32.89,7425545491,244226186667
2013-08-09,32.70,7425545491,242815343221
2013-08-12,32.87,7425545491,244077672358
2013-08-13,32.23,7425545491,239325327776
2013-08-14,32.35,7425545491,240216385303
2013-08-15,31.79,7425545491,236058097957
2013-08-16,31.80,7425545491,236132340949
2013-08-19,31.39,7425545491,233087868430
2013-08-20,31.62,7425545491,234795754657
2013-08-21,31.61,7425545491,234721497503
2013-08-22,32.39,7425545491,240513413921
2013-08-23,34.75,7425545491,258037705812
2013-08-26,34.15,7425545491,253582389848
2013-08-27,33.26,7425545491,246973630567
2013-08-28,33.02,7425545491,245191515512
2013-08-29,33.55,7425545491,249127045558
2013-08-30,33.40,7425545491,248013230730
2013-09-03,31.88,7425545491,236726384021
2013-09-04,31.20,7425545491,231677024984
2013-09-05,31.23,7425545491,231899782285
2013-09-06,31.15,7425545491,231305739212
2013-09-09,31.66,7425545491,235092769112
2013-09-10,32.39,7425545491,240513413921
2013-09-11,32.74,7425545491,243112371839
2013-09-12,32.69,7425545491,242741071903
2013-09-13,33.03,7425545491,245265758503
2013-09-16,32.80,7425545491,243557886440
2013-09-17,32.93,7425545491,244523215285
2013-09-18,33.32,7425545491,247419173494
2013-09-19,33.64,7425545491,249795345785
2013-09-20,32.79,7425545491,243483643448
2013-09-23,32.74,7425545491,243112371839
2013-09-24,32.45,7425545491,240958956848
2013-09-25,32.51,7425545491,241404471449
2013-09-26,32.77,7425545491,243335129139
2013-09-27,33.27,7425545491,247047901885
2013-09-30,33.28,7425545491,247122144876
2013-10-01,33.58,7425545491,249349831184
2013-10-02,33.92,7425545491,251874489458
2013-10-03,33.86,7425545491,251428974857
2013-10-04,33.88,7425545491,251577489166
2013-10-07,33.30,7425545491,247270659185
2013-10-08,33.01,7425545491,245117244194
2013-10-09,33.07,7425545491,245562787121
2013-10-10,33.76,7425545491,250686403313
2013-10-11,34.13,7425545491,253433875539
2013-10-14,34.45,7425545491,255810047830
2013-10-15,34.49,7425545491,256107076448
2013-10-16,34.64,7425545491,257220891276
2013-10-17,34.92,7425545491,259300034949
2013-10-18,34.96,7425545491,259597063567
2013-10-21,34.99,7425545491,259819849194
2013-10-22,34.58,7425545491,256775376675
2013-10-23,33.76,7425545491,250686403313
2013-10-24,33.72,7425545491,250389403021
2013-10-25,35.73,7425545491,265314736994
2013-10-28,35.57,7425545491,264126650849
2013-10-29,35.52,7425545491,263755379239
2013-10-30,35.54,7425545491,263903893548
2013-10-31,35.41,7425545491,262938564703
2013-11-01,35.53,7425545491,263829622231
2013-11-04,35.94,7425545491,266874094749
2013-11-05,36.64,7425545491,272071982258
2013-11-06,38.18,7425545491,283507329112
2013-11-07,37.50,7425545491,278457955913
2013-11-08,37.78,7425545491,280537099586
2013-11-11,37.59,7425545491,279126256140
2013-11-12,37.36,7425545491,277418384076
2013-11-13,38.16,7425545491,283358814804
2013-11-14,38.02,7425545491,282319242967
2013-11-15,37.84,7425545491,280982642512
2013-11-18,37.20,7425545491,276230297930
2013-11-19,36.74,7425545491,272814553803
2013-11-20,37.08,7425545491,275339240403
2013-11-21,37.40,7425545491,277715412694
2013-11-22,37.57,7425545491,278977741831
2013-11-25,37.64,7425545491,279497527749
2013-11-26,37.35,7425545491,277344112758
2013-11-27,37.60,7425545491,279200499131
2013-11-29,38.13,7425545491,283136057503
2013-12-02,38.45,7425545491,285512229794
2013-12-03,38.31,7425545491,284472657958
2013-12-04,38.94,7425545491,289150731222
2013-12-05,38.00,7425545491,282170728658
2013-12-06,38.36,7425545491,284843929567
2013-12-09,38.71,7425545491,287442859158
2013-12-10,38.11,7425545491,282987543194
2013-12-11,37.61,7425545491,279274770449
2013-12-12,37.22,7425545491,276378812239
2013-12-13,36.69,7425545491,272443253867
2013-12-16,36.89,7425545491,273928368631
2013-12-17,36.52,7425545491,271180924730
2013-12-18,36.58,7425545491,271626467657
2013-12-19,36.25,7425545491,269176024049
2013-12-20,36.80,7425545491,273260068404
2013-12-23,36.62,7425545491,271923467949
2013-12-24,37.08,7425545491,275339240403
2013-12-26,37.44,7425545491,278012412986
2013-12-27,37.29,7425545491,276898598158
2013-12-30,37.29,7425545491,276898598158
2013-12-31,37.41,7425545491,277789655685
2014-01-02,37.16,7425545491,275933269313
2014-01-03,36.91,7425545491,274076882940
2014-01-06,36.13,7425545491,268284966521
2014-01-07,36.41,7425545491,270364110194
2014-01-08,35.76,7425545491,265537494295
2014-01-09,35.53,7425545491,263829622231
2014-01-10,36.04,7425545491,267616666294
2014-01-13,34.98,7425545491,259745577876
2014-01-14,35.78,7425545491,265686008604
2014-01-15,36.76,7425545491,272963039786
2014-01-16,36.89,7425545491,273928368631
2014-01-17,36.38,7425545491,270141352894
2014-01-21,36.17,7425545491,268581966813
2014-01-22,35.93,7425545491,266799851758
2014-01-23,36.06,7425545491,267765180603
2014-01-24,36.81,7425545491,273334339721
2014-01-27,36.03,7425545491,267542394976
2014-01-28,36.27,7425545491,269324538358
2014-01-29,36.66,7425545491,272220496567
2014-01-30,36.86,7425545491,273705611330
2014-01-31,37.84,7425545491,280982642512
2014-02-03,36.48,7425545491,270883896113
2014-02-04,36.35,7425545491,269918567267
2014-02-05,35.82,7425545491,265983037222
2014-02-06,36.18,7425545491,268656238130
2014-02-07,36.56,7425545491,271477953348
2014-02-10,36.80,7425545491,273260068404
2014-02-11,37.17,7425545491,276007512304
2014-02-12,37.47,7425545491,278235198612
2014-02-13,37.61,7425545491,279274770449
2014-02-14,37.62,7425545491,279349013440
2014-02-18,37.42,7425545491,277863898677
2014-02-19,37.51,7425545491,278532198904
2014-02-20,37.75,7425545491,280314342285
2014-02-21,37.98,7425545491,282022214349
2014-02-24,37.69,7425545491,279868799358
2014-02-25,37.54,7425545491,278754984530
2014-02-26,37.47,7425545491,278235198612
2014-02-27,37.86,7425545491,281131156821
2014-02-28,38.31,7425545491,284472657958
2014-03-03,37.78,7425545491,280537099586
2014-03-04,38.41,7425545491,285215201176
2014-03-05,38.11,7425545491,282987543194
2014-03-06,38.15,7425545491,283284571812
2014-03-07,37.90,7425545491,281428185439
2014-03-10,37.82,7425545491,280834128204
2014-03-11,38.02,7425545491,282319242967
2014-03-12,38.27,7425545491,284175629340
2014-03-13,37.89,7425545491,281353914122
2014-03-14,37.70,7425545491,279943070676
2014-03-17,38.05,7425545491,282542000267
2014-03-18,39.55,7425545491,293680318504
2014-03-19,39.27,7425545491,291601174831
2014-03-20,40.33,7425545491,299472263249
2014-03-21,40.16,7425545491,298209905786
2014-03-24,40.50,7425545491,300734592386
2014-03-25,40.34,7425545491,299546506240
2014-03-26,39.79,7425545491,295462461885
2014-03-27,39.36,7425545491,292269475058
2014-03-28,40.30,7425545491,299249477622
2014-03-31,40.99,7425545491,304373122140
2014-04-01,41.42,7425545491,307566080641
2014-04-02,41.35,7425545491,307046294722
2014-04-03,41.01,7425545491,304521608122
2014-04-04,39.87,7425545491,296056490795
2014-04-07,39.80,7425545491,295536704877
2014-04-08,39.82,7425545491,295685219186
2014-04-09,40.47,7425545491,300511835085
2014-04-10,39.36,7425545491,292269475058
2014-04-11,39.21,7425545491,291155631904
2014-04-14,39.18,7425545491,290932874603
2014-04-15,39.75,7425545491,295165433267
2014-04-16,40.40,7425545491,299992049167
2014-04-17,40.01,7425545491,297096062631
2014-04-21,39.94,7425545491,296576276713
2014-04-22,39.99,7425545491,296947576649
2014-04-23,39.69,7425545491,294719890340
2014-04-24,39.86,7425545491,295982247803
2014-04-25,39.91,7425545491,296353519413
2014-04-28,40.87,7425545491,303482036286
2014-04-29,40.51,7425545491,300808835377
2014-04-30,40.40,7425545491,299992049167
2014-05-01,40.00,7425545491,297021819640
2014-05-02,39.69,7425545491,294719890340
2014-05-05,39.43,7425545491,292789260976
2014-05-06,39.06,7425545491,290041817076
2014-05-07,39.42,7425545491,292714989659
2014-05-08,39.64,7425545491,294348618731
2014-05-09,39.54,7425545491,293606075512
2014-05-12,39.97,7425545491,296799062340
2014-05-13,40.42,7425545491,300140535150
2014-05-14,40.24,7425545491,298803963021
2014-05-15,39.60,7425545491,294051590113
2014-05-16,39.83,7425545491,295759490503
2014-05-19,39.75,7425545491,295165433267
2014-05-20,39.68,7425545491,294645647349
2014-05-21,40.35,7425545491,299620749231
2014-05-22,40.10,7425545491,297764362859
2014-05-23,40.12,7425545491,297912877168
2014-05-27,40.19,7425545491,298432663086
2014-05-28,40.01,7425545491,297096062631
2014-05-29,40.34,7425545491,299546506240
2014-05-30,40.94,7425545491,304001822204
2014-06-02,40.79,7425545491,302888007376
2014-06-03,40.29,7425545491,299175234631
2014-06-04,40.32,7425545491,299397991931
2014-06-05,41.21,7425545491,306006722886
2014-06-06,41.48,7425545491,308011623568
2014-06-09,41.27,7425545491,306452265813
2014-06-10,41.11,7425545491,305264179667
2014-06-11,40.86,7425545491,303407793294
2014-06-12,40.58,7425545491,301328649621
2014-06-13,41.23,7425545491,306155237195
2014-06-16,41.50,7425545491,308160137877
2014-06-17,41.68,7425545491,309496738331
2014-06-18,41.65,7425545491,309273981031
2014-06-19,41.51,7425545491,308234380868
2014-06-20,41.68,7425545491,309496738331
2014-06-23,41.99,7425545491,311798667631
2014-06-24,41.75,7425545491,310016524249
2014-06-25,42.03,7425545491,312095667922
2014-06-26,41.72,7425545491,309793766949
2014-06-27,42.25,7425545491,313729296995
2014-06-30,41.70,7425545491,309645252640
2014-07-01,41.87,7425545491,310907581777
2014-07-02,41.90,7425545491,311130367403
2014-07-03,41.80,7425545491,310387795859
2014-07-07,41.99,7425545491,311798667631
2014-07-08,41.78,7425545491,310239281550
2014-07-09,41.67,7425545491,309422467013
2014-07-10,41.69,7425545491,309570981322
2014-07-11,42.09,7425545491,312541210849
2014-07-14,42.14,7425545491,312912482459
2014-07-15,42.45,7425545491,315214411758
2014-07-16,44.08,7425545491,327318058840
2014-07-17,44.53,7425545491,330659531650
2014-07-18,44.69,7425545491,331847617795
2014-07-21,44.84,7425545491,332961460949
2014-07-22,44.83,7425545491,332887217958
2014-07-23,44.87,7425545491,333184218250
2014-07-24,44.40,7425545491,329694231131
2014-07-25,44.50,7425545491,330436774350
2014-07-28,43.97,7425545491,326501244304
2014-07-29,43.89,7425545491,325907187068
2014-07-30,43.58,7425545491,323605286094
2014-07-31,43.16,7425545491,320486542259
2014-08-01,42.86,7425545491,318258884276
2014-08-04,43.37,7425545491,322045900013
2014-08-05,43.08,7425545491,319892513349
2014-08-06,42.74,7425545491,317367826749
2014-08-07,43.23,7425545491,321006328177
2014-08-08,43.20,7425545491,320783570876
2014-08-11,43.20,7425545491,320783570876
2014-08-12,43.52,7425545491,323159743167
2014-08-13,44.08,7425545491,327318058840
2014-08-14,44.27,7425545491,328728902286
2014-08-15,44.79,7425545491,332590189340
2014-08-18,45.11,7425545491,334966361631
2014-08-19,45.33,7425545491,336599990704
2014-08-20,44.95,7425545491,333778275486
2014-08-21,45.22,7425545491,335783176167
2014-08-22,45.15,7425545491,335263390249
2014-08-25,45.17,7425545491,335411876232
2014-08-26,45.01,7425545491,334223790086
2014-08-27,44.87,7425545491,333184218250
2014-08-28,44.88,7425545491,333258489567
2014-08-29,45.43,7425545491,337342533922
2014-09-02,45.09,7425545491,334817847322
2014-09-03,44.96,7425545491,333852518477
2014-09-04,45.26,7425545491,336080176459
2014-09-05,45.91,7425545491,340906792359
2014-09-08,46.47,7425545491,345065108031
2014-09-09,46.76,7425545491,347218494696
2014-09-10,46.84,7425545491,347812551931
2014-09-11,47.00,7425545491,349000638077
2014-09-12,46.70,7425545491,346772980095
2014-09-15,46.24,7425545491,343357235967
2014-09-16,46.76,7425545491,347218494696
2014-09-17,46.52,7425545491,345436379640
2014-09-18,46.68,7425545491,346624465786
2014-09-19,47.52,7425545491,352861925131
2014-09-22,47.06,7425545491,349446181004
2014-09-23,46.56,7425545491,345733408258
2014-09-24,47.08,7425545491,349594695313
2014-09-25,46.04,7425545491,341872121204
2014-09-26,46.41,7425545491,344619565104
2014-09-29,46.44,7425545491,344842322405
2014-09-30,46.36,7425545491,344248293495
2014-10-01,45.90,7425545491,340832549367
2014-10-02,45.76,7425545491,339792949205
2014-10-03,46.09,7425545491,342243392813
2014-10-06,46.09,7425545491,342243392813
2014-10-07,45.53,7425545491,338085077141
2014-10-08,46.78,7425545491,347367009005
2014-10-09,45.85,7425545491,340461249432
2014-10-10,44.03,7425545491,326946758904
2014-10-13,43.65,7425545491,324125072013
2014-10-14,43.73,7425545491,324719100922
2014-10-15,43.22,7425545491,320932085185
2014-10-16,42.74,7425545491,317367826749
2014-10-17,43.63,7425545491,323976557704
2014-10-20,44.08,7425545491,327318058840
2014-10-21,44.88,7425545491,333258489567
2014-10-22,44.38,7425545491,329545716822
2014-10-23,45.02,7425545491,334298061404
2014-10-24,46.13,7425545491,342540421431
2014-10-27,45.91,7425545491,340906792359
2014-10-28,46.49,7425545491,345213622340
2014-10-29,46.62,7425545491,346178922859
2014-10-30,46.05,7425545491,341946364195
2014-10-31,46.95,7425545491,348629366468
2014-11-03,47.44,7425545491,352267867896
2014-11-04,47.57,7425545491,353233196741
2014-11-05,47.86,7425545491,355386611731
2014-11-06,48.70,7425545491,361624071077
2014-11-07,48.68,7425545491,361475556768
2014-11-10,48.89,7425545491,363034914523
2014-11-11,48.87,7425545491,362886400214
2014-11-12,48.78,7425545491,362218099987
2014-11-13,49.61,7425545491,368381316341
2014-11-14,49.58,7425545491,368158559040
2014-11-17,49.46,7425545491,367267473187
2014-11-18,48.74,7425545491,361921099695
2014-11-19,48.22,7425545491,358059812640
2014-11-20,48.70,7425545491,361624071077
2014-11-21,47.98,7425545491,356277669259
2014-11-24,47.59,7425545491,353381711050
2014-11-25,47.47,7425545491,352490653522
2014-11-26,47.75,7425545491,354569797195
2014-11-28,47.81,7425545491,355015340122
2014-12-01,48.62,7425545491,361030013841
2014-12-02,48.46,7425545491,359841927696
2014-12-03,48.08,7425545491,357020240804
2014-12-04,48.84,7425545491,362663642913
2014-12-05,48.42,7425545491,359544899078
2014-12-08,47.70,7425545491,354198525586
2014-12-09,47.59,7425545491,353381711050
2014-12-10,46.90,7425545491,348258094858
2014-12-11,47.17,7425545491,350262967214
2014-12-12,46.95,7425545491,348629366468
2014-12-15,46.67,7425545491,346550194468
2014-12-16,45.16,7425545491,335337633241
2014-12-17,45.74,7425545491,339644463222
2014-12-18,47.52,7425545491,352861925131
2014-12-19,47.66,7425545491,353901496968
2014-12-22,47.98,7425545491,356277669259
2014-12-23,48.45,7425545491,359767684704
2014-12-24,48.14,7425545491,357465755405
2014-12-26,47.88,7425545491,355535126040
2014-12-29,47.45,7425545491,352342139213
2014-12-30,47.02,7425545491,349149152386
2014-12-31,46.45,7425545491,344916593722
2015-01-02,46.76,7425545491,347218494696
2015-01-05,46.33,7425545491,344025536195
2015-01-06,45.65,7425545491,338976162995
2015-01-07,46.23,7425545491,343282964650
2015-01-08,47.59,7425545491,353381711050
2015-01-09,47.19,7425545491,350411481523
2015-01-12,46.60,7425545491,346030408550
2015-01-13,46.36,7425545491,344248293495
2015-01-14,45.96,7425545491,341278063968
2015-01-15,45.48,7425545491,337713805532
2015-01-16,46.24,7425545491,343357235967
2015-01-20,46.39,7425545491,344471050795
2015-01-21,45.92,7425545491,340981035350
2015-01-22,47.13,7425545491,349965966922
2015-01-23,47.18,7425545491,350337238531
2015-01-26,47.01,7425545491,349074881068
2015-01-27,42.66,7425545491,316773769513
2015-01-28,41.19,7425545491,305858208577
2015-01-29,42.01,7425545491,311947153613
2015-01-30,40.40,7425545491,299992049167
2015-02-02,41.28,7425545491,306526508804
2015-02-03,41.60,7425545491,308902681095
2015-02-04,41.84,7425545491,310684824476
2015-02-05,42.45,7425545491,315214411758
2015-02-06,42.41,7425545491,314917383140
2015-02-09,42.36,7425545491,314546111531
2015-02-10,42.60,7425545491,316328226586
2015-02-11,42.38,7425545491,314694625840
2015-02-12,43.09,7425545491,319966756340
2015-02-13,43.87,7425545491,325758672759
2015-02-17,43.58,7425545491,323605286094
2015-02-18,43.53,7425545491,323233986159
2015-02-19,43.50,7425545491,323011228859
2015-02-20,43.86,7425545491,325684429767
2015-02-23,44.15,7425545491,327837844758
2015-02-24,44.09,7425545491,327392301831
2015-02-25,43.99,7425545491,326649758613
2015-02-26,44.06,7425545491,327169544531
2015-02-27,43.85,7425545491,325610158450
2015-03-02,43.88,7425545491,325832944076
2015-03-03,43.28,7425545491,321377599786
2015-03-04,43.06,7425545491,319743999040
2015-03-05,43.11,7425545491,320115270649
2015-03-06,42.36,7425545491,314546111531
2015-03-09,42.85,7425545491,318184612959
2015-03-10,42.03,7425545491,312095667922
2015-03-11,41.98,7425545491,311724396313
2015-03-12,41.02,7425545491,304595879440
2015-03-13,41.38,7425545491,307269080349
2015-03-16,41.56,7425545491,308605680803
2015-03-17,41.70,7425545491,309645252640
2015-03-18,42.50,7425545491,315585683368
2015-03-19,42.29,7425545491,314026325613
2015-03-20,42.88,7425545491,318407398585
2015-03-23,42.86,7425545491,318258884276
2015-03-24,42.90,7425545491,318555912894
2015-03-25,41.46,7425545491,307863109259
2015-03-26,41.21,7425545491,306006722886
2015-03-27,40.97,7425545491,304224607831
2015-03-30,40.96,7425545491,304150336513
2015-03-31,40.66,7425545491,301922678531
2015-04-01,40.72,7425545491,302368221458
2015-04-02,40.29,7425545491,299175234631
2015-04-06,41.55,7425545491,308531409486
2015-04-07,41.53,7425545491,308382895177
2015-04-08,41.42,7425545491,307566080641
2015-04-09,41.48,7425545491,308011623568
2015-04-10,41.72,7425545491,309793766949
2015-04-13,41.76,7425545491,310090767241
2015-04-14,41.65,7425545491,309273981031
2015-04-15,42.26,7425545491,313803539986
2015-04-16,42.16,7425545491,313060996768
2015-04-17,41.62,7425545491,309051195404
2015-04-20,42.91,7425545491,318630155886
2015-04-21,42.64,7425545491,316625255204
2015-04-22,42.99,7425545491,319224213122
2015-04-23,43.34,7425545491,321823142713
2015-04-24,47.87,7425545491,355460854723
2015-04-27,48.03,7425545491,356648940868
2015-04-28,49.16,7425545491,365039815205
2015-04-29,49.06,7425545491,364297271986
2015-04-30,48.64,7425545491,361178528150
2015-05-01,48.66,7425545491,361327042459
2015-05-04,48.24,7425545491,358208326949
2015-05-05,47.60,7425545491,353455954041
2015-05-06,46.28,7425545491,343654236259
2015-05-07,46.70,7425545491,346772980095
2015-05-08,47.75,7425545491,354569797195
2015-05-11,47.37,7425545491,351748081977
2015-05-12,47.35,7425545491,351599567668
2015-05-13,47.63,7425545491,353678739668
2015-05-14,48.72,7425545491,361772585386
2015-05-15,48.30,7425545491,358653841550
2015-05-18,48.01,7425545491,356500426559
2015-05-19,47.58,7425545491,353307468058
2015-05-20,47.58,7425545491,353307468058
2015-05-21,47.42,7425545491,352119353587
2015-05-22,46.90,7425545491,348258094858
2015-05-26,46.59,7425545491,345956165559
2015-05-27,47.61,7425545491,353530225359
2015-05-28,47.45,7425545491,352342139213
2015-05-29,46.86,7425545491,347961066240
2015-06-01,47.23,7425545491,350708510141
2015-06-02,46.92,7425545491,348406580841
2015-06-03,46.85,7425545491,347886794923
2015-06-04,46.36,7425545491,344248293495
2015-06-05,46.14,7425545491,342614664423
2015-06-08,45.73,7425545491,339570191904
2015-06-09,45.65,7425545491,338976162995
2015-06-10,46.61,7425545491,346104679868
2015-06-11,46.44,7425545491,344842322405
2015-06-12,45.97,7425545491,341352335286
2015-06-15,45.48,7425545491,337713805532
2015-06-16,45.83,7425545491,340312763449
2015-06-17,45.97,7425545491,341352335286
2015-06-18,46.72,7425545491,346921494404
2015-06-19,46.10,7425545491,342317635805
2015-06-22,46.23,7425545491,343282964650
2015-06-23,45.91,7425545491,340906792359
2015-06-24,45.64,7425545491,338901891677
2015-06-25,45.65,7425545491,338976162995
2015-06-26,45.26,7425545491,336080176459
2015-06-29,44.37,7425545491,329471445504
2015-06-30,44.15,7425545491,327837844758
2015-07-01,44.45,7425545491,330065502740
2015-07-02,44.40,7425545491,329694231131
2015-07-06,44.39,7425545491,329619959813
2015-07-07,44.30,7425545491,328951659586
2015-07-08,44.24,7425545491,328506144985
2015-07-09,44.52,7425545491,330585288658
2015-07-10,44.61,7425545491,331253588886
2015-07-13,45.54,7425545491,338159348458
2015-07-14,45.62,7425545491,338753377368
2015-07-15,45.76,7425545491,339792949205
2015-07-16,46.66,7425545491,346475951477
2015-07-17,46.62,7425545491,346178922859
2015-07-20,46.92,7425545491,348406580841
2015-07-21,47.28,7425545491,351079781750
2015-07-22,45.54,7425545491,338159348458
2015-07-23,46.11,7425545491,342391907122
2015-07-24,45.94,7425545491,341129549659
2015-07-27,45.35,7425545491,336748476686
2015-07-28,45.34,7425545491,336674233695
2015-07-29,46.29,7425545491,343728507577
2015-07-30,46.88,7425545491,348109580549
2015-07-31,46.70,7425545491,346772980095
2015-08-03,46.81,7425545491,347589794631
2015-08-04,47.54,7425545491,353010439440
2015-08-05,47.58,7425545491,353307468058
2015-08-06,46.62,7425545491,346178922859
2015-08-07,46.74,7425545491,347070008713
2015-08-10,47.33,7425545491,351451081686
2015-08-11,46.41,7425545491,344619565104
2015-08-12,46.74,7425545491,347070008713
2015-08-13,46.73,7425545491,346995737395
2015-08-14,47.00,7425545491,349000638077
2015-08-17,47.32,7425545491,351376810368
2015-08-18,47.27,7425545491,351005538759
2015-08-19,46.61,7425545491,346104679868
2015-08-20,45.66,7425545491,339050405986
2015-08-21,43.07,7425545491,319818242031
2015-08-24,41.68,7425545491,309496738331
2015-08-25,40.47,7425545491,300511835085
2015-08-26,42.71,7425545491,317145041122
2015-08-27,43.90,7425545491,325981458385
2015-08-28,43.93,7425545491,326204215686
2015-08-31,43.52,7425545491,323159743167
2015-09-01,41.82,7425545491,310536310168
2015-09-02,43.36,7425545491,321971657022
2015-09-03,43.50,7425545491,323011228859
2015-09-04,42.61,7425545491,316402497904
2015-09-08,43.89,7425545491,325907187068
2015-09-09,43.07,7425545491,319818242031
2015-09-10,43.29,7425545491,321451871104
2015-09-11,43.48,7425545491,322862714550
2015-09-14,43.04,7425545491,319595484731
2015-09-15,43.98,7425545491,326575487295
2015-09-16,44.30,7425545491,328951659586
2015-09-17,44.25,7425545491,328580387977
2015-09-18,43.48,7425545491,322862714550
2015-09-21,44.11,7425545491,327540816140
2015-09-22,43.90,7425545491,325981458385
2015-09-23,43.87,7425545491,325758672759
2015-09-24,43.91,7425545491,326055701377
2015-09-25,43.94,7425545491,326278458677
2015-09-28,43.29,7425545491,321451871104
2015-09-29,43.44,7425545491,322565685932
2015-09-30,44.26,7425545491,328654630968
2015-10-01,44.61,7425545491,331253588886
2015-10-02,45.57,7425545491,338382105759
2015-10-05,46.63,7425545491,346253194177
2015-10-06,46.75,7425545491,347144251704
2015-10-07,46.80,7425545491,347515523314
2015-10-08,47.45,7425545491,352342139213
2015-10-09,47.11,7425545491,349817452613
2015-10-12,47.00,7425545491,349000638077
2015-10-13,46.89,7425545491,348183823541
2015-10-14,46.68,7425545491,346624465786
2015-10-15,47.01,7425545491,349074881068
2015-10-16,47.51,7425545491,352787653814
2015-10-19,47.62,7425545491,353604468350
2015-10-20,47.77,7425545491,354718311504
2015-10-21,47.20,7425545491,350485752840
2015-10-22,48.03,7425545491,356648940868
2015-10-23,52.87,7425545491,392588582178
2015-10-26,54.25,7425545491,402835842887
2015-10-27,53.69,7425545491,398677527214
2015-10-28,53.98,7425545491,400830942205
2015-10-29,53.36,7425545491,396227111932
2015-10-30,52.64,7425545491,390880710114
2015-11-02,53.24,7425545491,395336054404
2015-11-03,54.15,7425545491,402093299668
2015-11-04,54.40,7425545491,403949686041
2015-11-05,54.38,7425545491,403801171732
2015-11-06,54.92,7425545491,407810944769
2015-11-09,54.16,7425545491,402167542660
2015-11-10,53.51,7425545491,397340926760
2015-11-11,53.65,7425545491,398380526923
2015-11-12,53.32,7425545491,395930083314
2015-11-13,52.84,7425545491,392365824877
2015-11-16,53.77,7425545491,399271584450
2015-11-17,52.97,7425545491,393331153723
2015-11-18,53.85,7425545491,399865613360
2015-11-19,53.94,7425545491,400533913587
2015-11-20,54.19,7425545491,402390299960
2015-11-23,54.19,7425545491,402390299960
2015-11-24,54.25,7425545491,402835842887
2015-11-25,53.69,7425545491,398677527214
2015-11-27,53.93,7425545491,400459670596
2015-11-30,54.35,7425545491,403578386105
2015-12-01,55.22,7425545491,410038631077
2015-12-02,55.21,7425545491,409964359760
2015-12-03,54.20,7425545491,402464571277
2015-12-04,55.91,7425545491,415162247269
2015-12-07,55.81,7425545491,414419704050
2015-12-08,55.79,7425545491,414271189741
2015-12-09,54.98,7425545491,408256487696
2015-12-10,55.27,7425545491,410409902687
2015-12-11,54.06,7425545491,401424999441
2015-12-14,55.14,7425545491,409444573842
2015-12-15,55.20,7425545491,409890116768
2015-12-16,56.13,7425545491,416795876341
2015-12-17,55.70,7425545491,413602889514
2015-12-18,54.13,7425545491,401944785359
2015-12-21,54.83,7425545491,407142672868
2015-12-22,55.35,7425545491,411003931596
2015-12-23,55.82,7425545491,414493947042
2015-12-24,55.67,7425545491,413380103887
2015-12-28,55.95,7425545491,415459275887
2015-12-29,56.55,7425545491,419914591851
2015-12-30,56.31,7425545491,418132476796
2015-12-31,55.48,7425545491,411969260442
2016-01-04,54.80,7425545491,406919887242
2016-01-05,55.05,7425545491,408776273614
2016-01-06,54.05,7425545491,401350728123
2016-01-07,52.17,7425545491,387390694669
2016-01-08,52.33,7425545491,388578809141
2016-01-11,52.30,7425545491,388356023514
2016-01-12,52.78,7425545491,391920281951
2016-01-13,51.64,7425545491,383455164623
2016-01-14,53.11,7425545491,394370725559
2016-01-15,50.99,7425545491,378628577050
2016-01-19,50.56,7425545491,375435590222
2016-01-20,50.79,7425545491,377143462286
2016-01-21,50.48,7425545491,374841532987
2016-01-22,52.29,7425545491,388281780523
2016-01-25,51.79,7425545491,384569007777
2016-01-26,52.17,7425545491,387390694669
2016-01-27,51.22,7425545491,380336449113
2016-01-28,52.06,7425545491,386573908459
2016-01-29,55.09,7425545491,409073302232
2016-02-01,54.71,7425545491,406251587014
2016-02-02,53.00,7425545491,393553911023
2016-02-03,52.16,7425545491,387316451678
2016-02-04,52.00,7425545491,386128365532
2016-02-05,50.16,7425545491,372465360696
2016-02-08,49.41,7425545491,366896201577
2016-02-09,49.28,7425545491,365930872732
2016-02-10,49.71,7425545491,369123859559
2016-02-11,49.69,7425545491,368975345250
2016-02-12,50.50,7425545491,374990047296
2016-02-16,51.09,7425545491,379371120268
2016-02-17,52.42,7425545491,389247081042
2016-02-18,52.19,7425545491,387539208978
2016-02-19,51.82,7425545491,384791765078
2016-02-22,52.65,7425545491,390954981432
2016-02-23,51.18,7425545491,380039420495
2016-02-24,51.36,7425545491,381376020950
2016-02-25,52.10,7425545491,386870908751
2016-02-26,51.30,7425545491,380930478023
2016-02-29,50.88,7425545491,377811762513
2016-03-01,52.58,7425545491,390435195513
2016-03-02,52.95,7425545491,393182639414
2016-03-03,52.35,7425545491,388727295123
2016-03-04,52.03,7425545491,386351122832
2016-03-07,51.03,7425545491,378925577341
2016-03-08,51.65,7425545491,383529435941
2016-03-09,52.84,7425545491,392365824877
2016-03-10,52.05,7425545491,386499637141
2016-03-11,53.07,7425545491,394073696941
2016-03-14,53.17,7425545491,394816240160
2016-03-15,53.59,7425545491,397934983996
2016-03-16,54.35,7425545491,403578386105
2016-03-17,54.66,7425545491,405880315405
2016-03-18,53.49,7425545491,397192440777
2016-03-21,53.86,7425545491,399939884677
2016-03-22,54.07,7425545491,401499242432
2016-03-23,53.97,7425545491,400756699214
2016-03-24,54.21,7425545491,402538814269
2016-03-28,53.54,7425545491,397563712386
2016-03-29,54.71,7425545491,406251587014
2016-03-30,55.05,7425545491,408776273614
2016-03-31,55.23,7425545491,410112874069
2016-04-01,55.57,7425545491,412637560669
2016-04-04,55.43,7425545491,411597988832
2016-04-05,54.56,7425545491,405137772186
2016-04-06,55.12,7425545491,409296059533
2016-04-07,54.46,7425545491,404395200642
2016-04-08,54.42,7425545491,404098172024
2016-04-11,54.31,7425545491,403281385814
2016-04-12,54.65,7425545491,405806072414
2016-04-13,55.35,7425545491,411003931596
2016-04-14,55.36,7425545491,411078202914
2016-04-15,55.65,7425545491,413231617905
2016-04-18,56.46,7425545491,419246291624
2016-04-19,56.39,7425545491,418726505705
2016-04-20,55.59,7425545491,412786074978
2016-04-21,55.78,7425545491,414196918424
2016-04-22,51.78,7425545491,384494736460
2016-04-25,52.11,7425545491,386945180068
2016-04-26,51.44,7425545491,381970049860
2016-04-27,50.94,7425545491,378257277114
2016-04-28,49.90,7425545491,370534731331
2016-04-29,49.87,7425545491,370311945705
2016-05-02,50.61,7425545491,375806861832
2016-05-03,49.78,7425545491,369643645478
2016-05-04,49.87,7425545491,370311945705
2016-05-05,49.94,7425545491,370831731623
2016-05-06,50.39,7425545491,374173232759
2016-05-09,50.07,7425545491,371797060468
2016-05-10,51.02,7425545491,378851334350
2016-05-11,51.05,7425545491,379074091650
2016-05-12,51.51,7425545491,382489835778
2016-05-13,51.08,7425545491,379296877277
2016-05-16,51.83,7425545491,384866036395
2016-05-17,50.51,7425545491,375064290287
2016-05-18,50.81,7425545491,377291976595
2016-05-19,50.32,7425545491,373653446841
2016-05-20,50.62,7425545491,375881104823
2016-05-23,50.03,7425545491,371500031850
2016-05-24,51.59,7425545491,383083893014
2016-05-25,52.12,7425545491,387019423060
2016-05-26,51.89,7425545491,385311550996
2016-05-27,52.32,7425545491,388504537823
2016-05-31,53.00,7425545491,393553911023
2016-06-01,52.85,7425545491,392440067869
2016-06-02,52.48,7425545491,389692623969
2016-06-03,51.79,7425545491,384569007777
2016-06-06,52.13,7425545491,387093694377
2016-06-07,52.10,7425545491,386870908751
2016-06-08,52.04,7425545491,386425394150
2016-06-09,51.62,7425545491,383306650314
2016-06-10,51.48,7425545491,382267078478
2016-06-13,50.14,7425545491,372316846387
2016-06-14,49.83,7425545491,370014945413
2016-06-15,49.69,7425545491,368975345250
2016-06-16,50.39,7425545491,374173232759
2016-06-17,50.13,7425545491,372242603395
2016-06-20,50.07,7425545491,371797060468
2016-06-21,51.19,7425545491,380113663487
2016-06-22,50.99,7425545491,378628577050
2016-06-23,51.91,7425545491,385460065305
2016-06-24,49.83,7425545491,370014945413
2016-06-27,48.43,7425545491,359619170395
2016-06-28,49.44,7425545491,367118958878
2016-06-29,50.54,7425545491,375287075913
2016-06-30,51.17,7425545491,379965149178
2016-07-01,51.16,7425545491,379890906187
2016-07-05,51.17,7425545491,379965149178
2016-07-06,51.38,7425545491,381524535259
2016-07-07,51.38,7425545491,381524535259
2016-07-08,52.30,7425545491,388356023514
2016-07-11,52.59,7425545491,390509438505
2016-07-12,53.21,7425545491,395113268778
2016-07-13,53.51,7425545491,397340926760
2016-07-14,53.74,7425545491,399048827150
2016-07-15,53.70,7425545491,398751798532
2016-07-18,53.96,7425545491,400682427896
2016-07-19,53.09,7425545491,394222211250
2016-07-20,55.91,7425545491,415162247269
2016-07-21,55.80,7425545491,414345432733
2016-07-22,56.57,7425545491,420063106160
2016-07-25,56.73,7425545491,421251192305
2016-07-26,56.76,7425545491,421473949606
2016-07-27,56.19,7425545491,417241390942
2016-07-28,56.21,7425545491,417389905251
2016-07-29,56.68,7425545491,420879920696
2016-08-01,56.58,7425545491,420137377477
2016-08-02,56.58,7425545491,420137377477
2016-08-03,56.97,7425545491,423033335687
2016-08-04,57.39,7425545491,426152051196
2016-08-05,57.96,7425545491,430384609860
2016-08-08,58.06,7425545491,431127181405
2016-08-09,58.20,7425545491,432166753241
2016-08-10,58.02,7425545491,430830152787
2016-08-11,58.30,7425545491,432909296460
2016-08-12,57.94,7425545491,430236095551
2016-08-15,58.12,7425545491,431572696006
2016-08-16,57.44,7425545491,426523322806
2016-08-17,57.56,7425545491,427414408659
2016-08-18,57.60,7425545491,427711408951
2016-08-19,57.62,7425545491,427859923260
2016-08-22,57.67,7425545491,428231194869
2016-08-23,57.89,7425545491,429864823942
2016-08-24,57.95,7425545491,430310366869
2016-08-25,58.17,7425545491,431943967615
2016-08-26,58.03,7425545491,430904395778
2016-08-29,58.10,7425545491,431424181697
2016-08-30,57.89,7425545491,429864823942
2016-08-31,57.46,7425545491,426671837115
2016-09-01,57.59,7425545491,427637165960
2016-09-02,57.67,7425545491,428231194869
2016-09-06,57.61,7425545491,427785680269
2016-09-07,57.66,7425545491,428156951878
2016-09-08,57.43,7425545491,426449079814
2016-09-09,56.21,7425545491,417389905251
2016-09-12,57.05,7425545491,423627364596
2016-09-13,56.53,7425545491,419766077542
2016-09-14,56.26,7425545491,417761176860
2016-09-15,57.19,7425545491,424666936433
2016-09-16,57.25,7425545491,425112479360
2016-09-19,56.93,7425545491,422736307069
2016-09-20,56.81,7425545491,421845249541
2016-09-21,57.76,7425545491,428899495097
2016-09-22,57.82,7425545491,429345038024
2016-09-23,57.43,7425545491,426449079814
2016-09-26,56.90,7425545491,422513549768
2016-09-27,57.95,7425545491,430310366869
2016-09-28,58.03,7425545491,430904395778
2016-09-29,57.40,7425545491,426226322514
2016-09-30,57.60,7425545491,427711408951
2016-10-03,57.42,7425545491,426374808497
2016-10-04,57.24,7425545491,425038236368
2016-10-05,57.64,7425545491,428008437569
2016-10-06,57.74,7425545491,428751009114
2016-10-07,57.80,7425545491,429196523715
2016-10-10,58.04,7425545491,430978667096
2016-10-11,57.19,7425545491,424666936433
2016-10-12,57.11,7425545491,424072907523
2016-10-13,56.92,7425545491,422662035751
2016-10-14,57.42,7425545491,426374808497
2016-10-17,57.22,7425545491,424889722059
2016-10-18,57.66,7425545491,428156951878
2016-10-19,57.53,7425545491,427191623033
2016-10-20,57.25,7425545491,425112479360
2016-10-21,59.66,7425545491,443008042860
2016-10-24,61.00,7425545491,452958274951
2016-10-25,60.99,7425545491,452884031960
2016-10-26,60.63,7425545491,450210831051
2016-10-27,60.10,7425545491,446275272679
2016-10-28,59.87,7425545491,444567400615
2016-10-31,59.92,7425545491,444938672224
2016-11-01,59.80,7425545491,444047614697
2016-11-02,59.43,7425545491,441300170796
2016-11-03,59.21,7425545491,439666541724
2016-11-04,58.71,7425545491,435953768978
2016-11-07,60.42,7425545491,448651444970
2016-11-08,60.47,7425545491,449022744905
2016-11-09,60.17,7425545491,446795058597
2016-11-10,58.70,7425545491,435879525987
2016-11-11,59.02,7425545491,438255698278
2016-11-14,58.12,7425545491,431572696006
2016-11-15,58.87,7425545491,437141855124
2016-11-16,59.65,7425545491,442933799869
2016-11-17,60.64,7425545491,450285074042
2016-11-18,60.35,7425545491,448131659051
2016-11-21,60.86,7425545491,451918703114
2016-11-22,61.12,7425545491,453849332479
2016-11-23,60.40,7425545491,448502958987
2016-11-25,60.53,7425545491,449468259506
2016-11-28,60.61,7425545491,450062316742
2016-11-29,61.09,7425545491,453626575178
2016-11-30,60.26,7425545491,447463358824
2016-12-01,59.20,7425545491,439592298732
2016-12-02,59.25,7425545491,439963570342
2016-12-05,60.22,7425545491,447166358532
2016-12-06,59.95,7425545491,445161457851
2016-12-07,61.37,7425545491,455705718851
2016-12-08,61.01,7425545491,453032517942
2016-12-09,61.97,7425545491,460161063142
2016-12-12,62.17,7425545491,461646149579
2016-12-13,62.98,7425545491,467660851624
2016-12-14,62.68,7425545491,465433193642
2016-12-15,62.58,7425545491,464690650423
2016-12-16,62.30,7425545491,462611478424
2016-12-19,63.62,7425545491,472413196206
2016-12-20,63.54,7425545491,471819167296
2016-12-21,63.54,7425545491,471819167296
2016-12-22,63.55,7425545491,471893410288
2016-12-23,63.24,7425545491,469591509314
2016-12-27,63.28,7425545491,469888509606
2016-12-28,62.99,7425545491,467735122942
2016-12-29,62.90,7425545491,467066822714
2016-12-30,62.14,7425545491,461423392279
2017-01-03,62.58,7425545491,464690650423
2017-01-04,62.30,7425545491,462611478424
2017-01-05,62.30,7425545491,462611478424
2017-01-06,62.84,7425545491,466621279787
2017-01-09,62.64,7425545491,465136165024
2017-01-10,62.62,7425545491,464987650715
2017-01-11,63.19,7425545491,469220209379
2017-01-12,62.61,7425545491,464913407724
2017-01-13,62.70,7425545491,465581707951
2017-01-17,62.53,7425545491,464319350488
2017-01-18,62.50,7425545491,464096593188
2017-01-19,62.30,7425545491,462611478424
2017-01-20,62.74,7425545491,465878736569
2017-01-23,62.96,7425545491,467512337315
2017-01-24,63.52,7425545491,471670652987
2017-01-25,63.68,7425545491,472858739133
2017-01-26,64.27,7425545491,477239783780
2017-01-27,65.78,7425545491,488452373334
2017-01-30,65.13,7425545491,483625757434
2017-01-31,64.65,7425545491,480061527324
2017-02-01,63.58,7425545491,472116195914
2017-02-02,63.17,7425545491,469071695070
2017-02-03,63.68,7425545491,472858739133
2017-02-06,63.64,7425545491,472561710515
2017-02-07,63.43,7425545491,471002352760
2017-02-08,63.34,7425545491,470334052533
2017-02-09,64.06,7425545491,475680426025
2017-02-10,64.00,7425545491,475234911424
2017-02-13,64.72,7425545491,480581313242
2017-02-14,64.57,7425545491,479467470088
2017-02-15,64.53,7425545491,479170441470
2017-02-16,64.52,7425545491,479096170152
2017-02-17,64.62,7425545491,479838770023
2017-02-21,64.49,7425545491,478873412852
2017-02-22,64.36,7425545491,477908112333
2017-02-23,64.62,7425545491,479838770023
2017-02-24,64.62,7425545491,479838770023
2017-02-27,64.23,7425545491,476942811814
2017-02-28,63.98,7425545491,475086397115
2017-03-01,64.94,7425545491,482214942314
2017-03-02,64.01,7425545491,475309182742
2017-03-03,64.25,7425545491,477091297797
2017-03-06,64.27,7425545491,477239783780
2017-03-07,64.40,7425545491,478205140951
2017-03-08,64.99,7425545491,482586185597
2017-03-09,64.73,7425545491,480655584559
2017-03-10,64.93,7425545491,482140670997
2017-03-13,64.71,7425545491,480507041924
2017-03-14,64.41,7425545491,478279412268
2017-03-15,64.75,7425545491,480804070542
2017-03-16,64.64,7425545491,479987256006
2017-03-17,64.87,7425545491,481695156396
2017-03-20,64.93,7425545491,482140670997
2017-03-21,64.21,7425545491,476794269179
2017-03-22,65.03,7425545491,482883214215
2017-03-23,64.87,7425545491,481695156396
2017-03-24,64.98,7425545491,482511970932
2017-03-27,65.10,7425545491,483403000134
2017-03-28,65.29,7425545491,484813871906
2017-03-29,65.47,7425545491,486150472360
2017-03-30,65.71,7425545491,487932587415
2017-03-31,65.86,7425545491,489046430569
2017-04-03,65.55,7425545491,486744529596
2017-04-04,65.73,7425545491,488081130050
2017-04-05,65.56,7425545491,486818744261
2017-04-06,65.73,7425545491,488081130050
2017-04-07,65.68,7425545491,487709830115
2017-04-10,65.53,7425545491,486595986961
2017-04-11,65.48,7425545491,486224743678
2017-04-12,65.23,7425545491,484368357305
2017-04-13,64.95,7425545491,482289156979
2017-04-17,65.48,7425545491,486224743678
2017-04-18,65.39,7425545491,485556415124
2017-04-19,65.04,7425545491,482957485533
2017-04-20,65.50,7425545491,486373229661
2017-04-21,66.40,7425545491,493056231933
2017-04-24,67.53,7425545491,501447077943
2017-04-25,67.92,7425545491,504343036152
2017-04-26,67.83,7425545491,503674764251
2017-04-27,68.27,7425545491,506941965744
2017-04-28,68.46,7425545491,508352837516
2017-05-01,69.41,7425545491,515407139723
2017-05-02,69.30,7425545491,514590325187
2017-05-03,69.08,7425545491,512956696115
2017-05-04,68.81,7425545491,510951767107
2017-05-05,69.00,7425545491,512362638879
2017-05-08,68.94,7425545491,511917124278
2017-05-09,69.04,7425545491,512659667497
2017-05-10,69.31,7425545491,514664539852
2017-05-11,68.46,7425545491,508352837516
2017-05-12,68.38,7425545491,507758780280
2017-05-15,68.43,7425545491,508130080215
2017-05-16,69.41,7425545491,515407139723
2017-05-17,67.48,7425545491,501075834660
2017-05-18,67.71,7425545491,502783678397
2017-05-19,67.69,7425545491,502635192415
2017-05-22,68.45,7425545491,508278566198
2017-05-23,68.68,7425545491,509986466588
2017-05-24,68.77,7425545491,510654738489
2017-05-25,69.62,7425545491,516966497478
2017-05-26,69.96,7425545491,519491155752
2017-05-30,70.41,7425545491,522832685214
2017-05-31,69.84,7425545491,518600069898
2017-06-01,70.10,7425545491,520530727589
2017-06-02,71.76,7425545491,532857160297
2017-06-05,72.28,7425545491,536718419025
2017-06-06,72.52,7425545491,538500534080
2017-06-07,72.39,7425545491,537535233561
2017-06-08,71.95,7425545491,534267975416
2017-06-09,70.32,7425545491,522164356661
2017-06-12,69.78,7425545491,518154555298
2017-06-13,70.65,7425545491,524614800270
2017-06-14,70.27,7425545491,521793056726
2017-06-15,69.90,7425545491,519045641151
2017-06-16,70.00,7425545491,519788184370
2017-06-19,70.87,7425545491,526248429342
2017-06-20,69.91,7425545491,519119912469
2017-06-21,70.27,7425545491,521793056726
2017-06-22,70.26,7425545491,521718842060
2017-06-23,71.21,7425545491,528773087616
2017-06-26,70.53,7425545491,523723714416
2017-06-27,69.21,7425545491,513921996634
2017-06-28,69.80,7425545491,518303097933
2017-06-29,68.49,7425545491,508575594816
2017-06-30,68.93,7425545491,511842852961
2017-07-03,68.17,7425545491,506199422525
2017-07-05,69.08,7425545491,512956696115
2017-07-06,68.57,7425545491,509169652052
2017-07-07,69.46,7425545491,515778383007
2017-07-10,69.98,7425545491,519639698387
2017-07-11,69.99,7425545491,519713913052
2017-07-12,71.15,7425545491,528327573015
2017-07-13,71.77,7425545491,532931374962
2017-07-14,72.78,7425545491,540431191771
2017-07-17,73.35,7425545491,544663750434
2017-07-18,73.30,7425545491,544292507151
2017-07-19,73.86,7425545491,548450794497
2017-07-20,74.22,7425545491,551123995406
2017-07-21,73.79,7425545491,547931008579
2017-07-24,73.60,7425545491,546520136807
2017-07-25,74.19,7425545491,550901238106
2017-07-26,74.05,7425545491,549861666270
2017-07-27,73.16,7425545491,543252935315
2017-07-28,73.04,7425545491,542361849461
2017-07-31,72.70,7425545491,539837134535
2017-08-01,72.58,7425545491,538946105333
2017-08-02,72.26,7425545491,536569933042
2017-08-03,72.15,7425545491,535753118506
2017-08-04,72.68,7425545491,539688648552
2017-08-07,72.40,7425545491,537609504879
2017-08-08,72.79,7425545491,540505463088
2017-08-09,72.47,7425545491,538129290797
2017-08-10,71.41,7425545491,530258230705
2017-08-11,72.50,7425545491,538352048098
2017-08-14,73.59,7425545491,546445865490
2017-08-15,73.22,7425545491,543698449915
2017-08-16,73.65,7425545491,546891436743
2017-08-17,72.40,7425545491,537609504879
2017-08-18,72.49,7425545491,538277776780
2017-08-21,72.15,7425545491,535753118506
2017-08-22,73.16,7425545491,543252935315
2017-08-23,72.72,7425545491,539985677170
2017-08-24,72.69,7425545491,539762919870
2017-08-25,72.82,7425545491,540728220389
2017-08-28,72.83,7425545491,540802491706
2017-08-29,73.05,7425545491,542436120779
2017-08-30,74.01,7425545491,549564637652
2017-08-31,74.77,7425545491,555208011435
2017-09-01,73.94,7425545491,549044851733
2017-09-05,73.61,7425545491,546594408125
2017-09-06,73.40,7425545491,545035050370
2017-09-07,74.34,7425545491,552015024608
2017-09-08,73.98,7425545491,549341880351
2017-09-11,74.76,7425545491,555133796770
2017-09-12,74.68,7425545491,554539739534
2017-09-13,75.21,7425545491,558475269580
2017-09-14,74.77,7425545491,555208011435
2017-09-15,75.31,7425545491,559217812798
2017-09-18,75.16,7425545491,558104026297
2017-09-19,75.44,7425545491,560183169970
2017-09-20,74.94,7425545491,556470397224
2017-09-21,74.21,7425545491,551049724089
2017-09-22,74.41,7425545491,552534867178
2017-09-25,73.26,7425545491,543995478533
2017-09-26,73.26,7425545491,543995478533
2017-09-27,73.85,7425545491,548376523180
2017-09-28,73.87,7425545491,548525065815
2017-09-29,74.49,7425545491,553128867762
2017-10-02,74.61,7425545491,554019953616
2017-10-03,74.26,7425545491,551421024024
2017-10-04,74.69,7425545491,554614010852
2017-10-05,75.97,7425545491,564118700016
2017-10-06,76.00,7425545491,564341457316
2017-10-09,76.29,7425545491,566494872307
2017-10-10,76.29,7425545491,566494872307
2017-10-11,76.42,7425545491,567460172826
2017-10-12,77.12,7425545491,572658088661
2017-10-13,77.49,7425545491,575405504235
2017-10-16,77.65,7425545491,576593618707
2017-10-17,77.59,7425545491,576148047454
2017-10-18,77.61,7425545491,576296590089
2017-10-19,77.91,7425545491,578524276397
2017-10-20,78.81,7425545491,585207222017
2017-10-23,78.83,7425545491,585355764652
2017-10-24,78.86,7425545491,585578521952
2017-10-25,78.63,7425545491,583870621562
2017-10-26,78.76,7425545491,584835978734
2017-10-27,83.81,7425545491,622334949472
2017-10-30,83.89,7425545491,622929006708
2017-10-31,83.18,7425545491,617656876207
2017-11-01,83.18,7425545491,617656876207
2017-11-02,84.05,7425545491,624117121180
2017-11-03,84.14,7425545491,624785393081
2017-11-06,84.47,7425545491,627235836689
2017-11-07,84.27,7425545491,625750693600
2017-11-08,84.56,7425545491,627904108590
2017-11-09,84.09,7425545491,624414093145
2017-11-10,83.87,7425545491,622780520725
2017-11-13,83.93,7425545491,623226035326
2017-11-14,84.05,7425545491,624117121180
2017-11-15,82.98,7425545491,616171789770
2017-11-16,83.20,7425545491,617805362190
2017-11-17,82.40,7425545491,611864959789
2017-11-20,82.53,7425545491,612830260308
2017-11-21,83.72,7425545491,621666677571
2017-11-22,83.11,7425545491,617137090289
2017-11-24,83.26,7425545491,618250933443
2017-11-27,83.87,7425545491,622780520725
2017-11-28,84.88,7425545491,630280280881
2017-11-29,83.34,7425545491,618844934027
2017-11-30,84.17,7425545491,625008150381
2017-12-01,84.26,7425545491,625676478934
2017-12-04,81.08,7425545491,602063242007
2017-12-05,81.59,7425545491,605850229418
2017-12-06,82.78,7425545491,614686646681
2017-12-07,82.49,7425545491,612533231690
2017-12-08,84.16,7425545491,624933935716
2017-12-11,85.23,7425545491,632879267125
2017-12-12,85.58,7425545491,635478196716
2017-12-13,85.35,7425545491,633770296326
2017-12-14,84.69,7425545491,628869465762
2017-12-15,86.85,7425545491,644908614563
2017-12-18,86.38,7425545491,641418599118
2017-12-19,85.83,7425545491,637334583089
2017-12-20,85.52,7425545491,635032625463
2017-12-21,85.50,7425545491,634884139481
2017-12-22,85.51,7425545491,634958410798
2017-12-26,85.40,7425545491,634141596262
2017-12-27,85.71,7425545491,636443497235
2017-12-28,85.72,7425545491,636517768553
2017-12-29,85.54,7425545491,635181168098
2018-01-02,85.95,7425545491,638225612290
2018-01-03,86.35,7425545491,641195841817
2018-01-04,87.11,7425545491,646839272253
2018-01-05,88.19,7425545491,654858874980
2018-01-08,88.28,7425545491,655527146881
2018-01-09,88.22,7425545491,655081632280
2018-01-10,87.82,7425545491,652111402754
2018-01-11,88.08,7425545491,654042060444
2018-01-12,89.60,7425545491,665328864663
2018-01-16,88.35,7425545491,656046932799
2018-01-17,90.14,7425545491,669338666027
2018-01-18,90.10,7425545491,669041637409
2018-01-19,90.00,7425545491,668299094190
2018-01-22,91.61,7425545491,680254226963
2018-01-23,91.90,7425545491,682407641953
2018-01-24,91.82,7425545491,681813584718
2018-01-25,92.33,7425545491,685600628781
2018-01-26,94.06,7425545491,698446790755
2018-01-29,93.92,7425545491,697407218918
2018-01-30,92.74,7425545491,688645072973
2018-01-31,95.01,7425545491,705501092963
2018-02-01,94.26,7425545491,699931933844
2018-02-02,91.78,7425545491,681516556100
2018-02-05,88.00,7425545491,653448003208
2018-02-06,91.33,7425545491,678175083290
2018-02-07,89.61,7425545491,665403135981
2018-02-08,85.01,7425545491,631245638053
2018-02-09,88.18,7425545491,654784603662
2018-02-12,89.13,7425545491,661838849218
2018-02-13,89.83,7425545491,667036765053
2018-02-14,90.81,7425545491,674313767909
2018-02-15,92.66,7425545491,688051072389
2018-02-16,92.00,7425545491,683150185172
2018-02-20,92.72,7425545491,688496586990
2018-02-21,91.49,7425545491,679363141109
2018-02-22,91.73,7425545491,681145312816
2018-02-23,94.06,7425545491,698446790755
2018-02-26,95.42,7425545491,708545537155
2018-02-27,94.20,7425545491,699486362591
2018-02-28,93.77,7425545491,696293375764
2018-03-01,92.85,7425545491,689461887509
2018-03-02,93.05,7425545491,690947030599
2018-03-05,93.64,7425545491,695328075245
2018-03-06,93.32,7425545491,692951902954
2018-03-07,93.86,7425545491,696961704317
2018-03-08,94.43,7425545491,701194262981
2018-03-09,96.54,7425545491,716862168499
2018-03-12,96.77,7425545491,718570012237
2018-03-13,94.41,7425545491,701045776998
2018-03-14,93.85,7425545491,696887433000
2018-03-15,94.18,7425545491,699337876608
2018-03-16,94.60,7425545491,702456592118
2018-03-19,92.89,7425545491,689758916127
2018-03-20,93.13,7425545491,691541031182
2018-03-21,92.48,7425545491,686714471935
2018-03-22,89.79,7425545491,666739736435
2018-03-23,87.18,7425545491,647359058171
2018-03-26,93.78,7425545491,696367647082
2018-03-27,89.47,7425545491,664363564144
2018-03-28,89.39,7425545491,663769506908
2018-03-29,91.27,7425545491,677729512037
2018-04-02,88.52,7425545491,657309261936
2018-04-03,89.71,7425545491,666145679199
2018-04-04,92.33,7425545491,685600628781
2018-04-05,92.38,7425545491,685971872064
2018-04-06,90.23,7425545491,670006994580
2018-04-09,90.77,7425545491,674016739291
2018-04-10,92.88,7425545491,689684644809
2018-04-11,91.86,7425545491,682110613335
2018-04-12,93.58,7425545491,694882560644
2018-04-13,93.08,7425545491,691169787899
2018-04-16,94.17,7425545491,699263605291
2018-04-17,96.07,7425545491,713372153054
2018-04-18,96.44,7425545491,716119625281
2018-04-19,96.11,7425545491,713669181672
2018-04-20,95.00,7425545491,705426821645
2018-04-23,95.35,7425545491,708025751236
2018-04-24,93.12,7425545491,691466816517
2018-04-25,92.31,7425545491,685452086145
2018-04-26,94.26,7425545491,699931933844
2018-04-27,95.82,7425545491,711515766682
2018-04-30,93.52,7425545491,694436989391
2018-05-01,95.00,7425545491,705426821645
2018-05-02,93.51,7425545491,694362774726
2018-05-03,94.07,7425545491,698521062072
2018-05-04,95.16,7425545491,706614936117
2018-05-07,96.22,7425545491,714485996208
2018-05-08,95.81,7425545491,711441495364
2018-05-09,96.94,7425545491,719832398026
2018-05-10,97.91,7425545491,727035186217
2018-05-11,97.70,7425545491,725475771810
2018-05-14,98.03,7425545491,727926215418
2018-05-15,97.32,7425545491,722654084918
2018-05-16,97.15,7425545491,721391755781
2018-05-17,96.18,7425545491,714188967590
2018-05-18,96.36,7425545491,715525568045
2018-05-21,97.60,7425545491,724733228591
2018-05-22,97.50,7425545491,723990685373
2018-05-23,98.66,7425545491,732604345335
2018-05-24,98.31,7425545491,730005359091
2018-05-25,98.36,7425545491,730376659027
2018-05-29,98.01,7425545491,727777729436
2018-05-30,98.95,7425545491,734757703673
2018-05-31,98.84,7425545491,733940889137
2018-06-01,100.79,7425545491,748420736836
2018-06-04,101.67,7425545491,754955196473
2018-06-05,102.19,7425545491,758816511854
2018-06-06,102.49,7425545491,761044141510
2018-06-07,100.88,7425545491,749089008737
2018-06-08,101.63,7425545491,754658167855
2018-06-11,101.05,7425545491,750351394527
2018-06-12,101.31,7425545491,752281995564
2018-06-13,100.85,7425545491,748866251437
2018-06-14,101.42,7425545491,753098810101
2018-06-15,100.13,7425545491,743519849619
2018-06-18,100.86,7425545491,748940522754
2018-06-19,100.86,7425545491,748940522754
2018-06-20,101.87,7425545491,756440339563
2018-06-21,101.14,7425545491,751019666428
2018-06-22,100.41,7425545491,745599049944
2018-06-25,98.39,7425545491,730599416327
2018-06-26,99.08,7425545491,735723060845
2018-06-27,97.54,7425545491,724287713990
2018-06-28,98.63,7425545491,732381531382
2018-06-29,98.61,7425545491,732233045400
2018-07-02,100.01,7425545491,742628820418
2018-07-03,99.05,7425545491,735500303545
2018-07-05,99.76,7425545491,740772434045
2018-07-06,101.16,7425545491,751168209063
2018-07-09,101.85,7425545491,756291796928
2018-07-10,102.12,7425545491,758296725936
2018-07-11,101.98,7425545491,757257154099
2018-07-12,104.19,7425545491,773667602836
2018-07-13,105.43,7425545491,782875263382
2018-07-16,104.91,7425545491,779014004654
2018-07-17,105.95,7425545491,786736522110
2018-07-18,105.12,7425545491,780573362409
2018-07-19,104.40,7425545491,775226960591
2018-07-20,106.27,7425545491,789112694402
2018-07-23,107.97,7425545491,801736155728
2018-07-24,107.66,7425545491,799434254754
2018-07-25,110.83,7425545491,822973220364
2018-07-26,109.62,7425545491,813988317118
2018-07-27,107.68,7425545491,799582740737
2018-07-30,105.37,7425545491,782429748782
2018-07-31,106.08,7425545491,787701879282
2018-08-01,106.28,7425545491,789186965719
2018-08-02,107.57,7425545491,798765926201
2018-08-03,108.04,7425545491,802255941646
2018-08-06,108.13,7425545491,802924213547
2018-08-07,108.88,7425545491,808493372665
2018-08-08,109.49,7425545491,813022959947
2018-08-09,109.67,7425545491,814359560401
2018-08-10,109.00,7425545491,809384458519
2018-08-13,108.21,7425545491,803518270783
2018-08-14,109.56,7425545491,813542745865
2018-08-15,107.66,7425545491,799434254754
2018-08-16,107.64,7425545491,799285712119
2018-08-17,107.58,7425545491,798840197518
2018-08-20,106.87,7425545491,793568067018
2018-08-21,105.98,7425545491,786959336063
2018-08-22,107.06,7425545491,794978882138
2018-08-23,107.56,7425545491,798691654883
2018-08-24,108.40,7425545491,804929142555
2018-08-27,109.60,7425545491,813839774483
2018-08-28,110.26,7425545491,818740661700
2018-08-29,112.02,7425545491,831809580975
2018-08-30,111.95,7425545491,831289795056
2018-08-31,112.33,7425545491,834111538601
2018-09-04,111.71,7425545491,829507680001
2018-09-05,108.49,7425545491,805597414456
2018-09-06,108.74,7425545491,807453800829
2018-09-07,108.21,7425545491,803518270783
2018-09-10,109.38,7425545491,812206145411
2018-09-11,111.24,7425545491,826017664556
2018-09-12,111.71,7425545491,829507680001
2018-09-13,112.91,7425545491,838418368582
2018-09-14,113.37,7425545491,841834112710
2018-09-17,112.14,7425545491,832700666829
2018-09-18,113.21,7425545491,840645998238
2018-09-19,111.70,7425545491,829433408684
2018-09-20,113.57,7425545491,843319199147
2018-09-21,114.26,7425545491,848442843664
2018-09-24,114.67,7425545491,851487287856
2018-09-25,114.45,7425545491,849853658784
2018-09-26,113.98,7425545491,846363699991
2018-09-27,114.41,7425545491,849556686818
2018-09-28,114.37,7425545491,849259658201
2018-10-01,115.61,7425545491,858467318747
2018-10-02,115.15,7425545491,855051574619
2018-10-03,115.17,7425545491,855200060602
2018-10-04,112.79,7425545491,837527282728
2018-10-05,112.13,7425545491,832626395511
2018-10-08,110.85,7425545491,823121706347
2018-10-09,112.26,7425545491,833591752682
2018-10-10,106.16,7425545491,788295936518
2018-10-11,105.91,7425545491,786439550145
2018-10-12,109.57,7425545491,813617017183
2018-10-15,107.60,7425545491,798988683501
2018-10-16,111.00,7425545491,824235549501
2018-10-17,110.71,7425545491,822082134510
2018-10-18,108.50,7425545491,805671685774
2018-10-19,108.66,7425545491,806859800245
2018-10-22,109.63,7425545491,814062531783
2018-10-23,108.10,7425545491,802701456247
2018-10-24,102.32,7425545491,759781812373
2018-10-25,108.30,7425545491,804186599336
2018-10-26,106.96,7425545491,794236338919
2018-10-29,103.85,7425545491,771142887910
2018-10-30,103.73,7425545491,770251858708
2018-10-31,106.81,7425545491,793122495765
2018-11-01,105.92,7425545491,786513764810
2018-11-02,106.16,7425545491,788295936518
2018-11-05,107.51,7425545491,798320411600
2018-11-06,107.72,7425545491,799879769355
2018-11-07,111.96,7425545491,831364066374
2018-11-08,111.75,7425545491,829804708619
2018-11-09,109.57,7425545491,813617017183
2018-11-12,106.87,7425545491,793568067018
2018-11-13,106.94,7425545491,794087852936
2018-11-14,104.97,7425545491,779459519255
2018-11-15,107.28,7425545491,796612511210
2018-11-16,108.29,7425545491,804112328019
2018-11-19,104.62,7425545491,776860589663
2018-11-20,101.71,7425545491,755252225091
2018-11-21,103.11,7425545491,765648000109
2018-11-23,103.07,7425545491,765350971491
2018-11-26,106.47,7425545491,790597837491
2018-11-27,107.14,7425545491,795572939374
2018-11-28,111.12,7425545491,825126635355
2018-11-29,110.19,7425545491,818220875782
2018-11-30,110.89,7425545491,823418734965
2018-12-03,112.09,7425545491,832329366893
2018-12-04,108.52,7425545491,805820171756
2018-12-06,109.19,7425545491,810795330291
2018-12-07,104.82,7425545491,778345676101
2018-12-10,107.59,7425545491,798914412184
2018-12-11,108.59,7425545491,806339957675
2018-12-12,109.08,7425545491,809978515755
2018-12-13,109.45,7425545491,812725931329
2018-12-14,106.03,7425545491,787330579346
2018-12-17,102.89,7425545491,764014371037
2018-12-18,103.97,7425545491,772033973764
2018-12-19,103.69,7425545491,769954830091
2018-12-20,101.51,7425545491,753767138654
2018-12-21,98.23,7425545491,729411358508
2018-12-24,94.13,7425545491,698966576673
2018-12-26,100.56,7425545491,746712836446
2018-12-27,101.18,7425545491,751316695045
2018-12-28,100.39,7425545491,745450507309
2018-12-31,101.57,7425545491,754212653255
2019-01-02,101.12,7425545491,750871180445
2019-01-03,97.40,7425545491,723248142154
2019-01-04,101.93,7425545491,756885854164
2019-01-07,102.06,7425545491,757851154683
2019-01-08,102.80,7425545491,763346099136
2019-01-09,104.27,7425545491,774261603420
2019-01-10,103.60,7425545491,769286501537
2019-01-11,102.80,7425545491,763346099136
2019-01-14,102.05,7425545491,757776940018
2019-01-15,105.01,7425545491,779756547873
2019-01-16,105.38,7425545491,782503963447
2019-01-17,106.12,7425545491,787998907900
2019-01-18,107.71,7425545491,799805498037
2019-01-22,105.68,7425545491,784731649755
2019-01-23,106.71,7425545491,792379952546
2019-01-24,106.20,7425545491,788592908483
2019-01-25,107.17,7425545491,795795696674
2019-01-28,105.08,7425545491,780276333791
2019-01-29,102.94,7425545491,764385670972
2019-01-30,106.38,7425545491,789929508938
2019-01-31,104.43,7425545491,775449717891
2019-02-01,102.78,7425545491,763197556501
2019-02-04,105.74,7425545491,785177164356
2019-02-05,107.22,7425545491,796166996609
2019-02-06,106.03,7425545491,787330579346
2019-02-07,105.27,7425545491,781687148911
2019-02-08,105.67,7425545491,784657378437
2019-02-11,105.25,7425545491,781538662928
2019-02-12,106.89,7425545491,793716553001
2019-02-13,106.81,7425545491,793122495765
2019-02-14,106.90,7425545491,793790824318
2019-02-15,108.22,7425545491,803592542100
2019-02-19,108.17,7425545491,803221242165
2019-02-20,107.15,7425545491,795647210691
2019-02-21,109.41,7425545491,812428959363
2019-02-22,110.97,7425545491,824012792201
2019-02-25,111.59,7425545491,828616594148
2019-02-26,112.36,7425545491,834334295901
2019-02-27,112.17,7425545491,832923424129
2019-02-28,112.03,7425545491,831883852292
2019-03-01,112.53,7425545491,835596625038
2019-03-04,112.26,7425545491,833591752682
2019-03-05,111.70,7425545491,829433408684
2019-03-06,111.75,7425545491,829804708619
2019-03-07,110.39,7425545491,819705962219
2019-03-08,110.51,7425545491,820597048073
2019-03-11,112.83,7425545491,837824311346
2019-03-12,113.62,7425545491,843690499082
2019-03-13,114.50,7425545491,850224958720
2019-03-14,114.59,7425545491,850893230621
2019-03-15,115.91,7425545491,860695005055
2019-03-18,117.57,7425545491,873021381111
2019-03-19,117.65,7425545491,873615438347
2019-03-20,117.52,7425545491,872650081175
2019-03-21,120.22,7425545491,892699087992
2019-03-22,117.05,7425545491,869160122383
2019-03-25,117.66,7425545491,873689709664
2019-03-26,117.91,7425545491,875546096037
2019-03-27,116.77,7425545491,867080922057
2019-03-28,116.93,7425545491,868269036529
2019-03-29,117.94,7425545491,875768853337
2019-04-01,119.02,7425545491,883788399412
2019-04-02,119.19,7425545491,885050785201
2019-04-03,119.97,7425545491,890842701620
2019-04-04,119.36,7425545491,886313114338
2019-04-05,119.89,7425545491,890248644384
2019-04-08,119.93,7425545491,890545673002
2019-04-09,119.28,7425545491,885719057102
2019-04-10,120.19,7425545491,892476330692
2019-04-11,120.33,7425545491,893515902529
2019-04-12,120.95,7425545491,898119704475
2019-04-15,121.05,7425545491,898862304347
2019-04-16,120.77,7425545491,896783104021
2019-04-17,121.77,7425545491,904208649512
2019-04-18,123.37,7425545491,916089567620
2019-04-22,123.76,7425545491,918985525829
2019-04-23,125.44,7425545491,931460444520
2019-04-24,125.01,7425545491,928267457693
2019-04-25,129.15,7425545491,959009154841
2019-04-26,129.89,7425545491,964504099294
2019-04-29,129.77,7425545491,963613070092
2019-04-30,130.60,7425545491,969776286447
2019-05-01,127.88,7425545491,949578736994
2019-05-02,126.21,7425545491,937178089621
2019-05-03,128.90,7425545491,957152768468
2019-05-06,128.15,7425545491,951583609350
2019-05-07,125.52,7425545491,932054445103
2019-05-08,125.51,7425545491,931980230438
2019-05-09,125.50,7425545491,931905959121
2019-05-10,127.13,7425545491,944009577876
2019-05-13,123.35,7425545491,915941024984
2019-05-14,124.73,7425545491,926188314019
2019-05-15,126.02,7425545491,935767217849
2019-05-16,128.93,7425545491,957375525768
2019-05-17,128.07,7425545491,950989665419
2019-05-20,126.22,7425545491,937252360938
2019-05-21,126.90,7425545491,942301734138
2019-05-22,127.67,7425545491,948019379239
2019-05-23,126.18,7425545491,936955332320
2019-05-24,126.24,7425545491,937400846921
2019-05-28,126.16,7425545491,936806846338
2019-05-29,124.94,7425545491,927747671774
2019-05-30,125.73,7425545491,933613859510
2019-05-31,123.68,7425545491,918391468593
2019-06-03,119.84,7425545491,889877344448
2019-06-04,123.16,7425545491,914530209865
2019-06-05,125.83,7425545491,934356402729
2019-06-06,127.82,7425545491,949133222394
2019-06-07,131.40,7425545491,975716632195
2019-06-10,132.60,7425545491,984627377429
2019-06-11,132.10,7425545491,980914604683
2019-06-12,131.49,7425545491,976385017401
2019-06-13,132.32,7425545491,982548233755
2019-06-14,132.45,7425545491,983513477622
2019-06-17,132.85,7425545491,986483763801
2019-06-18,135.16,7425545491,1003636755757
2019-06-19,135.69,7425545491,1007572285803
2019-06-20,136.95,7425545491,1016928432331
2019-06-21,136.97,7425545491,1017076974967
2019-06-24,137.78,7425545491,1023091648686
2019-06-25,133.43,7425545491,990790480478
2019-06-26,133.93,7425545491,994503253223
2019-06-27,134.15,7425545491,996136882296
2019-06-28,133.96,7425545491,994726123828
2019-07-01,135.68,7425545491,1007497957833
2019-07-02,136.58,7425545491,1014181016757
2019-07-03,137.46,7425545491,1020715533047
2019-07-05,137.06,7425545491,1017745246868
2019-07-08,136.96,7425545491,1017002760301
2019-07-09,136.46,7425545491,1013289987556
2019-07-10,137.85,7425545491,1023611491256
2019-07-11,138.40,7425545491,1027695450632
2019-07-12,138.90,7425545491,1031408223378
2019-07-15,138.90,7425545491,1031408223378
2019-07-16,137.08,7425545491,1017893789503
2019-07-17,136.27,7425545491,1011879115784
2019-07-18,136.42,7425545491,1012992902286
2019-07-19,136.62,7425545491,1014477988723
2019-07-22,138.43,7425545491,1027918207933
2019-07-23,139.29,7425545491,1034304181587
2019-07-24,140.72,7425545491,1044922770558
2019-07-25,140.19,7425545491,1040987240512
2019-07-26,141.34,7425545491,1049526572505
2019-07-29,141.03,7425545491,1047224671531
2019-07-30,140.35,7425545491,1042175354984
2019-07-31,136.27,7425545491,1011879115784
2019-08-01,138.06,7425545491,1025170792359
2019-08-02,136.90,7425545491,1016557132396
2019-08-05,132.21,7425545491,981731419219
2019-08-06,134.69,7425545491,1000146740312
2019-08-07,135.28,7425545491,1004527784958
2019-08-08,138.89,7425545491,1031334008713
2019-08-09,137.71,7425545491,1022571919420
2019-08-12,135.79,7425545491,1008314772369
2019-08-13,138.60,7425545491,1029180650375
2019-08-14,133.98,7425545491,994874553159
2019-08-15,133.68,7425545491,992646866851
2019-08-16,136.13,7425545491,1010839543947
2019-08-19,138.41,7425545491,1027769778602
2019-08-20,137.26,7425545491,1019230333305
2019-08-21,138.79,7425545491,1030591408842
2019-08-22,137.78,7425545491,1023091648686
2019-08-23,133.39,7425545491,990493508512
2019-08-26,135.45,7425545491,1005790114095
2019-08-27,135.74,7425545491,1007943585738
2019-08-28,135.56,7425545491,1006606928631
2019-08-29,138.12,7425545491,1025616306959
2019-08-30,137.86,7425545491,1023685705921
2019-09-03,136.04,7425545491,1010171158742
2019-09-04,137.63,7425545491,1021977862184
2019-09-05,140.05,7425545491,1039947668676
2019-09-06,139.10,7425545491,1032893423120
2019-09-09,137.52,7425545491,1021161047648
2019-09-10,136.08,7425545491,1010468244012
2019-09-11,136.12,7425545491,1010765215977
2019-09-12,137.52,7425545491,1021161047648
2019-09-13,137.32,7425545491,1019675961210
2019-09-16,136.33,7425545491,1012324630385
2019-09-17,137.39,7425545491,1020195690476
2019-09-18,138.52,7425545491,1028586593139
2019-09-19,141.07,7425545491,1047521756802
2019-09-20,139.44,7425545491,1035418081394
2019-09-23,139.14,7425545491,1033190395086
2019-09-24,137.38,7425545491,1020121475811
2019-09-25,139.36,7425545491,1034824024158
2019-09-26,139.54,7425545491,1036160567960
2019-09-27,137.73,7425545491,1022720348750
2019-09-30,139.03,7425545491,1032373580549
2019-10-01,137.07,7425545491,1017819574838
2019-10-02,134.65,7425545491,999849655041
2019-10-03,136.28,7425545491,1011953330449
2019-10-04,138.12,7425545491,1025616306959
2019-10-07,137.12,7425545491,1018190761468
2019-10-08,135.67,7425545491,1007423743167
2019-10-09,138.24,7425545491,1026507449466
2019-10-10,139.10,7425545491,1032893423120
2019-10-11,139.68,7425545491,1037200139797
2019-10-14,139.55,7425545491,1036234895930
2019-10-15,141.57,7425545491,1051234529547
2019-10-16,140.41,7425545491,1042620869584
2019-10-17,139.69,7425545491,1037274467767
2019-10-18,137.41,7425545491,1020344233111
2019-10-21,138.43,7425545491,1027918207933
2019-10-22,136.37,7425545491,1012621602350
2019-10-23,137.24,7425545491,1019081903975
2019-10-24,139.94,7425545491,1039130854139
2019-10-25,140.73,7425545491,1044996985223
2019-10-28,144.19,7425545491,1070689422476
2019-10-29,142.83,7425545491,1060590676076
2019-10-30,144.61,7425545491,1073808137986
2019-10-31,143.37,7425545491,1064600420787
2019-11-01,143.72,7425545491,1067199407031
2019-11-04,144.55,7425545491,1073362623385
2019-11-05,144.46,7425545491,1072694351484
2019-11-06,144.06,7425545491,1069724065305
2019-11-07,144.26,7425545491,1071209151742
2019-11-08,145.96,7425545491,1083832669720
2019-11-11,146.11,7425545491,1084946456222
2019-11-12,147.07,7425545491,1092075029748
2019-11-13,147.31,7425545491,1093857088150
2019-11-14,148.06,7425545491,1099426247269
2019-11-15,149.97,7425545491,1113609066350
2019-11-18,150.34,7425545491,1116356481924
2019-11-19,150.39,7425545491,1116727781859
2019-11-20,149.62,7425545491,1111010080106
2019-11-21,149.48,7425545491,1109970508269
2019-11-22,149.59,7425545491,1110787322806
2019-11-25,151.23,7425545491,1122965212879
2019-11-26,152.03,7425545491,1128905671932
2019-11-27,152.32,7425545491,1131059143575
2019-11-29,151.38,7425545491,1124079112685
2019-12-02,149.55,7425545491,1110490350840
2019-12-03,149.31,7425545491,1108708179132
2019-12-04,149.85,7425545491,1112718037148
2019-12-05,149.93,7425545491,1113311981079
2019-12-06,151.75,7425545491,1126826528259
2019-12-09,151.36,7425545491,1123930570050
2019-12-10,151.13,7425545491,1122222726312
2019-12-11,151.70,7425545491,1126455228324
2019-12-12,153.24,7425545491,1137890631831
2019-12-13,154.53,7425545491,1147469535660
2019-12-16,155.53,7425545491,1154895081151
2019-12-17,154.69,7425545491,1148657650132
2019-12-18,154.37,7425545491,1146281421188
2019-12-19,155.71,7425545491,1156231738258
2019-12-20,157.41,7425545491,1168855142931
2019-12-23,157.41,7425545491,1168855142931
2019-12-24,157.38,7425545491,1168632385631
2019-12-26,158.67,7425545491,1178211289460
2019-12-27,158.96,7425545491,1180364761103
2019-12-30,157.59,7425545491,1170191686734
2019-12-31,157.70,7425545491,1171008501270
2020-01-02,160.62,7425545491,1192691080507
2020-01-03,158.62,7425545491,1177839989525
2020-01-06,159.03,7425545491,1180884490369
2020-01-07,157.58,7425545491,1170117472068
2020-01-08,160.09,7425545491,1188755550461
2020-01-09,162.09,7425545491,1203606641443
2020-01-10,161.34,7425545491,1198037482325
2020-01-13,163.28,7425545491,1212443058706
2020-01-14,162.13,7425545491,1203903726713
2020-01-15,163.18,7425545491,1211700458835
2020-01-16,166.17,7425545491,1233902880643
2020-01-17,167.10,7425545491,1240808696868
2020-01-21,166.50,7425545491,1236353324252
2020-01-22,165.70,7425545491,1230412865198
2020-01-23,166.72,7425545491,1237986953324
2020-01-24,165.04,7425545491,1225511977981
2020-01-27,162.28,7425545491,1205017513215
2020-01-28,165.46,7425545491,1228630806795
2020-01-29,168.04,7425545491,1247788614454
2020-01-30,172.78,7425545491,1282985740871
2020-01-31,170.23,7425545491,1264050577208
2020-02-03,174.38,7425545491,1294866658978
2020-02-04,180.12,7425545491,1337489217581
2020-02-05,179.90,7425545491,1335855588509
2020-02-06,183.63,7425545491,1363552954770
2020-02-07,183.89,7425545491,1365483555808
2020-02-10,188.70,7425545491,1401200411491
2020-02-11,184.44,7425545491,1369567628489
2020-02-12,184.71,7425545491,1371572557497
2020-02-13,183.71,7425545491,1364147012006
2020-02-14,185.35,7425545491,1376324902079
2020-02-18,187.23,7425545491,1390284850555
2020-02-19,187.28,7425545491,1390656150490
2020-02-20,184.42,7425545491,1369419085854
2020-02-21,178.59,7425545491,1326128142045
2020-02-24,170.89,7425545491,1268951464425
2020-02-25,168.07,7425545491,1248011485059
2020-02-26,170.17,7425545491,1263605062607
2020-02-27,158.18,7425545491,1174572731380
2020-02-28,162.01,7425545491,1203012584207
2020-03-02,172.79,7425545491,1283059955536
2020-03-03,164.51,7425545491,1221576447935
2020-03-04,170.55,7425545491,1266426806151
2020-03-05,166.27,7425545491,1234645480514
2020-03-06,161.57,7425545491,1199745439367
2020-03-09,150.62,7425545491,1118435625597
2020-03-10,160.92,7425545491,1194918766815
2020-03-11,153.63,7425545491,1140786590040
2020-03-12,139.06,7425545491,1032596337850
2020-03-13,158.83,7425545491,1179399403932
2020-03-16,135.42,7425545491,1005567356795
2020-03-17,146.57,7425545491,1088362257002
2020-03-18,140.40,7425545491,1042546541614
2020-03-19,142.71,7425545491,1059699646875
2020-03-20,137.35,7425545491,1019898718511
2020-03-23,135.98,7425545491,1009725644141
2020-03-24,148.34,7425545491,1101505390942
2020-03-25,146.92,7425545491,1090961129941
2020-03-26,156.11,7425545491,1159201911132
2020-03-27,149.70,7425545491,1111604137342
2020-03-30,160.23,7425545491,1189795122298
2020-03-31,157.71,7425545491,1171082829240
2020-04-01,152.11,7425545491,1129499729168
2020-04-02,155.26,7425545491,1152890152143
2020-04-03,153.83,7425545491,1142271676477
2020-04-06,165.27,7425545491,1227219935023
2020-04-07,163.49,7425545491,1214002473113
2020-04-08,165.13,7425545491,1226180363186
2020-04-09,165.14,7425545491,1226254577852
2020-04-13,165.51,7425545491,1229001993426
2020-04-14,173.70,7425545491,1289817229126
2020-04-15,171.88,7425545491,1276302795251
2020-04-16,177.04,7425545491,1314618523873
2020-04-17,178.60,7425545491,1326202470015
2020-04-20,175.06,7425545491,1299915975526
2020-04-21,167.82,7425545491,1246155098686
2020-04-22,173.52,7425545491,1288480685324
2020-04-23,171.42,7425545491,1272886994471
2020-04-24,174.55,7425545491,1296128988115
2020-04-27,174.05,7425545491,1292416215370
2020-04-28,169.81,7425545491,1260931861698
2020-04-29,177.43,7425545491,1317514482082
2020-04-30,179.21,7425545491,1330732057296
2020-05-01,174.57,7425545491,1296277530750
2020-05-04,178.84,7425545491,1327984528417
2020-05-05,180.76,7425545491,1342241562163
2020-05-06,182.54,7425545491,1355459024073
2020-05-07,183.60,7425545491,1363330197470
2020-05-08,184.68,7425545491,1371349686892
2020-05-11,186.74,7425545491,1386646405779
2020-05-12,182.51,7425545491,1355236266773
2020-05-13,179.75,7425545491,1334741802007
2020-05-14,180.53,7425545491,1340533718426
2020-05-15,183.16,7425545491,1360062939325
2020-05-18,184.91,7425545491,1373057643934
2020-05-19,183.63,7425545491,1363552954770
2020-05-20,185.66,7425545491,1378626803052
2020-05-21,183.43,7425545491,1362067755028
2020-05-22,183.51,7425545491,1362661812264
2020-05-26,181.57,7425545491,1348256349187
2020-05-27,181.81,7425545491,1350038407590
2020-05-28,181.40,7425545491,1346993906745
2020-05-29,183.25,7425545491,1360731211226
2020-06-01,182.83,7425545491,1357612495716
2020-06-02,184.91,7425545491,1373057643934
2020-06-03,185.36,7425545491,1376399116744
2020-06-04,182.92,7425545491,1358280767617
2020-06-05,187.20,7425545491,1390062093254
2020-06-08,188.36,7425545491,1398675753217
2020-06-09,189.80,7425545491,1409368556853
2020-06-10,196.84,7425545491,1461644347255
2020-06-11,186.27,7425545491,1383156390334
2020-06-12,187.74,7425545491,1394071951270
2020-06-15,188.94,7425545491,1402982583198
2020-06-16,193.57,7425545491,1437362895079
2020-06-17,194.24,7425545491,1442337996962
2020-06-18,196.32,7425545491,1457783145179
2020-06-19,195.15,7425545491,1449095157247
2020-06-22,200.57,7425545491,1489341713516
2020-06-23,201.91,7425545491,1499291917281
2020-06-24,197.84,7425545491,1469069892746
2020-06-25,200.34,7425545491,1487633756474
2020-06-26,196.33,7425545491,1457857359845
2020-06-29,198.44,7425545491,1473525265363
2020-06-30,203.51,7425545491,1511172722084
2020-07-01,204.70,7425545491,1520009139347
2020-07-02,206.26,7425545491,1531592972184
2020-07-06,210.70,7425545491,1564562412293
2020-07-07,208.25,7425545491,1546369848501
2020-07-08,212.83,7425545491,1580378860446
2020-07-09,214.32,7425545491,1591442964017
2020-07-10,213.67,7425545491,1586616291465
2020-07-13,207.07,7425545491,1537607759208
2020-07-14,208.35,7425545491,1547112448372
2020-07-15,208.04,7425545491,1544810434094
2020-07-16,203.92,7425545491,1514217222928
2020-07-17,202.88,7425545491,1506494705472
2020-07-20,211.60,7425545491,1571245471218
2020-07-21,208.75,7425545491,1550082621246
2020-07-22,211.75,7425545491,1572359257719
2020-07-23,202.54,7425545491,1503969933893
2020-07-24,201.30,7425545491,1494762329999
2020-07-27,203.85,7425545491,1513697493662
2020-07-28,202.02,7425545491,1500108731817
2020-07-29,204.06,7425545491,1515256794765
2020-07-30,203.90,7425545491,1514068680293
2020-07-31,205.01,7425545491,1522311040320
2020-08-03,216.54,7425545491,1607927570767
2020-08-04,213.29,7425545491,1583794547921
2020-08-05,212.94,7425545491,1581195674982
2020-08-06,216.35,7425545491,1606516812300
2020-08-07,212.48,7425545491,1577779874202
2020-08-10,208.25,7425545491,1546369848501
2020-08-11,203.38,7425545491,1510207478217
2020-08-12,209.19,7425545491,1553349879391
2020-08-13,208.70,7425545491,1549711321311
2020-08-14,208.90,7425545491,1551196407748
2020-08-17,210.28,7425545491,1561443696783
2020-08-18,211.49,7425545491,1570428656681
2020-08-19,209.70,7425545491,1557136866802
2020-08-20,214.58,7425545491,1593373565055
2020-08-21,213.02,7425545491,1581789732218
2020-08-24,213.69,7425545491,1586764834101
2020-08-25,216.47,7425545491,1607407841501
2020-08-26,221.15,7425545491,1642159340013
2020-08-27,226.58,7425545491,1682480110947
2020-08-28,228.91,7425545491,1699781645538
2020-08-31,225.53,7425545491,1674683265521
2020-09-01,227.27,7425545491,1687603755465
2020-09-02,231.65,7425545491,1720127567668
2020-09-03,217.30,7425545491,1613571057855
2020-09-04,214.25,7425545491,1590923121447
2020-09-08,202.66,7425545491,1504861076399
2020-09-09,211.29,7425545491,1568943456939
2020-09-10,205.37,7425545491,1524984241229
2020-09-11,204.03,7425545491,1515034037464
2020-09-14,205.41,7425545491,1525281326499
2020-09-15,208.78,7425545491,1550305378547
2020-09-16,205.05,7425545491,1522608125591
2020-09-17,202.91,7425545491,1506717462772
2020-09-18,200.39,7425545491,1488005056409
2020-09-21,202.54,7425545491,1503969933893
2020-09-22,207.42,7425545491,1540206632147
2020-09-23,200.59,7425545491,1489490142847
2020-09-24,203.19,7425545491,1508796606445
2020-09-25,207.82,7425545491,1543176918326
2020-09-28,209.44,7425545491,1555206265764
2020-09-29,207.26,7425545491,1539018517675
2020-09-30,210.33,7425545491,1561814996719
2020-10-01,212.46,7425545491,1577631444872
2020-10-02,206.19,7425545491,1531073242918
2020-10-05,210.38,7425545491,1562186296654
2020-10-06,205.91,7425545491,1528994099245
2020-10-07,209.83,7425545491,1558102223973
2020-10-08,210.58,7425545491,1563671383091
2020-10-09,215.81,7425545491,1602506954284
2020-10-12,221.40,7425545491,1644015726385
2020-10-13,222.86,7425545491,1654857072656
2020-10-14,220.86,7425545491,1640005981674
2020-10-15,219.66,7425545491,1631095349746
2020-10-16,219.66,7425545491,1631095349746
2020-10-19,214.22,7425545491,1590700364146
2020-10-20,214.65,7425545491,1593893294321
2020-10-21,214.80,7425545491,1595007194128
2020-10-22,214.89,7425545491,1595675466029
2020-10-23,216.23,7425545491,1605625669794
2020-10-26,210.08,7425545491,1559958610346
2020-10-27,213.25,7425545491,1583497575956
2020-10-28,202.68,7425545491,1505009505730
2020-10-29,204.72,7425545491,1520157681982
2020-10-30,202.47,7425545491,1503450204627
2020-11-02,202.33,7425545491,1502410632791
2020-11-03,206.43,7425545491,1532855301321
2020-11-04,216.39,7425545491,1606813784265
2020-11-05,223.29,7425545491,1658050002831
2020-11-06,223.72,7425545491,1661243046311
2020-11-09,218.39,7425545491,1621664875247
2020-11-10,211.01,7425545491,1566864313266
2020-11-11,216.55,7425545491,1608001898737
2020-11-12,215.44,7425545491,1599759538710
2020-11-13,216.51,7425545491,1607704813467
2020-11-16,217.23,7425545491,1613051215285
2020-11-17,214.46,7425545491,1592482535854
2020-11-18,211.08,7425545491,1567384155837
2020-11-19,212.42,7425545491,1577334359602
2020-11-20,210.39,7425545491,1562260511319
2020-11-23,210.11,7425545491,1560181367646
2020-11-24,213.86,7425545491,1588027163237
2020-11-25,213.87,7425545491,1588101377903
2020-11-27,215.23,7425545491,1598200124303
2020-11-30,214.07,7425545491,1589586577645
2020-12-01,216.21,7425545491,1605477240463
2020-12-02,215.37,7425545491,1599239696139
2020-12-03,214.24,7425545491,1590848906782
2020-12-04,214.36,7425545491,1591739935983
2020-12-07,214.29,7425545491,1591220093412
2020-12-08,216.01,7425545491,1603992040721
2020-12-09,211.80,7425545491,1572730557655
2020-12-10,210.52,7425545491,1563225868491
2020-12-11,213.26,7425545491,1583571790621
2020-12-14,214.20,7425545491,1590551821511
2020-12-15,214.13,7425545491,1590032092245
2020-12-16,219.28,7425545491,1628273606202
2020-12-17,219.42,7425545491,1629313178039
2020-12-18,218.59,7425545491,1623149961685
2020-12-21,222.59,7425545491,1652852143649
2020-12-22,223.94,7425545491,1662876675383
2020-12-23,221.02,7425545491,1641194096146
2020-12-24,222.75,7425545491,1654040258120
2020-12-28,224.96,7425545491,1670450763509
2020-12-29,224.15,7425545491,1664435976486
2020-12-30,221.68,7425545491,1646094870059
2020-12-31,222.42,7425545491,1651589814512
2021-01-04,217.69,7425545491,1616467016065
2021-01-05,217.90,7425545491,1618026317167
2021-01-06,212.25,7425545491,1576072030465
2021-01-07,218.29,7425545491,1620922275376
2021-01-08,219.62,7425545491,1630798264476
2021-01-11,217.49,7425545491,1614981929627
2021-01-12,214.93,7425545491,1595972437994
2021-01-13,216.34,7425545491,1606442484330
2021-01-14,213.02,7425545491,1581789732218
2021-01-15,212.65,7425545491,1579042203339
2021-01-19,216.44,7425545491,1607185084201
2021-01-20,224.34,7425545491,1665846848258
2021-01-21,224.97,7425545491,1670524978175
2021-01-22,225.95,7425545491,1677801981030
2021-01-25,229.53,7425545491,1704385447485
2021-01-26,232.33,7425545491,1725176997521
2021-01-27,232.90,7425545491,1729409499532
2021-01-28,238.93,7425545491,1774185529778
2021-01-29,231.96,7425545491,1722429581946
2021-02-01,239.65,7425545491,1779531931596
2021-02-02,239.51,7425545491,1778492359760
2021-02-03,243.00,7425545491,1804407554313
2021-02-04,242.01,7425545491,1797056223487
2021-02-05,242.20,7425545491,1798467095259
2021-02-08,242.47,7425545491,1800472024267
2021-02-09,243.77,7425545491,1810125256066
2021-02-10,242.82,7425545491,1803071010511
2021-02-11,244.49,7425545491,1815471657884
2021-02-12,244.99,7425545491,1819184430630
2021-02-16,243.70,7425545491,1809605413496
2021-02-17,244.20,7425545491,1813318186241
2021-02-18,243.79,7425545491,1810273685397
2021-02-19,240.97,7425545491,1789333706031
2021-02-22,234.51,7425545491,1741364632305
2021-02-23,233.27,7425545491,1732157028411
2021-02-24,234.55,7425545491,1741661717575
2021-02-25,228.99,7425545491,1700375702774
2021-02-26,232.38,7425545491,1725548297456
2021-03-01,236.94,7425545491,1759408766766
2021-03-02,233.87,7425545491,1736612287723
2021-03-03,227.56,7425545491,1689757113803
2021-03-04,226.73,7425545491,1683593897449
2021-03-05,231.60,7425545491,1719756381038
2021-03-08,227.39,7425545491,1688494784666
2021-03-09,233.78,7425545491,1735944015822
2021-03-10,232.42,7425545491,1725845269422
2021-03-11,237.13,7425545491,1760819638538
2021-03-12,235.75,7425545491,1750572349503
2021-03-15,234.81,7425545491,1743592318613
2021-03-16,237.71,7425545491,1765126468520
2021-03-17,237.04,7425545491,1760151253333
2021-03-18,230.72,7425545491,1713221864748
2021-03-19,230.35,7425545491,1710474449174
2021-03-22,235.99,7425545491,1752354521211
2021-03-23,237.58,7425545491,1764161111348
2021-03-24,235.46,7425545491,1748418991165
2021-03-25,232.34,7425545491,1725251212186
2021-03-26,236.48,7425545491,1755992965986
2021-03-29,235.24,7425545491,1746785362093
2021-03-30,231.85,7425545491,1721612767410
2021-03-31,235.77,7425545491,1750720892138
2021-04-01,242.35,7425545491,1799580995066
2021-04-05,249.07,7425545491,1849480669830
2021-04-06,247.86,7425545491,1840495709931
2021-04-07,249.90,7425545491,1855643772879
2021-04-08,253.25,7425545491,1880519395596
2021-04-09,255.85,7425545491,1899825859194
2021-04-12,255.91,7425545491,1900271373795
2021-04-13,258.49,7425545491,1919429181453
2021-04-14,255.59,7425545491,1897895144852
2021-04-15,259.50,7425545491,1926929054915
2021-04-16,260.74,7425545491,1936136658808
2021-04-19,258.74,7425545491,1921285567826
2021-04-20,258.26,7425545491,1917721451021
2021-04-21,260.58,7425545491,1934948544337
2021-04-22,257.17,7425545491,1909627633629
2021-04-23,261.15,7425545491,1939181159653
2021-04-26,261.55,7425545491,1942151332527
2021-04-27,261.97,7425545491,1945270161342
2021-04-28,254.56,7425545491,1890246842060
2021-04-29,252.51,7425545491,1875024451143
2021-04-30,252.18,7425545491,1872574007534
2021-05-03,251.86,7425545491,1870197891895
2021-05-04,247.79,7425545491,1839975867361
2021-05-05,246.47,7425545491,1830174206231
2021-05-06,249.73,7425545491,1854381443742
2021-05-07,252.46,7425545491,1874653264512
2021-05-10,247.18,7425545491,1835446280079
2021-05-11,246.23,7425545491,1828392034524
2021-05-12,239.00,7425545491,1774705372349
2021-05-13,243.03,7425545491,1804630311613
2021-05-14,248.15,7425545491,1842649068270
2021-05-17,245.18,7425545491,1820595189097
2021-05-18,243.08,7425545491,1805001611549
2021-05-19,243.12,7425545491,1805298583514
2021-05-20,246.48,7425545491,1830248420896
2021-05-21,245.17,7425545491,1820520974432
2021-05-24,250.78,7425545491,1862178289169
2021-05-25,251.72,7425545491,1869158320059
2021-05-26,251.49,7425545491,1867450476321
2021-05-27,249.31,7425545491,1851262728232
2021-05-28,249.68,7425545491,1854010143807
2021-06-01,247.40,7425545491,1837079909151
2021-06-02,247.30,7425545491,1836337422585
2021-06-03,245.71,7425545491,1824530832448
2021-06-04,250.79,7425545491,1862252503834
2021-06-07,253.81,7425545491,1884677682942
2021-06-08,252.57,7425545491,1875470079048
2021-06-09,253.59,7425545491,1883044053870
2021-06-10,257.24,7425545491,1910147249590
2021-06-11,257.89,7425545491,1914974035447
2021-06-14,259.89,7425545491,1929825126429
2021-06-15,258.36,7425545491,1918463824282
2021-06-16,257.38,7425545491,1911186934731
2021-06-17,260.90,7425545491,1937324773280
2021-06-18,259.43,7425545491,1926409212344
2021-06-21,262.63,7425545491,1950171048559
2021-06-22,265.51,7425545491,1971556655831
2021-06-23,265.27,7425545491,1969774370818
2021-06-24,266.69,7425545491,1980318745124
2021-06-25,265.02,7425545491,1967917984445
2021-06-28,268.72,7425545491,1995392593406
2021-06-29,271.40,7425545491,2015293000935
2021-06-30,270.90,7425545491,2011580228190
2021-07-01,271.60,7425545491,2016778200678
2021-07-02,277.65,7425545491,2061702660254
2021-07-06,277.66,7425545491,2061776988224
2021-07-07,279.93,7425545491,2078632894909
2021-07-08,277.42,7425545491,2059994929821
2021-07-09,277.94,7425545491,2063856131897
2021-07-12,277.32,7425545491,2059252329950
2021-07-13,280.98,7425545491,2086429853641
2021-07-14,282.51,7425545491,2097790929178
2021-07-15,281.03,7425545491,2086801040271
2021-07-16,280.75,7425545491,2084721896598
2021-07-19,277.01,7425545491,2056950428977
2021-07-20,279.32,7425545491,2074103420932
2021-07-21,281.40,7425545491,2089548455845
2021-07-22,286.14,7425545491,2124745695567
2021-07-23,289.67,7425545491,2150957862086
2021-07-26,289.05,7425545491,2146353833530
2021-07-27,286.54,7425545491,2127715868442
2021-07-28,286.22,7425545491,2125339639498
2021-07-29,286.50,7425545491,2127418783172
2021-07-30,284.91,7425545491,2115612193034
2021-08-02,284.82,7425545491,2114943921133
2021-08-03,287.12,7425545491,2132022585118
2021-08-04,286.51,7425545491,2127493111142
2021-08-05,289.52,7425545491,2149843848975
2021-08-06,289.46,7425545491,2149398334374
2021-08-09,288.33,7425545491,2141007431712
2021-08-10,286.44,7425545491,2126973268571
2021-08-11,286.95,7425545491,2130760369286
2021-08-12,289.81,7425545491,2151997320618
2021-08-13,292.85,7425545491,2174571042361
2021-08-16,294.60,7425545491,2187565746971
2021-08-17,293.08,7425545491,2176278772794
2021-08-18,290.73,7425545491,2158828922178
2021-08-19,296.77,7425545491,2203679053785
2021-08-20,304.36,7425545491,2260038916868
2021-08-23,304.65,7425545491,2262192388511
2021-08-24,302.62,7425545491,2247118540229
2021-08-25,302.01,7425545491,2242589066252
2021-08-26,299.09,7425545491,2220906373710
2021-08-27,299.72,7425545491,2225584503627
2021-08-30,303.59,7425545491,2254321328420
2021-08-31,301.88,7425545491,2241623709081
2021-09-01,301.83,7425545491,2241252295840
2021-09-02,301.15,7425545491,2236202979293
2021-09-03,301.14,7425545491,2236128877932
2021-09-07,300.18,7425545491,2229000191102
2021-09-08,300.21,7425545491,2229222948402
2021-09-09,297.25,7425545491,2207243397200
2021-09-10,295.71,7425545491,2195807993693
2021-09-13,296.99,7425545491,2205312682857
2021-09-14,299.79,7425545491,2226104346198
2021-09-15,304.82,7425545491,2263454830953
2021-09-16,305.22,7425545491,2266425003827
2021-09-17,299.87,7425545491,2226698290129
2021-09-20,294.30,7425545491,2185337947357
2021-09-21,294.80,7425545491,2189050720103
2021-09-22,298.58,7425545491,2217119272995
2021-09-23,299.56,7425545491,2224396389155
2021-09-24,299.35,7425545491,2222837088053
2021-09-27,294.17,7425545491,2184372816796
2021-09-28,283.52,7425545491,2105290576029
2021-09-29,284.00,7425545491,2108854919444
2021-09-30,281.92,7425545491,2093409884531
2021-10-01,289.10,7425545491,2146725246770
2021-10-04,283.11,7425545491,2102246075184
2021-10-05,288.76,7425545491,2144200588496
2021-10-06,293.11,7425545491,2176501530094
2021-10-07,294.85,7425545491,2189422133343
2021-10-08,294.85,7425545491,2189422133343
2021-10-11,294.23,7425545491,2184818331396
2021-10-12,292.88,7425545491,2174793799662
2021-10-13,296.31,7425545491,2200263366309
2021-10-14,302.75,7425545491,2248083897400
2021-10-15,304.21,7425545491,2258925130366
2021-10-18,307.29,7425545491,2281795937380
2021-10-19,308.23,7425545491,2288775968270
2021-10-20,307.41,7425545491,2282686966581
2021-10-21,310.76,7425545491,2307562589298
2021-10-22,309.16,7425545491,2295681671191
2021-10-25,308.13,7425545491,2288033368399
2021-10-26,310.11,7425545491,2302735803441
2021-10-27,323.17,7425545491,2399713636035
2021-10-28,324.35,7425545491,2408475725328
2021-10-29,331.62,7425545491,2462459359468
2021-11-01,329.37,7425545491,2445751882113
2021-11-02,333.13,7425545491,2473672005674
2021-11-03,334.00,7425545491,2480132193994
2021-11-04,336.44,7425545491,2498250543121
2021-11-05,336.06,7425545491,2495428799577
2021-11-08,336.99,7425545491,2502334502497
2021-11-09,335.95,7425545491,2494612098345
2021-11-10,330.80,7425545491,2456370357779
2021-11-11,332.43,7425545491,2468474033187
2021-11-12,336.72,7425545491,2500329686794
2021-11-15,336.07,7425545491,2495503127547
2021-11-16,339.51,7425545491,2521047022165
2021-11-17,339.12,7425545491,2518150950650
2021-11-18,341.27,7425545491,2534115828134
2021-11-19,343.11,7425545491,2547778804644
2021-11-22,339.83,7425545491,2523423024498
2021-11-23,337.68,7425545491,2507458147015
2021-11-24,337.91,7425545491,2509166104057
2021-11-26,329.68,7425545491,2448053783087
2021-11-29,336.63,7425545491,2499661414893
2021-11-30,330.59,7425545491,2454811056677
2021-12-01,330.08,7425545491,2451023955961
2021-12-02,329.49,7425545491,2446642911314
2021-12-03,323.01,7425545491,2398525521563
2021-12-06,326.19,7425545491,2422138701838
2021-12-07,334.92,7425545491,2486963795554
2021-12-08,334.97,7425545491,2487334982185
2021-12-09,333.10,7425545491,2473449248374
2021-12-10,342.54,7425545491,2543546415938
2021-12-13,339.40,7425545491,2520230094323
2021-12-14,328.34,7425545491,2438103579322
2021-12-15,334.65,7425545491,2484958753241
2021-12-16,324.90,7425545491,2412559684704
2021-12-17,323.80,7425545491,2404391539342
2021-12-20,319.91,7425545491,2375506285219
2021-12-21,327.29,7425545491,2430306847200
2021-12-22,333.20,7425545491,2474191848245
2021-12-23,334.69,7425545491,2485255838512
2021-12-27,342.45,7425545491,2542878144037
2021-12-28,341.25,7425545491,2533967398804
2021-12-29,341.95,7425545491,2539165371291
2021-12-30,339.32,7425545491,2519636150392
2021-12-31,336.32,7425545491,2497359513919
2022-01-03,334.75,7425545491,2485701353112
2022-01-04,329.01,7425545491,2443078794509
2022-01-05,316.38,7425545491,2349294118700
2022-01-06,313.88,7425545491,2330730254973
2022-01-07,314.04,7425545491,2331918369444
2022-01-10,314.27,7425545491,2333626099877
2022-01-11,314.98,7425545491,2338898400335
2022-01-12,318.27,7425545491,2363328281841
2022-01-13,304.80,7425545491,2263306175013
2022-01-14,310.20,7425545491,2303404301952
2022-01-18,302.65,7425545491,2247341297529
2022-01-19,303.33,7425545491,2252390614077
2022-01-20,301.60,7425545491,2239544565408
2022-01-21,296.03,7425545491,2198184222636
2022-01-24,296.37,7425545491,2200708880910
2022-01-25,288.49,7425545491,2142195546183
2022-01-26,296.71,7425545491,2203233539184
2022-01-27,299.84,7425545491,2226475532828
2022-01-28,308.26,7425545491,2288998725571
2022-01-31,310.98,7425545491,2309196218371
2022-02-01,308.76,7425545491,2292711498316
2022-02-02,313.46,7425545491,2327611426158
2022-02-03,301.25,7425545491,2236945579164
2022-02-04,305.94,7425545491,2271771405645
2022-02-07,300.95,7425545491,2234718006160
2022-02-08,304.56,7425545491,2261524116610
2022-02-09,311.21,7425545491,2310903948803
2022-02-10,302.38,7425545491,2245336481826
2022-02-11,295.04,7425545491,2190833005115
2022-02-14,295.00,7425545491,2190535919845
2022-02-15,300.47,7425545491,2231153662745
2022-02-16,299.50,7425545491,2223950874555
2022-02-17,290.73,7425545491,2158828922178
2022-02-18,287.93,7425545491,2138037258837
2022-02-22,287.72,7425545491,2136477957735
2022-02-23,280.27,7425545491,2081157553183
2022-02-24,294.59,7425545491,2187491419001
2022-02-25,297.31,7425545491,2207688911800
2022-02-28,298.79,7425545491,2218678800707
2022-03-01,294.95,7425545491,2190164733214
2022-03-02,300.19,7425545491,2229074519072
2022-03-03,295.92,7425545491,2197367521405
2022-03-04,289.86,7425545491,2152368507249
2022-03-07,278.91,7425545491,2071058920088
2022-03-08,275.85,7425545491,2048336769014
2022-03-09,288.50,7425545491,2142269874154
2022-03-10,285.59,7425545491,2120661509582
2022-03-11,280.07,7425545491,2079672580051
2022-03-14,276.44,7425545491,2052717813661
2022-03-15,287.15,7425545491,2132245342419
2022-03-16,294.39,7425545491,2186006445868
2022-03-17,295.22,7425545491,2192169548917
2022-03-18,300.43,7425545491,2230856577475
2022-03-21,299.16,7425545491,2221426216281
2022-03-22,304.06,7425545491,2257811343865
2022-03-23,299.49,7425545491,2223876546584
2022-03-24,304.10,7425545491,2258108429135
2022-03-25,303.68,7425545491,2254989600321
2022-03-28,310.70,7425545491,2307117074698
2022-03-29,315.41,7425545491,2342091330509
2022-03-30,313.86,7425545491,2330581599033
2022-03-31,308.31,7425545491,2289369912201
2022-04-01,309.42,7425545491,2297612385533
2022-04-04,314.97,7425545491,2338824072365
2022-04-05,310.88,7425545491,2308453618500
2022-04-06,299.50,7425545491,2223950874555
2022-04-07,301.37,7425545491,2237836608365
2022-04-08,296.97,7425545491,2205164253527
2022-04-11,285.26,7425545491,2118211179278
2022-04-12,282.06,7425545491,2094449343063
2022-04-13,287.62,7425545491,2135735357864
2022-04-14,279.83,7425545491,2077890295038
2022-04-18,280.52,7425545491,2083013939556
2022-04-19,285.30,7425545491,2118508037938
2022-04-20,286.36,7425545491,2126379098030
2022-04-21,280.81,7425545491,2085167411199
2022-04-22,274.03,7425545491,2034822221834
2022-04-25,280.72,7425545491,2084499139298
2022-04-26,270.22,7425545491,2006530911642
2022-04-27,283.22,7425545491,2103063003025
2022-04-28,289.63,7425545491,2150660776816
2022-04-29,277.52,7425545491,2060737303083
2022-05-02,284.47,7425545491,2112344934889
2022-05-03,281.78,7425545491,2092370199390
2022-05-04,289.98,7425545491,2153259763060
2022-05-05,277.35,7425545491,2059475087251
2022-05-06,274.73,7425545491,2040020194322
2022-05-09,264.58,7425545491,1964650726301
2022-05-10,269.50,7425545491,2001184509825
2022-05-11,260.55,7425545491,1934725787036
2022-05-12,255.35,7425545491,1896113086449
2022-05-13,261.12,7425545491,1938958402352
2022-05-16,261.50,7425545491,1941780145897
2022-05-17,266.82,7425545491,1981284102295
2022-05-18,254.08,7425545491,1886682611950
2022-05-19,253.14,7425545491,1879702581060
2022-05-20,252.56,7425545491,1875395751078
2022-05-23,260.65,7425545491,1935468386907
2022-05-24,259.62,7425545491,1927820084116
2022-05-25,262.52,7425545491,1949354120718
2022-05-26,265.90,7425545491,1974452500735
2022-05-27,273.24,7425545491,2028955977446
2022-05-31,271.87,7425545491,2018783016381
2022-06-01,272.42,7425545491,2022867202366
2022-06-02,274.58,7425545491,2038906181211
2022-06-03,270.02,7425545491,2005045711900
2022-06-06,268.75,7425545491,1995615350706
2022-06-07,272.50,7425545491,2023461146298
2022-06-08,270.41,7425545491,2007941783414
2022-06-09,264.79,7425545491,1966210254013
2022-06-10,252.99,7425545491,1878588794558
2022-06-13,242.26,7425545491,1798912609860
2022-06-14,244.49,7425545491,1815471657884
2022-06-15,251.76,7425545491,1869455292024
2022-06-16,244.97,7425545491,1819035887995
2022-06-17,247.65,7425545491,1838936295524
2022-06-21,253.74,7425545491,1884157953676
2022-06-22,253.13,7425545491,1879628366394
2022-06-23,258.86,7425545491,1922176597028
2022-06-24,267.70,7425545491,1987818618585
2022-06-27,264.89,7425545491,1966952853884
2022-06-28,256.48,7425545491,1904503989111
2022-06-29,260.26,7425545491,1932572542003
2022-06-30,256.83,7425545491,1907102748745
2022-07-01,259.58,7425545491,1927522998846
2022-07-05,262.85,7425545491,1951804677631
2022-07-06,266.21,7425545491,1976754401708
2022-07-07,268.40,7425545491,1993016364462
2022-07-08,267.66,7425545491,1987521533314
2022-07-11,264.51,7425545491,1964131110340
2022-07-12,253.67,7425545491,1883638111105
2022-07-13,252.72,7425545491,1876583865550
2022-07-14,254.08,7425545491,1886682611950
2022-07-15,256.72,7425545491,1906286047514
2022-07-18,254.25,7425545491,1887944941087
2022-07-19,259.53,7425545491,1927151812215
2022-07-20,262.27,7425545491,1947497734345
2022-07-21,264.84,7425545491,1966581440643
2022-07-22,260.36,7425545491,1933314915264
2022-07-25,258.83,7425545491,1921953839727
2022-07-26,251.90,7425545491,1870494863861
2022-07-27,268.74,7425545491,1995541022736
2022-07-28,276.41,7425545491,2052495056360
2022-07-29,280.74,7425545491,2084647568628
2022-08-01,278.01,7425545491,2064375974468
2022-08-02,274.82,7425545491,2040688466223
2022-08-03,282.47,7425545491,2097493843907
2022-08-04,283.65,7425545491,2106255933200
2022-08-05,282.91,7425545491,2100761102052
2022-08-08,280.32,7425545491,2081528966423
2022-08-09,282.30,7425545491,2096231401465
2022-08-10,289.16,7425545491,2147170761371
2022-08-11,287.02,7425545491,2131279985247
2022-08-12,291.91,7425545491,2167591011471
2022-08-15,293.47,7425545491,2179174844308
2022-08-16,292.71,7425545491,2173531357220
2022-08-17,291.32,7425545491,2163209966824
2022-08-18,290.17,7425545491,2154670634832
2022-08-19,286.15,7425545491,2124819796928
2022-08-22,277.75,7425545491,2062445260125
2022-08-23,276.44,7425545491,2052717813661
2022-08-24,275.79,7425545491,2047891254414
2022-08-25,278.85,7425545491,2070613405487
2022-08-26,268.09,7425545491,1990714463489
2022-08-29,265.23,7425545491,1969477512157
2022-08-30,262.97,7425545491,1952695706833
2022-08-31,261.47,7425545491,1941557388596
2022-09-01,260.40,7425545491,1933612000534
2022-09-02,256.06,7425545491,1901385160297
2022-09-06,253.25,7425545491,1880519395596
2022-09-07,258.09,7425545491,1916459008579
2022-09-08,258.52,7425545491,1919651938754
2022-09-09,264.46,7425545491,1963759697099
2022-09-12,266.65,7425545491,1980021659853
2022-09-13,251.99,7425545491,1871163249067
2022-09-14,252.22,7425545491,1872871092804
2022-09-15,245.38,7425545491,1822080388839
2022-09-16,244.74,7425545491,1817328044257
2022-09-19,244.52,7425545491,1815694415185
2022-09-20,242.45,7425545491,1800323481632
2022-09-21,238.95,7425545491,1774334072413
2022-09-22,240.98,7425545491,1789407920696
2022-09-23,237.92,7425545491,1766685769622
2022-09-26,237.45,7425545491,1763195754177
2022-09-27,236.41,7425545491,1755473236720
2022-09-28,241.07,7425545491,1790076305902
2022-09-29,237.50,7425545491,1763567054113
2022-09-30,232.90,7425545491,1729409499532
2022-10-03,240.74,7425545491,1787625862293
2022-10-04,248.88,7425545491,1848069798058
2022-10-05,249.20,7425545491,1850445913696
2022-10-06,246.79,7425545491,1832550321870
2022-10-07,234.24,7425545491,1739359816602
2022-10-10,229.25,7425545491,1702306303812
2022-10-11,225.41,7425545491,1673792236319
2022-10-12,225.75,7425545491,1676316894593
2022-10-13,234.24,7425545491,1739359816602
2022-10-14,228.56,7425545491,1697182659294
2022-10-17,237.53,7425545491,1763789811413
2022-10-18,238.50,7425545491,1770992599604
2022-10-19,236.48,7425545491,1755992965986
2022-10-20,236.15,7425545491,1753542522378
2022-10-21,242.12,7425545491,1797873038023
2022-10-24,247.25,7425545491,1835966122650
2022-10-25,250.66,7425545491,1861287259967
2022-10-26,231.32,7425545491,1717677237364
2022-10-27,226.75,7425545491,1683742440084
2022-10-28,235.87,7425545491,1751463378705
2022-10-31,232.13,7425545491,1723691911083
2022-11-01,228.17,7425545491,1694286701085
2022-11-02,220.10,7425545491,1634362607891
2022-11-03,214.25,7425545491,1590923121447
2022-11-04,221.39,7425545491,1643941511720
2022-11-07,227.87,7425545491,1692059014777
2022-11-08,228.87,7425545491,1699484560268
2022-11-09,224.51,7425545491,1667109177395
2022-11-10,242.98,7425545491,1804259011678
2022-11-11,247.11,7425545491,1834926550813
2022-11-14,241.55,7425545491,1793640536012
2022-11-15,241.97,7425545491,1796759251522
2022-11-16,241.73,7425545491,1794977079814
2022-11-17,241.68,7425545491,1794605779879
2022-11-18,241.22,7425545491,1791190092403
2022-11-21,242.05,7425545491,1797353308758
2022-11-22,245.03,7425545491,1819481402595
2022-11-23,247.58,7425545491,1838416566258
2022-11-25,247.49,7425545491,1837748294357
2022-11-28,241.76,7425545491,1795199837114
2022-11-29,240.33,7425545491,1784581361449
2022-11-30,255.14,7425545491,1894553672042
2022-12-01,254.69,7425545491,1891212199232
2022-12-02,255.02,7425545491,1893662642840
2022-12-05,250.20,7425545491,1857871459187
2022-12-06,245.12,7425545491,1820149674496
2022-12-07,244.37,7425545491,1814580515378
2022-12-08,247.40,7425545491,1837079909151
2022-12-09,245.42,7425545491,1822377360805
2022-12-12,252.51,7425545491,1875024451143
2022-12-13,256.92,7425545491,1907771247256
2022-12-14,257.22,7425545491,1909998820259
2022-12-15,249.01,7425545491,1849035041924
2022-12-16,244.69,7425545491,1816956744322
2022-12-19,240.45,7425545491,1785472390650
2022-12-20,241.80,7425545491,1795496922385
2022-12-21,244.43,7425545491,1815026029979
2022-12-22,238.19,7425545491,1768690698630
2022-12-23,238.73,7425545491,1772700443341
2022-12-27,236.96,7425545491,1759557309401
2022-12-28,234.53,7425545491,1741513174940
2022-12-29,241.01,7425545491,1789630677996
2022-12-30,239.82,7425545491,1780794374038
2023-01-03,239.58,7425545491,1779012202330
2023-01-04,229.10,7425545491,1701192517310
2023-01-05,222.31,7425545491,1650772999975
2023-01-06,224.93,7425545491,1670227892904
2023-01-09,227.12,7425545491,1686489855658
2023-01-10,228.85,7425545491,1699336130937
2023-01-11,235.77,7425545491,1750720892138
2023-01-12,238.51,7425545491,1771066814269
2023-01-13,239.23,7425545491,1776413216087
2023-01-17,240.35,7425545491,1784729904084
2023-01-18,235.81,7425545491,1751017864104
2023-01-19,231.93,7425545491,1722206711341
2023-01-20,240.22,7425545491,1783764546912
2023-01-23,242.58,7425545491,1801288838803
2023-01-24,242.04,7425545491,1797278980788
2023-01-25,240.61,7425545491,1786660505122
2023-01-26,248.00,7425545491,1841535281768
2023-01-27,248.16,7425545491,1842723396240
2023-01-30,242.71,7425545491,1802254195975
2023-01-31,247.81,7425545491,1840124409996
2023-02-01,252.75,7425545491,1876806622850
2023-02-02,264.60,7425545491,1964799382241
2023-02-03,258.35,7425545491,1918389722922
2023-02-06,256.77,7425545491,1906657234145
2023-02-07,267.56,7425545491,1986778933443
2023-02-08,266.73,7425545491,1980615830394
2023-02-09,263.62,7425545491,1957522266080
2023-02-10,263.10,7425545491,1953661064004
2023-02-13,271.32,7425545491,2014699057004
2023-02-14,272.17,7425545491,2021010815994
2023-02-15,269.32,7425545491,1999847966022
2023-02-16,262.15,7425545491,1946606705144
2023-02-17,258.06,7425545491,1916236251279
2023-02-21,252.67,7425545491,1876212565614
2023-02-22,251.51,7425545491,1867598905652
2023-02-23,254.77,7425545491,1891806256467
2023-02-24,249.22,7425545491,1850594456331
2023-02-27,250.16,7425545491,1857574487222
2023-02-28,249.42,7425545491,1852079542769
2023-03-01,246.27,7425545491,1828689119794
2023-03-02,251.11,7425545491,1864628732777
2023-03-03,255.29,7425545491,1895667458543
2023-03-06,256.87,7425545491,1907399834016
2023-03-07,254.15,7425545491,1887202341216
2023-03-08,253.70,7425545491,1883860868406
2023-03-09,252.32,7425545491,1873613692675
2023-03-10,248.59,7425545491,1845916326415
2023-03-13,253.92,7425545491,1885494497478
2023-03-14,260.79,7425545491,1936508072049
2023-03-15,265.44,7425545491,1971036813260
2023-03-16,276.20,7425545491,2050935755258
2023-03-17,279.43,7425545491,2074920122164
2023-03-20,272.23,7425545491,2021456330594
2023-03-21,273.78,7425545491,2032965835462
2023-03-22,272.29,7425545491,2021901845195
2023-03-23,277.66,7425545491,2061776988224
2023-03-24,280.57,7425545491,2083385352796
2023-03-27,276.38,7425545491,2052272299060
2023-03-28,275.23,7425545491,2043732967067
2023-03-29,280.51,7425545491,2082939838196
2023-03-30,284.05,7425545491,2109226106075
2023-03-31,288.30,7425545491,2140784674411
2023-04-03,287.23,7425545491,2132839512959
2023-04-04,287.18,7425545491,2132468099719
2023-04-05,284.34,7425545491,2111379577718
2023-04-06,291.60,7425545491,2165289110498
2023-04-10,289.39,7425545491,2148878718413
2023-04-11,282.83,7425545491,2100166931511
2023-04-12,283.49,7425545491,2105067818728
2023-04-13,289.84,7425545491,2152220077918
2023-04-14,286.14,7425545491,2124745695567
2023-04-17,288.80,7425545491,2144497447157
2023-04-18,288.37,7425545491,2141304516982
2023-04-19,288.45,7425545491,2141898687523
2023-04-20,286.11,7425545491,2124522711657
2023-04-21,285.76,7425545491,2121923952023
2023-04-24,281.77,7425545491,2092295871420
2023-04-25,275.42,7425545491,2045143838839
2023-04-26,295.37,7425545491,2193283335419
2023-04-27,304.83,7425545491,2263528932313
2023-04-28,307.26,7425545491,2281573180080
2023-05-01,305.56,7425545491,2268949662101
2023-05-02,305.41,7425545491,2267835875599
2023-05-03,304.40,7425545491,2260336002138
2023-05-04,305.41,7425545491,2267835875599
2023-05-05,310.65,7425545491,2306745661457
2023-05-08,308.65,7425545491,2291894570475
2023-05-09,307.00,7425545491,2279642465737
2023-05-10,312.31,7425545491,2319072094165
2023-05-11,310.11,7425545491,2302735803441
2023-05-12,308.97,7425545491,2294270799419
2023-05-15,309.46,7425545491,2297909244194
2023-05-16,311.74,7425545491,2314839478849
2023-05-17,314.00,7425545491,2331621284174
2023-05-18,318.52,7425545491,2365184668214
2023-05-19,318.34,7425545491,2363848124412
2023-05-22,321.18,7425545491,2384936646413
2023-05-23,315.26,7425545491,2340977544008
2023-05-24,313.85,7425545491,2330507497672
2023-05-25,325.92,7425545491,2420133886135
2023-05-26,332.89,7425545491,2471889947272
2023-05-30,331.21,7425545491,2459414858623
2023-05-31,328.39,7425545491,2438474992562
2023-06-01,332.58,7425545491,2469587819689
2023-06-02,335.40,7425545491,2490527912359
2023-06-05,335.94,7425545491,2494537770375
2023-06-06,333.68,7425545491,2477755965051
2023-06-07,323.38,7425545491,2401272937137
2023-06-08,325.26,7425545491,2415232998918
2023-06-09,326.79,7425545491,2426594074455
2023-06-12,331.85,7425545491,2464167316510
2023-06-13,334.29,7425545491,2482285665637
2023-06-14,337.34,7425545491,2504933488741
2023-06-15,348.10,7425545491,2584832430739
2023-06-16,342.33,7425545491,2541986888226
2023-06-20,338.05,7425545491,2510205562589
2023-06-21,333.56,7425545491,2476864935849
2023-06-22,339.71,7425545491,2522531995297
2023-06-23,335.02,7425545491,2487706168815
2023-06-26,328.60,7425545491,2440034293665
2023-06-27,334.57,7425545491,2484364809310
2023-06-28,335.85,7425545491,2493869498474
2023-06-29,335.05,7425545491,2487928926116
2023-06-30,340.54,7425545491,2528695324956
2023-07-03,337.99,7425545491,2509760047988
2023-07-05,338.15,7425545491,2510948162460
2023-07-06,341.27,7425545491,2534115828134
2023-07-07,337.22,7425545491,2504042459539
2023-07-10,331.83,7425545491,2464018660570
2023-07-11,332.47,7425545491,2468771118457
2023-07-12,337.20,7425545491,2503894030209
2023-07-13,342.66,7425545491,2544437445139
2023-07-14,345.24,7425545491,2563595252798
2023-07-17,345.73,7425545491,2567233924183
2023-07-18,359.49,7425545491,2669409276044
2023-07-19,355.08,7425545491,2636662593236
2023-07-20,346.87,7425545491,2575698928206
2023-07-21,343.77,7425545491,2552679691862
2023-07-24,345.11,7425545491,2562629895626
2023-07-25,350.98,7425545491,2606218038011
2023-07-26,337.77,7425545491,2508126418916
2023-07-27,330.72,7425545491,2455776413848
2023-07-28,338.37,7425545491,2512581791532
2023-07-31,335.92,7425545491,2494389341045
2023-08-01,336.34,7425545491,2497507943250
2023-08-02,327.50,7425545491,2431866148303
2023-08-03,326.66,7425545491,2425628717283
2023-08-04,327.78,7425545491,2433945291976
2023-08-07,330.11,7425545491,2451246713261
2023-08-08,326.05,7425545491,2421099016697
2023-08-09,322.23,7425545491,2392733605144
2023-08-10,322.93,7425545491,2397931351022
2023-08-11,321.01,7425545491,2383674430581
2023-08-14,324.04,7425545491,2406173824354
2023-08-15,321.86,7425545491,2389985962961
2023-08-16,320.40,7425545491,2379144729994
2023-08-17,316.88,7425545491,2353006891446
2023-08-18,316.48,7425545491,2350036718571
2023-08-21,321.88,7425545491,2390134618901
2023-08-22,322.46,7425545491,2394441335577
2023-08-23,327.00,7425545491,2428153375557
2023-08-24,319.97,7425545491,2375951799820
2023-08-25,322.98,7425545491,2398302764263
2023-08-28,323.70,7425545491,2403649166081
2023-08-29,328.41,7425545491,2438623421892
2023-08-30,328.79,7425545491,2441445165437
2023-08-31,327.76,7425545491,2433796862645
2023-09-01,328.66,7425545491,2440479808265
2023-09-05,333.55,7425545491,2476790607879
2023-09-06,332.88,7425545491,2471815619302
2023-09-07,329.91,7425545491,2449761740129
2023-09-08,334.27,7425545491,2482137009697
2023-09-11,337.94,7425545491,2509388861357
2023-09-12,331.77,7425545491,2463573145970
2023-09-13,336.06,7425545491,2495428799577
2023-09-14,338.70,7425545491,2515032348446
2023-09-15,330.22,7425545491,2452063641102
2023-09-18,329.06,7425545491,2443449981140
2023-09-19,328.65,7425545491,2440405480295
2023-09-20,320.77,7425545491,2381892145569
2023-09-21,319.53,7425545491,2372684541675
2023-09-22,317.01,7425545491,2353972248617
2023-09-25,317.54,7425545491,2357907778663
2023-09-26,312.14,7425545491,2317809878333
2023-09-27,312.79,7425545491,2322636437581
2023-09-28,313.64,7425545491,2328948196570
2023-09-29,315.75,7425545491,2344615988783
2023-10-02,321.80,7425545491,2389540448360
2023-10-03,313.39,7425545491,2327091810197
2023-10-04,318.96,7425545491,2368451926359
2023-10-05,319.36,7425545491,2371422099233
2023-10-06,327.26,7425545491,2430084089900
2023-10-09,329.82,7425545491,2449093468228
2023-10-10,328.39,7425545491,2438474992562
2023-10-11,332.42,7425545491,2468399931826
2023-10-12,331.16,7425545491,2459043671993
2023-10-13,327.73,7425545491,2433574105345
2023-10-16,332.64,7425545491,2470033560899
2023-10-17,332.06,7425545491,2465726617613
2023-10-18,330.11,7425545491,2451246713261
2023-10-19,331.32,7425545491,2460231786464
2023-10-20,326.67,7425545491,2425703045253
2023-10-23,329.32,7425545491,2445380695482
2023-10-24,330.53,7425545491,2454365542076
2023-10-25,340.67,7425545491,2529660682127
2023-10-26,327.89,7425545491,2434762219817
2023-10-27,329.81,7425545491,2449019140258
2023-10-30,337.31,7425545491,2504710731440
2023-10-31,338.11,7425545491,2510651077189
2023-11-01,346.07,7425545491,2569758582457
2023-11-02,348.32,7425545491,2586466059811
2023-11-03,352.80,7425545491,2619732358581
2023-11-06,356.53,7425545491,2647429724842
2023-11-07,360.53,7425545491,2677131906806
2023-11-08,363.20,7425545491,2696958212975
2023-11-09,360.69,7425545491,2678320021278
2023-11-10,369.67,7425545491,2745001501366
2023-11-13,366.68,7425545491,2722798966254
2023-11-14,370.27,7425545491,2749456647373
2023-11-15,369.67,7425545491,2745001501366
2023-11-16,376.17,7425545491,2793267547058
2023-11-17,369.85,7425545491,2746338045168
2023-11-20,377.44,7425545491,2802697908252
2023-11-21,373.07,7425545491,2770248310714
2023-11-22,377.85,7425545491,2805742409096
2023-11-24,377.43,7425545491,2802623580282
2023-11-27,378.61,7425545491,2811385669575
2023-11-28,382.70,7425545491,2841756350050
2023-11-29,378.85,7425545491,2813167954587
2023-11-30,378.91,7425545491,2813613469188
2023-12-01,374.51,7425545491,2780941114350
2023-12-04,369.14,7425545491,2741065971320
2023-12-05,372.52,7425545491,2766164124728
2023-12-06,368.80,7425545491,2738541086437
2023-12-07,370.95,7425545491,2754506190530
2023-12-08,374.23,7425545491,2778861970676
2023-12-11,371.30,7425545491,2757104950164
2023-12-12,374.38,7425545491,2779975757178
2023-12-13,374.37,7425545491,2779901429208
2023-12-14,365.93,7425545491,2717229807135
2023-12-15,370.73,7425545491,2752872561458
2023-12-18,372.65,7425545491,2767129481899
2023-12-19,373.26,7425545491,2771659182486
2023-12-20,370.62,7425545491,2752055633617
2023-12-21,373.54,7425545491,2773738326159
2023-12-22,374.58,7425545491,2781460730311
2023-12-26,374.66,7425545491,2782054900851
2023-12-27,374.07,7425545491,2777673856205
2023-12-28,375.28,7425545491,2786658702798
2023-12-29,376.04,7425545491,2792302189886
2024-01-02,370.87,7425545491,2753912019990
2024-01-03,370.60,7425545491,2751907204287
2024-01-04,367.94,7425545491,2732155226087
2024-01-05,367.75,7425545491,2730744354315
2024-01-08,374.69,7425545491,2782277658152
2024-01-09,375.79,7425545491,2790445803514
2024-01-10,382.77,7425545491,2842275966011
2024-01-11,384.63,7425545491,2856087598461
2024-01-12,388.47,7425545491,2884601665953
2024-01-16,390.27,7425545491,2897967557193
2024-01-17,389.47,7425545491,2892027211444
2024-01-18,393.87,7425545491,2924699566283
2024-01-19,398.67,7425545491,2960342320605
2024-01-22,396.51,7425545491,2944303115152
2024-01-23,398.90,7425545491,2962050051038
2024-01-24,402.56,7425545491,2989227574728
2024-01-25,404.87,7425545491,3006380566684
2024-01-26,403.93,7425545491,2999400535793
2024-01-29,409.72,7425545491,3042394507637
2024-01-30,408.59,7425545491,3034003604975
2024-01-31,397.58,7425545491,2952248276604
2024-02-01,403.78,7425545491,2998286749292
2024-02-02,411.22,7425545491,3053532825873
2024-02-05,405.65,7425545491,3012172483102
2024-02-06,405.49,7425545491,3010984368630
2024-02-07,414.05,7425545491,3074547019905
2024-02-08,414.11,7425545491,3074992534505
2024-02-09,420.55,7425545491,3122813065596
2024-02-12,415.26,7425545491,3083532093108
2024-02-13,406.32,7425545491,3017147698289
2024-02-14,409.49,7425545491,3040686550594
2024-02-15,406.56,7425545491,3018929756692
2024-02-16,404.06,7425545491,3000365892965
2024-02-20,402.79,7425545491,2990935531771
2024-02-21,402.18,7425545491,2986405831184
2024-02-22,411.65,7425545491,3056725756048
2024-02-23,410.34,7425545491,3046998309584
2024-02-26,407.54,7425545491,3026206872853
2024-02-27,407.48,7425545491,3025761358252
2024-02-28,407.72,7425545491,3027543416655
2024-02-29,413.64,7425545491,3071502745670
2024-03-01,415.50,7425545491,3085314151511
2024-03-04,414.92,7425545491,3081007434834
2024-03-05,402.65,7425545491,2989895846629
2024-03-06,402.09,7425545491,2985737559283
2024-03-07,409.14,7425545491,3038087790960
2024-03-08,406.22,7425545491,3016405098418
2024-03-11,404.52,7425545491,3003781580440
2024-03-12,415.28,7425545491,3083680522438
2024-03-13,415.10,7425545491,3082343978636
2024-03-14,425.22,7425545491,3157490462747
2024-03-15,416.42,7425545491,3092145753070
2024-03-18,417.32,7425545491,3098828698690
2024-03-19,421.41,7425545491,3129199152555
2024-03-20,425.23,7425545491,3157564790717
2024-03-21,429.37,7425545491,3188306431213
2024-03-22,428.74,7425545491,3183628301296
2024-03-25,422.86,7425545491,3139966057552
2024-03-26,421.65,7425545491,3130981210958
2024-03-27,421.43,7425545491,3129347581886
2024-03-28,420.72,7425545491,3124075508038
2024-04-01,424.57,7425545491,3152663903500
2024-04-02,421.44,7425545491,3129421909856
2024-04-03,420.45,7425545491,3122070692335
2024-04-04,417.88,7425545491,3102986986037
2024-04-05,425.52,7425545491,3159718035751
2024-04-08,424.59,7425545491,3152812332831
2024-04-09,426.28,7425545491,3165361522839
2024-04-10,423.26,7425545491,3142936457036
2024-04-11,427.93,7425545491,3177613627577
2024-04-12,421.90,7425545491,3132837597331
2024-04-15,413.64,7425545491,3071502745670
2024-04-16,414.58,7425545491,3078482549951
2024-04-17,411.84,7425545491,3058136627820
2024-04-18,404.27,7425545491,3001925194067
2024-04-19,399.12,7425545491,2963683680110
2024-04-22,400.96,7425545491,2977346656621
2024-04-23,407.57,7425545491,3026429630153
2024-04-24,409.06,7425545491,3037493620420
2024-04-25,399.04,7425545491,2963089736179
2024-04-26,406.32,7425545491,3017147698289
2024-04-29,402.25,7425545491,2986925673755
2024-04-30,389.33,7425545491,2890987526303
2024-05-01,394.94,7425545491,2932644954344
2024-05-02,397.84,7425545491,2954178990946
2024-05-03,406.66,7425545491,3019672356563
2024-05-06,413.54,7425545491,3070760145799
2024-05-07,409.34,7425545491,3039572764093
2024-05-08,410.54,7425545491,3048483509326
2024-05-09,412.32,7425545491,3061700971235
2024-05-10,414.74,7425545491,3079670664422
2024-05-13,413.72,7425545491,3072096689601
2024-05-14,416.56,7425545491,3093185211602
2024-05-15,423.08,7425545491,3141599686624
2024-05-16,420.99,7425545491,3126080323741
2024-05-17,420.21,7425545491,3120288407322
2024-05-20,425.34,7425545491,3158381491949
2024-05-21,429.04,7425545491,3185856100909
2024-05-22,430.52,7425545491,3196845763206
2024-05-23,427.00,7425545491,3170707924657
2024-05-24,430.16,7425545491,3194172675602
2024-05-28,430.32,7425545491,3195360790073
2024-05-29,429.17,7425545491,3186821458081
2024-05-30,414.67,7425545491,3079151048461
2024-05-31,415.13,7425545491,3082566735936
2024-06-03,413.52,7425545491,3070611489859
2024-06-04,416.07,7425545491,3089546766827
2024-06-05,424.01,7425545491,3148505616154
2024-06-06,424.52,7425545491,3152292490260
2024-06-07,423.85,7425545491,3147317501682
2024-06-10,427.87,7425545491,3177168112977
2024-06-11,432.68,7425545491,3212884968660
2024-06-12,441.06,7425545491,3275111076132
2024-06-13,441.58,7425545491,3278972278208
2024-06-14,442.57,7425545491,3286323722338
2024-06-17,448.37,7425545491,3329391795542
2024-06-18,446.34,7425545491,3314317947260
2024-06-20,445.70,7425545491,3309565715983
2024-06-21,449.78,7425545491,3339861841878
2024-06-24,447.67,7425545491,3324194049664
2024-06-25,450.95,7425545491,3348549829810
2024-06-26,452.16,7425545491,3357534676404
2024-06-27,452.85,7425545491,3362658320921
2024-06-28,446.95,7425545491,3318847647846
2024-07-01,456.73,7425545491,3391469473684
2024-07-02,459.28,7425545491,3410404524042
2024-07-03,460.77,7425545491,3421468514309
2024-07-05,467.56,7425545491,3471888031643
2024-07-08,466.24,7425545491,3462086257209
2024-07-09,459.54,7425545491,3412335238385
2024-07-10,466.25,7425545491,3462160585179
2024-07-11,454.70,7425545491,3376395625402
2024-07-12,453.55,7425545491,3367856066799
2024-07-15,453.96,7425545491,3370900567644
2024-07-16,449.52,7425545491,3337931127535
2024-07-17,443.52,7425545491,3293377854589
2024-07-18,440.37,7425545491,3269987431614
2024-07-19,437.11,7425545491,3245780080798
2024-07-22,442.94,7425545491,3289071137912
2024-07-23,444.85,7425545491,3303253956993
2024-07-24,428.90,7425545491,3184816415768
2024-07-25,418.40,7425545491,3106848188112
2024-07-26,425.27,7425545491,3157861649378
2024-07-29,426.73,7425545491,3168703108954
2024-07-30,422.92,7425545491,3140411798762
2024-07-31,418.35,7425545491,3106477001482
2024-08-01,417.11,7425545491,3097269170978
2024-08-02,408.49,7425545491,3033261005103
2024-08-05,395.15,7425545491,2934204255447
2024-08-06,399.61,7425545491,2967322124886
2024-08-07,398.43,7425545491,2958560035593
2024-08-08,402.69,7425545491,2990192931900
2024-08-09,406.02,7425545491,3014919898676
2024-08-12,406.81,7425545491,3020786143065
2024-08-13,414.01,7425545491,3074250161244
2024-08-14,416.86,7425545491,3095412784606
2024-08-15,421.03,7425545491,3126377409011
2024-08-16,418.47,7425545491,3107368030683
2024-08-19,421.53,7425545491,3130090181757
2024-08-20,424.80,7425545491,3154371633933
2024-08-21,424.14,7425545491,3149470973325
2024-08-22,415.55,7425545491,3085685338141
2024-08-23,416.79,7425545491,3094893168645
2024-08-26,413.49,7425545491,3070388732558
2024-08-27,413.84,7425545491,3072987718802
2024-08-28,410.60,7425545491,3048929023927
2024-08-29,413.12,7425545491,3067641316984
2024-08-30,417.14,7425545491,3097492154888
2024-09-03,409.44,7425545491,3040315363964
2024-09-04,408.90,7425545491,3036305505948
2024-09-05,408.39,7425545491,3032518631842
2024-09-06,401.70,7425545491,2982841714379
2024-09-09,405.72,7425545491,3012692325673
2024-09-10,414.20,7425545491,3075661033016
2024-09-11,423.04,7425545491,3141302827963
2024-09-12,427.00,7425545491,3170707924657
2024-09-13,430.59,7425545491,3197365605777
2024-09-16,431.34,7425545491,3202934764895
2024-09-17,435.15,7425545491,3231226075087
2024-09-18,430.81,7425545491,3198999234849
2024-09-19,438.69,7425545491,3257512569576
2024-09-20,435.27,7425545491,3232117104288
2024-09-23,433.51,7425545491,3219048298319
2024-09-24,429.17,7425545491,3186821458081
2024-09-25,432.11,7425545491,3208652353343
2024-09-26,431.31,7425545491,3202712007594
2024-09-27,428.02,7425545491,3178281899478
2024-09-30,430.30,7425545491,3195212134133
2024-10-01,420.69,7425545491,3123852750738
2024-10-02,417.13,7425545491,3097417826918
2024-10-03,416.54,7425545491,3093036782272
2024-10-04,416.06,7425545491,3089472438857
2024-10-07,409.54,7425545491,3041057963835
2024-10-08,414.71,7425545491,3079447907122
2024-10-09,417.46,7425545491,3099868157222
2024-10-10,415.84,7425545491,3087838809784
2024-10-11,416.32,7425545491,3091403153199
2024-10-14,419.14,7425545491,3112343245870
2024-10-15,418.74,7425545491,3109372846386
2024-10-16,416.12,7425545491,3089917953457
2024-10-17,416.72,7425545491,3094373326074
2024-10-18,418.16,7425545491,3105066129710
2024-10-21,418.78,7425545491,3109669931657
2024-10-22,427.51,7425545491,3174495025373
2024-10-23,424.60,7425545491,3152886660801
2024-10-24,424.73,7425545491,3153852017972
2024-10-25,428.15,7425545491,3179247256650
2024-10-28,426.59,7425545491,3167663423813
2024-10-29,431.95,7425545491,3207464465481
2024-10-30,432.53,7425545491,3211771182158
2024-10-31,406.35,7425545491,3017370455590
2024-11-01,410.37,7425545491,3047221066884
2024-11-04,408.46,7425545491,3033038247803
2024-11-05,411.46,7425545491,3055314884276
2024-11-06,420.18,7425545491,3120065650022
2024-11-07,425.43,7425545491,3159049763850
2024-11-08,422.54,7425545491,3137590055218
2024-11-11,418.01,7425545491,3103952343208
2024-11-12,423.03,7425545491,3141228499993
2024-11-13,425.20,7425545491,3157342033417
2024-11-14,426.89,7425545491,3169891223426
2024-11-15,415.00,7425545491,3081601378765
2024-11-18,415.76,7425545491,3087244865853
2024-11-19,417.79,7425545491,3102318714136
2024-11-20,415.49,7425545491,3085239823540
2024-11-21,412.87,7425545491,3065784930612
2024-11-22,417.00,7425545491,3096452469747
2024-11-25,418.79,7425545491,3109744259627
2024-11-26,427.99,7425545491,3178059142178
2024-11-27,422.99,7425545491,3140931414723
2024-11-29,423.46,7425545491,3144421430168
2024-12-02,430.98,7425545491,3200261677291
2024-12-03,431.20,7425545491,3201895306363
2024-12-04,437.42,7425545491,3248082208381
2024-12-05,442.62,7425545491,3286694908969
2024-12-06,443.57,7425545491,3293749267829
2024-12-09,446.02,7425545491,3311941718316
2024-12-10,443.33,7425545491,3291966982817
2024-12-11,448.99,7425545491,3333995597489
2024-12-12,449.56,7425545491,3338228212805
2024-12-13,447.27,7425545491,3321223650180
2024-12-16,451.59,7425545491,3353302061088
2024-12-17,454.46,7425545491,3374613340389
2024-12-18,437.39,7425545491,3247859451081
2024-12-19,437.03,7425545491,3245186136867
2024-12-20,436.60,7425545491,3241993206693
2024-12-23,435.25,7425545491,3231968674958
2024-12-24,439.33,7425545491,3262264800853
2024-12-26,438.11,7425545491,3253205626289
2024-12-27,430.53,7425545491,3196920091176
2024-12-30,424.83,7425545491,3154594391233
2024-12-31,421.50,7425545491,3129867424457
2025-01-02,418.58,7425545491,3108184731915
2025-01-03,423.35,7425545491,3143604728937
2025-01-06,427.85,7425545491,3177019683646
2025-01-07,422.37,7425545491,3136327612776
2025-01-08,424.56,7425545491,3152589575530
2025-01-10,418.95,7425545491,3110932374098
2025-01-13,417.19,7425545491,3097863341519
2025-01-14,415.67,7425545491,3086576593952
2025-01-15,426.31,7425545491,3165584280139
2025-01-16,424.58,7425545491,3152738004861
2025-01-17,429.03,7425545491,3185781772939
2025-01-21,428.50,7425545491,3181846242894
2025-01-22,446.20,7425545491,3313278488728
2025-01-23,446.71,7425545491,3317065362834
2025-01-24,444.06,7425545491,3297387712605
2025-01-27,434.56,7425545491,3226845030440
2025-01-28,447.20,7425545491,3320704034219
2025-01-29,442.33,7425545491,3284541437326
2025-01-30,414.99,7425545491,3081527050795
2025-01-31,415.06,7425545491,3082046893366
2025-02-03,410.92,7425545491,3051305252870
2025-02-04,412.37,7425545491,3062072157866
2025-02-05,413.29,7425545491,3068903759426
2025-02-06,415.82,7425545491,3087690380454
2025-02-07,409.75,7425545491,3042617264937
2025-02-10,412.22,7425545491,3060958371364
2025-02-11,411.44,7425545491,3055166454946
2025-02-12,409.04,7425545491,3037345191089
2025-02-13,410.54,7425545491,3048483509326
2025-02-14,408.43,7425545491,3032815490503
2025-02-18,409.64,7425545491,3041800563706
2025-02-19,414.77,7425545491,3079893421723
2025-02-20,416.13,7425545491,3089992281427
2025-02-21,408.21,7425545491,3031181861430
2025-02-24,404.00,7425545491,2999920378364
2025-02-25,397.90,7425545491,2954624505547
2025-02-26,399.73,7425545491,2968213380697
2025-02-27,392.53,7425545491,2914749362518
2025-02-28,396.99,7425545491,2947867231957
2025-03-03,388.49,7425545491,2884750095283
2025-03-04,388.61,7425545491,2885641124485
2025-03-05,401.02,7425545491,2977792171221
2025-03-06,396.89,7425545491,2947124858696
2025-03-07,393.31,7425545491,2920541278936
2025-03-10,380.16,7425545491,2822895401052
2025-03-11,380.45,7425545491,2825048872695
2025-03-12,383.27,7425545491,2845988738756
2025-03-13,378.77,7425545491,2812573784047
2025-03-14,388.56,7425545491,2885269937854
2025-03-17,388.70,7425545491,2886309622996
2025-03-18,383.52,7425545491,2847845125129
2025-03-19,387.82,7425545491,2879775106706
2025-03-20,386.84,7425545491,2872497990545
2025-03-21,391.26,7425545491,2905319001324
2025-03-24,393.08,7425545491,2918833321894
2025-03-25,395.16,7425545491,2934278583417
2025-03-26,389.97,7425545491,2895739984190
2025-03-27,390.58,7425545491,2900269458167
2025-03-28,378.80,7425545491,2812796541347
2025-03-31,375.39,7425545491,2787475630639
2025-04-01,382.19,7425545491,2837969249334
2025-04-02,382.14,7425545491,2837598062703
2025-04-03,373.11,7425545491,2770545169374
2025-04-04,359.84,7425545491,2672008262288
2025-04-07,357.86,7425545491,2657305600637
2025-04-08,354.56,7425545491,2632801391160
2025-04-09,390.49,7425545491,2899601186265
2025-04-10,381.35,7425545491,2831731818315
2025-04-11,388.45,7425545491,2884453236623
2025-04-14,387.81,7425545491,2879700778736
2025-04-15,385.73,7425545491,2864255743823
2025-04-16,371.61,7425545491,2759406851138
2025-04-17,367.78,7425545491,2730967111616
2025-04-21,359.12,7425545491,2666661860470
2025-04-22,366.82,7425545491,2723838651395
2025-04-23,374.39,7425545491,2780050085148
2025-04-24,387.30,7425545491,2875913678020
2025-04-25,391.85,7425545491,2909700045970
2025-04-28,391.16,7425545491,2904576401453
2025-04-29,394.04,7425545491,2925962008724
2025-04-30,395.26,7425545491,2935021183288
2025-05-01,425.40,7425545491,3158827006549
2025-05-02,435.28,7425545491,3232191432258
2025-05-05,436.17,7425545491,3238800276518
2025-05-06,433.31,7425545491,3217563098576
2025-05-07,433.35,7425545491,3217860183847
2025-05-08,438.17,7425545491,3253651367500
2025-05-09,438.73,7425545491,3257809654846
2025-05-12,449.26,7425545491,3336000639802
2025-05-13,449.14,7425545491,3335109610600
2025-05-14,452.94,7425545491,3363326592822
2025-05-15,453.13,7425545491,3364737464594
2025-05-16,454.27,7425545491,3373202468617
2025-05-19,458.87,7425545491,3407360023198
2025-05-20,458.17,7425545491,3402162277320
2025-05-21,452.57,7425545491,3360579177248
2025-05-22,454.86,7425545491,3377583513264
2025-05-23,450.18,7425545491,3342832014752
2025-05-27,460.69,7425545491,3420874570378
2025-05-28,457.36,7425545491,3396147376991
2025-05-29,458.68,7425545491,3405949151426
2025-05-30,460.36,7425545491,3418424013464
2025-06-02,461.97,7425545491,3430379259542
2025-06-03,462.97,7425545491,3437804805033
2025-06-04,463.87,7425545491,3444487750653
2025-06-05,467.68,7425545491,3472779060845
2025-06-06,470.38,7425545491,3492828124314
2025-06-09,472.75,7425545491,3510426630870
2025-06-10,470.92,7425545491,3496837982330
2025-06-11,472.62,7425545491,3509461273699
2025-06-12,478.87,7425545491,3555870933018
2025-06-13,474.96,7425545491,3526837022955
2025-06-16,479.14,7425545491,3557875975330
2025-06-17,478.04,7425545491,3549707829968
2025-06-18,480.24,7425545491,3566043894083
2025-06-20,477.40,7425545491,3544955372081
2025-06-23,486.00,7425545491,3608815108626
2025-06-24,490.11,7425545491,3639333991821
2025-06-25,492.27,7425545491,3655373197275
2025-06-26,497.45,7425545491,3693837695142
2025-06-27,495.94,7425545491,3682625048935
2025-06-30,497.41,7425545491,3693540609871
2025-07-01,492.05,7425545491,3653739568203
2025-07-02,491.09,7425545491,3646611107982
2025-07-03,498.84,7425545491,3704159085537
2025-07-07,497.72,7425545491,3695842510845
2025-07-08,496.62,7425545491,3687674365483
2025-07-09,503.51,7425545491,3738836482689
2025-07-10,501.48,7425545491,3723762634406
2025-07-11,503.32,7425545491,3737425610916
2025-07-14,503.02,7425545491,3735197811303
2025-07-15,505.82,7425545491,3755989474644
2025-07-16,505.62,7425545491,3754504274902
2025-07-17,511.70,7425545491,3799651718389
2025-07-18,510.05,7425545491,3787399387041
2025-07-21,510.06,7425545491,3787473715011
2025-07-22,505.27,7425545491,3751905288658
2025-07-23,505.87,7425545491,3756360661275
2025-07-24,510.88,7425545491,3793562716700
2025-07-25,513.71,7425545491,3814577137341
2025-07-28,512.50,7425545491,3805592064138
2025-07-29,512.57,7425545491,3806111906708
2025-07-30,513.24,7425545491,3811086895286
2025-07-31,533.50,7425545491,3961528519449
2025-08-01,524.11,7425545491,3891802538515
2025-08-04,535.64,7425545491,3977419295572
2025-08-05,527.75,7425545491,3918831632875
2025-08-06,524.94,7425545491,3897965868174
2025-08-07,520.84,7425545491,3867521312949
2025-08-08,522.04,7425545491,3876431604963
2025-08-11,521.77,7425545491,3874427015869
2025-08-12,529.24,7425545491,3929895623142
2025-08-13,520.58,7425545491,3865590598606
2025-08-14,522.48,7425545491,3879698863107
2025-08-15,520.17,7425545491,3862545871152
2025-08-18,517.10,7425545491,3839749392108
2025-08-19,509.77,7425545491,3785320243368
2025-08-20,505.72,7425545491,3755246874773
2025-08-21,504.24,7425545491,3744256985867
2025-08-22,507.23,7425545491,3766459520979
2025-08-25,504.26,7425545491,3744405641807
2025-08-26,502.04,7425545491,3727920921752
2025-08-27,506.74,7425545491,3762820849594
2025-08-28,509.64,7425545491,3784355112806
2025-08-29,506.69,7425545491,3762449662964
2025-09-02,505.12,7425545491,3750791502156
2025-09-03,505.35,7425545491,3752499459199
2025-09-04,507.97,7425545491,3771954352128
2025-09-05,495.00,7425545491,3675645018045
2025-09-08,498.20,7425545491,3699406854260
2025-09-09,498.41,7425545491,3700966155362
2025-09-10,500.37,7425545491,3715520161074
2025-09-11,501.01,7425545491,3720272618961
2025-09-12,509.90,7425545491,3786285600539
2025-09-15,515.36,7425545491,3826829015469
2025-09-16,509.04,7425545491,3779899740189
2025-09-17,510.02,7425545491,3787176629740
2025-09-18,508.45,7425545491,3775518695543
2025-09-19,517.93,7425545491,3845912721767
2025-09-22,514.45,7425545491,3820071968489
2025-09-23,509.23,7425545491,3781310611961
2025-09-24,510.15,7425545491,3788141986912
2025-09-25,507.03,7425545491,3764974321237
2025-09-26,511.46,7425545491,3797869433376
2025-09-29,514.60,7425545491,3821185528381
2025-09-30,517.95,7425545491,3846061377707
2025-10-01,519.71,7425545491,3859130410287
2025-10-02,515.74,7425545491,3829650759013
2025-10-03,517.35,7425545491,3841605778481
2025-10-06,528.57,7425545491,3924920634564
2025-10-07,523.98,7425545491,3890837181344
2025-10-08,524.85,7425545491,3897297369664
2025-10-09,522.40,7425545491,3879105145786
2025-10-10,510.96,7425545491,3794156660631
2025-10-13,514.05,7425545491,3817101569005
2025-10-14,513.57,7425545491,3813537452199
2025-10-15,513.43,7425545491,3812497767058
2025-10-16,511.61,7425545491,3798983219878
2025-10-17,513.58,7425545491,3813611780169
2025-10-20,516.79,7425545491,3837447491135
2025-10-21,517.66,7425545491,3843907679455
2025-10-22,520.54,7425545491,3865293286726
2025-10-23,520.56,7425545491,3865441942666
2025-10-24,523.61,7425545491,3888089765770
2025-10-27,531.52,7425545491,3946826084407
2025-10-28,542.07,7425545491,4025165498693
2025-10-29,541.55,7425545491,4021304070007
2025-10-30,525.76,7425545491,3904054869863
2025-10-31,517.81,7425545491,3845021692566
2025-11-03,517.03,7425545491,3839230002757
2025-11-04,514.33,7425545491,3819180939287
2025-11-05,507.16,7425545491,3765939678409
2025-11-06,497.10,7425545491,3691238708898
2025-11-07,496.82,7425545491,3689159565225
2025-11-10,506.00,7425545491,3757326018446
2025-11-11,508.68,7425545491,3777226425976
2025-11-12,511.14,7425545491,3795493431042
2025-11-13,503.29,7425545491,3737202853616
2025-11-14,510.18,7425545491,3788364744212
2025-11-17,507.49,7425545491,3768390008712
2025-11-18,493.79,7425545491,3666660171452
2025-11-19,487.12,7425545491,3617131683318
2025-11-20,478.43,7425545491,3552603674873
2025-11-21,472.12,7425545491,3505748500953
2025-11-24,474.00,7425545491,3519708562734
2025-11-25,476.99,7425545491,3541910871237
2025-11-26,485.50,7425545491,3605102335881
2025-11-28,492.01,7425545491,3653442709542
2025-12-01,486.74,7425545491,3614309939774
2025-12-02,490.00,7425545491,3638517290590
2025-12-03,477.73,7425545491,3547405928995
2025-12-04,480.84,7425545491,3570499266699
2025-12-05,483.16,7425545491,3587726586625
2025-12-08,491.02,7425545491,3646091265411
2025-12-09,492.02,7425545491,3653516810902
2025-12-10,478.56,7425545491,3553569032044
2025-12-11,483.47,7425545491,3590028487598
2025-12-12,478.53,7425545491,3553346274744
2025-12-15,474.82,7425545491,3525797564423
2025-12-16,476.39,7425545491,3537455725230
2025-12-17,476.12,7425545491,3535450682917
2025-12-18,483.98,7425545491,3593815588314
2025-12-19,485.92,7425545491,3608221164695
2025-12-22,484.92,7425545491,3600795619204
2025-12-23,486.85,7425545491,3615126867615
2025-12-24,488.02,7425545491,3623814628938
2025-12-26,487.71,7425545491,3621512727965
2025-12-29,487.10,7425545491,3616983253988
2025-12-30,487.48,7425545491,3619804997532
2025-12-31,483.62,7425545491,3591142274100
2026-01-02,472.94,7425545491,3511837502642
2026-01-05,472.85,7425545491,3511169230741
2026-01-06,478.51,7425545491,3553197845414
2026-01-07,483.47,7425545491,3590028487598
2026-01-08,478.11,7425545491,3550227445929
2026-01-09,479.28,7425545491,3558915433862
2026-01-12,477.18,7425545491,3543321743009
2026-01-13,470.67,7425545491,3494981595957
2026-01-14,459.38,7425545491,3411147123913
2026-01-15,456.66,7425545491,3390949631113
2026-01-16,459.86,7425545491,3414711240719
2026-01-20,454.52,7425545491,3375058854990
2026-01-21,444.11,7425545491,3297758899235
2026-01-22,451.14,7425545491,3349960701582
2026-01-23,465.95,7425545491,3459933012175
2026-01-26,470.28,7425545491,3492085524443
2026-01-27,480.58,7425545491,3568568552357
2026-01-28,481.63,7425545491,3576365511088
2026-01-29,433.50,7425545491,3218973970349
2026-01-30,430.29,7425545491,3195138032773
2026-02-02,423.37,7425545491,3143753158267
2026-02-03,411.21,7425545491,3053458497903
2026-02-04,414.19,7425545491,3075586705046
2026-02-05,393.67,7425545491,2923214593150
2026-02-06,401.14,7425545491,2978683427032
2026-02-09,413.60,7425545491,3071205660400
2026-02-10,413.27,7425545491,3068755103486
2026-02-11,404.37,7425545491,3002667793938
2026-02-12,401.84,7425545491,2983881172910
2026-02-13,401.32,7425545491,2980019970834
2026-02-17,396.86,7425545491,2946901874786
2026-02-18,399.60,7425545491,2967248023526
2026-02-19,398.46,7425545491,2958782792893
2026-02-20,397.23,7425545491,2949649516969
2026-02-23,384.47,7425545491,2854899483989
2026-02-24,389.00,7425545491,2888537195999
2026-02-25,400.60,7425545491,2974673569017
2026-02-26,401.72,7425545491,2982990143709
2026-02-27,392.74,7425545491,2916308663620
2026-03-02,398.55,7425545491,2959451064794
2026-03-03,403.93,7425545491,2999400535793
2026-03-04,405.20,7425545491,3008831123597
2026-03-05,410.68,7425545491,3049522967858
2026-03-06,408.96,7425545491,3036751020549
2026-03-09,409.41,7425545491,3040092606663
2026-03-10,405.76,7425545491,3012989410943
2026-03-11,404.88,7425545491,3006454894654
2026-03-12,401.86,7425545491,2984029602241
2026-03-13,395.55,7425545491,2937174428321
2026-03-16,399.95,7425545491,2969847009769
2026-03-17,399.41,7425545491,2965837151753
2026-03-18,391.79,7425545491,2909254531370
2026-03-19,389.02,7425545491,2888685625329
2026-03-20,381.87,7425545491,2835593020391
2026-03-23,383.00,7425545491,2843983923053
2026-03-24,372.74,7425545491,2767797753800
2026-03-25,371.04,7425545491,2755174462431
2026-03-26,365.97,7425545491,2717526892406
2026-03-27,356.77,7425545491,2649211783245
2026-03-30,358.96,7425545491,2665473745999
2026-03-31,370.17,7425545491,2748714274112
2026-04-01,369.37,7425545491,2742773701753
2026-04-02,373.46,7425545491,2773144155618
2026-04-06,372.88,7425545491,2768837438942
2026-04-07,372.29,7425545491,2764456394295
2026-04-08,374.33,7425545491,2779604343938
2026-04-09,373.07,7425545491,2770248310714
2026-04-10,370.87,7425545491,2753912019990
2026-04-13,384.37,7425545491,2854156884118
2026-04-14,393.11,7425545491,2919056079194
2026-04-15,411.22,7425545491,3053532825873
2026-04-16,420.26,7425545491,3120659820563
2026-04-17,422.79,7425545491,3139446441591
2026-04-20,418.07,7425545491,3104397857809
2026-04-21,424.16,7425545491,3149619402656
2026-04-22,432.92,7425545491,3214667253672
2026-04-23,415.75,7425545491,3087170537883
2026-04-24,424.62,7425545491,3153035090131
2026-04-27,424.82,7425545491,3154520289873
2026-04-28,429.25,7425545491,3187415402012
2026-04-29,424.46,7425545491,3151846975659
2026-04-30,407.78,7425545491,3027988931256
2026-05-01,414.44,7425545491,3077443091419
2026-05-04,413.62,7425545491,3071354089730
2026-05-05,411.38,7425545491,3054720940345
2026-05-06,413.96,7425545491,3073878748004
2026-05-07,420.77,7425545491,3124446694669
2026-05-08,415.12,7425545491,3082492407966
2026-05-11,412.66,7425545491,3064225629509
2026-05-12,407.77,7425545491,3027914603286
2026-05-13,405.21,7425545491,3008905224957
2026-05-14,409.43,7425545491,3040241035994
2026-05-15,421.92,7425545491,3132986253271
2026-05-18,423.54,7425545491,3145015600709
2026-05-19,417.42,7425545491,3099571298561
2026-05-20,421.06,7425545491,3126600166312
2026-05-21,419.09,7425545491,3111971832630
2026-05-22,418.57,7425545491,3108110630554
2026-05-26,416.03,7425545491,3089249681556
2026-05-27,412.67,7425545491,3064299957479
2026-05-28,426.99,7425545491,3170633596687
2026-05-29,450.24,7425545491,3343277529353
2026-06-01,460.52,7425545491,3419612127936
2026-06-02,441.31,7425545491,3276967462504
2026-06-03,427.34,7425545491,3173232582931
2026-06-04,428.05,7425545491,3178504656779
2026-06-05,416.67,7425545491,3094002139443
2026-06-08,411.74,7425545491,3057394027949
2026-06-09,403.41,7425545491,2995539333717
2026-06-10,397.36,7425545491,2950614647531
2026-06-11,390.34,7425545491,2898487399764
2026-06-12,390.74,7425545491,2901457572638
2026-06-15,399.76,7425545491,2968436137997
2026-06-16,393.83,7425545491,2924402481012
2026-06-17,378.91,7425545491,2813613469188
2026-06-18,379.40,7425545491,2817251913963
2026-06-22,367.34,7425545491,2727699853471
2026-06-23,373.94,7425545491,2776708499033
2026-06-24,365.46,7425545491,2713739791690
2026-06-25,352.83,7425545491,2619955115881
2026-06-26,372.97,7425545491,2769505710843
2026-06-29,368.57,7425545491,2736833356004
2026-06-30,373.02,7425545491,2769876897473
2026-07-01,384.28,7425545491,2853488612217
2026-07-02,390.49,7425545491,2899601186265
2026-07-06,386.74,7425545491,2871755390674
2026-07-07,388.84,7425545491,2887349081527
2026-07-08,383.34,7425545491,2846508581327
2026-07-09,384.36,7425545491,2854082556148
2026-07-10,385.10,7425545491,2859577613906
2026-07-13,390.99,7425545491,2903313959011
2026-07-14,384.93,7425545491,2858315171464
2026-07-15,395.63,7425545491,2937768598862
2026-07-16,401.10,7425545491,2978386341762
2026-07-17,393.82,7425545491,2924328379652
2026-07-20,402.29,7425545491,2987222759025
2026-07-21,397.75,7425545491,2953510719045
2026-07-22,390.34,7425545491,2898487399764
2026-07-23,381.58,7425545491,2833439548748
2026-07-24,381.70,7425545491,2834330804559
2026-07-27,389.10,7425545491,2889279795870
2026-07-28,393.35,7425545491,2920838364207
2026-07-29,390.54,7425545491,2899972599506
2026-07-30,451.10,7425545491,3349663616312
2026-07-31,464.72,7425545491,3450799509642
2026-08-03,487.65,7425545491,3621067213364
2026-08-04,492.81,7425545491,3659383055291
2026-08-05,487.46,7425545491,3619656341592
2026-08-06,499.86,7425545491,3711733060359
2026-08-07,499.99,7425545491,3712698417530
2026-08-10,506.06,7425545491,3757771533047
2026-08-11,503.81,7425545491,3741064055692
2026-08-12,492.43,7425545491,3656561311747
2026-08-13,496.88,7425545491,3689605079826
2026-08-14,495.40,7425545491,3678615190919
2026-08-17,480.35,7425545491,3566860821924
2026-08-18,481.63,7425545491,3576365511088
2026-08-19,484.31,7425545491,3596265918617
2026-08-20,481.15,7425545491,3572801167673
2026-08-21,483.24,7425545491,3588320530556
2026-08-24,487.31,7425545491,3618542555090
2026-08-25,491.71,7425545491,3651214909929
2026-08-26,496.37,7425545491,3685817979110
2026-08-27,505.06,7425545491,3750345987556
2026-08-28,513.53,7425545491,3813240593539
2026-08-31,507.29,7425545491,3766905035580
2026-09-01,501.02,7425545491,3720346720321
2026-09-02,496.82,7425545491,3689159565225
2026-09-03,510.12,7425545491,3787919229611
2026-09-04,499.70,7425545491,3710545172497
2026-09-08,493.95,7425545491,3667848285923
2026-09-09,491.65,7425545491,3650769395328
2026-09-10,492.44,7425545491,3656635639717
2026-09-11,495.63,7425545491,3680323147962