Date,Close,Shares_Outstanding,Market_Cap
2006-09-14,0.48,24147000000,11667033372
2006-09-15,0.49,24147000000,11896429797
2006-09-18,0.51,24147000000,12347157679
2006-09-19,0.50,24147000000,12025205902
2006-09-20,0.52,24147000000,12463884188
2006-09-21,0.51,24147000000,12363264587
2006-09-22,0.50,24147000000,11997026369
2006-09-25,0.51,24147000000,12427663434
2006-09-26,0.50,24147000000,12166055352
2006-09-27,0.50,24147000000,12129834598
2006-09-28,0.49,24147000000,11900438173
2006-09-29,0.49,24147000000,11908503861
2006-10-02,0.48,24147000000,11606665929
2006-10-03,0.47,24147000000,11389342849
2006-10-04,0.52,24147000000,12508146161
2006-10-05,0.50,24147000000,12153981288
2006-10-06,0.52,24147000000,12447778719
2006-10-09,0.55,24147000000,13248662378
2006-10-10,0.54,24147000000,12946825166
2006-10-11,0.54,24147000000,13019265234
2006-10-12,0.54,24147000000,13071568428
2006-10-13,0.56,24147000000,13590728720
2006-10-16,0.56,24147000000,13566582031
2006-10-17,0.54,24147000000,13047420299
2006-10-18,0.53,24147000000,12701322553
2006-10-19,0.54,24147000000,12942792322
2006-10-20,0.53,24147000000,12793877904
2006-10-23,0.53,24147000000,12709362334
2006-10-24,0.54,24147000000,13079632676
2006-10-25,0.55,24147000000,13200367561
2006-10-26,0.56,24147000000,13618908253
2006-10-27,0.54,24147000000,13031339298
2006-10-30,0.55,24147000000,13188294936
2006-10-31,0.58,24147000000,14033439130
2006-11-01,0.54,24147000000,12950833543
2006-11-02,0.53,24147000000,12862309596
2006-11-03,0.54,24147000000,13119861806
2006-11-06,0.56,24147000000,13518287214
2006-11-07,0.57,24147000000,13723537669
2006-11-08,0.58,24147000000,13924778309
2006-11-09,0.59,24147000000,14202468832
2006-11-10,0.57,24147000000,13860378023
2006-11-13,0.60,24147000000,14488200576
2006-11-14,0.61,24147000000,14633082150
2006-11-15,0.60,24147000000,14391612380
2006-11-16,0.60,24147000000,14576747551
2006-11-17,0.61,24147000000,14616975242
2006-11-20,0.61,24147000000,14753817035
2006-11-21,0.60,24147000000,14524419890
2006-11-22,0.61,24147000000,14773930880
2006-11-24,0.62,24147000000,14882593140
2006-11-27,0.59,24147000000,14210510053
2006-11-28,0.60,24147000000,14476126512
2006-11-29,0.61,24147000000,14689416748
2006-11-30,0.62,24147000000,14886625984
2006-12-01,0.59,24147000000,14303065404
2006-12-04,0.62,24147000000,14882593140
2006-12-05,0.61,24147000000,14729670345
2006-12-06,0.61,24147000000,14709555061
2006-12-07,0.59,24147000000,14355391627
2006-12-08,0.59,24147000000,14307096809
2006-12-11,0.60,24147000000,14552599423
2006-12-12,0.60,24147000000,14403685005
2006-12-13,0.60,24147000000,14572714707
2006-12-14,0.61,24147000000,14830289946
2006-12-15,0.63,24147000000,15091875000
2006-12-18,0.64,24147000000,15353460054
2006-12-19,0.64,24147000000,15574814539
2006-12-20,0.64,24147000000,15397745056
2006-12-21,0.63,24147000000,15264936107
2006-12-22,0.62,24147000000,14902731452
2006-12-26,0.62,24147000000,14898698609
2006-12-27,0.63,24147000000,15095907844
2006-12-28,0.62,24147000000,14987245584
2006-12-29,0.62,24147000000,14894665765
2007-01-03,0.60,24147000000,14520388485
2007-01-04,0.60,24147000000,14451979822
2007-01-05,0.56,24147000000,13546466747
2007-01-08,0.57,24147000000,13647087786
2007-01-09,0.55,24147000000,13381469888
2007-01-10,0.58,24147000000,14041480350
2007-01-11,0.58,24147000000,13989154128
2007-01-12,0.59,24147000000,14178322143
2007-01-16,0.59,24147000000,14202468832
2007-01-17,0.58,24147000000,13904639997
2007-01-18,0.53,24147000000,12753648775
2007-01-19,0.53,24147000000,12830098658
2007-01-22,0.53,24147000000,12830098658
2007-01-23,0.53,24147000000,12834130062
2007-01-24,0.55,24147000000,13232555470
2007-01-25,0.53,24147000000,12769729776
2007-01-26,0.52,24147000000,12665101799
2007-01-29,0.50,24147000000,12145941507
2007-01-30,0.51,24147000000,12379370056
2007-01-31,0.51,24147000000,12335085054
2007-02-01,0.52,24147000000,12492039253
2007-02-02,0.53,24147000000,12818024594
2007-02-05,0.54,24147000000,13027306454
2007-02-06,0.56,24147000000,13490132148
2007-02-07,0.58,24147000000,14017333661
2007-02-08,0.57,24147000000,13836231334
2007-02-09,0.54,24147000000,13140000119
2007-02-12,0.56,24147000000,13429764706
2007-02-13,0.57,24147000000,13683308540
2007-02-14,0.56,24147000000,13502206212
2007-02-15,0.56,24147000000,13582687500
2007-02-16,0.55,24147000000,13168156623
2007-02-20,0.55,24147000000,13284883132
2007-02-21,0.54,24147000000,13087673896
2007-02-22,0.55,24147000000,13172188028
2007-02-23,0.54,24147000000,13140000119
2007-02-26,0.54,24147000000,12938759478
2007-02-27,0.52,24147000000,12548399758
2007-02-28,0.52,24147000000,12475958252
2007-03-01,0.51,24147000000,12323010990
2007-03-02,0.50,24147000000,11980944648
2007-03-05,0.48,24147000000,11574454272
2007-03-06,0.51,24147000000,12258635171
2007-03-07,0.49,24147000000,11912512238
2007-03-08,0.51,24147000000,12403516745
2007-03-09,0.51,24147000000,12278749016
2007-03-12,0.51,24147000000,12206308949
2007-03-13,0.48,24147000000,11691180781
2007-03-14,0.48,24147000000,11634821714
2007-03-15,0.48,24147000000,11518118954
2007-03-16,0.47,24147000000,11409457414
2007-03-19,0.47,24147000000,11465792732
2007-03-20,0.47,24147000000,11409457414
2007-03-21,0.50,24147000000,12061426655
2007-03-22,0.51,24147000000,12327043834
2007-03-23,0.50,24147000000,12190202041
2007-03-26,0.51,24147000000,12214350169
2007-03-27,0.50,24147000000,11984953025
2007-03-28,0.49,24147000000,11755556599
2007-03-29,0.48,24147000000,11550306863
2007-03-30,0.48,24147000000,11582519240
2007-04-02,0.48,24147000000,11570445896
2007-04-03,0.48,24147000000,11526160174
2007-04-04,0.48,24147000000,11502012765
2007-04-05,0.51,24147000000,12435704655
2007-04-09,0.51,24147000000,12210340354
2007-04-10,0.50,24147000000,12085574064
2007-04-11,0.49,24147000000,11868250264
2007-04-12,0.51,24147000000,12206308949
2007-04-13,0.51,24147000000,12306928549
2007-04-16,0.51,24147000000,12242529702
2007-04-17,0.51,24147000000,12359231743
2007-04-18,0.52,24147000000,12512179005
2007-04-19,0.53,24147000000,12685215645
2007-04-20,0.53,24147000000,12834130062
2007-04-23,0.52,24147000000,12624848202
2007-04-24,0.54,24147000000,13099747961
2007-04-25,0.55,24147000000,13325110822
2007-04-26,0.56,24147000000,13490132148
2007-04-27,0.55,24147000000,13309029821
2007-04-30,0.55,24147000000,13236588314
2007-05-01,0.55,24147000000,13377438484
2007-05-02,0.55,24147000000,13220482845
2007-05-03,0.56,24147000000,13469993835
2007-05-04,0.56,24147000000,13566582031
2007-05-07,0.55,24147000000,13296955757
2007-05-08,0.55,24147000000,13397552329
2007-05-09,0.56,24147000000,13457919771
2007-05-10,0.55,24147000000,13208408781
2007-05-11,0.59,24147000000,14142101390
2007-05-14,0.58,24147000000,14001226753
2007-05-15,0.57,24147000000,13876483492
2007-05-16,0.58,24147000000,14053554415
2007-05-17,0.57,24147000000,13820124426
2007-05-18,0.58,24147000000,14093806572
2007-05-21,0.59,24147000000,14138068546
2007-05-22,0.59,24147000000,14214541457
2007-05-23,0.57,24147000000,13836231334
2007-05-24,0.55,24147000000,13337184886
2007-05-25,0.56,24147000000,13546466747
2007-05-29,0.57,24147000000,13691348321
2007-05-30,0.57,24147000000,13723537669
2007-05-31,0.58,24147000000,13940859311
2007-06-01,0.58,24147000000,14037447506
2007-06-04,0.58,24147000000,14113921857
2007-06-05,0.60,24147000000,14532461110
2007-06-06,0.61,24147000000,14641123370
2007-06-07,0.60,24147000000,14484167732
2007-06-08,0.61,24147000000,14709555061
2007-06-11,0.61,24147000000,14761858255
2007-06-12,0.61,24147000000,14608935461
2007-06-13,0.62,24147000000,14959066051
2007-06-14,0.63,24147000000,15224683949
2007-06-15,0.66,24147000000,15916905349
2007-06-18,0.66,24147000000,15924946569
2007-06-19,0.66,24147000000,16025567609
2007-06-20,0.66,24147000000,16041648610
2007-06-21,0.72,24147000000,17297292276
2007-06-22,0.73,24147000000,17554868954
2007-06-25,0.71,24147000000,17092043260
2007-06-26,0.68,24147000000,16299225288
2007-06-27,0.69,24147000000,16737902854
2007-06-28,0.70,24147000000,16898866868
2007-06-29,0.69,24147000000,16625209189
2007-07-02,0.72,24147000000,17317432028
2007-07-03,0.72,24147000000,17345587094
2007-07-05,0.73,24147000000,17530722265
2007-07-06,0.73,24147000000,17615236396
2007-07-09,0.75,24147000000,18126355469
2007-07-10,0.76,24147000000,18303426391
2007-07-11,0.75,24147000000,18222943665
2007-07-12,0.77,24147000000,18573075694
2007-07-13,0.76,24147000000,18460382030
2007-07-16,0.78,24147000000,18794407151
2007-07-17,0.77,24147000000,18713924424
2007-07-18,0.76,24147000000,18371835054
2007-07-19,0.76,24147000000,18351719770
2007-07-20,0.75,24147000000,18150503597
2007-07-23,0.76,24147000000,18331605925
2007-07-24,0.74,24147000000,17848664946
2007-07-25,0.74,24147000000,17764150814
2007-07-26,0.74,24147000000,17852673322
2007-07-27,0.74,24147000000,17808412788
2007-07-30,0.76,24147000000,18307459235
2007-07-31,0.76,24147000000,18416120056
2007-08-01,0.76,24147000000,18279279702
2007-08-02,0.75,24147000000,18198796975
2007-08-03,0.71,24147000000,17120222793
2007-08-06,0.71,24147000000,17265104367
2007-08-07,0.73,24147000000,17538763485
2007-08-08,0.76,24147000000,18347686926
2007-08-09,0.77,24147000000,18565010006
2007-08-10,0.73,24147000000,17703783372
2007-08-13,0.73,24147000000,17510606980
2007-08-14,0.75,24147000000,18190731288
2007-08-15,0.72,24147000000,17422060005
2007-08-16,0.71,24147000000,17132296857
2007-08-17,0.75,24147000000,18142437909
2007-08-20,0.75,24147000000,18069996403
2007-08-21,0.79,24147000000,19047950985
2007-08-22,0.81,24147000000,19482597146
2007-08-23,0.80,24147000000,19317600288
2007-08-24,0.80,24147000000,19418219888
2007-08-27,0.82,24147000000,19856874426
2007-08-28,0.77,24147000000,18645517201
2007-08-29,0.82,24147000000,19703951632
2007-08-30,0.81,24147000000,19591257967
2007-08-31,0.85,24147000000,20589349423
2007-09-04,0.88,24147000000,21225213196
2007-09-05,0.87,24147000000,21064224714
2007-09-06,0.88,24147000000,21156804533
2007-09-07,0.84,24147000000,20384100406
2007-09-10,0.85,24147000000,20440435005
2007-09-11,0.86,24147000000,20875081166
2007-09-12,0.83,24147000000,20054083661
2007-09-13,0.83,24147000000,20060119974
2007-09-14,0.81,24147000000,19468518174
2007-09-17,0.80,24147000000,19426261109
2007-09-18,0.88,24147000000,21128625000
2007-09-19,0.86,24147000000,20742273656
2007-09-20,0.85,24147000000,20621537332
2007-09-21,0.86,24147000000,20820750036
2007-09-24,0.88,24147000000,21351984393
2007-09-25,0.90,24147000000,21623638604
2007-09-26,0.92,24147000000,22136762584
2007-09-27,0.92,24147000000,22203166339
2007-09-28,0.91,24147000000,21877182438
2007-10-01,0.94,24147000000,22800804451
2007-10-02,0.94,24147000000,22583481370
2007-10-03,0.90,24147000000,21623638604
2007-10-04,0.90,24147000000,21720226799
2007-10-05,0.92,24147000000,22293718222
2007-10-08,0.94,24147000000,22655922877
2007-10-09,0.92,24147000000,22257497469
2007-10-10,0.92,24147000000,22281644158
2007-10-11,0.88,24147000000,21291616951
2007-10-12,0.90,24147000000,21810777243
2007-10-15,0.91,24147000000,21967732882
2007-10-16,0.92,24147000000,22166945585
2007-10-17,0.99,24147000000,23869309477
2007-10-18,0.99,24147000000,23851199100
2007-10-19,0.93,24147000000,22571408745
2007-10-22,0.98,24147000000,23639912332
2007-10-23,0.98,24147000000,23754610905
2007-10-24,0.95,24147000000,22951723776
2007-10-25,0.87,24147000000,20947522673
2007-10-26,0.86,24147000000,20766420345
2007-10-29,0.84,24147000000,20277443054
2007-10-30,0.87,24147000000,21019964179
2007-10-31,0.88,24147000000,21358022145
2007-11-01,0.88,24147000000,21358022145
2007-11-02,0.92,24147000000,22179019650
2007-11-05,0.92,24147000000,22179019650
2007-11-06,0.95,24147000000,22879282270
2007-11-07,0.90,24147000000,21792666867
2007-11-08,0.85,24147000000,20428362380
2007-11-09,0.83,24147000000,20138597793
2007-11-12,0.75,24147000000,18128360377
2007-11-13,0.82,24147000000,19728098321
2007-11-14,0.80,24147000000,19420224796
2007-11-15,0.79,24147000000,19160644650
2007-11-16,0.81,24147000000,19589253059
2007-11-19,0.76,24147000000,18267205638
2007-11-20,0.75,24147000000,18128360377
2007-11-21,0.74,24147000000,17935183985
2007-11-23,0.76,24147000000,18243058949
2007-11-26,0.74,24147000000,17820485413
2007-11-27,0.77,24147000000,18587153227
2007-11-28,0.82,24147000000,19830724268
2007-11-29,0.83,24147000000,19993716219
2007-11-30,0.79,24147000000,19039909765
2007-12-03,0.80,24147000000,19317600288
2007-12-04,0.80,24147000000,19299489911
2007-12-05,0.84,24147000000,20301589743
2007-12-06,0.86,24147000000,20712089215
2007-12-07,0.85,24147000000,20452509069
2007-12-10,0.86,24147000000,20675868462
2007-12-11,0.86,24147000000,20700015151
2007-12-12,0.89,24147000000,21412351835
2007-12-13,0.86,24147000000,20826787788
2007-12-14,0.88,24147000000,21170882066
2007-12-17,0.83,24147000000,20090304415
2007-12-18,0.85,24147000000,20603428395
2007-12-19,0.86,24147000000,20796603347
2007-12-20,0.88,24147000000,21231249508
2007-12-21,0.88,24147000000,21225213196
2007-12-24,0.89,24147000000,21599491915
2007-12-26,0.91,24147000000,21889255062
2007-12-27,0.88,24147000000,21213139132
2007-12-28,0.87,24147000000,21001853803
2007-12-31,0.85,24147000000,20537023201
2008-01-02,0.83,24147000000,19927312464
2008-01-03,0.82,24147000000,19770356826
2008-01-04,0.75,24147000000,18110250000
2008-01-07,0.67,24147000000,16238857845
2008-01-08,0.69,24147000000,16582952123
2008-01-09,0.72,24147000000,17440170382
2008-01-10,0.71,24147000000,17077965727
2008-01-11,0.68,24147000000,16329408289
2008-01-14,0.72,24147000000,17416023692
2008-01-15,0.67,24147000000,16136233337
2008-01-16,0.59,24147000000,14313134561
2008-01-17,0.58,24147000000,14065627039
2008-01-18,0.62,24147000000,14995286804
2008-01-22,0.59,24147000000,14246729367
2008-01-23,0.60,24147000000,14506310952
2008-01-24,0.65,24147000000,15617071605
2008-01-25,0.62,24147000000,15061690559
2008-01-28,0.62,24147000000,14880588232
2008-01-29,0.64,24147000000,15339381082
2008-01-30,0.63,24147000000,15206573572
2008-01-31,0.61,24147000000,14844368918
2008-02-01,0.67,24147000000,16214711156
2008-02-04,0.65,24147000000,15707623488
2008-02-05,0.61,24147000000,14723632594
2008-02-06,0.61,24147000000,14675339215
2008-02-07,0.61,24147000000,14820220789
2008-02-08,0.62,24147000000,15085838688
2008-02-11,0.63,24147000000,15134132066
2008-02-12,0.65,24147000000,15695549424
2008-02-13,0.68,24147000000,16311297913
2008-02-14,0.57,24147000000,13649091255
2008-02-15,0.56,24147000000,13443842238
2008-02-19,0.55,24147000000,13244629535
2008-02-20,0.54,24147000000,13148041339
2008-02-21,0.53,24147000000,12852240439
2008-02-22,0.56,24147000000,13474026679
2008-02-25,0.56,24147000000,13467988928
2008-02-26,0.56,24147000000,13582687500
2008-02-27,0.57,24147000000,13793974268
2008-02-28,0.55,24147000000,13274812536
2008-02-29,0.53,24147000000,12912607882
2008-03-03,0.53,24147000000,12761689995
2008-03-04,0.52,24147000000,12634917359
2008-03-05,0.53,24147000000,12779800372
2008-03-06,0.50,24147000000,11976911804
2008-03-07,0.49,24147000000,11801846509
2008-03-10,0.46,24147000000,11125730578
2008-03-11,0.48,24147000000,11493972265
2008-03-12,0.46,24147000000,11180060988
2008-03-13,0.49,24147000000,11892397673
2008-03-14,0.46,24147000000,11059326104
2008-03-17,0.45,24147000000,10781635581
2008-03-18,0.47,24147000000,11451714479
2008-03-19,0.44,24147000000,10660900696
2008-03-20,0.46,24147000000,11180060988
2008-03-24,0.50,24147000000,12091610377
2008-03-25,0.51,24147000000,12266676391
2008-03-26,0.49,24147000000,11874287296
2008-03-27,0.48,24147000000,11705258313
2008-03-28,0.49,24147000000,11880324328
2008-03-31,0.49,24147000000,11946728083
2008-04-01,0.52,24147000000,12677174424
2008-04-02,0.51,24147000000,12290823081
2008-04-03,0.50,24147000000,12061426655
2008-04-04,0.47,24147000000,11337016627
2008-04-07,0.48,24147000000,11608670118
2008-04-08,0.48,24147000000,11542265643
2008-04-09,0.49,24147000000,11771662788
2008-04-10,0.50,24147000000,12001059213
2008-04-11,0.46,24147000000,11186098021
2008-04-14,0.45,24147000000,10811819302
2008-04-15,0.45,24147000000,10938591219
2008-04-16,0.47,24147000000,11373236660
2008-04-17,0.46,24147000000,11216281742
2008-04-18,0.48,24147000000,11481898201
2008-04-21,0.50,24147000000,11995022181
2008-04-22,0.49,24147000000,11771662788
2008-04-23,0.51,24147000000,12339116459
2008-04-24,0.50,24147000000,12043316279
2008-04-25,0.50,24147000000,12164051883
2008-04-28,0.49,24147000000,11946728083
2008-04-29,0.50,24147000000,12194234885
2008-04-30,0.51,24147000000,12405521653
2008-05-01,0.54,24147000000,12979013076
2008-05-02,0.56,24147000000,13594761564
2008-05-05,0.55,24147000000,13256703599
2008-05-06,0.56,24147000000,13600797877
2008-05-07,0.55,24147000000,13286886600
2008-05-08,0.55,24147000000,13250665847
2008-05-09,0.56,24147000000,13600797877
2008-05-12,0.55,24147000000,13214445094
2008-05-13,0.54,24147000000,12942792322
2008-05-14,0.55,24147000000,13323107354
2008-05-15,0.59,24147000000,14355391627
2008-05-16,0.61,24147000000,14735706658
2008-05-19,0.60,24147000000,14427833133
2008-05-20,0.58,24147000000,14053554415
2008-05-21,0.58,24147000000,13938855842
2008-05-22,0.59,24147000000,14276913808
2008-05-23,0.58,24147000000,13950929906
2008-05-27,0.58,24147000000,14101847793
2008-05-28,0.59,24147000000,14234656742
2008-05-29,0.59,24147000000,14198435988
2008-05-30,0.62,24147000000,14910772673
2008-06-02,0.62,24147000000,14971140115
2008-06-03,0.60,24147000000,14464052447
2008-06-04,0.61,24147000000,14633082150
2008-06-05,0.62,24147000000,15001323117
2008-06-06,0.60,24147000000,14524419890
2008-06-09,0.59,24147000000,14301060497
2008-06-10,0.56,24147000000,13455916303
2008-06-11,0.53,24147000000,12828093750
2008-06-12,0.53,24147000000,12906571569
2008-06-13,0.53,24147000000,12864314503
2008-06-16,0.53,24147000000,12689248488
2008-06-17,0.51,24147000000,12381374964
2008-06-18,0.50,24147000000,12019169590
2008-06-19,0.50,24147000000,11988985149
2008-06-20,0.49,24147000000,11928617706
2008-06-23,0.48,24147000000,11681110905
2008-06-24,0.50,24147000000,12067462968
2008-06-25,0.50,24147000000,12133867442
2008-06-26,0.48,24147000000,11512081922
2008-06-27,0.48,24147000000,11638853839
2008-06-30,0.47,24147000000,11300795873
2008-07-01,0.47,24147000000,11318906250
2008-07-02,0.45,24147000000,10884260089
2008-07-03,0.31,24147000000,7539900468
2008-07-07,0.30,24147000000,7304467730
2008-07-08,0.30,24147000000,7262209945
2008-07-09,0.30,24147000000,7135438748
2008-07-10,0.29,24147000000,7117328371
2008-07-11,0.29,24147000000,7044887584
2008-07-14,0.28,24147000000,6724939275
2008-07-15,0.28,24147000000,6797380782
2008-07-16,0.28,24147000000,6833600816
2008-07-17,0.28,24147000000,6857748225
2008-07-18,0.29,24147000000,6978483109
2008-07-21,0.29,24147000000,7020740175
2008-07-22,0.28,24147000000,6869821569
2008-07-23,0.29,24147000000,7075071305
2008-07-24,0.28,24147000000,6658535521
2008-07-25,0.29,24147000000,6978483109
2008-07-28,0.29,24147000000,6960372733
2008-07-29,0.29,24147000000,7032813520
2008-07-30,0.29,24147000000,6930189012
2008-07-31,0.29,24147000000,6906042322
2008-08-01,0.27,24147000000,6543836948
2008-08-04,0.26,24147000000,6386881310
2008-08-05,0.28,24147000000,6755122997
2008-08-06,0.29,24147000000,6936226044
2008-08-07,0.28,24147000000,6827564503
2008-08-08,0.28,24147000000,6640425144
2008-08-11,0.28,24147000000,6779270405
2008-08-12,0.28,24147000000,6682682210
2008-08-13,0.31,24147000000,7401055206
2008-08-14,0.32,24147000000,7847774712
2008-08-15,0.32,24147000000,7823628023
2008-08-18,0.33,24147000000,7980583661
2008-08-19,0.34,24147000000,8101318546
2008-08-20,0.35,24147000000,8499743954
2008-08-21,0.34,24147000000,8222053431
2008-08-22,0.34,24147000000,8216016399
2008-08-25,0.34,24147000000,8095281514
2008-08-26,0.33,24147000000,7902105842
2008-08-27,0.33,24147000000,7962473285
2008-08-28,0.33,24147000000,7932289563
2008-08-29,0.32,24147000000,7630452351
2008-09-02,0.31,24147000000,7437275960
2008-09-03,0.29,24147000000,7038850552
2008-09-04,0.29,24147000000,6942262356
2008-09-05,0.29,24147000000,7044887584
2008-09-08,0.28,24147000000,6755122997
2008-09-09,0.27,24147000000,6525726572
2008-09-10,0.27,24147000000,6531763604
2008-09-11,0.26,24147000000,6217852327
2008-09-12,0.25,24147000000,6151448572
2008-09-15,0.23,24147000000,5614177543
2008-09-16,0.24,24147000000,5789243198
2008-09-17,0.25,24147000000,6036750000
2008-09-18,0.27,24147000000,6574020669
2008-09-19,0.29,24147000000,6887931946
2008-09-22,0.28,24147000000,6743049652
2008-09-23,0.27,24147000000,6549873980
2008-09-24,0.28,24147000000,6791343750
2008-09-25,0.29,24147000000,6924151979
2008-09-26,0.29,24147000000,7056960928
2008-09-29,0.25,24147000000,6097117442
2008-09-30,0.27,24147000000,6465359129
2008-10-01,0.26,24147000000,6284256802
2008-10-02,0.23,24147000000,5632287920
2008-10-03,0.23,24147000000,5451185233
2008-10-06,0.20,24147000000,4738848908
2008-10-07,0.18,24147000000,4370606862
2008-10-08,0.18,24147000000,4461158385
2008-10-09,0.17,24147000000,4177430830
2008-10-10,0.17,24147000000,4111026715
2008-10-13,0.20,24147000000,4859583793
2008-10-14,0.20,24147000000,4750922253
2008-10-15,0.18,24147000000,4237798632
2008-10-16,0.19,24147000000,4648297385
2008-10-17,0.19,24147000000,4618113664
2008-10-20,0.19,24147000000,4708664827
2008-10-21,0.18,24147000000,4346460173
2008-10-22,0.17,24147000000,4183467862
2008-10-23,0.16,24147000000,3948034405
2008-10-24,0.17,24147000000,3990291831
2008-10-27,0.17,24147000000,4207614911
2008-10-28,0.20,24147000000,4841473417
2008-10-29,0.21,24147000000,4998429055
2008-10-30,0.22,24147000000,5209715103
2008-10-31,0.22,24147000000,5288192922
2008-11-03,0.21,24147000000,5095016891
2008-11-04,0.22,24147000000,5421001512
2008-11-05,0.21,24147000000,5137274316
2008-11-06,0.19,24147000000,4600003647
2008-11-07,0.22,24147000000,5264045873
2008-11-10,0.20,24147000000,4925987908
2008-11-11,0.19,24147000000,4708664827
2008-11-12,0.18,24147000000,4430974664
2008-11-13,0.20,24147000000,4793179678
2008-11-14,0.18,24147000000,4328349796
2008-11-17,0.18,24147000000,4237798632
2008-11-18,0.17,24147000000,4098953371
2008-11-19,0.16,24147000000,3760895405
2008-11-20,0.15,24147000000,3561682342
2008-11-21,0.16,24147000000,3851446569
2008-11-24,0.17,24147000000,4104990043
2008-11-25,0.17,24147000000,4219688256
2008-11-26,0.19,24147000000,4593966615
2008-11-28,0.19,24147000000,4509452123
2008-12-01,0.17,24147000000,4123100420
2008-12-02,0.18,24147000000,4352496845
2008-12-03,0.19,24147000000,4575856598
2008-12-04,0.18,24147000000,4274019026
2008-12-05,0.18,24147000000,4443048009
2008-12-08,0.18,24147000000,4298166075
2008-12-09,0.20,24147000000,4714701859
2008-12-10,0.21,24147000000,5161421365
2008-12-11,0.20,24147000000,4944098285
2008-12-12,0.22,24147000000,5191605086
2008-12-15,0.21,24147000000,5022576104
2008-12-16,0.22,24147000000,5360634069
2008-12-17,0.23,24147000000,5626250888
2008-12-18,0.21,24147000000,5107090595
2008-12-19,0.21,24147000000,5143310988
2008-12-22,0.20,24147000000,4841473417
2008-12-23,0.20,24147000000,4775069302
2008-12-24,0.19,24147000000,4660371089
2008-12-26,0.19,24147000000,4533599172
2008-12-29,0.19,24147000000,4678481106
2008-12-30,0.20,24147000000,4841473417
2008-12-31,0.20,24147000000,4871657138
2009-01-02,0.22,24147000000,5258009201
2009-01-05,0.22,24147000000,5354597397
2009-01-06,0.23,24147000000,5535699724
2009-01-07,0.22,24147000000,5203678431
2009-01-08,0.21,24147000000,5070869842
2009-01-09,0.20,24147000000,4787142646
2009-01-12,0.19,24147000000,4593966615
2009-01-13,0.19,24147000000,4618113664
2009-01-14,0.18,24147000000,4412864287
2009-01-15,0.19,24147000000,4569819926
2009-01-16,0.20,24147000000,4823363400
2009-01-20,0.18,24147000000,4352496845
2009-01-21,0.19,24147000000,4563782893
2009-01-22,0.19,24147000000,4479268402
2009-01-23,0.19,24147000000,4654334417
2009-01-26,0.20,24147000000,4811289695
2009-01-27,0.21,24147000000,5095016891
2009-01-28,0.22,24147000000,5306303299
2009-01-29,0.21,24147000000,4998429055
2009-01-30,0.20,24147000000,4799216351
2009-02-02,0.21,24147000000,5058796497
2009-02-03,0.21,24147000000,5119163940
2009-02-04,0.22,24147000000,5264045873
2009-02-05,0.23,24147000000,5650397937
2009-02-06,0.25,24147000000,5958272181
2009-02-09,0.24,24147000000,5879794362
2009-02-10,0.23,24147000000,5626250888
2009-02-11,0.20,24147000000,4919951236
2009-02-12,0.21,24147000000,5022576104
2009-02-13,0.21,24147000000,5016539072
2009-02-17,0.20,24147000000,4726775204
2009-02-18,0.20,24147000000,4853547121
2009-02-19,0.19,24147000000,4479268402
2009-02-20,0.19,24147000000,4593966615
2009-02-23,0.18,24147000000,4382680566
2009-02-24,0.20,24147000000,4775069302
2009-02-25,0.20,24147000000,4829400072
2009-02-26,0.21,24147000000,4986355350
2009-02-27,0.21,24147000000,4998429055
2009-03-02,0.19,24147000000,4575856598
2009-03-03,0.20,24147000000,4756958925
2009-03-04,0.21,24147000000,5107090595
2009-03-05,0.21,24147000000,4986355350
2009-03-06,0.21,24147000000,5064833169
2009-03-09,0.21,24147000000,5010502399
2009-03-10,0.23,24147000000,5463258577
2009-03-11,0.23,24147000000,5614177543
2009-03-12,0.25,24147000000,5946198836
2009-03-13,0.25,24147000000,5916015115
2009-03-16,0.24,24147000000,5686618330
2009-03-17,0.25,24147000000,5970345885
2009-03-18,0.25,24147000000,6157484885
2009-03-19,0.25,24147000000,6085044098
2009-03-20,0.24,24147000000,5753022805
2009-03-23,0.26,24147000000,6169558229
2009-03-24,0.24,24147000000,5903941411
2009-03-25,0.25,24147000000,6000529607
2009-03-26,0.26,24147000000,6374807965
2009-03-27,0.26,24147000000,6314440523
2009-03-30,0.24,24147000000,5909978083
2009-03-31,0.25,24147000000,5952235509
2009-04-01,0.25,24147000000,6103154475
2009-04-02,0.26,24147000000,6386881310
2009-04-03,0.28,24147000000,6833600816
2009-04-06,0.28,24147000000,6851711192
2009-04-07,0.27,24147000000,6616277735
2009-04-08,0.29,24147000000,6887931946
2009-04-09,0.30,24147000000,7268246977
2009-04-13,0.29,24147000000,7032813520
2009-04-14,0.29,24147000000,7075071305
2009-04-15,0.28,24147000000,6875858601
2009-04-16,0.29,24147000000,7050923896
2009-04-17,0.29,24147000000,7099217994
2009-04-20,0.28,24147000000,6670608865
2009-04-21,0.28,24147000000,6652498488
2009-04-22,0.28,24147000000,6851711192
2009-04-23,0.28,24147000000,6743049652
2009-04-24,0.29,24147000000,6900005290
2009-04-27,0.28,24147000000,6652498488
2009-04-28,0.28,24147000000,6670608865
2009-04-29,0.27,24147000000,6567984357
2009-04-30,0.29,24147000000,6930189012
2009-05-01,0.29,24147000000,7044887584
2009-05-04,0.31,24147000000,7425202615
2009-05-05,0.29,24147000000,7123364683
2009-05-06,0.29,24147000000,6978483109
2009-05-07,0.27,24147000000,6477432474
2009-05-08,0.23,24147000000,5583993822
2009-05-11,0.24,24147000000,5692655362
2009-05-12,0.22,24147000000,5421001512
2009-05-13,0.21,24147000000,5070869842
2009-05-14,0.21,24147000000,5143310988
2009-05-15,0.22,24147000000,5276119578
2009-05-18,0.23,24147000000,5596067167
2009-05-19,0.24,24147000000,5704728707
2009-05-20,0.24,24147000000,5873757690
2009-05-21,0.24,24147000000,5837537296
2009-05-22,0.25,24147000000,5928088460
2009-05-26,0.26,24147000000,6248036049
2009-05-27,0.26,24147000000,6260109393
2009-05-28,0.26,24147000000,6344624244
2009-05-29,0.26,24147000000,6296330146
2009-06-01,0.27,24147000000,6604204391
2009-06-02,0.27,24147000000,6549873980
2009-06-03,0.26,24147000000,6344624244
2009-06-04,0.27,24147000000,6574020669
2009-06-05,0.27,24147000000,6537799916
2009-06-08,0.27,24147000000,6501579882
2009-06-09,0.28,24147000000,6857748225
2009-06-10,0.29,24147000000,7075071305
2009-06-11,0.29,24147000000,6984519422
2009-06-12,0.29,24147000000,6948299388
2009-06-15,0.28,24147000000,6833600816
2009-06-16,0.28,24147000000,6646461456
2009-06-17,0.28,24147000000,6809454127
2009-06-18,0.28,24147000000,6676645178
2009-06-19,0.28,24147000000,6749086684
2009-06-22,0.26,24147000000,6368770933
2009-06-23,0.26,24147000000,6338587212
2009-06-24,0.27,24147000000,6549873980
2009-06-25,0.29,24147000000,6893968258
2009-06-26,0.29,24147000000,6984519422
2009-06-29,0.29,24147000000,6984519422
2009-06-30,0.28,24147000000,6815490439
2009-07-01,0.28,24147000000,6845674160
2009-07-02,0.27,24147000000,6580057701
2009-07-06,0.26,24147000000,6368770933
2009-07-07,0.25,24147000000,6091080410
2009-07-08,0.25,24147000000,6103154475
2009-07-09,0.26,24147000000,6235962704
2009-07-10,0.26,24147000000,6260109393
2009-07-13,0.26,24147000000,6332550900
2009-07-14,0.27,24147000000,6465359129
2009-07-15,0.28,24147000000,6730976308
2009-07-16,0.29,24147000000,7081107618
2009-07-17,0.30,24147000000,7286357354
2009-07-20,0.31,24147000000,7376908517
2009-07-21,0.30,24147000000,7225989911
2009-07-22,0.31,24147000000,7407092238
2009-07-23,0.32,24147000000,7847774712
2009-07-24,0.32,24147000000,7823628023
2009-07-27,0.33,24147000000,7859848776
2009-07-28,0.33,24147000000,7871922121
2009-07-29,0.32,24147000000,7714966483
2009-07-30,0.32,24147000000,7775333925
2009-07-31,0.32,24147000000,7805517646
2009-08-03,0.33,24147000000,8016803695
2009-08-04,0.33,24147000000,8071134825
2009-08-05,0.34,24147000000,8089245201
2009-08-06,0.33,24147000000,7920216219
2009-08-07,0.34,24147000000,8276384561
2009-08-10,0.33,24147000000,8004730350
2009-08-11,0.32,24147000000,7817590991
2009-08-12,0.34,24147000000,8107355578
2009-08-13,0.35,24147000000,8348825348
2009-08-14,0.34,24147000000,8101318546
2009-08-17,0.32,24147000000,7763260581
2009-08-18,0.33,24147000000,8046987416
2009-08-19,0.33,24147000000,7956436252
2009-08-20,0.34,24147000000,8270347529
2009-08-21,0.35,24147000000,8409192790
2009-08-24,0.34,24147000000,8173759333
2009-08-25,0.34,24147000000,8246200840
2009-08-26,0.35,24147000000,8342788316
2009-08-27,0.35,24147000000,8457486888
2009-08-28,0.37,24147000000,8892133049
2009-08-31,0.36,24147000000,8765361132
2009-09-01,0.35,24147000000,8469560233
2009-09-02,0.36,24147000000,8590295118
2009-09-03,0.36,24147000000,8795544854
2009-09-04,0.38,24147000000,9121529475
2009-09-08,0.39,24147000000,9375072589
2009-09-09,0.40,24147000000,9634652735
2009-09-10,0.41,24147000000,9942526979
2009-09-11,0.41,24147000000,9851975816
2009-09-14,0.40,24147000000,9688983865
2009-09-15,0.41,24147000000,9888196569
2009-09-16,0.40,24147000000,9622579391
2009-09-17,0.38,24147000000,9200007294
2009-09-18,0.38,24147000000,9187933229
2009-09-21,0.38,24147000000,9145676164
2009-09-22,0.38,24147000000,9163786540
2009-09-23,0.37,24147000000,9018904247
2009-09-24,0.37,24147000000,8898169362
2009-09-25,0.36,24147000000,8753287788
2009-09-28,0.37,24147000000,8952500492
2009-09-29,0.36,24147000000,8789507822
2009-09-30,0.38,24147000000,9073235377
2009-10-01,0.35,24147000000,8427303167
2009-10-02,0.35,24147000000,8360898692
2009-10-05,0.34,24147000000,8318641627
2009-10-06,0.35,24147000000,8457486888
2009-10-07,0.35,24147000000,8391082414
2009-10-08,0.35,24147000000,8445413544
2009-10-09,0.35,24147000000,8554075084
2009-10-12,0.35,24147000000,8457486888
2009-10-13,0.35,24147000000,8427303167
2009-10-14,0.35,24147000000,8415229822
2009-10-15,0.34,24147000000,8167723021
2009-10-16,0.33,24147000000,7980583661
2009-10-19,0.34,24147000000,8270347529
2009-10-20,0.34,24147000000,8276384561
2009-10-21,0.33,24147000000,8077171857
2009-10-22,0.34,24147000000,8131502267
2009-10-23,0.33,24147000000,7938326595
2009-10-26,0.32,24147000000,7835701368
2009-10-27,0.31,24147000000,7570084189
2009-10-28,0.30,24147000000,7256173632
2009-10-29,0.31,24147000000,7576121221
2009-10-30,0.30,24147000000,7219952879
2009-11-02,0.30,24147000000,7286357354
2009-11-03,0.30,24147000000,7250136600
2009-11-04,0.30,24147000000,7232026224
2009-11-05,0.31,24147000000,7407092238
2009-11-06,0.33,24147000000,7944362908
2009-11-09,0.34,24147000000,8125465235
2009-11-10,0.33,24147000000,7926252531
2009-11-11,0.34,24147000000,8149612644
2009-11-12,0.34,24147000000,8125465235
2009-11-13,0.34,24147000000,8185832678
2009-11-16,0.34,24147000000,8300531250
2009-11-17,0.34,24147000000,8288457905
2009-11-18,0.34,24147000000,8161685988
2009-11-19,0.32,24147000000,7835701368
2009-11-20,0.32,24147000000,7787407270
2009-11-23,0.32,24147000000,7847774712
2009-11-24,0.32,24147000000,7799481334
2009-11-25,0.33,24147000000,7890032498
2009-11-27,0.32,24147000000,7721003515
2009-11-30,0.33,24147000000,7883995465
2009-12-01,0.33,24147000000,8040951104
2009-12-02,0.34,24147000000,8282420873
2009-12-03,0.35,24147000000,8348825348
2009-12-04,0.36,24147000000,8608405494
2009-12-07,0.40,24147000000,9713130554
2009-12-08,0.38,24147000000,9242264359
2009-12-09,0.39,24147000000,9471660785
2009-12-10,0.39,24147000000,9302631802
2009-12-11,0.38,24147000000,9181896917
2009-12-14,0.39,24147000000,9459587440
2009-12-15,0.39,24147000000,9447514095
2009-12-16,0.42,24147000000,10208144158
2009-12-17,0.42,24147000000,10159850060
2009-12-18,0.42,24147000000,10153813748
2009-12-21,0.44,24147000000,10516018402
2009-12-22,0.45,24147000000,10793708925
2009-12-23,0.45,24147000000,10944627531
2009-12-24,0.45,24147000000,10920480842
2009-12-28,0.44,24147000000,10745414827
2009-12-29,0.45,24147000000,10878223776
2009-12-30,0.47,24147000000,11270612152
2009-12-31,0.47,24147000000,11276649184
2010-01-04,0.46,24147000000,11161950612
2010-01-05,0.47,24147000000,11324943282
2010-01-06,0.47,24147000000,11397384069
2010-01-07,0.46,24147000000,11174023956
2010-01-08,0.46,24147000000,11198171365
2010-01-11,0.46,24147000000,11041215727
2010-01-12,0.44,24147000000,10666937008
2010-01-13,0.45,24147000000,10811819302
2010-01-14,0.44,24147000000,10642790319
2010-01-15,0.43,24147000000,10328879043
2010-01-19,0.44,24147000000,10522055434
2010-01-20,0.43,24147000000,10479797649
2010-01-21,0.43,24147000000,10292659009
2010-01-22,0.41,24147000000,9936490667
2010-01-25,0.42,24147000000,10105519650
2010-01-26,0.41,24147000000,9785572061
2010-01-27,0.42,24147000000,10051188520
2010-01-28,0.40,24147000000,9713130554
2010-01-29,0.38,24147000000,9290558457
2010-02-01,0.41,24147000000,10002894422
2010-02-02,0.42,24147000000,10105519650
2010-02-03,0.42,24147000000,10190033781
2010-02-04,0.40,24147000000,9598432701
2010-02-05,0.41,24147000000,9791608373
2010-02-08,0.40,24147000000,9773497997
2010-02-09,0.40,24147000000,9695020178
2010-02-10,0.41,24147000000,9882159537
2010-02-11,0.43,24147000000,10334916075
2010-02-12,0.43,24147000000,10473761336
2010-02-16,0.44,24147000000,10666937008
2010-02-17,0.45,24147000000,10769562236
2010-02-18,0.42,24147000000,10063262584
2010-02-19,0.41,24147000000,10008931454
2010-02-22,0.42,24147000000,10027041831
2010-02-23,0.41,24147000000,9785572061
2010-02-24,0.41,24147000000,9990821077
2010-02-25,0.41,24147000000,9900269914
2010-02-26,0.41,24147000000,9779535029
2010-03-01,0.42,24147000000,10171923405
2010-03-02,0.42,24147000000,10165887092
2010-03-03,0.42,24147000000,10039115175
2010-03-04,0.42,24147000000,10057225552
2010-03-05,0.43,24147000000,10365099796
2010-03-08,0.42,24147000000,10214181190
2010-03-09,0.44,24147000000,10594496221
2010-03-10,0.44,24147000000,10618642910
2010-03-11,0.43,24147000000,10377173141
2010-03-12,0.43,24147000000,10413393894
2010-03-15,0.43,24147000000,10359062764
2010-03-16,0.44,24147000000,10721268138
2010-03-17,0.45,24147000000,10926517155
2010-03-18,0.44,24147000000,10540165811
2010-03-19,0.43,24147000000,10413393894
2010-03-22,0.44,24147000000,10582422877
2010-03-23,0.45,24147000000,10799745957
2010-03-24,0.43,24147000000,10437540583
2010-03-25,0.43,24147000000,10467724304
2010-03-26,0.43,24147000000,10467724304
2010-03-29,0.44,24147000000,10600533253
2010-03-30,0.44,24147000000,10642790319
2010-03-31,0.44,24147000000,10503945058
2010-04-01,0.43,24147000000,10395283517
2010-04-05,0.44,24147000000,10552239155
2010-04-06,0.43,24147000000,10292659009
2010-04-07,0.43,24147000000,10359062764
2010-04-08,0.42,24147000000,10190033781
2010-04-09,0.42,24147000000,10256438256
2010-04-12,0.43,24147000000,10443577615
2010-04-13,0.44,24147000000,10660900696
2010-04-14,0.45,24147000000,10793708925
2010-04-15,0.45,24147000000,10872186744
2010-04-16,0.43,24147000000,10298695322
2010-04-19,0.42,24147000000,10250401224
2010-04-20,0.43,24147000000,10286621977
2010-04-21,0.41,24147000000,10021004799
2010-04-22,0.42,24147000000,10063262584
2010-04-23,0.41,24147000000,9924417322
2010-04-26,0.41,24147000000,10021004799
2010-04-27,0.40,24147000000,9737277963
2010-04-28,0.40,24147000000,9755388340
2010-04-29,0.42,24147000000,10051188520
2010-04-30,0.39,24147000000,9483734129
2010-05-03,0.39,24147000000,9381109621
2010-05-04,0.37,24147000000,8904206394
2010-05-05,0.36,24147000000,8753287788
2010-05-06,0.35,24147000000,8572184741
2010-05-07,0.35,24147000000,8427303167
2010-05-10,0.36,24147000000,8789507822
2010-05-11,0.36,24147000000,8692920345
2010-05-12,0.37,24147000000,8861949328
2010-05-13,0.37,24147000000,8843838951
2010-05-14,0.32,24147000000,7823628023
2010-05-17,0.32,24147000000,7841738400
2010-05-18,0.31,24147000000,7582158253
2010-05-19,0.32,24147000000,7702893138
2010-05-20,0.31,24147000000,7521790811
2010-05-21,0.32,24147000000,7684782762
2010-05-24,0.31,24147000000,7461422649
2010-05-25,0.32,24147000000,7660636072
2010-05-26,0.32,24147000000,7696856106
2010-05-27,0.34,24147000000,8149612644
2010-05-28,0.33,24147000000,7932289563
2010-06-01,0.31,24147000000,7594231598
2010-06-02,0.32,24147000000,7678745729
2010-06-03,0.32,24147000000,7666672385
2010-06-04,0.30,24147000000,7304467730
2010-06-07,0.29,24147000000,6942262356
2010-06-08,0.28,24147000000,6749086684
2010-06-09,0.27,24147000000,6586094014
2010-06-10,0.28,24147000000,6851711192
2010-06-11,0.29,24147000000,7008666831
2010-06-14,0.28,24147000000,6857748225
2010-06-15,0.30,24147000000,7195806190
2010-06-16,0.29,24147000000,7105255026
2010-06-17,0.31,24147000000,7376908517
2010-06-18,0.31,24147000000,7425202615
2010-06-21,0.30,24147000000,7250136600
2010-06-22,0.29,24147000000,6978483109
2010-06-23,0.29,24147000000,7056960928
2010-06-24,0.28,24147000000,6706828899
2010-06-25,0.28,24147000000,6688719242
2010-06-28,0.28,24147000000,6700792586
2010-06-29,0.26,24147000000,6326513868
2010-06-30,0.26,24147000000,6163521917
2010-07-01,0.26,24147000000,6266146425
2010-07-02,0.26,24147000000,6187668606
2010-07-06,0.25,24147000000,6121264851
2010-07-07,0.27,24147000000,6417065031
2010-07-08,0.26,24147000000,6223889359
2010-07-09,0.26,24147000000,6248036049
2010-07-12,0.26,24147000000,6362734621
2010-07-13,0.27,24147000000,6592131046
2010-07-14,0.28,24147000000,6658535521
2010-07-15,0.27,24147000000,6471396161
2010-07-16,0.25,24147000000,6066933721
2010-07-19,0.26,24147000000,6314440523
2010-07-20,0.27,24147000000,6471396161
2010-07-21,0.26,24147000000,6260109393
2010-07-22,0.26,24147000000,6362734621
2010-07-23,0.26,24147000000,6254073081
2010-07-26,0.26,24147000000,6368770933
2010-07-27,0.26,24147000000,6314440523
2010-07-28,0.25,24147000000,6115227819
2010-07-29,0.23,24147000000,5511552675
2010-07-30,0.23,24147000000,5547773428
2010-08-02,0.23,24147000000,5541736396
2010-08-03,0.22,24147000000,5396854463
2010-08-04,0.23,24147000000,5626250888
2010-08-05,0.24,24147000000,5698692035
2010-08-06,0.24,24147000000,5765096149
2010-08-09,0.24,24147000000,5819426919
2010-08-10,0.23,24147000000,5577957150
2010-08-11,0.22,24147000000,5360634069
2010-08-12,0.22,24147000000,5408928167
2010-08-13,0.23,24147000000,5668508313
2010-08-16,0.23,24147000000,5523626380
2010-08-17,0.23,24147000000,5596067167
2010-08-18,0.23,24147000000,5626250888
2010-08-19,0.25,24147000000,5964308853
2010-08-20,0.25,24147000000,6018639623
2010-08-23,0.25,24147000000,5928088460
2010-08-24,0.24,24147000000,5867721017
2010-08-25,0.25,24147000000,5988455902
2010-08-26,0.25,24147000000,5916015115
2010-08-27,0.25,24147000000,6109190787
2010-08-30,0.24,24147000000,5819426919
2010-08-31,0.23,24147000000,5632287920
2010-09-01,0.23,24147000000,5674544986
2010-09-02,0.24,24147000000,5777169854
2010-09-03,0.25,24147000000,5976382558
2010-09-07,0.25,24147000000,6030713328
2010-09-08,0.26,24147000000,6229925672
2010-09-09,0.25,24147000000,6145411540
2010-09-10,0.25,24147000000,6079007066
2010-09-13,0.27,24147000000,6423102063
2010-09-14,0.26,24147000000,6362734621
2010-09-15,0.26,24147000000,6374807965
2010-09-16,0.26,24147000000,6380844998
2010-09-17,0.26,24147000000,6368770933
2010-09-20,0.27,24147000000,6465359129
2010-09-21,0.28,24147000000,6815490439
2010-09-22,0.28,24147000000,6875858601
2010-09-23,0.29,24147000000,7014703143
2010-09-24,0.31,24147000000,7401055206
2010-09-27,0.30,24147000000,7244100288
2010-09-28,0.30,24147000000,7225989911
2010-09-29,0.30,24147000000,7171658781
2010-09-30,0.29,24147000000,7050923896
2010-10-01,0.28,24147000000,6851711192
2010-10-04,0.28,24147000000,6785306718
2010-10-05,0.28,24147000000,6833600816
2010-10-06,0.27,24147000000,6507616195
2010-10-07,0.27,24147000000,6459322817
2010-10-08,0.27,24147000000,6555910293
2010-10-11,0.27,24147000000,6525726572
2010-10-12,0.28,24147000000,6652498488
2010-10-13,0.28,24147000000,6845674160
2010-10-14,0.28,24147000000,6737013340
2010-10-15,0.28,24147000000,6815490439
2010-10-18,0.28,24147000000,6857748225
2010-10-19,0.28,24147000000,6815490439
2010-10-20,0.28,24147000000,6815490439
2010-10-21,0.28,24147000000,6694755554
2010-10-22,0.29,24147000000,7123364683
2010-10-25,0.30,24147000000,7189769158
2010-10-26,0.30,24147000000,7165622469
2010-10-27,0.30,24147000000,7268246977
2010-10-28,0.30,24147000000,7274284009
2010-10-29,0.30,24147000000,7256173632
2010-11-01,0.30,24147000000,7268246977
2010-11-02,0.31,24147000000,7419165583
2010-11-03,0.31,24147000000,7473496713
2010-11-04,0.31,24147000000,7485570058
2010-11-05,0.32,24147000000,7612341975
2010-11-08,0.32,24147000000,7642525696
2010-11-09,0.31,24147000000,7600267910
2010-11-10,0.32,24147000000,7690819794
2010-11-11,0.32,24147000000,7612341975
2010-11-12,0.33,24147000000,8004730350
2010-11-15,0.33,24147000000,7908142155
2010-11-16,0.32,24147000000,7672709417
2010-11-17,0.32,24147000000,7799481334
2010-11-18,0.33,24147000000,8040951104
2010-11-19,0.34,24147000000,8300531250
2010-11-22,0.34,24147000000,8306568282
2010-11-23,0.34,24147000000,8113391891
2010-11-24,0.34,24147000000,8312604595
2010-11-26,0.34,24147000000,8209980086
2010-11-29,0.34,24147000000,8300531250
2010-11-30,0.34,24147000000,8216016399
2010-12-01,0.36,24147000000,8578221773
2010-12-02,0.36,24147000000,8680846281
2010-12-03,0.37,24147000000,8928353083
2010-12-06,0.36,24147000000,8759324100
2010-12-07,0.37,24147000000,9043051655
2010-12-08,0.38,24147000000,9121529475
2010-12-09,0.37,24147000000,8970610149
2010-12-10,0.37,24147000000,9024941279
2010-12-13,0.36,24147000000,8795544854
2010-12-14,0.36,24147000000,8807618198
2010-12-15,0.36,24147000000,8614442526
2010-12-16,0.36,24147000000,8626515871
2010-12-17,0.36,24147000000,8674809969
2010-12-20,0.36,24147000000,8638589215
2010-12-21,0.37,24147000000,8976647181
2010-12-22,0.38,24147000000,9073235377
2010-12-23,0.37,24147000000,9006830902
2010-12-27,0.38,24147000000,9055125000
2010-12-28,0.37,24147000000,9018904247
2010-12-29,0.37,24147000000,9018904247
2010-12-30,0.37,24147000000,9049087968
2010-12-31,0.38,24147000000,9296594770
2011-01-03,0.40,24147000000,9550138604
2011-01-04,0.39,24147000000,9519954882
2011-01-05,0.42,24147000000,10250401224
2011-01-06,0.48,24147000000,11669037560
2011-01-07,0.50,24147000000,11995022181
2011-01-10,0.52,24147000000,12453815031
2011-01-11,0.51,24147000000,12260638640
2011-01-12,0.58,24147000000,14095811480
2011-01-13,0.58,24147000000,14119958169
2011-01-14,0.59,24147000000,14240693054
2011-01-18,0.58,24147000000,13908671401
2011-01-19,0.56,24147000000,13528356370
2011-01-20,0.56,24147000000,13540430434
2011-01-21,0.56,24147000000,13413657798
2011-01-24,0.62,24147000000,14928883049
2011-01-25,0.60,24147000000,14470090199
2011-01-26,0.61,24147000000,14814184477
2011-01-27,0.61,24147000000,14771927411
2011-01-28,0.59,24147000000,14343317562
2011-01-31,0.60,24147000000,14439905758
2011-02-01,0.61,24147000000,14771927411
2011-02-02,0.64,24147000000,15442007030
2011-02-03,0.63,24147000000,15152242442
2011-02-04,0.64,24147000000,15496336720
2011-02-07,0.62,24147000000,14850405230
2011-02-08,0.60,24147000000,14409722757
2011-02-09,0.58,24147000000,14059590727
2011-02-10,0.57,24147000000,13775863891
2011-02-11,0.59,24147000000,14168251548
2011-02-14,0.58,24147000000,13950929906
2011-02-15,0.56,24147000000,13612871941
2011-02-16,0.58,24147000000,14113921857
2011-02-17,0.64,24147000000,15502374472
2011-02-18,0.64,24147000000,15472190031
2011-02-22,0.58,24147000000,14011297349
2011-02-23,0.55,24147000000,13347254043
2011-02-24,0.57,24147000000,13673239383
2011-02-25,0.58,24147000000,13956966219
2011-02-28,0.57,24147000000,13679275696
2011-03-01,0.54,24147000000,13069563520
2011-03-02,0.52,24147000000,12526256538
2011-03-03,0.52,24147000000,12598696605
2011-03-04,0.52,24147000000,12532292850
2011-03-07,0.51,24147000000,12357226835
2011-03-08,0.49,24147000000,11801846509
2011-03-09,0.48,24147000000,11554339707
2011-03-10,0.45,24147000000,10817856334
2011-03-11,0.45,24147000000,10896333433
2011-03-14,0.46,24147000000,10986885317
2011-03-15,0.44,24147000000,10660900696
2011-03-16,0.44,24147000000,10582422877
2011-03-17,0.45,24147000000,10781635581
2011-03-18,0.44,24147000000,10636753287
2011-03-21,0.44,24147000000,10721268138
2011-03-22,0.44,24147000000,10534128779
2011-03-23,0.45,24147000000,10751451859
2011-03-24,0.48,24147000000,11608670118
2011-03-25,0.47,24147000000,11246465463
2011-03-28,0.48,24147000000,11663001248
2011-03-29,0.48,24147000000,11572450084
2011-03-30,0.46,24147000000,11137803923
2011-03-31,0.46,24147000000,11143840235
2011-04-01,0.46,24147000000,10986885317
2011-04-04,0.44,24147000000,10594496221
2011-04-05,0.44,24147000000,10612606598
2011-04-06,0.44,24147000000,10540165811
2011-04-07,0.45,24147000000,10926517155
2011-04-08,0.44,24147000000,10594496221
2011-04-11,0.43,24147000000,10455650960
2011-04-12,0.43,24147000000,10485834681
2011-04-13,0.44,24147000000,10721268138
2011-04-14,0.46,24147000000,11174023956
2011-04-15,0.47,24147000000,11294759561
2011-04-18,0.45,24147000000,10920480842
2011-04-19,0.45,24147000000,10878223776
2011-04-20,0.46,24147000000,11210244710
2011-04-21,0.46,24147000000,11180060988
2011-04-25,0.47,24147000000,11355127003
2011-04-26,0.48,24147000000,11650927183
2011-04-27,0.48,24147000000,11650927183
2011-04-28,0.49,24147000000,11777699100
2011-04-29,0.50,24147000000,12073500000
2011-05-02,0.49,24147000000,11910508049
2011-05-03,0.47,24147000000,11343052939
2011-05-04,0.47,24147000000,11258538808
2011-05-05,0.47,24147000000,11264575840
2011-05-06,0.48,24147000000,11663001248
2011-05-09,0.49,24147000000,11922581394
2011-05-10,0.49,24147000000,11940691771
2011-05-11,0.50,24147000000,11995022181
2011-05-12,0.51,24147000000,12375337212
2011-05-13,0.46,24147000000,11023105350
2011-05-16,0.44,24147000000,10685047385
2011-05-17,0.44,24147000000,10642790319
2011-05-18,0.45,24147000000,10890297121
2011-05-19,0.44,24147000000,10733341483
2011-05-20,0.45,24147000000,10920480842
2011-05-23,0.45,24147000000,10908407498
2011-05-24,0.45,24147000000,10950664563
2011-05-25,0.46,24147000000,11083472793
2011-05-26,0.47,24147000000,11361163316
2011-05-27,0.49,24147000000,11771662788
2011-05-31,0.50,24147000000,12097646689
2011-06-01,0.48,24147000000,11554339707
2011-06-02,0.48,24147000000,11500008577
2011-06-03,0.46,24147000000,11143840235
2011-06-06,0.45,24147000000,10908407498
2011-06-07,0.45,24147000000,10902370465
2011-06-08,0.44,24147000000,10606569566
2011-06-09,0.43,24147000000,10485834681
2011-06-10,0.43,24147000000,10334916075
2011-06-13,0.43,24147000000,10262475288
2011-06-14,0.43,24147000000,10346989419
2011-06-15,0.42,24147000000,10123630026
2011-06-16,0.40,24147000000,9773497997
2011-06-17,0.40,24147000000,9544101572
2011-06-20,0.39,24147000000,9429403719
2011-06-21,0.40,24147000000,9634652735
2011-06-22,0.39,24147000000,9501844506
2011-06-23,0.41,24147000000,9785572061
2011-06-24,0.39,24147000000,9501844506
2011-06-27,0.39,24147000000,9302631802
2011-06-28,0.39,24147000000,9356962212
2011-06-29,0.39,24147000000,9501844506
2011-06-30,0.40,24147000000,9622579391
2011-07-01,0.40,24147000000,9749351308
2011-07-05,0.40,24147000000,9586359357
2011-07-06,0.39,24147000000,9459587440
2011-07-07,0.39,24147000000,9495807474
2011-07-08,0.39,24147000000,9314705146
2011-07-11,0.37,24147000000,8988720525
2011-07-12,0.37,24147000000,8867985641
2011-07-13,0.37,24147000000,8849875264
2011-07-14,0.35,24147000000,8499743954
2011-07-15,0.35,24147000000,8511817299
2011-07-18,0.34,24147000000,8330714971
2011-07-19,0.36,24147000000,8584258805
2011-07-20,0.35,24147000000,8475597265
2011-07-21,0.37,24147000000,8874022673
2011-07-22,0.38,24147000000,9055125000
2011-07-25,0.37,24147000000,8910242706
2011-07-26,0.36,24147000000,8692920345
2011-07-27,0.35,24147000000,8366935725
2011-07-28,0.35,24147000000,8348825348
2011-07-29,0.35,24147000000,8348825348
2011-08-01,0.36,24147000000,8795544854
2011-08-02,0.36,24147000000,8704993690
2011-08-03,0.37,24147000000,8940426428
2011-08-04,0.34,24147000000,8089245201
2011-08-05,0.32,24147000000,7817590991
2011-08-08,0.30,24147000000,7201842502
2011-08-09,0.32,24147000000,7805517646
2011-08-10,0.31,24147000000,7449349304
2011-08-11,0.34,24147000000,8095281514
2011-08-12,0.32,24147000000,7775333925
2011-08-15,0.33,24147000000,8071134825
2011-08-16,0.32,24147000000,7841738400
2011-08-17,0.32,24147000000,7733076859
2011-08-18,0.30,24147000000,7207879535
2011-08-19,0.29,24147000000,7081107618
2011-08-22,0.30,24147000000,7207879535
2011-08-23,0.33,24147000000,7986619974
2011-08-24,0.33,24147000000,7871922121
2011-08-25,0.31,24147000000,7533864155
2011-08-26,0.33,24147000000,7853811744
2011-08-29,0.33,24147000000,8065097793
2011-08-30,0.34,24147000000,8258274184
2011-08-31,0.33,24147000000,8034914072
2011-09-01,0.33,24147000000,8016803695
2011-09-02,0.32,24147000000,7799481334
2011-09-06,0.33,24147000000,7956436252
2011-09-07,0.36,24147000000,8602368462
2011-09-08,0.35,24147000000,8560111396
2011-09-09,0.35,24147000000,8379009069
2011-09-12,0.36,24147000000,8578221773
2011-09-13,0.36,24147000000,8771397445
2011-09-14,0.38,24147000000,9224153983
2011-09-15,0.39,24147000000,9356962212
2011-09-16,0.39,24147000000,9332815523
2011-09-19,0.38,24147000000,9139639851
2011-09-20,0.37,24147000000,8904206394
2011-09-21,0.36,24147000000,8735177411
2011-09-22,0.34,24147000000,8155648956
2011-09-23,0.34,24147000000,8324677939
2011-09-26,0.35,24147000000,8342788316
2011-09-27,0.35,24147000000,8354861660
2011-09-28,0.34,24147000000,8101318546
2011-09-29,0.33,24147000000,7902105842
2011-09-30,0.31,24147000000,7551974532
2011-10-03,0.30,24147000000,7129401715
2011-10-04,0.32,24147000000,7787407270
2011-10-05,0.33,24147000000,8065097793
2011-10-06,0.35,24147000000,8385046101
2011-10-07,0.35,24147000000,8542001020
2011-10-10,0.37,24147000000,8922316771
2011-10-11,0.37,24147000000,8825728575
2011-10-12,0.37,24147000000,8819691543
2011-10-13,0.39,24147000000,9332815523
2011-10-14,0.39,24147000000,9489771161
2011-10-17,0.37,24147000000,9018904247
2011-10-18,0.39,24147000000,9344888868
2011-10-19,0.38,24147000000,9157749508
2011-10-20,0.36,24147000000,8698956658
2011-10-21,0.36,24147000000,8741213724
2011-10-24,0.38,24147000000,9067198345
2011-10-25,0.36,24147000000,8723104067
2011-10-26,0.37,24147000000,8825728575
2011-10-27,0.38,24147000000,9206043606
2011-10-28,0.39,24147000000,9417329655
2011-10-31,0.37,24147000000,8934390115
2011-11-01,0.35,24147000000,8487670609
2011-11-02,0.35,24147000000,8342788316
2011-11-03,0.37,24147000000,8843838951
2011-11-04,0.37,24147000000,8946463460
2011-11-07,0.37,24147000000,8898169362
2011-11-08,0.38,24147000000,9103419098
2011-11-09,0.36,24147000000,8644626248
2011-11-10,0.36,24147000000,8735177411
2011-11-11,0.37,24147000000,9043051655
2011-11-14,0.37,24147000000,8867985641
2011-11-15,0.37,24147000000,8982684213
2011-11-16,0.36,24147000000,8801581166
2011-11-17,0.35,24147000000,8487670609
2011-11-18,0.35,24147000000,8409192790
2011-11-21,0.37,24147000000,8831765607
2011-11-22,0.38,24147000000,9103419098
2011-11-23,0.36,24147000000,8717067035
2011-11-25,0.35,24147000000,8475597265
2011-11-28,0.37,24147000000,8952500492
2011-11-29,0.37,24147000000,9000794590
2011-11-30,0.39,24147000000,9435440031
2011-12-01,0.40,24147000000,9550138604
2011-12-02,0.39,24147000000,9489771161
2011-12-05,0.39,24147000000,9344888868
2011-12-06,0.38,24147000000,9212080638
2011-12-07,0.38,24147000000,9157749508
2011-12-08,0.37,24147000000,8867985641
2011-12-09,0.37,24147000000,8994757558
2011-12-12,0.36,24147000000,8771397445
2011-12-13,0.35,24147000000,8529927675
2011-12-14,0.34,24147000000,8197906742
2011-12-15,0.34,24147000000,8125465235
2011-12-16,0.34,24147000000,8155648956
2011-12-19,0.33,24147000000,7944362908
2011-12-20,0.35,24147000000,8391082414
2011-12-21,0.34,24147000000,8282420873
2011-12-22,0.36,24147000000,8638589215
2011-12-23,0.35,24147000000,8554075084
2011-12-27,0.35,24147000000,8487670609
2011-12-28,0.34,24147000000,8276384561
2011-12-29,0.35,24147000000,8433339479
2011-12-30,0.35,24147000000,8366935725
2012-01-03,0.35,24147000000,8475597265
2012-01-04,0.35,24147000000,8572184741
2012-01-05,0.37,24147000000,8880058985
2012-01-06,0.36,24147000000,8777434477
2012-01-09,0.36,24147000000,8777434477
2012-01-10,0.36,24147000000,8741213724
2012-01-11,0.35,24147000000,8566148428
2012-01-12,0.35,24147000000,8511817299
2012-01-13,0.34,24147000000,8288457905
2012-01-17,0.34,24147000000,8161685988
2012-01-18,0.35,24147000000,8439376512
2012-01-19,0.36,24147000000,8662735905
2012-01-20,0.36,24147000000,8584258805
2012-01-23,0.37,24147000000,8819691543
2012-01-24,0.37,24147000000,9018904247
2012-01-25,0.37,24147000000,8964573836
2012-01-26,0.37,24147000000,8880058985
2012-01-27,0.37,24147000000,9000794590
2012-01-30,0.37,24147000000,8934390115
2012-01-31,0.37,24147000000,8916279738
2012-02-01,0.37,24147000000,9012867934
2012-02-02,0.39,24147000000,9350925900
2012-02-03,0.40,24147000000,9550138604
2012-02-06,0.39,24147000000,9477697817
2012-02-07,0.39,24147000000,9501844506
2012-02-08,0.41,24147000000,9845939503
2012-02-09,0.41,24147000000,9839902471
2012-02-10,0.40,24147000000,9598432701
2012-02-13,0.40,24147000000,9749351308
2012-02-14,0.41,24147000000,9803681718
2012-02-15,0.40,24147000000,9761424652
2012-02-16,0.41,24147000000,9930453635
2012-02-17,0.40,24147000000,9568248980
2012-02-21,0.40,24147000000,9616543078
2012-02-22,0.40,24147000000,9550138604
2012-02-23,0.40,24147000000,9604469014
2012-02-24,0.39,24147000000,9532028227
2012-02-27,0.39,24147000000,9338852555
2012-02-28,0.38,24147000000,9254337704
2012-02-29,0.38,24147000000,9145676164
2012-03-01,0.38,24147000000,9206043606
2012-03-02,0.38,24147000000,9284521425
2012-03-05,0.37,24147000000,8970610149
2012-03-06,0.37,24147000000,8886096017
2012-03-07,0.37,24147000000,8940426428
2012-03-08,0.37,24147000000,8970610149
2012-03-09,0.37,24147000000,8946463460
2012-03-12,0.36,24147000000,8807618198
2012-03-13,0.37,24147000000,8928353083
2012-03-14,0.36,24147000000,8674809969
2012-03-15,0.36,24147000000,8801581166
2012-03-16,0.37,24147000000,8813655230
2012-03-19,0.37,24147000000,8837801919
2012-03-20,0.36,24147000000,8692920345
2012-03-21,0.36,24147000000,8729140379
2012-03-22,0.36,24147000000,8717067035
2012-03-23,0.36,24147000000,8783471509
2012-03-26,0.37,24147000000,8886096017
2012-03-27,0.37,24147000000,8946463460
2012-03-28,0.38,24147000000,9151713196
2012-03-29,0.38,24147000000,9193970262
2012-03-30,0.38,24147000000,9296594770
2012-04-02,0.38,24147000000,9254337704
2012-04-03,0.38,24147000000,9103419098
2012-04-04,0.37,24147000000,8843838951
2012-04-05,0.37,24147000000,8831765607
2012-04-09,0.36,24147000000,8717067035
2012-04-10,0.35,24147000000,8548038052
2012-04-11,0.36,24147000000,8656699592
2012-04-12,0.37,24147000000,8861949328
2012-04-13,0.35,24147000000,8548038052
2012-04-16,0.35,24147000000,8445413544
2012-04-17,0.35,24147000000,8463523201
2012-04-18,0.35,24147000000,8372972037
2012-04-19,0.34,24147000000,8246200840
2012-04-20,0.33,24147000000,8083208169
2012-04-23,0.33,24147000000,7986619974
2012-04-24,0.32,24147000000,7739113172
2012-04-25,0.33,24147000000,7896068810
2012-04-26,0.33,24147000000,7902105842
2012-04-27,0.32,24147000000,7835701368
2012-04-30,0.32,24147000000,7847774712
2012-05-01,0.33,24147000000,7986619974
2012-05-02,0.32,24147000000,7757223549
2012-05-03,0.32,24147000000,7624415319
2012-05-04,0.31,24147000000,7401055206
2012-05-07,0.31,24147000000,7527827123
2012-05-08,0.31,24147000000,7521790811
2012-05-09,0.31,24147000000,7551974532
2012-05-10,0.31,24147000000,7497643402
2012-05-11,0.33,24147000000,7974546629
2012-05-14,0.33,24147000000,7926252531
2012-05-15,0.32,24147000000,7847774712
2012-05-16,0.32,24147000000,7690819794
2012-05-17,0.32,24147000000,7636488664
2012-05-18,0.30,24147000000,7292393666
2012-05-21,0.31,24147000000,7419165583
2012-05-22,0.30,24147000000,7328614419
2012-05-23,0.31,24147000000,7509716747
2012-05-24,0.30,24147000000,7310504043
2012-05-25,0.31,24147000000,7485570058
2012-05-29,0.32,24147000000,7678745729
2012-05-30,0.31,24147000000,7588194566
2012-05-31,0.31,24147000000,7503680434
2012-06-01,0.30,24147000000,7232026224
2012-06-04,0.29,24147000000,7081107618
2012-06-05,0.30,24147000000,7286357354
2012-06-06,0.31,24147000000,7479533025
2012-06-07,0.30,24147000000,7177695813
2012-06-08,0.30,24147000000,7316541075
2012-06-11,0.31,24147000000,7401055206
2012-06-12,0.31,24147000000,7551974532
2012-06-13,0.30,24147000000,7352761828
2012-06-14,0.30,24147000000,7262209945
2012-06-15,0.31,24147000000,7419165583
2012-06-18,0.31,24147000000,7485570058
2012-06-19,0.33,24147000000,7992657006
2012-06-20,0.34,24147000000,8119428923
2012-06-21,0.32,24147000000,7751187236
2012-06-22,0.32,24147000000,7847774712
2012-06-25,0.31,24147000000,7600267910
2012-06-26,0.32,24147000000,7684782762
2012-06-27,0.33,24147000000,7932289563
2012-06-28,0.33,24147000000,7992657006
2012-06-29,0.35,24147000000,8342788316
2012-07-02,0.34,24147000000,8119428923
2012-07-03,0.34,24147000000,8330714971
2012-07-05,0.34,24147000000,8246200840
2012-07-06,0.34,24147000000,8089245201
2012-07-09,0.33,24147000000,7980583661
2012-07-10,0.32,24147000000,7739113172
2012-07-11,0.32,24147000000,7612341975
2012-07-12,0.31,24147000000,7485570058
2012-07-13,0.31,24147000000,7582158253
2012-07-16,0.31,24147000000,7606304942
2012-07-17,0.31,24147000000,7467459681
2012-07-18,0.33,24147000000,7883995465
2012-07-19,0.33,24147000000,7962473285
2012-07-20,0.32,24147000000,7733076859
2012-07-23,0.32,24147000000,7835701368
2012-07-24,0.32,24147000000,7751187236
2012-07-25,0.33,24147000000,7902105842
2012-07-26,0.33,24147000000,7938326595
2012-07-27,0.34,24147000000,8137539299
2012-07-30,0.33,24147000000,8046987416
2012-07-31,0.34,24147000000,8173759333
2012-08-01,0.33,24147000000,8083208169
2012-08-02,0.34,24147000000,8113391891
2012-08-03,0.34,24147000000,8282420873
2012-08-06,0.35,24147000000,8457486888
2012-08-07,0.35,24147000000,8542001020
2012-08-08,0.36,24147000000,8590295118
2012-08-09,0.37,24147000000,8880058985
2012-08-10,0.37,24147000000,8825728575
2012-08-13,0.37,24147000000,8940426428
2012-08-14,0.36,24147000000,8807618198
2012-08-15,0.36,24147000000,8741213724
2012-08-16,0.37,24147000000,8922316771
2012-08-17,0.37,24147000000,8843838951
2012-08-20,0.37,24147000000,8843838951
2012-08-21,0.37,24147000000,8819691543
2012-08-22,0.37,24147000000,8837801919
2012-08-23,0.36,24147000000,8638589215
2012-08-24,0.37,24147000000,8813655230
2012-08-27,0.36,24147000000,8662735905
2012-08-28,0.36,24147000000,8626515871
2012-08-29,0.36,24147000000,8644626248
2012-08-30,0.35,24147000000,8481633577
2012-08-31,0.35,24147000000,8469560233
2012-09-04,0.33,24147000000,8016803695
2012-09-05,0.33,24147000000,8040951104
2012-09-06,0.34,24147000000,8288457905
2012-09-07,0.34,24147000000,8089245201
2012-09-10,0.33,24147000000,8016803695
2012-09-11,0.34,24147000000,8113391891
2012-09-12,0.34,24147000000,8203943054
2012-09-13,0.34,24147000000,8258274184
2012-09-14,0.35,24147000000,8354861660
2012-09-17,0.34,24147000000,8125465235
2012-09-18,0.34,24147000000,8179796365
2012-09-19,0.34,24147000000,8276384561
2012-09-20,0.34,24147000000,8216016399
2012-09-21,0.34,24147000000,8252237152
2012-09-24,0.34,24147000000,8246200840
2012-09-25,0.34,24147000000,8095281514
2012-09-26,0.33,24147000000,7956436252
2012-09-27,0.33,24147000000,8016803695
2012-09-28,0.33,24147000000,8053024448
2012-10-01,0.33,24147000000,7920216219
2012-10-02,0.33,24147000000,7950399940
2012-10-03,0.33,24147000000,7871922121
2012-10-04,0.34,24147000000,8222053431
2012-10-05,0.33,24147000000,8028877759
2012-10-08,0.33,24147000000,7950399940
2012-10-09,0.32,24147000000,7781370957
2012-10-10,0.32,24147000000,7648562008
2012-10-11,0.32,24147000000,7690819794
2012-10-12,0.32,24147000000,7624415319
2012-10-15,0.32,24147000000,7721003515
2012-10-16,0.33,24147000000,7944362908
2012-10-17,0.33,24147000000,7883995465
2012-10-18,0.32,24147000000,7763260581
2012-10-19,0.30,24147000000,7310504043
2012-10-22,0.30,24147000000,7225989911
2012-10-23,0.31,24147000000,7443312992
2012-10-24,0.30,24147000000,7346724796
2012-10-25,0.30,24147000000,7352761828
2012-10-26,0.30,24147000000,7274284009
2012-10-31,0.30,24147000000,7232026224
2012-11-01,0.31,24147000000,7576121221
2012-11-02,0.31,24147000000,7539900468
2012-11-05,0.33,24147000000,7859848776
2012-11-06,0.33,24147000000,7853811744
2012-11-07,0.32,24147000000,7612341975
2012-11-08,0.32,24147000000,7654599040
2012-11-09,0.30,24147000000,7358798141
2012-11-12,0.30,24147000000,7195806190
2012-11-13,0.30,24147000000,7141475060
2012-11-14,0.29,24147000000,6966409765
2012-11-15,0.29,24147000000,6996593486
2012-11-16,0.28,24147000000,6869821569
2012-11-19,0.29,24147000000,7062997241
2012-11-20,0.29,24147000000,6936226044
2012-11-21,0.30,24147000000,7135438748
2012-11-23,0.30,24147000000,7183732845
2012-11-26,0.30,24147000000,7310504043
2012-11-27,0.30,24147000000,7340687764
2012-11-28,0.31,24147000000,7401055206
2012-11-29,0.30,24147000000,7268246977
2012-11-30,0.30,24147000000,7225989911
2012-12-03,0.29,24147000000,7093180962
2012-12-04,0.30,24147000000,7304467730
2012-12-05,0.30,24147000000,7219952879
2012-12-06,0.30,24147000000,7232026224
2012-12-07,0.30,24147000000,7219952879
2012-12-10,0.31,24147000000,7461422649
2012-12-11,0.32,24147000000,7636488664
2012-12-12,0.31,24147000000,7558010845
2012-12-13,0.31,24147000000,7564047877
2012-12-14,0.31,24147000000,7600267910
2012-12-17,0.31,24147000000,7570084189
2012-12-18,0.31,24147000000,7582158253
2012-12-19,0.32,24147000000,7636488664
2012-12-20,0.32,24147000000,7630452351
2012-12-21,0.31,24147000000,7455386336
2012-12-24,0.31,24147000000,7395018894
2012-12-26,0.31,24147000000,7388981862
2012-12-27,0.30,24147000000,7340687764
2012-12-28,0.30,24147000000,7304467730
2012-12-31,0.31,24147000000,7401055206
2013-01-02,0.32,24147000000,7678745729
2013-01-03,0.32,24147000000,7684782762
2013-01-04,0.33,24147000000,7938326595
2013-01-07,0.32,24147000000,7708929451
2013-01-08,0.31,24147000000,7539900468
2013-01-09,0.31,24147000000,7370871485
2013-01-10,0.31,24147000000,7382945549
2013-01-11,0.31,24147000000,7370871485
2013-01-14,0.31,24147000000,7364835173
2013-01-15,0.30,24147000000,7232026224
2013-01-16,0.30,24147000000,7298430698
2013-01-17,0.31,24147000000,7395018894
2013-01-18,0.30,24147000000,7346724796
2013-01-22,0.30,24147000000,7310504043
2013-01-23,0.30,24147000000,7322578107
2013-01-24,0.30,24147000000,7358798141
2013-01-25,0.31,24147000000,7491607090
2013-01-28,0.32,24147000000,7612341975
2013-01-29,0.31,24147000000,7449349304
2013-01-30,0.31,24147000000,7437275960
2013-01-31,0.31,24147000000,7401055206
2013-02-01,0.31,24147000000,7467459681
2013-02-04,0.30,24147000000,7340687764
2013-02-05,0.31,24147000000,7509716747
2013-02-06,0.31,24147000000,7449349304
2013-02-07,0.31,24147000000,7419165583
2013-02-08,0.31,24147000000,7467459681
2013-02-11,0.31,24147000000,7551974532
2013-02-12,0.31,24147000000,7503680434
2013-02-13,0.31,24147000000,7467459681
2013-02-14,0.32,24147000000,7684782762
2013-02-15,0.32,24147000000,7684782762
2013-02-19,0.31,24147000000,7582158253
2013-02-20,0.31,24147000000,7473496713
2013-02-21,0.31,24147000000,7419165583
2013-02-22,0.31,24147000000,7558010845
2013-02-25,0.31,24147000000,7425202615
2013-02-26,0.31,24147000000,7467459681
2013-02-27,0.31,24147000000,7606304942
2013-02-28,0.32,24147000000,7642525696
2013-03-01,0.32,24147000000,7672709417
2013-03-04,0.32,24147000000,7642525696
2013-03-05,0.32,24147000000,7727039827
2013-03-06,0.32,24147000000,7721003515
2013-03-07,0.32,24147000000,7702893138
2013-03-08,0.32,24147000000,7739113172
2013-03-11,0.32,24147000000,7666672385
2013-03-12,0.32,24147000000,7690819794
2013-03-13,0.32,24147000000,7690819794
2013-03-14,0.32,24147000000,7696856106
2013-03-15,0.32,24147000000,7630452351
2013-03-18,0.31,24147000000,7576121221
2013-03-19,0.31,24147000000,7527827123
2013-03-20,0.32,24147000000,7618378287
2013-03-21,0.31,24147000000,7497643402
2013-03-22,0.31,24147000000,7533864155
2013-03-25,0.31,24147000000,7491607090
2013-03-26,0.31,24147000000,7545937500
2013-03-27,0.32,24147000000,7636488664
2013-03-28,0.32,24147000000,7745150204
2013-04-01,0.31,24147000000,7491607090
2013-04-02,0.31,24147000000,7413129271
2013-04-03,0.30,24147000000,7322578107
2013-04-04,0.31,24147000000,7395018894
2013-04-05,0.31,24147000000,7521790811
2013-04-08,0.31,24147000000,7503680434
2013-04-09,0.32,24147000000,7624415319
2013-04-10,0.32,24147000000,7745150204
2013-04-11,0.32,24147000000,7708929451
2013-04-12,0.33,24147000000,7902105842
2013-04-15,0.32,24147000000,7739113172
2013-04-16,0.32,24147000000,7823628023
2013-04-17,0.32,24147000000,7721003515
2013-04-18,0.31,24147000000,7570084189
2013-04-19,0.31,24147000000,7588194566
2013-04-22,0.31,24147000000,7600267910
2013-04-23,0.32,24147000000,7799481334
2013-04-24,0.33,24147000000,8065097793
2013-04-25,0.34,24147000000,8131502267
2013-04-26,0.34,24147000000,8095281514
2013-04-29,0.34,24147000000,8191869710
2013-04-30,0.34,24147000000,8312604595
2013-05-01,0.34,24147000000,8240163808
2013-05-02,0.35,24147000000,8336752003
2013-05-03,0.35,24147000000,8372972037
2013-05-06,0.35,24147000000,8348825348
2013-05-07,0.34,24147000000,8240163808
2013-05-08,0.35,24147000000,8391082414
2013-05-09,0.35,24147000000,8397119446
2013-05-10,0.36,24147000000,8777434477
2013-05-13,0.36,24147000000,8596332150
2013-05-14,0.36,24147000000,8723104067
2013-05-15,0.37,24147000000,8874022673
2013-05-16,0.37,24147000000,8831765607
2013-05-17,0.37,24147000000,8976647181
2013-05-20,0.37,24147000000,8958536804
2013-05-21,0.37,24147000000,9006830902
2013-05-22,0.36,24147000000,8692920345
2013-05-23,0.37,24147000000,8831765607
2013-05-24,0.36,24147000000,8777434477
2013-05-28,0.36,24147000000,8771397445
2013-05-29,0.36,24147000000,8717067035
2013-05-30,0.37,24147000000,8831765607
2013-05-31,0.36,24147000000,8735177411
2013-06-03,0.36,24147000000,8723104067
2013-06-04,0.36,24147000000,8735177411
2013-06-05,0.35,24147000000,8548038052
2013-06-06,0.36,24147000000,8602368462
2013-06-07,0.36,24147000000,8723104067
2013-06-10,0.36,24147000000,8717067035
2013-06-11,0.35,24147000000,8554075084
2013-06-12,0.35,24147000000,8481633577
2013-06-13,0.36,24147000000,8674809969
2013-06-14,0.36,24147000000,8662735905
2013-06-17,0.36,24147000000,8747250756
2013-06-18,0.36,24147000000,8692920345
2013-06-19,0.37,24147000000,8958536804
2013-06-20,0.36,24147000000,8717067035
2013-06-21,0.36,24147000000,8704993690
2013-06-24,0.35,24147000000,8523890643
2013-06-25,0.36,24147000000,8584258805
2013-06-26,0.35,24147000000,8535964707
2013-06-27,0.35,24147000000,8457486888
2013-06-28,0.35,24147000000,8475597265
2013-07-01,0.35,24147000000,8511817299
2013-07-02,0.35,24147000000,8505780986
2013-07-03,0.35,24147000000,8529927675
2013-07-05,0.36,24147000000,8596332150
2013-07-08,0.35,24147000000,8554075084
2013-07-09,0.36,24147000000,8596332150
2013-07-10,0.36,24147000000,8711030002
2013-07-11,0.37,24147000000,8831765607
2013-07-12,0.37,24147000000,8837801919
2013-07-15,0.37,24147000000,8819691543
2013-07-16,0.37,24147000000,8867985641
2013-07-17,0.37,24147000000,8819691543
2013-07-18,0.36,24147000000,8783471509
2013-07-19,0.36,24147000000,8596332150
2013-07-22,0.36,24147000000,8590295118
2013-07-23,0.36,24147000000,8578221773
2013-07-24,0.36,24147000000,8578221773
2013-07-25,0.36,24147000000,8608405494
2013-07-26,0.35,24147000000,8572184741
2013-07-29,0.35,24147000000,8554075084
2013-07-30,0.36,24147000000,8698956658
2013-07-31,0.36,24147000000,8717067035
2013-08-01,0.37,24147000000,8837801919
2013-08-02,0.37,24147000000,8910242706
2013-08-05,0.37,24147000000,8952500492
2013-08-06,0.37,24147000000,8819691543
2013-08-07,0.37,24147000000,8813655230
2013-08-08,0.37,24147000000,8874022673
2013-08-09,0.36,24147000000,8747250756
2013-08-12,0.36,24147000000,8674809969
2013-08-13,0.36,24147000000,8704993690
2013-08-14,0.38,24147000000,9073235377
2013-08-15,0.38,24147000000,9133602819
2013-08-16,0.38,24147000000,9169823572
2013-08-19,0.37,24147000000,9024941279
2013-08-20,0.37,24147000000,9024941279
2013-08-21,0.37,24147000000,8982684213
2013-08-22,0.37,24147000000,9030978311
2013-08-23,0.37,24147000000,9030978311
2013-08-26,0.37,24147000000,9049087968
2013-08-27,0.37,24147000000,8934390115
2013-08-28,0.37,24147000000,8934390115
2013-08-29,0.37,24147000000,8916279738
2013-08-30,0.37,24147000000,8904206394
2013-09-03,0.37,24147000000,8910242706
2013-09-04,0.37,24147000000,8994757558
2013-09-05,0.37,24147000000,9018904247
2013-09-06,0.37,24147000000,8982684213
2013-09-09,0.38,24147000000,9133602819
2013-09-10,0.39,24147000000,9326778491
2013-09-11,0.39,24147000000,9483734129
2013-09-12,0.39,24147000000,9477697817
2013-09-13,0.40,24147000000,9538065259
2013-09-16,0.40,24147000000,9544101572
2013-09-17,0.40,24147000000,9574285293
2013-09-18,0.40,24147000000,9658800144
2013-09-19,0.40,24147000000,9616543078
2013-09-20,0.39,24147000000,9532028227
2013-09-23,0.39,24147000000,9441477063
2013-09-24,0.39,24147000000,9477697817
2013-09-25,0.39,24147000000,9489771161
2013-09-26,0.39,24147000000,9459587440
2013-09-27,0.39,24147000000,9405256310
2013-09-30,0.39,24147000000,9393182965
2013-10-01,0.39,24147000000,9387145933
2013-10-02,0.39,24147000000,9381109621
2013-10-03,0.38,24147000000,9284521425
2013-10-04,0.39,24147000000,9411293342
2013-10-07,0.39,24147000000,9411293342
2013-10-08,0.39,24147000000,9332815523
2013-10-09,0.38,24147000000,9187933229
2013-10-10,0.38,24147000000,9290558457
2013-10-11,0.38,24147000000,9212080638
2013-10-14,0.39,24147000000,9350925900
2013-10-15,0.39,24147000000,9302631802
2013-10-16,0.39,24147000000,9417329655
2013-10-17,0.39,24147000000,9435440031
2013-10-18,0.40,24147000000,9544101572
2013-10-21,0.40,24147000000,9568248980
2013-10-22,0.39,24147000000,9519954882
2013-10-23,0.39,24147000000,9356962212
2013-10-24,0.38,24147000000,9290558457
2013-10-25,0.38,24147000000,9200007294
2013-10-28,0.38,24147000000,9181896917
2013-10-29,0.38,24147000000,9193970262
2013-10-30,0.38,24147000000,9187933229
2013-10-31,0.38,24147000000,9169823572
2013-11-01,0.38,24147000000,9212080638
2013-11-04,0.37,24147000000,8946463460
2013-11-05,0.37,24147000000,8934390115
2013-11-06,0.37,24147000000,8994757558
2013-11-07,0.36,24147000000,8783471509
2013-11-08,0.39,24147000000,9393182965
2013-11-11,0.39,24147000000,9471660785
2013-11-12,0.39,24147000000,9489771161
2013-11-13,0.40,24147000000,9749351308
2013-11-14,0.41,24147000000,9791608373
2013-11-15,0.40,24147000000,9761424652
2013-11-18,0.39,24147000000,9525991195
2013-11-19,0.39,24147000000,9320742178
2013-11-20,0.38,24147000000,9181896917
2013-11-21,0.38,24147000000,9254337704
2013-11-22,0.38,24147000000,9163786540
2013-11-25,0.39,24147000000,9362999244
2013-11-26,0.39,24147000000,9441477063
2013-11-27,0.39,24147000000,9477697817
2013-11-29,0.39,24147000000,9417329655
2013-12-02,0.39,24147000000,9507881538
2013-12-03,0.39,24147000000,9501844506
2013-12-04,0.40,24147000000,9634652735
2013-12-05,0.39,24147000000,9477697817
2013-12-06,0.39,24147000000,9338852555
2013-12-09,0.38,24147000000,9181896917
2013-12-10,0.39,24147000000,9393182965
2013-12-11,0.39,24147000000,9302631802
2013-12-12,0.38,24147000000,9121529475
2013-12-13,0.38,24147000000,9067198345
2013-12-16,0.38,24147000000,9079271689
2013-12-17,0.38,24147000000,9121529475
2013-12-18,0.38,24147000000,9248300672
2013-12-19,0.38,24147000000,9284521425
2013-12-20,0.39,24147000000,9471660785
2013-12-23,0.39,24147000000,9525991195
2013-12-24,0.40,24147000000,9550138604
2013-12-26,0.39,24147000000,9459587440
2013-12-27,0.39,24147000000,9513917850
2013-12-30,0.40,24147000000,9640689767
2013-12-31,0.40,24147000000,9670873488
2014-01-02,0.40,24147000000,9574285293
2014-01-03,0.39,24147000000,9459587440
2014-01-06,0.40,24147000000,9586359357
2014-01-07,0.40,24147000000,9743314275
2014-01-08,0.41,24147000000,9876123225
2014-01-09,0.39,24147000000,9507881538
2014-01-10,0.39,24147000000,9495807474
2014-01-13,0.38,24147000000,9272448081
2014-01-14,0.40,24147000000,9562211948
2014-01-15,0.40,24147000000,9664836456
2014-01-16,0.40,24147000000,9695020178
2014-01-17,0.40,24147000000,9652763112
2014-01-21,0.40,24147000000,9688983865
2014-01-22,0.40,24147000000,9676910521
2014-01-23,0.40,24147000000,9640689767
2014-01-24,0.39,24147000000,9393182965
2014-01-27,0.39,24147000000,9332815523
2014-01-28,0.39,24147000000,9423366687
2014-01-29,0.39,24147000000,9332815523
2014-01-30,0.39,24147000000,9489771161
2014-01-31,0.39,24147000000,9477697817
2014-02-03,0.39,24147000000,9350925900
2014-02-04,0.39,24147000000,9405256310
2014-02-05,0.39,24147000000,9320742178
2014-02-06,0.39,24147000000,9441477063
2014-02-07,0.40,24147000000,9580322325
2014-02-10,0.40,24147000000,9610506046
2014-02-11,0.41,24147000000,9809718750
2014-02-12,0.42,24147000000,10159850060
2014-02-13,0.43,24147000000,10479797649
2014-02-14,0.45,24147000000,10811819302
2014-02-18,0.45,24147000000,10805782270
2014-02-19,0.45,24147000000,10950664563
2014-02-20,0.47,24147000000,11337016627
2014-02-21,0.47,24147000000,11252501775
2014-02-24,0.47,24147000000,11415494446
2014-02-25,0.47,24147000000,11312869218
2014-02-26,0.47,24147000000,11294759561
2014-02-27,0.46,24147000000,11167987644
2014-02-28,0.46,24147000000,11095546857
2014-03-03,0.46,24147000000,11041215727
2014-03-04,0.46,24147000000,11155914299
2014-03-05,0.47,24147000000,11252501775
2014-03-06,0.46,24147000000,11095546857
2014-03-07,0.46,24147000000,11083472793
2014-03-10,0.45,24147000000,10920480842
2014-03-11,0.46,24147000000,11029142382
2014-03-12,0.46,24147000000,11059326104
2014-03-13,0.44,24147000000,10709194794
2014-03-14,0.45,24147000000,10757488172
2014-03-17,0.45,24147000000,10757488172
2014-03-18,0.46,24147000000,11011032006
2014-03-19,0.46,24147000000,11204207678
2014-03-20,0.46,24147000000,11210244710
2014-03-21,0.46,24147000000,11192134333
2014-03-24,0.46,24147000000,11137803923
2014-03-25,0.46,24147000000,11137803923
2014-03-26,0.45,24147000000,10884260089
2014-03-27,0.44,24147000000,10739378515
2014-03-28,0.45,24147000000,10805782270
2014-03-31,0.45,24147000000,10811819302
2014-04-01,0.47,24147000000,11258538808
2014-04-02,0.46,24147000000,11186098021
2014-04-03,0.47,24147000000,11306832905
2014-04-04,0.45,24147000000,10956701595
2014-04-07,0.46,24147000000,10992921629
2014-04-08,0.47,24147000000,11385310725
2014-04-09,0.47,24147000000,11373236660
2014-04-10,0.46,24147000000,11095546857
2014-04-11,0.45,24147000000,10938591219
2014-04-14,0.46,24147000000,11059326104
2014-04-15,0.46,24147000000,11137803923
2014-04-16,0.46,24147000000,11161950612
2014-04-17,0.46,24147000000,11204207678
2014-04-21,0.47,24147000000,11294759561
2014-04-22,0.47,24147000000,11391347037
2014-04-23,0.48,24147000000,11524155986
2014-04-24,0.48,24147000000,11626780494
2014-04-25,0.47,24147000000,11306832905
2014-04-28,0.47,24147000000,11258538808
2014-04-29,0.47,24147000000,11282685497
2014-04-30,0.46,24147000000,11149877267
2014-05-01,0.46,24147000000,11210244710
2014-05-02,0.46,24147000000,11125730578
2014-05-05,0.47,24147000000,11246465463
2014-05-06,0.46,24147000000,11017069038
2014-05-07,0.46,24147000000,11029142382
2014-05-08,0.46,24147000000,11167987644
2014-05-09,0.45,24147000000,10896333433
2014-05-12,0.46,24147000000,11216281742
2014-05-13,0.46,24147000000,11035178695
2014-05-14,0.45,24147000000,10926517155
2014-05-15,0.45,24147000000,10866149712
2014-05-16,0.45,24147000000,10842003023
2014-05-19,0.46,24147000000,11192134333
2014-05-20,0.46,24147000000,11011032006
2014-05-21,0.46,24147000000,11011032006
2014-05-22,0.46,24147000000,11059326104
2014-05-23,0.46,24147000000,11161950612
2014-05-27,0.47,24147000000,11361163316
2014-05-28,0.47,24147000000,11457751512
2014-05-29,0.47,24147000000,11439641135
2014-05-30,0.47,24147000000,11469824856
2014-06-02,0.47,24147000000,11433604822
2014-06-03,0.47,24147000000,11385310725
2014-06-04,0.47,24147000000,11397384069
2014-06-05,0.47,24147000000,11445678167
2014-06-06,0.48,24147000000,11487935233
2014-06-09,0.48,24147000000,11500008577
2014-06-10,0.48,24147000000,11560376020
2014-06-11,0.49,24147000000,11711295345
2014-06-12,0.49,24147000000,11783736132
2014-06-13,0.49,24147000000,11795809477
2014-06-16,0.49,24147000000,11759588724
2014-06-17,0.49,24147000000,11838066543
2014-06-18,0.49,24147000000,11825993198
2014-06-19,0.48,24147000000,11554339707
2014-06-20,0.47,24147000000,11427567790
2014-06-23,0.47,24147000000,11294759561
2014-06-24,0.46,24147000000,11119693546
2014-06-25,0.47,24147000000,11234391399
2014-06-26,0.46,24147000000,11083472793
2014-06-27,0.46,24147000000,11095546857
2014-06-30,0.46,24147000000,11192134333
2014-07-01,0.47,24147000000,11318906250
2014-07-02,0.47,24147000000,11276649184
2014-07-03,0.47,24147000000,11379273692
2014-07-07,0.47,24147000000,11288722529
2014-07-08,0.46,24147000000,11198171365
2014-07-09,0.48,24147000000,11536229331
2014-07-10,0.48,24147000000,11475861888
2014-07-11,0.48,24147000000,11500008577
2014-07-14,0.48,24147000000,11644890871
2014-07-15,0.48,24147000000,11693184969
2014-07-16,0.48,24147000000,11681110905
2014-07-17,0.48,24147000000,11650927183
2014-07-18,0.46,24147000000,11131766891
2014-07-21,0.46,24147000000,11198171365
2014-07-22,0.46,24147000000,11149877267
2014-07-23,0.45,24147000000,10914443810
2014-07-24,0.45,24147000000,10932554187
2014-07-25,0.44,24147000000,10739378515
2014-07-28,0.44,24147000000,10697120729
2014-07-29,0.44,24147000000,10733341483
2014-07-30,0.45,24147000000,10914443810
2014-07-31,0.44,24147000000,10564312500
2014-08-01,0.44,24147000000,10679011072
2014-08-04,0.44,24147000000,10654863664
2014-08-05,0.44,24147000000,10660900696
2014-08-06,0.44,24147000000,10648827351
2014-08-07,0.44,24147000000,10540165811
2014-08-08,0.47,24147000000,11469824856
2014-08-11,0.47,24147000000,11409457414
2014-08-12,0.47,24147000000,11409457414
2014-08-13,0.48,24147000000,11475861888
2014-08-14,0.47,24147000000,11349089971
2014-08-15,0.48,24147000000,11493972265
2014-08-18,0.48,24147000000,11650927183
2014-08-19,0.48,24147000000,11693184969
2014-08-20,0.48,24147000000,11620743462
2014-08-21,0.48,24147000000,11512081922
2014-08-22,0.48,24147000000,11518118954
2014-08-25,0.48,24147000000,11536229331
2014-08-26,0.49,24147000000,11741479067
2014-08-27,0.48,24147000000,11608670118
2014-08-28,0.48,24147000000,11705258313
2014-08-29,0.49,24147000000,11741479067
2014-09-02,0.49,24147000000,11771662788
2014-09-03,0.49,24147000000,11880324328
2014-09-04,0.50,24147000000,12091610377
2014-09-05,0.50,24147000000,12055389623
2014-09-08,0.49,24147000000,11946728083
2014-09-09,0.49,24147000000,11795809477
2014-09-10,0.49,24147000000,11838066543
2014-09-11,0.49,24147000000,11717331658
2014-09-12,0.48,24147000000,11542265643
2014-09-15,0.47,24147000000,11385310725
2014-09-16,0.48,24147000000,11554339707
2014-09-17,0.48,24147000000,11560376020
2014-09-18,0.49,24147000000,11735442035
2014-09-19,0.48,24147000000,11518118954
2014-09-22,0.47,24147000000,11403421101
2014-09-23,0.47,24147000000,11355127003
2014-09-24,0.47,24147000000,11421530758
2014-09-25,0.46,24147000000,11174023956
2014-09-26,0.46,24147000000,11198171365
2014-09-29,0.46,24147000000,11180060988
2014-09-30,0.46,24147000000,11137803923
2014-10-01,0.46,24147000000,11029142382
2014-10-02,0.45,24147000000,10980848285
2014-10-03,0.46,24147000000,11004994974
2014-10-06,0.45,24147000000,10938591219
2014-10-07,0.45,24147000000,10823892646
2014-10-08,0.46,24147000000,11023105350
2014-10-09,0.45,24147000000,10811819302
2014-10-10,0.42,24147000000,10171923405
2014-10-13,0.42,24147000000,10135703371
2014-10-14,0.43,24147000000,10371136828
2014-10-15,0.44,24147000000,10528091747
2014-10-16,0.44,24147000000,10534128779
2014-10-17,0.44,24147000000,10516018402
2014-10-20,0.44,24147000000,10606569566
2014-10-21,0.46,24147000000,11059326104
2014-10-22,0.45,24147000000,10799745957
2014-10-23,0.46,24147000000,11041215727
2014-10-24,0.46,24147000000,11155914299
2014-10-27,0.46,24147000000,11161950612
2014-10-28,0.47,24147000000,11427567790
2014-10-29,0.47,24147000000,11355127003
2014-10-30,0.47,24147000000,11282685497
2014-10-31,0.49,24147000000,11795809477
2014-11-03,0.50,24147000000,11995022181
2014-11-04,0.50,24147000000,12151977819
2014-11-05,0.50,24147000000,12151977819
2014-11-06,0.51,24147000000,12206308949
2014-11-07,0.49,24147000000,11946728083
2014-11-10,0.50,24147000000,12085574064
2014-11-11,0.49,24147000000,11940691771
2014-11-12,0.49,24147000000,11862213951
2014-11-13,0.49,24147000000,11801846509
2014-11-14,0.49,24147000000,11946728083
2014-11-17,0.49,24147000000,11892397673
2014-11-18,0.50,24147000000,12176124508
2014-11-19,0.50,24147000000,12079536312
2014-11-20,0.51,24147000000,12278749016
2014-11-21,0.51,24147000000,12345154211
2014-11-24,0.51,24147000000,12423632030
2014-11-25,0.51,24147000000,12417594278
2014-11-26,0.52,24147000000,12628881046
2014-11-28,0.52,24147000000,12659064048
2014-12-01,0.51,24147000000,12423632030
2014-12-02,0.52,24147000000,12441742406
2014-12-03,0.53,24147000000,12761689995
2014-12-04,0.52,24147000000,12646991423
2014-12-05,0.53,24147000000,12719432929
2014-12-08,0.52,24147000000,12556439539
2014-12-09,0.52,24147000000,12514182474
2014-12-10,0.51,24147000000,12236491951
2014-12-11,0.51,24147000000,12230455638
2014-12-12,0.49,24147000000,11850140607
2014-12-15,0.49,24147000000,11813919854
2014-12-16,0.48,24147000000,11681110905
2014-12-17,0.50,24147000000,12158014132
2014-12-18,0.51,24147000000,12206308949
2014-12-19,0.51,24147000000,12327043834
2014-12-22,0.52,24147000000,12544366915
2014-12-23,0.52,24147000000,12465889095
2014-12-24,0.51,24147000000,12417594278
2014-12-26,0.51,24147000000,12429668342
2014-12-29,0.51,24147000000,12411557965
2014-12-30,0.51,24147000000,12296859393
2014-12-31,0.50,24147000000,12103684441
2015-01-02,0.50,24147000000,12151977819
2015-01-05,0.49,24147000000,11946728083
2015-01-06,0.48,24147000000,11584523428
2015-01-07,0.48,24147000000,11554339707
2015-01-08,0.50,24147000000,11988985149
2015-01-09,0.50,24147000000,12037279247
2015-01-12,0.49,24147000000,11886360641
2015-01-13,0.49,24147000000,11868250264
2015-01-14,0.49,24147000000,11916544362
2015-01-15,0.49,24147000000,11832030230
2015-01-16,0.50,24147000000,12049353311
2015-01-20,0.50,24147000000,12085574064
2015-01-21,0.51,24147000000,12254602327
2015-01-22,0.52,24147000000,12465889095
2015-01-23,0.52,24147000000,12502109849
2015-01-26,0.52,24147000000,12447778719
2015-01-27,0.49,24147000000,11850140607
2015-01-28,0.48,24147000000,11656964215
2015-01-29,0.49,24147000000,11940691771
2015-01-30,0.48,24147000000,11590559741
2015-02-02,0.49,24147000000,11844103575
2015-02-03,0.50,24147000000,12139903755
2015-02-04,0.50,24147000000,12170088196
2015-02-05,0.51,24147000000,12369300900
2015-02-06,0.51,24147000000,12314969770
2015-02-09,0.51,24147000000,12302897145
2015-02-10,0.52,24147000000,12646991423
2015-02-11,0.52,24147000000,12562477291
2015-02-12,0.56,24147000000,13461952615
2015-02-13,0.56,24147000000,13467988928
2015-02-17,0.56,24147000000,13510245993
2015-02-18,0.55,24147000000,13353290355
2015-02-19,0.55,24147000000,13389511109
2015-02-20,0.56,24147000000,13486099304
2015-02-23,0.55,24147000000,13377438484
2015-02-24,0.56,24147000000,13467988928
2015-02-25,0.55,24147000000,13365364419
2015-02-26,0.56,24147000000,13401585173
2015-02-27,0.55,24147000000,13317071041
2015-03-02,0.56,24147000000,13643054942
2015-03-03,0.55,24147000000,13389511109
2015-03-04,0.56,24147000000,13540430434
2015-03-05,0.57,24147000000,13800010581
2015-03-06,0.56,24147000000,13612871941
2015-03-09,0.57,24147000000,13649091255
2015-03-10,0.57,24147000000,13884524712
2015-03-11,0.57,24147000000,13812084645
2015-03-12,0.57,24147000000,13685312008
2015-03-13,0.57,24147000000,13703422385
2015-03-16,0.57,24147000000,13866414335
2015-03-17,0.58,24147000000,14035444038
2015-03-18,0.57,24147000000,13806046893
2015-03-19,0.58,24147000000,14017333661
2015-03-20,0.59,24147000000,14168251548
2015-03-23,0.57,24147000000,13709458697
2015-03-24,0.56,24147000000,13522320058
2015-03-25,0.53,24147000000,12701322553
2015-03-26,0.52,24147000000,12659064048
2015-03-27,0.53,24147000000,12906571569
2015-03-30,0.54,24147000000,12960902699
2015-03-31,0.52,24147000000,12634917359
2015-04-01,0.53,24147000000,12683212176
2015-04-02,0.53,24147000000,12713395178
2015-04-06,0.54,24147000000,13081637584
2015-04-07,0.55,24147000000,13196336156
2015-04-08,0.55,24147000000,13292922913
2015-04-09,0.56,24147000000,13600797877
2015-04-10,0.57,24147000000,13739643138
2015-04-13,0.56,24147000000,13612871941
2015-04-14,0.56,24147000000,13498173368
2015-04-15,0.57,24147000000,13661165319
2015-04-16,0.56,24147000000,13576651188
2015-04-17,0.56,24147000000,13401585173
2015-04-20,0.55,24147000000,13335181418
2015-04-21,0.55,24147000000,13317071041
2015-04-22,0.56,24147000000,13467988928
2015-04-23,0.56,24147000000,13413657798
2015-04-24,0.55,24147000000,13298960665
2015-04-27,0.56,24147000000,13401585173
2015-04-28,0.56,24147000000,13467988928
2015-04-29,0.55,24147000000,13365364419
2015-04-30,0.56,24147000000,13401585173
2015-05-01,0.57,24147000000,13733606826
2015-05-04,0.57,24147000000,13649091255
2015-05-05,0.55,24147000000,13298960665
2015-05-06,0.55,24147000000,13341217730
2015-05-07,0.56,24147000000,13576651188
2015-05-08,0.52,24147000000,12574549916
2015-05-11,0.52,24147000000,12453815031
2015-05-12,0.52,24147000000,12574549916
2015-05-13,0.52,24147000000,12646991423
2015-05-14,0.53,24147000000,12852240439
2015-05-15,0.53,24147000000,12858278191
2015-05-18,0.53,24147000000,12840167814
2015-05-19,0.53,24147000000,12701322553
2015-05-20,0.53,24147000000,12701322553
2015-05-21,0.52,24147000000,12610770669
2015-05-22,0.52,24147000000,12592660293
2015-05-26,0.52,24147000000,12514182474
2015-05-27,0.55,24147000000,13184262092
2015-05-28,0.55,24147000000,13365364419
2015-05-29,0.55,24147000000,13359328107
2015-06-01,0.56,24147000000,13510245993
2015-06-02,0.55,24147000000,13244629535
2015-06-03,0.54,24147000000,13099747961
2015-06-04,0.55,24147000000,13335181418
2015-06-05,0.56,24147000000,13437805926
2015-06-08,0.54,24147000000,13129930962
2015-06-09,0.55,24147000000,13196336156
2015-06-10,0.54,24147000000,12960902699
2015-06-11,0.54,24147000000,13099747961
2015-06-12,0.53,24147000000,12743579618
2015-06-15,0.53,24147000000,12719432929
2015-06-16,0.53,24147000000,12876387128
2015-06-17,0.54,24147000000,13027306454
2015-06-18,0.55,24147000000,13244629535
2015-06-19,0.55,24147000000,13202372469
2015-06-22,0.54,24147000000,13148041339
2015-06-23,0.53,24147000000,12809983373
2015-06-24,0.53,24147000000,12683212176
2015-06-25,0.53,24147000000,12779800372
2015-06-26,0.52,24147000000,12520218786
2015-06-29,0.50,24147000000,12145941507
2015-06-30,0.50,24147000000,12139903755
2015-07-01,0.51,24147000000,12314969770
2015-07-02,0.51,24147000000,12327043834
2015-07-06,0.50,24147000000,12176124508
2015-07-07,0.49,24147000000,11946728083
2015-07-08,0.49,24147000000,11862213951
2015-07-09,0.49,24147000000,11717331658
2015-07-10,0.49,24147000000,11922581394
2015-07-13,0.50,24147000000,12001059213
2015-07-14,0.50,24147000000,12007095525
2015-07-15,0.49,24147000000,11922581394
2015-07-16,0.50,24147000000,12188198572
2015-07-17,0.50,24147000000,12115757066
2015-07-20,0.49,24147000000,11892397673
2015-07-21,0.49,24147000000,11946728083
2015-07-22,0.49,24147000000,11717331658
2015-07-23,0.49,24147000000,11862213951
2015-07-24,0.49,24147000000,11723368690
2015-07-27,0.48,24147000000,11656964215
2015-07-28,0.49,24147000000,11910508049
2015-07-29,0.50,24147000000,12055389623
2015-07-30,0.50,24147000000,12085574064
2015-07-31,0.50,24147000000,12043316279
2015-08-03,0.51,24147000000,12248566015
2015-08-04,0.51,24147000000,12296859393
2015-08-05,0.51,24147000000,12423632030
2015-08-06,0.51,24147000000,12345154211
2015-08-07,0.57,24147000000,13872452087
2015-08-10,0.59,24147000000,14355391627
2015-08-11,0.59,24147000000,14282950120
2015-08-12,0.59,24147000000,14319170873
2015-08-13,0.59,24147000000,14198435988
2015-08-14,0.59,24147000000,14210510053
2015-08-17,0.58,24147000000,14119958169
2015-08-18,0.58,24147000000,13932819530
2015-08-19,0.57,24147000000,13878488400
2015-08-20,0.55,24147000000,13377438484
2015-08-21,0.54,24147000000,12960902699
2015-08-24,0.52,24147000000,12502109849
2015-08-25,0.51,24147000000,12242529702
2015-08-26,0.55,24147000000,13166151715
2015-08-27,0.57,24147000000,13661165319
2015-08-28,0.57,24147000000,13721532762
2015-08-31,0.56,24147000000,13570613436
2015-09-01,0.54,24147000000,13015232390
2015-09-02,0.56,24147000000,13407621485
2015-09-03,0.56,24147000000,13443842238
2015-09-04,0.54,24147000000,13129930962
2015-09-08,0.57,24147000000,13691348321
2015-09-09,0.56,24147000000,13419695549
2015-09-10,0.56,24147000000,13630980878
2015-09-11,0.57,24147000000,13673239383
2015-09-14,0.57,24147000000,13697386072
2015-09-15,0.57,24147000000,13848303959
2015-09-16,0.58,24147000000,13944892155
2015-09-17,0.58,24147000000,14071664791
2015-09-18,0.58,24147000000,14059590727
2015-09-21,0.59,24147000000,14204472301
2015-09-22,0.57,24147000000,13818120957
2015-09-23,0.57,24147000000,13884524712
2015-09-24,0.59,24147000000,14150142610
2015-09-25,0.59,24147000000,14252767118
2015-09-28,0.58,24147000000,14065627039
2015-09-29,0.59,24147000000,14313134561
2015-09-30,0.62,24147000000,14880588232
2015-10-01,0.60,24147000000,14590825084
2015-10-02,0.62,24147000000,14971140115
2015-10-05,0.64,24147000000,15345418834
2015-10-06,0.64,24147000000,15544631538
2015-10-07,0.65,24147000000,15707623488
2015-10-08,0.65,24147000000,15798175372
2015-10-09,0.65,24147000000,15737807929
2015-10-12,0.66,24147000000,15906836192
2015-10-13,0.66,24147000000,15937020633
2015-10-14,0.68,24147000000,16516548368
2015-10-15,0.69,24147000000,16558805434
2015-10-16,0.70,24147000000,16818385581
2015-10-19,0.70,24147000000,16788201140
2015-10-20,0.69,24147000000,16764054451
2015-10-21,0.69,24147000000,16546731370
2015-10-22,0.71,24147000000,17144369482
2015-10-23,0.71,24147000000,17259068054
2015-10-26,0.71,24147000000,17180590235
2015-10-27,0.71,24147000000,17168517610
2015-10-28,0.72,24147000000,17307362872
2015-10-29,0.69,24147000000,16709723321
2015-10-30,0.71,24147000000,17126259105
2015-11-02,0.72,24147000000,17325471809
2015-11-03,0.71,24147000000,17204736924
2015-11-04,0.70,24147000000,16921010089
2015-11-05,0.69,24147000000,16727833697
2015-11-06,0.79,24147000000,19045946077
2015-11-09,0.79,24147000000,18961431946
2015-11-10,0.77,24147000000,18599227291
2015-11-11,0.76,24147000000,18418124964
2015-11-12,0.76,24147000000,18351719770
2015-11-13,0.75,24147000000,17989515115
2015-11-16,0.76,24147000000,18351719770
2015-11-17,0.76,24147000000,18351719770
2015-11-18,0.78,24147000000,18732034801
2015-11-19,0.78,24147000000,18786365931
2015-11-20,0.78,24147000000,18949357882
2015-11-23,0.77,24147000000,18665631046
2015-11-24,0.78,24147000000,18816550372
2015-11-25,0.78,24147000000,18792402243
2015-11-27,0.78,24147000000,18949357882
2015-11-30,0.79,24147000000,19148570585
2015-12-01,0.82,24147000000,19770356826
2015-12-02,0.81,24147000000,19619437500
2015-12-03,0.81,24147000000,19577180434
2015-12-04,0.84,24147000000,20374031250
2015-12-07,0.83,24147000000,19987679906
2015-12-08,0.84,24147000000,20259332678
2015-12-09,0.82,24147000000,19746208697
2015-12-10,0.82,24147000000,19909202087
2015-12-11,0.81,24147000000,19613401188
2015-12-14,0.81,24147000000,19661694566
2015-12-15,0.82,24147000000,19903164335
2015-12-16,0.83,24147000000,20023899220
2015-12-17,0.82,24147000000,19722062008
2015-12-18,0.80,24147000000,19402114419
2015-12-21,0.82,24147000000,19860907270
2015-12-22,0.82,24147000000,19879017646
2015-12-23,0.83,24147000000,19957495465
2015-12-24,0.83,24147000000,20023899220
2015-12-28,0.83,24147000000,20005788844
2015-12-29,0.84,24147000000,20331774184
2015-12-30,0.83,24147000000,20156708169
2015-12-31,0.82,24147000000,19897128023
2016-01-04,0.81,24147000000,19540959681
2016-01-05,0.82,24147000000,19854870957
2016-01-06,0.79,24147000000,19033873452
2016-01-07,0.76,24147000000,18279279702
2016-01-08,0.74,24147000000,17886890607
2016-01-11,0.74,24147000000,17917073609
2016-01-12,0.75,24147000000,18218910821
2016-01-13,0.73,24147000000,17663531214
2016-01-14,0.72,24147000000,17307362872
2016-01-15,0.68,24147000000,16365629043
2016-01-19,0.68,24147000000,16498437992
2016-01-20,0.69,24147000000,16588988436
2016-01-21,0.69,24147000000,16782164827
2016-01-22,0.71,24147000000,17174553923
2016-01-25,0.71,24147000000,17156443546
2016-01-26,0.72,24147000000,17325471809
2016-01-27,0.71,24147000000,17120222793
2016-01-28,0.70,24147000000,16933084153
2016-01-29,0.73,24147000000,17681640151
2016-02-01,0.73,24147000000,17687677903
2016-02-02,0.70,24147000000,16939120465
2016-02-03,0.70,24147000000,17023634597
2016-02-04,0.71,24147000000,17029672349
2016-02-05,0.66,24147000000,15955129571
2016-02-08,0.63,24147000000,15224683949
2016-02-09,0.64,24147000000,15387675900
2016-02-10,0.64,24147000000,15351455146
2016-02-11,0.63,24147000000,15272977327
2016-02-12,0.64,24147000000,15532557474
2016-02-16,0.67,24147000000,16293187536
2016-02-17,0.69,24147000000,16697650696
2016-02-18,0.75,24147000000,18134396689
2016-02-19,0.76,24147000000,18375866459
2016-02-22,0.79,24147000000,19027835701
2016-02-23,0.79,24147000000,19076130518
2016-02-24,0.80,24147000000,19208938028
2016-02-25,0.80,24147000000,19251195094
2016-02-26,0.79,24147000000,19124423896
2016-02-29,0.78,24147000000,18931247505
2016-03-01,0.82,24147000000,19770356826
2016-03-02,0.82,24147000000,19885053959
2016-03-03,0.82,24147000000,19709989383
2016-03-04,0.81,24147000000,19649621941
2016-03-07,0.81,24147000000,19522849304
2016-03-08,0.79,24147000000,19166680962
2016-03-09,0.79,24147000000,19154608337
2016-03-10,0.79,24147000000,19124423896
2016-03-11,0.81,24147000000,19450407798
2016-03-14,0.81,24147000000,19498702615
2016-03-15,0.80,24147000000,19402114419
2016-03-16,0.83,24147000000,19981642155
2016-03-17,0.82,24147000000,19812613891
2016-03-18,0.85,24147000000,20410252003
2016-03-21,0.85,24147000000,20470619446
2016-03-22,0.85,24147000000,20434398692
2016-03-23,0.86,24147000000,20784530722
2016-03-24,0.86,24147000000,20814713724
2016-03-28,0.87,24147000000,21026000492
2016-03-29,0.88,24147000000,21364058457
2016-03-30,0.89,24147000000,21587417850
2016-03-31,0.89,24147000000,21508940031
2016-04-01,0.90,24147000000,21822851308
2016-04-04,0.89,24147000000,21611564539
2016-04-05,0.89,24147000000,21581381538
2016-04-06,0.89,24147000000,21611564539
2016-04-07,0.89,24147000000,21388205146
2016-04-08,0.89,24147000000,21527050408
2016-04-11,0.90,24147000000,21659859357
2016-04-12,0.90,24147000000,21635712668
2016-04-13,0.92,24147000000,22179019650
2016-04-14,0.92,24147000000,22239387092
2016-04-15,0.93,24147000000,22414453107
2016-04-18,0.92,24147000000,22317864911
2016-04-19,0.91,24147000000,21919439503
2016-04-20,0.91,24147000000,22003953635
2016-04-21,0.91,24147000000,21979806946
2016-04-22,0.91,24147000000,21895292814
2016-04-25,0.91,24147000000,22003953635
2016-04-26,0.91,24147000000,22022064012
2016-04-27,0.93,24147000000,22523113928
2016-04-28,0.90,24147000000,21853034309
2016-04-29,0.89,24147000000,21448572589
2016-05-02,0.90,24147000000,21732299424
2016-05-03,0.89,24147000000,21472719278
2016-05-04,0.87,24147000000,20983743426
2016-05-05,0.87,24147000000,21110514623
2016-05-06,0.88,24147000000,21327837704
2016-05-09,0.88,24147000000,21297654702
2016-05-10,0.90,24147000000,21708152735
2016-05-11,0.90,24147000000,21768520178
2016-05-12,0.89,24147000000,21472719278
2016-05-13,1.02,24147000000,24738601799
2016-05-16,1.05,24147000000,25469047421
2016-05-17,1.06,24147000000,25523379990
2016-05-18,1.08,24147000000,26175347793
2016-05-19,1.09,24147000000,26290046365
2016-05-20,1.11,24147000000,26760913280
2016-05-23,1.11,24147000000,26803170345
2016-05-24,1.13,24147000000,27382696641
2016-05-25,1.13,24147000000,27268000947
2016-05-26,1.14,24147000000,27557764095
2016-05-27,1.15,24147000000,27708683421
2016-05-31,1.17,24147000000,28203695585
2016-06-01,1.17,24147000000,28258028155
2016-06-02,1.18,24147000000,28457240859
2016-06-03,1.16,24147000000,28058812572
2016-06-06,1.16,24147000000,27913932438
2016-06-07,1.16,24147000000,27968262128
2016-06-08,1.15,24147000000,27877711684
2016-06-09,1.18,24147000000,28602120993
2016-06-10,1.15,24147000000,27889784309
2016-06-13,1.17,24147000000,28245952651
2016-06-14,1.17,24147000000,28300285221
2016-06-15,1.18,24147000000,28590048368
2016-06-16,1.19,24147000000,28704746941
2016-06-17,1.17,24147000000,28203695585
2016-06-20,1.19,24147000000,28710783253
2016-06-21,1.18,24147000000,28535718678
2016-06-22,1.18,24147000000,28511570549
2016-06-23,1.21,24147000000,29272200612
2016-06-24,1.14,24147000000,27606057474
2016-06-27,1.13,24147000000,27310258013
2016-06-28,1.15,24147000000,27708683421
2016-06-29,1.17,24147000000,28161438520
2016-06-30,1.18,24147000000,28378763040
2016-07-01,1.17,24147000000,28167474832
2016-07-05,1.18,24147000000,28584012056
2016-07-06,1.19,24147000000,28765112944
2016-07-07,1.22,24147000000,29513670382
2016-07-08,1.27,24147000000,30696873980
2016-07-11,1.30,24147000000,31403174352
2016-07-12,1.32,24147000000,31874041267
2016-07-13,1.32,24147000000,31861965763
2016-07-14,1.33,24147000000,32187949664
2016-07-15,1.32,24147000000,31813672385
2016-07-18,1.32,24147000000,31976664335
2016-07-19,1.34,24147000000,32308687428
2016-07-20,1.36,24147000000,32731258085
2016-07-21,1.33,24147000000,32127583661
2016-07-22,1.37,24147000000,33002912296
2016-07-25,1.39,24147000000,33612623033
2016-07-26,1.42,24147000000,34186115895
2016-07-27,1.40,24147000000,33842020178
2016-07-28,1.40,24147000000,33914461684
2016-07-29,1.43,24147000000,34469842730
2016-08-01,1.42,24147000000,34246481898
2016-08-02,1.40,24147000000,33829947553
2016-08-03,1.40,24147000000,33920497997
2016-08-04,1.43,24147000000,34548320549
2016-08-05,1.46,24147000000,35133886036
2016-08-08,1.47,24147000000,35459869938
2016-08-09,1.47,24147000000,35550420382
2016-08-10,1.46,24147000000,35321023237
2016-08-11,1.49,24147000000,36039396233
2016-08-12,1.58,24147000000,38055671401
2016-08-15,1.57,24147000000,38019450648
2016-08-16,1.57,24147000000,37790056382
2016-08-17,1.53,24147000000,36914724868
2016-08-18,1.55,24147000000,37488217730
2016-08-19,1.56,24147000000,37584804487
2016-08-22,1.56,24147000000,37741760125
2016-08-23,1.57,24147000000,37977193582
2016-08-24,1.55,24147000000,37391628095
2016-08-25,1.54,24147000000,37144122013
2016-08-26,1.55,24147000000,37445960665
2016-08-29,1.55,24147000000,37421812536
2016-08-30,1.54,24147000000,37204490895
2016-08-31,1.53,24147000000,37029423441
2016-09-01,1.58,24147000000,38122076595
2016-09-02,1.56,24147000000,37747796437
2016-09-06,1.58,24147000000,38103964779
2016-09-07,1.55,24147000000,37542547421
2016-09-08,1.57,24147000000,37814201632
2016-09-09,1.49,24147000000,35930736852
2016-09-12,1.52,24147000000,36673255099
2016-09-13,1.50,24147000000,36142022181
2016-09-14,1.51,24147000000,36461969770
2016-09-15,1.57,24147000000,37844386072
2016-09-16,1.57,24147000000,37934936516
2016-09-19,1.59,24147000000,38435987872
2016-09-20,1.58,24147000000,38085855842
2016-09-21,1.62,24147000000,39154360868
2016-09-22,1.63,24147000000,39250947625
2016-09-23,1.62,24147000000,39208690559
2016-09-26,1.61,24147000000,38840449592
2016-09-27,1.66,24147000000,40168533326
2016-09-28,1.67,24147000000,40313416339
2016-09-29,1.68,24147000000,40687693618
2016-09-30,1.71,24147000000,41363812428
2016-10-03,1.71,24147000000,41321552483
2016-10-04,1.71,24147000000,41231002039
2016-10-05,1.71,24147000000,41188744974
2016-10-06,1.68,24147000000,40651475744
2016-10-07,1.67,24147000000,40355673405
2016-10-10,1.68,24147000000,40506592730
2016-10-11,1.65,24147000000,39921027243
2016-10-12,1.66,24147000000,40102131010
2016-10-13,1.63,24147000000,39450160329
2016-10-14,1.65,24147000000,39836513112
2016-10-17,1.64,24147000000,39607115967
2016-10-18,1.67,24147000000,40210790391
2016-10-19,1.66,24147000000,40126276260
2016-10-20,1.69,24147000000,40886906322
2016-10-21,1.69,24147000000,40772210628
2016-10-24,1.77,24147000000,42685859849
2016-10-25,1.80,24147000000,43386121029
2016-10-26,1.80,24147000000,43561188484
2016-10-27,1.77,24147000000,42667748033
2016-10-28,1.76,24147000000,42595309405
2016-10-31,1.78,24147000000,42957514059
2016-11-01,1.73,24147000000,41683760017
2016-11-02,1.72,24147000000,41508692562
2016-11-03,1.70,24147000000,41025753023
2016-11-04,1.69,24147000000,40790319566
2016-11-07,1.78,24147000000,43023916375
2016-11-08,1.78,24147000000,42957514059
2016-11-09,1.75,24147000000,42233101872
2016-11-10,1.69,24147000000,40911054451
2016-11-11,2.20,24147000000,53105289335
2016-11-14,2.09,24147000000,50491378934
2016-11-15,2.15,24147000000,52030750875
2016-11-16,2.29,24147000000,55314740895
2016-11-17,2.31,24147000000,55773535184
2016-11-18,2.33,24147000000,56359100671
2016-11-21,2.32,24147000000,56129703526
2016-11-22,2.34,24147000000,56534162368
2016-11-23,2.35,24147000000,56727341638
2016-11-25,2.35,24147000000,56842040211
2016-11-28,2.35,24147000000,56811855770
2016-11-29,2.33,24147000000,56292692599
2016-11-30,2.31,24147000000,55658836612
2016-12-01,2.19,24147000000,52906076632
2016-12-02,2.21,24147000000,53395055362
2016-12-05,2.30,24147000000,55465657342
2016-12-06,2.33,24147000000,56377206730
2016-12-07,2.38,24147000000,57391382066
2016-12-08,2.34,24147000000,56431536421
2016-12-09,2.30,24147000000,55429439467
2016-12-12,2.24,24147000000,54083241039
2016-12-13,2.28,24147000000,55037047493
2016-12-14,2.41,24147000000,58224456513
2016-12-15,2.47,24147000000,59588761000
2016-12-16,2.51,24147000000,60615008961
2016-12-19,2.54,24147000000,61351490895
2016-12-20,2.63,24147000000,63488500947
2016-12-21,2.65,24147000000,63886926355
2016-12-22,2.68,24147000000,64659631921
2016-12-23,2.74,24147000000,66271439612
2016-12-27,2.93,24147000000,70823153119
2016-12-28,2.73,24147000000,65951494901
2016-12-29,2.79,24147000000,67267503131
2016-12-30,2.67,24147000000,64436268210
2017-01-03,2.55,24147000000,61580888040
2017-01-04,2.61,24147000000,63017634033
2017-01-05,2.54,24147000000,61417893210
2017-01-06,2.58,24147000000,62238895033
2017-01-09,2.68,24147000000,64762252112
2017-01-10,2.66,24147000000,64273279138
2017-01-11,2.63,24147000000,63482461756
2017-01-12,2.59,24147000000,62444141171
2017-01-13,2.59,24147000000,62438107737
2017-01-17,2.53,24147000000,61037579618
2017-01-18,2.57,24147000000,62148341711
2017-01-19,2.63,24147000000,63482461756
2017-01-20,2.60,24147000000,62788236888
2017-01-23,2.63,24147000000,63440204691
2017-01-24,2.68,24147000000,64792436553
2017-01-25,2.69,24147000000,65070129954
2017-01-26,2.74,24147000000,66192964671
2017-01-27,2.79,24147000000,67472755026
2017-01-30,2.75,24147000000,66416322625
2017-01-31,2.73,24147000000,65909237836
2017-02-01,2.85,24147000000,68788769013
2017-02-02,2.88,24147000000,69658055579
2017-02-03,2.86,24147000000,69048344842
2017-02-06,2.93,24147000000,70817113928
2017-02-07,2.98,24147000000,71915803395
2017-02-08,2.97,24147000000,71601892118
2017-02-09,2.91,24147000000,70255693691
2017-02-10,2.84,24147000000,68589556309
2017-02-13,2.71,24147000000,65426298296
2017-02-14,2.72,24147000000,65667768066
2017-02-15,2.72,24147000000,65800572697
2017-02-16,2.68,24147000000,64744146053
2017-02-17,2.68,24147000000,64732067671
2017-02-21,2.78,24147000000,67050184369
2017-02-22,2.77,24147000000,66863044290
2017-02-23,2.51,24147000000,60663299460
2017-02-24,2.54,24147000000,61248864947
2017-02-27,2.61,24147000000,63029706658
2017-02-28,2.54,24147000000,61260937572
2017-03-01,2.57,24147000000,62051754954
2017-03-02,2.47,24147000000,59763822697
2017-03-03,2.46,24147000000,59419732737
2017-03-06,2.44,24147000000,58960938447
2017-03-07,2.47,24147000000,59606867059
2017-03-08,2.46,24147000000,59498207678
2017-03-09,2.46,24147000000,59486135053
2017-03-10,2.48,24147000000,59836264204
2017-03-13,2.55,24147000000,61484301283
2017-03-14,2.54,24147000000,61442044217
2017-03-15,2.56,24147000000,61906871941
2017-03-16,2.60,24147000000,62667499125
2017-03-17,2.65,24147000000,64031809369
2017-03-20,2.74,24147000000,66072226908
2017-03-21,2.65,24147000000,63935216855
2017-03-22,2.70,24147000000,65239158217
2017-03-23,2.68,24147000000,64647553539
2017-03-24,2.69,24147000000,64876950684
2017-03-27,2.71,24147000000,65347817599
2017-03-28,2.69,24147000000,65009761072
2017-03-29,2.68,24147000000,64798475744
2017-03-30,2.73,24147000000,66042042467
2017-03-31,2.72,24147000000,65758315631
2017-04-03,2.71,24147000000,65426298296
2017-04-04,2.52,24147000000,60838366915
2017-04-05,2.50,24147000000,60385611816
2017-04-06,2.52,24147000000,60826294290
2017-04-07,2.51,24147000000,60566712704
2017-04-10,2.44,24147000000,59021307329
2017-04-11,2.45,24147000000,59232592658
2017-04-12,2.43,24147000000,58743613928
2017-04-13,2.39,24147000000,57644924460
2017-04-17,2.48,24147000000,59902672276
2017-04-18,2.48,24147000000,59938890151
2017-04-19,2.49,24147000000,60174326487
2017-04-20,2.53,24147000000,61128132941
2017-04-21,2.54,24147000000,61381675336
2017-04-24,2.57,24147000000,62148341711
2017-04-25,2.62,24147000000,63228919362
2017-04-26,2.60,24147000000,62794276079
2017-04-27,2.64,24147000000,63772227783
2017-04-28,2.61,24147000000,62963304342
2017-05-01,2.67,24147000000,64375899329
2017-05-02,2.59,24147000000,62468286421
2017-05-03,2.61,24147000000,62933119901
2017-05-04,2.60,24147000000,62691650132
2017-05-05,2.60,24147000000,62697683566
2017-05-08,2.57,24147000000,62039682329
2017-05-09,2.57,24147000000,62142302520
2017-05-10,3.03,24147000000,73219739000
2017-05-11,3.16,24147000000,76364885197
2017-05-12,3.20,24147000000,77203993079
2017-05-15,3.36,24147000000,81079587776
2017-05-16,3.42,24147000000,82588775276
2017-05-17,3.19,24147000000,77101372888
2017-05-18,3.33,24147000000,80331033217
2017-05-19,3.40,24147000000,82099802303
2017-05-22,3.47,24147000000,83850459573
2017-05-23,3.43,24147000000,82721585665
2017-05-24,3.46,24147000000,83651246869
2017-05-25,3.46,24147000000,83464106790
2017-05-26,3.55,24147000000,85625262092
2017-05-30,3.62,24147000000,87454400059
2017-05-31,3.61,24147000000,87140488783
2017-06-01,3.61,24147000000,87146522217
2017-06-02,3.59,24147000000,86711878934
2017-06-05,3.70,24147000000,89349934585
2017-06-06,3.68,24147000000,88945475744
2017-06-07,3.73,24147000000,90020014204
2017-06-08,4.00,24147000000,96551782125
2017-06-09,3.74,24147000000,90309780230
2017-06-12,3.75,24147000000,90533138184
2017-06-13,3.79,24147000000,91396397073
2017-06-14,3.79,24147000000,91589570585
2017-06-15,3.81,24147000000,91981962559
2017-06-16,3.79,24147000000,91529201704
2017-06-19,3.93,24147000000,94970153119
2017-06-20,3.93,24147000000,94831303539
2017-06-21,3.99,24147000000,96268049533
2017-06-22,3.96,24147000000,95604009105
2017-06-23,3.85,24147000000,92863327507
2017-06-26,3.80,24147000000,91849152171
2017-06-27,3.66,24147000000,88486681454
2017-06-28,3.79,24147000000,91607682401
2017-06-29,3.67,24147000000,88547050336
2017-06-30,3.61,24147000000,87267259980
2017-07-03,3.48,24147000000,84110035401
2017-07-05,3.58,24147000000,86355710592
2017-07-06,3.59,24147000000,86615286421
2017-07-07,3.67,24147000000,88595340835
2017-07-10,3.84,24147000000,92784846809
2017-07-11,3.90,24147000000,94100860796
2017-07-12,4.06,24147000000,98103220934
2017-07-13,4.02,24147000000,96968313592
2017-07-14,4.12,24147000000,99576196316
2017-07-17,4.11,24147000000,99153614144
2017-07-18,4.15,24147000000,100185907053
2017-07-19,4.13,24147000000,99666743882
2017-07-20,4.19,24147000000,101115562500
2017-07-21,4.20,24147000000,101477764276
2017-07-24,4.15,24147000000,100300599868
2017-07-25,4.13,24147000000,99817660329
2017-07-26,4.18,24147000000,100970679487
2017-07-27,4.04,24147000000,97638393210
2017-07-28,4.11,24147000000,99238128276
2017-07-31,4.06,24147000000,98103220934
2017-08-01,4.11,24147000000,99298497158
2017-08-02,4.11,24147000000,99238128276
2017-08-03,4.16,24147000000,100499818329
2017-08-04,4.18,24147000000,100940500803
2017-08-07,4.31,24147000000,104043389935
2017-08-08,4.26,24147000000,102805856645
2017-08-09,4.30,24147000000,103898506921
2017-08-10,4.12,24147000000,99449425119
2017-08-11,3.90,24147000000,94149151296
2017-08-14,4.21,24147000000,101658870921
2017-08-15,4.17,24147000000,100801651224
2017-08-16,4.13,24147000000,99696922565
2017-08-17,4.04,24147000000,97475398381
2017-08-18,4.04,24147000000,97493510197
2017-08-21,3.98,24147000000,96074876020
2017-08-22,4.06,24147000000,98127366184
2017-08-23,4.14,24147000000,100089314539
2017-08-24,4.13,24147000000,99721067815
2017-08-25,4.10,24147000000,98888004882
2017-08-28,4.12,24147000000,99588263184
2017-08-29,4.12,24147000000,99425268355
2017-08-30,4.14,24147000000,100016878790
2017-08-31,4.24,24147000000,102286693474
2017-09-01,4.26,24147000000,102902437644
2017-09-05,4.15,24147000000,100155716855
2017-09-06,4.15,24147000000,100095347973
2017-09-07,4.16,24147000000,100560187211
2017-09-08,4.09,24147000000,98815557618
2017-09-11,4.22,24147000000,102021072697
2017-09-12,4.24,24147000000,102389319421
2017-09-13,4.26,24147000000,102848113711
2017-09-14,4.24,24147000000,102262548224
2017-09-15,4.50,24147000000,108727902316
2017-09-18,4.69,24147000000,113219241184
2017-09-19,4.68,24147000000,113098514935
2017-09-20,4.65,24147000000,112186959789
2017-09-21,4.52,24147000000,109120294290
2017-09-22,4.47,24147000000,108057822697
2017-09-25,4.28,24147000000,103228427303
2017-09-26,4.30,24147000000,103807947842
2017-09-27,4.39,24147000000,106083807474
2017-09-28,4.39,24147000000,106053628790
2017-09-29,4.47,24147000000,107918984632
2017-10-02,4.47,24147000000,108057822697
2017-10-03,4.48,24147000000,108281186408
2017-10-04,4.52,24147000000,109186696605
2017-10-05,4.52,24147000000,109126327724
2017-10-06,4.53,24147000000,109446272434
2017-10-09,4.63,24147000000,111915305579
2017-10-10,4.72,24147000000,114052315631
2017-10-11,4.77,24147000000,115265703671
2017-10-12,4.78,24147000000,115320039119
2017-10-13,4.86,24147000000,117469116039
2017-10-16,4.95,24147000000,119485388329
2017-10-17,4.94,24147000000,119376728947
2017-10-18,4.94,24147000000,119274103000
2017-10-19,4.95,24147000000,119406919145
2017-10-20,4.92,24147000000,118863610724
2017-10-23,4.92,24147000000,118694582461
2017-10-24,4.97,24147000000,119938149184
2017-10-25,4.84,24147000000,116907695802
2017-10-26,4.89,24147000000,118133162224
2017-10-27,5.05,24147000000,121857840474
2017-10-30,5.10,24147000000,123053116698
2017-10-31,5.17,24147000000,124846025276
2017-11-01,5.18,24147000000,125081455855
2017-11-02,5.15,24147000000,124320828671
2017-11-03,5.22,24147000000,125980932618
2017-11-06,5.24,24147000000,126548386289
2017-11-07,5.30,24147000000,127997204907
2017-11-08,5.23,24147000000,126264665211
2017-11-09,5.13,24147000000,123946548513
2017-11-10,5.40,24147000000,130478316434
2017-11-13,5.32,24147000000,128359418198
2017-11-14,5.35,24147000000,129295107079
2017-11-15,5.25,24147000000,126759671618
2017-11-16,5.29,24147000000,127743662513
2017-11-17,5.28,24147000000,127592746066
2017-11-20,5.35,24147000000,129234749711
2017-11-21,5.40,24147000000,130423980987
2017-11-22,5.37,24147000000,129747867934
2017-11-24,5.42,24147000000,130973322842
2017-11-27,5.35,24147000000,129270961829
2017-11-28,5.27,24147000000,127200354092
2017-11-29,4.91,24147000000,118573844697
2017-11-30,5.02,24147000000,121163604092
2017-12-01,4.94,24147000000,119334471881
2017-12-04,4.67,24147000000,112681977711
2017-12-05,4.69,24147000000,113333945513
2017-12-06,4.73,24147000000,114251534092
2017-12-07,4.80,24147000000,115899559658
2017-12-08,4.79,24147000000,115597726763
2017-12-11,4.87,24147000000,117511373105
2017-12-12,4.77,24147000000,115205334789
2017-12-13,4.65,24147000000,112392211684
2017-12-14,4.66,24147000000,112567273381
2017-12-15,4.79,24147000000,115639983829
2017-12-18,4.95,24147000000,119467288027
2017-12-19,4.90,24147000000,118386704618
2017-12-20,4.92,24147000000,118803241842
2017-12-21,4.90,24147000000,118253899987
2017-12-22,4.88,24147000000,117879619829
2017-12-26,4.94,24147000000,119189588868
2017-12-27,4.93,24147000000,119026594039
2017-12-28,4.93,24147000000,119165443618
2017-12-29,4.84,24147000000,116811114803
2018-01-02,4.98,24147000000,120342608026
2018-01-03,5.31,24147000000,128262825684
2018-01-04,5.34,24147000000,128938938736
2018-01-05,5.39,24147000000,130031600527
2018-01-08,5.55,24147000000,134015854606
2018-01-09,5.55,24147000000,133979630974
2018-01-10,5.59,24147000000,135030024184
2018-01-11,5.60,24147000000,135271499711
2018-01-12,5.57,24147000000,134607453526
2018-01-16,5.50,24147000000,132874902316
2018-01-17,5.62,24147000000,135657846737
2018-01-18,5.61,24147000000,135488818474
2018-01-19,5.75,24147000000,138911652316
2018-01-22,5.84,24147000000,141072807618
2018-01-23,5.97,24147000000,144223998764
2018-01-24,5.89,24147000000,142346564539
2018-01-25,5.91,24147000000,142678587632
2018-01-26,6.08,24147000000,146892238855
2018-01-29,6.17,24147000000,149017170526
2018-01-30,6.07,24147000000,146523992131
2018-01-31,6.14,24147000000,148383314539
2018-02-01,6.01,24147000000,145183832894
2018-02-02,5.84,24147000000,140970181671
2018-02-05,5.34,24147000000,129005352566
2018-02-06,5.64,24147000000,136177009908
2018-02-07,5.72,24147000000,138120834934
2018-02-08,5.44,24147000000,131311390882
2018-02-09,5.80,24147000000,140100895105
2018-02-12,5.70,24147000000,137656007210
2018-02-13,5.82,24147000000,140432918198
2018-02-14,6.04,24147000000,145739219697
2018-02-15,6.16,24147000000,148805885197
2018-02-16,6.10,24147000000,147200116698
2018-02-20,6.23,24147000000,150363374711
2018-02-21,6.04,24147000000,145793543631
2018-02-22,6.05,24147000000,146179902171
2018-02-23,6.15,24147000000,148461795237
2018-02-26,6.16,24147000000,148854187211
2018-02-27,6.15,24147000000,148540275935
2018-02-28,6.05,24147000000,146089354606
2018-03-01,5.81,24147000000,140179375803
2018-03-02,5.91,24147000000,142793280447
2018-03-05,5.89,24147000000,142256016974
2018-03-06,6.05,24147000000,146185935605
2018-03-07,6.05,24147000000,145992762092
2018-03-08,6.03,24147000000,145594336684
2018-03-09,6.13,24147000000,148099593461
2018-03-12,6.24,24147000000,150773866987
2018-03-13,6.19,24147000000,149536333697
2018-03-14,6.22,24147000000,150158122816
2018-03-15,6.23,24147000000,150520324592
2018-03-16,6.26,24147000000,151208516026
2018-03-19,6.03,24147000000,145485677303
2018-03-20,6.24,24147000000,150665207605
2018-03-21,6.21,24147000000,150049463435
2018-03-22,6.05,24147000000,145998795526
2018-03-23,5.82,24147000000,140638170093
2018-03-26,6.11,24147000000,147586463724
2018-03-27,5.64,24147000000,136140786276
2018-03-28,5.53,24147000000,133623462632
2018-03-29,5.79,24147000000,139805095645
2018-04-02,5.53,24147000000,133442355987
2018-04-03,5.63,24147000000,136038160329
2018-04-04,5.66,24147000000,136575435316
2018-04-05,5.53,24147000000,133641574448
2018-04-06,5.36,24147000000,129337364144
2018-04-09,5.39,24147000000,130037633961
2018-04-10,5.70,24147000000,137583571461
2018-04-11,5.66,24147000000,136575435316
2018-04-12,5.86,24147000000,141622149473
2018-04-13,5.79,24147000000,139750760197
2018-04-16,5.79,24147000000,139744726763
2018-04-17,5.94,24147000000,143396957750
2018-04-18,5.91,24147000000,142690654500
2018-04-19,5.73,24147000000,138265717947
2018-04-20,5.72,24147000000,138066511000
2018-04-23,5.60,24147000000,135150761948
2018-04-24,5.53,24147000000,133532915066
2018-04-25,5.42,24147000000,130792227711
2018-04-26,5.63,24147000000,135959679631
2018-04-27,5.66,24147000000,136629759250
2018-04-30,5.62,24147000000,135766506118
2018-05-01,5.68,24147000000,137118743737
2018-05-02,5.66,24147000000,136617692382
2018-05-03,5.82,24147000000,140650236960
2018-05-04,5.98,24147000000,144314546329
2018-05-07,6.22,24147000000,150121899184
2018-05-08,6.26,24147000000,151160225527
2018-05-09,6.39,24147000000,154407986157
2018-05-10,6.50,24147000000,157033980698
2018-05-11,6.36,24147000000,153653392407
2018-05-14,6.38,24147000000,154154443763
2018-05-15,6.14,24147000000,148238431526
2018-05-16,6.15,24147000000,148510085737
2018-05-17,6.19,24147000000,149536333697
2018-05-18,6.15,24147000000,148467828671
2018-05-21,6.11,24147000000,147441580710
2018-05-22,6.07,24147000000,146511925263
2018-05-23,6.19,24147000000,149433707750
2018-05-24,6.19,24147000000,149524255315
2018-05-25,6.23,24147000000,150484100960
2018-05-29,6.21,24147000000,150067563736
2018-05-30,6.32,24147000000,152723736960
2018-05-31,6.30,24147000000,152240797421
2018-06-01,6.44,24147000000,155518748250
2018-06-04,6.62,24147000000,159883327435
2018-06-05,6.63,24147000000,160016132066
2018-06-06,6.63,24147000000,160064422565
2018-06-07,6.57,24147000000,158706163027
2018-06-08,6.56,24147000000,158331882869
2018-06-11,6.52,24147000000,157329780158
2018-06-12,6.56,24147000000,158512978000
2018-06-13,6.56,24147000000,158404318618
2018-06-14,6.67,24147000000,161126894158
2018-06-15,6.63,24147000000,160130824881
2018-06-18,6.63,24147000000,160028210448
2018-06-19,6.50,24147000000,157058125947
2018-06-20,6.56,24147000000,158349994685
2018-06-21,6.43,24147000000,155210881921
2018-06-22,6.27,24147000000,151492237105
2018-06-25,5.98,24147000000,144350769961
2018-06-26,6.05,24147000000,146083309658
2018-06-27,5.89,24147000000,142298274040
2018-06-28,6.02,24147000000,145401163171
2018-06-29,5.92,24147000000,143010610724
2018-07-02,6.06,24147000000,146234237619
2018-07-03,5.92,24147000000,142974387092
2018-07-05,6.07,24147000000,146530037079
2018-07-06,6.18,24147000000,149306936553
2018-07-09,6.23,24147000000,150465989144
2018-07-10,6.33,24147000000,152880698356
2018-07-11,6.19,24147000000,149427674316
2018-07-12,6.28,24147000000,151661265368
2018-07-13,6.23,24147000000,150508246210
2018-07-16,6.20,24147000000,149832133158
2018-07-17,6.34,24147000000,153146307618
2018-07-18,6.29,24147000000,151944997961
2018-07-19,6.30,24147000000,152144204907
2018-07-20,6.27,24147000000,151456024987
2018-07-23,6.24,24147000000,150562581658
2018-07-24,6.22,24147000000,150140011000
2018-07-25,6.30,24147000000,152047623908
2018-07-26,6.37,24147000000,153840532486
2018-07-27,6.30,24147000000,152138171474
2018-07-30,6.10,24147000000,147375178395
2018-07-31,6.12,24147000000,147815860868
2018-08-01,6.16,24147000000,148787773381
2018-08-02,6.27,24147000000,151293030158
2018-08-03,6.30,24147000000,152186461973
2018-08-06,6.35,24147000000,153351559513
2018-08-07,6.42,24147000000,155114289408
2018-08-08,6.46,24147000000,156001687789
2018-08-09,6.41,24147000000,154818489947
2018-08-10,6.37,24147000000,153810353803
2018-08-13,6.40,24147000000,154613238052
2018-08-14,6.54,24147000000,157818753131
2018-08-15,6.48,24147000000,156400124711
2018-08-16,6.44,24147000000,155410088868
2018-08-17,6.12,24147000000,147791715619
2018-08-20,6.20,24147000000,149614814395
2018-08-21,6.33,24147000000,152922955421
2018-08-22,6.57,24147000000,158657861013
2018-08-23,6.67,24147000000,161084637092
2018-08-24,6.81,24147000000,164332409237
2018-08-27,6.90,24147000000,166553933421
2018-08-28,6.86,24147000000,165636344842
2018-08-29,6.96,24147000000,168117456369
2018-08-30,6.95,24147000000,167706952579
2018-08-31,7.02,24147000000,169439503790
2018-09-04,7.09,24147000000,171262602566
2018-09-05,6.96,24147000000,168075187789
2018-09-06,6.82,24147000000,164634242131
2018-09-07,6.80,24147000000,164115090474
2018-09-10,6.87,24147000000,165847630171
2018-09-11,6.82,24147000000,164682544145
2018-09-12,6.70,24147000000,161905633158
2018-09-13,6.78,24147000000,163801179198
2018-09-14,6.91,24147000000,166873878131
2018-09-17,6.85,24147000000,165364690631
2018-09-18,6.78,24147000000,163607994171
2018-09-19,6.80,24147000000,164187526224
2018-09-20,6.66,24147000000,160746580566
2018-09-21,6.59,24147000000,159038174605
2018-09-24,6.64,24147000000,160396445658
2018-09-25,6.71,24147000000,162032404355
2018-09-26,6.67,24147000000,161132927592
2018-09-27,6.68,24147000000,161422693618
2018-09-28,7.03,24147000000,169644744171
2018-10-01,7.23,24147000000,174679402974
2018-10-02,7.16,24147000000,172940818329
2018-10-03,7.17,24147000000,173091734776
2018-10-04,6.98,24147000000,168600395908
2018-10-05,6.75,24147000000,162907735868
2018-10-08,6.64,24147000000,160438702724
2018-10-09,6.64,24147000000,160299864658
2018-10-10,6.14,24147000000,148316912224
2018-10-11,5.88,24147000000,141942105698
2018-10-12,6.16,24147000000,148830030447
2018-10-15,5.88,24147000000,142093022145
2018-10-16,6.15,24147000000,148401426355
2018-10-17,6.08,24147000000,146729244026
2018-10-18,5.99,24147000000,144598267407
2018-10-19,5.73,24147000000,138344198645
2018-10-22,5.78,24147000000,139581731934
2018-10-23,5.53,24147000000,133448400935
2018-10-24,4.99,24147000000,120378831658
2018-10-25,5.20,24147000000,125467814395
2018-10-26,4.96,24147000000,119702718606
2018-10-29,4.64,24147000000,112054155158
2018-10-30,5.07,24147000000,122546020394
2018-10-31,5.27,24147000000,127272801355
2018-11-01,5.45,24147000000,131667559224
2018-11-02,5.37,24147000000,129741834500
2018-11-05,5.29,24147000000,127840255026
2018-11-06,5.28,24147000000,127411650935
2018-11-07,5.34,24147000000,129059676500
2018-11-08,5.15,24147000000,124351018869
2018-11-09,5.14,24147000000,124157833842
2018-11-12,4.74,24147000000,114420562356
2018-11-13,4.98,24147000000,120318462776
2018-11-14,4.93,24147000000,119038672421
2018-11-15,5.06,24147000000,122177785184
2018-11-16,4.11,24147000000,99262285040
2018-11-19,3.62,24147000000,87351774112
2018-11-20,3.73,24147000000,89995868954
2018-11-21,3.62,24147000000,87357807546
2018-11-23,3.63,24147000000,87532875000
2018-11-26,3.83,24147000000,92392460592
2018-11-27,3.84,24147000000,92802958625
2018-11-28,4.00,24147000000,96630257066
2018-11-29,3.93,24147000000,94994298368
2018-11-30,4.09,24147000000,98658607737
2018-12-03,4.25,24147000000,102648895250
2018-12-04,3.93,24147000000,94843381921
2018-12-06,3.96,24147000000,95555718606
2018-12-07,3.69,24147000000,89108464816
2018-12-10,3.80,24147000000,91674084717
2018-12-11,3.70,24147000000,89458599724
2018-12-12,3.72,24147000000,89887209573
2018-12-13,3.72,24147000000,89881170382
2018-12-14,3.66,24147000000,88408206513
2018-12-17,3.59,24147000000,86675655303
2018-12-18,3.67,24147000000,88704005974
2018-12-19,3.46,24147000000,83615023237
2018-12-20,3.38,24147000000,81556493882
2018-12-21,3.24,24147000000,78218168414
2018-12-24,3.18,24147000000,76715020105
2018-12-26,3.33,24147000000,80349145033
2018-12-27,3.28,24147000000,79184047493
2018-12-28,3.34,24147000000,80681162368
2018-12-31,3.34,24147000000,80590614803
2019-01-02,3.41,24147000000,82232606934
2019-01-03,3.20,24147000000,77264361960
2019-01-04,3.40,24147000000,82214500875
2019-01-07,3.59,24147000000,86566995921
2019-01-08,3.50,24147000000,84411874053
2019-01-09,3.56,24147000000,86071983757
2019-01-10,3.63,24147000000,87671718822
2019-01-11,3.72,24147000000,89844952507
2019-01-14,3.76,24147000000,90816865020
2019-01-15,3.75,24147000000,90472775059
2019-01-16,3.72,24147000000,89850985941
2019-01-17,3.79,24147000000,91589570585
2019-01-18,3.92,24147000000,94734716783
2019-01-22,3.72,24147000000,89808728875
2019-01-23,3.73,24147000000,90122640151
2019-01-24,3.95,24147000000,95284064395
2019-01-25,4.00,24147000000,96678547565
2019-01-28,3.45,24147000000,83313184585
2019-01-29,3.29,24147000000,79443629079
2019-01-30,3.43,24147000000,82938910184
2019-01-31,3.59,24147000000,86778281250
2019-02-01,3.62,24147000000,87369880171
2019-02-04,3.73,24147000000,90056237836
2019-02-05,3.75,24147000000,90521065559
2019-02-06,3.83,24147000000,92362276151
2019-02-07,3.69,24147000000,88993766243
2019-02-08,3.70,24147000000,89446527099
2019-02-11,3.66,24147000000,88408206513
2019-02-12,3.78,24147000000,91257547493
2019-02-13,3.82,24147000000,92289834645
2019-02-14,3.86,24147000000,93285898165
2019-02-15,3.93,24147000000,94982225744
2019-02-19,3.92,24147000000,94559649329
2019-02-20,3.96,24147000000,95712668487
2019-02-21,3.89,24147000000,94034452724
2019-02-22,3.98,24147000000,96099021270
2019-02-25,3.97,24147000000,95797188375
2019-02-26,3.93,24147000000,94837342730
2019-02-27,3.89,24147000000,93817133961
2019-02-28,3.86,24147000000,93122903335
2019-03-01,3.91,24147000000,94444956513
2019-03-04,3.92,24147000000,94644169217
2019-03-05,3.91,24147000000,94487213579
2019-03-06,3.80,24147000000,91788783289
2019-03-07,3.73,24147000000,90104528335
2019-03-08,3.77,24147000000,90937602783
2019-03-11,4.03,24147000000,97276191434
2019-03-12,4.06,24147000000,98109265882
2019-03-13,4.22,24147000000,101791675552
2019-03-14,4.14,24147000000,99944431526
2019-03-15,4.25,24147000000,102510057185
2019-03-18,4.22,24147000000,101990894013
2019-03-19,4.39,24147000000,106071729092
2019-03-20,4.36,24147000000,105280923224
2019-03-21,4.60,24147000000,111039974065
2019-03-22,4.44,24147000000,107152312500
2019-03-25,4.34,24147000000,104906643066
2019-03-26,4.42,24147000000,106771998908
2019-03-27,4.41,24147000000,106548635197
2019-03-28,4.43,24147000000,107001396053
2019-03-29,4.49,24147000000,108395879223
2019-04-01,4.56,24147000000,110037882869
2019-04-02,4.57,24147000000,110472520394
2019-04-03,4.72,24147000000,113865175552
2019-04-04,4.71,24147000000,113647856790
2019-04-05,4.77,24147000000,115271737105
2019-04-08,4.79,24147000000,115778833408
2019-04-09,4.73,24147000000,114251534092
2019-04-10,4.80,24147000000,115965961973
2019-04-11,4.79,24147000000,115627905447
2019-04-12,4.75,24147000000,114704283434
2019-04-15,4.62,24147000000,111498768355
2019-04-16,4.71,24147000000,113617666592
2019-04-17,4.68,24147000000,113062291303
2019-04-18,4.66,24147000000,112464647434
2019-04-22,4.71,24147000000,113774627987
2019-04-23,4.77,24147000000,115102708842
2019-04-24,4.78,24147000000,115404553250
2019-04-25,4.67,24147000000,112832894158
2019-04-26,4.45,24147000000,107508480842
2019-04-29,4.48,24147000000,108257041158
2019-04-30,4.53,24147000000,109265177303
2019-05-01,4.51,24147000000,108945232593
2019-05-02,4.58,24147000000,110587224724
2019-05-03,4.58,24147000000,110478565342
2019-05-06,4.50,24147000000,108570952435
2019-05-07,4.33,24147000000,104502184224
2019-05-08,4.35,24147000000,104991157197
2019-05-09,4.25,24147000000,102739442815
2019-05-10,4.22,24147000000,101912413316
2019-05-13,3.96,24147000000,95652305362
2019-05-14,4.05,24147000000,97819499856
2019-05-15,3.99,24147000000,96334457605
2019-05-16,4.00,24147000000,96702692815
2019-05-17,3.91,24147000000,94493247013
2019-05-20,3.79,24147000000,91607682401
2019-05-21,3.88,24147000000,93605842875
2019-05-22,3.81,24147000000,91879336612
2019-05-23,3.68,24147000000,88933403119
2019-05-24,3.63,24147000000,87623428323
2019-05-28,3.58,24147000000,86524738855
2019-05-29,3.51,24147000000,84719751895
2019-05-30,3.48,24147000000,83977230770
2019-05-31,3.39,24147000000,81773812644
2019-06-03,3.34,24147000000,80759643066
2019-06-04,3.58,24147000000,86325526151
2019-06-05,3.53,24147000000,85287205566
2019-06-06,3.59,24147000000,86796393066
2019-06-07,3.64,24147000000,87834713651
2019-06-10,3.71,24147000000,89603482737
2019-06-11,3.77,24147000000,91004005099
2019-06-12,3.65,24147000000,88257284309
2019-06-13,3.71,24147000000,89500856790
2019-06-14,3.62,24147000000,87315550480
2019-06-17,3.63,24147000000,87550986816
2019-06-18,3.82,24147000000,92289834645
2019-06-19,3.83,24147000000,92434717658
2019-06-20,3.85,24147000000,93026316579
2019-06-21,3.79,24147000000,91613715835
2019-06-24,3.82,24147000000,92157024256
2019-06-25,3.79,24147000000,91444687572
2019-06-26,3.98,24147000000,96141278335
2019-06-27,4.08,24147000000,98537869974
2019-06-28,4.11,24147000000,99141547276
2019-07-01,4.15,24147000000,100312678250
2019-07-02,4.06,24147000000,97934192671
2019-07-03,4.07,24147000000,98248103947
2019-07-05,4.01,24147000000,96726849579
2019-07-08,3.93,24147000000,94903745046
2019-07-09,3.93,24147000000,94964113928
2019-07-10,4.00,24147000000,96624223632
2019-07-11,4.16,24147000000,100379080566
2019-07-12,4.19,24147000000,101181964816
2019-07-15,4.18,24147000000,100976712921
2019-07-16,4.18,24147000000,100862020105
2019-07-17,4.24,24147000000,102449688303
2019-07-18,4.25,24147000000,102733409381
2019-07-19,4.21,24147000000,101683016171
2019-07-22,4.28,24147000000,103421600816
2019-07-23,4.39,24147000000,106041550408
2019-07-24,4.47,24147000000,107852570802
2019-07-25,4.33,24147000000,104665167539
2019-07-26,4.38,24147000000,105685382066
2019-07-29,4.37,24147000000,105534465619
2019-07-30,4.39,24147000000,105914779211
2019-07-31,4.22,24147000000,101852044434
2019-08-01,4.12,24147000000,99558084500
2019-08-02,4.03,24147000000,97306370118
2019-08-05,3.77,24147000000,91028156106
2019-08-06,3.81,24147000000,91969884177
2019-08-07,3.85,24147000000,92899545382
2019-08-08,3.96,24147000000,95537606790
2019-08-09,3.85,24147000000,93074612836
2019-08-12,3.79,24147000000,91426581513
2019-08-13,3.90,24147000000,94203480987
2019-08-14,3.75,24147000000,90593507066
2019-08-15,3.72,24147000000,89808728875
2019-08-16,3.99,24147000000,96322384980
2019-08-19,4.27,24147000000,103095611157
2019-08-20,4.20,24147000000,101338926211
2019-08-21,4.28,24147000000,103367265368
2019-08-22,4.29,24147000000,103518193329
2019-08-23,4.06,24147000000,98060963868
2019-08-26,4.14,24147000000,99878029211
2019-08-27,4.05,24147000000,97674616842
2019-08-28,4.03,24147000000,97324481934
2019-08-29,4.18,24147000000,100813729606
2019-08-30,4.19,24147000000,101121595934
2019-09-03,4.10,24147000000,99105323645
2019-09-04,4.22,24147000000,101876189684
2019-09-05,4.49,24147000000,108504550119
2019-09-06,4.47,24147000000,107846537368
2019-09-09,4.51,24147000000,108963332894
2019-09-10,4.58,24147000000,110581191290
2019-09-11,4.61,24147000000,111275416158
2019-09-12,4.61,24147000000,111239192526
2019-09-13,4.55,24147000000,109832630974
2019-09-16,4.51,24147000000,108788271197
2019-09-17,4.53,24147000000,109307434369
2019-09-18,4.50,24147000000,108649421618
2019-09-19,4.42,24147000000,106814255974
2019-09-20,4.32,24147000000,104248630315
2019-09-23,4.37,24147000000,105546532486
2019-09-24,4.31,24147000000,104152049316
2019-09-25,4.46,24147000000,107592994974
2019-09-26,4.43,24147000000,107055719986
2019-09-27,4.29,24147000000,103687221592
2019-09-30,4.35,24147000000,105081704763
2019-10-01,4.35,24147000000,105039447697
2019-10-02,4.33,24147000000,104459927158
2019-10-03,4.53,24147000000,109452317382
2019-10-04,4.55,24147000000,109850742790
2019-10-07,4.61,24147000000,111275416158
2019-10-08,4.43,24147000000,106989317671
2019-10-09,4.52,24147000000,109090104092
2019-10-10,4.58,24147000000,110490632210
2019-10-11,4.65,24147000000,112277518869
2019-10-14,4.66,24147000000,112603497013
2019-10-15,4.91,24147000000,118543654500
2019-10-16,4.86,24147000000,117239718894
2019-10-17,4.86,24147000000,117288020908
2019-10-18,4.76,24147000000,114994049460
2019-10-21,4.90,24147000000,118326335737
2019-10-22,4.89,24147000000,118084871724
2019-10-23,4.88,24147000000,117770960448
2019-10-24,4.92,24147000000,118839465474
2019-10-25,5.11,24147000000,123475687356
2019-10-28,5.17,24147000000,124833958408
2019-10-29,5.07,24147000000,122497729895
2019-10-30,5.07,24147000000,122546020394
2019-10-31,5.03,24147000000,121350744171
2019-11-01,5.06,24147000000,122298522948
2019-11-04,5.26,24147000000,127073582894
2019-11-05,5.24,24147000000,126536319421
2019-11-06,5.19,24147000000,125341043198
2019-11-07,5.21,24147000000,125769647289
2019-11-08,5.19,24147000000,125431590763
2019-11-11,5.20,24147000000,125673066290
2019-11-12,5.24,24147000000,126536319421
2019-11-13,5.21,24147000000,125908496869
2019-11-14,5.24,24147000000,126644978803
2019-11-15,5.10,24147000000,123264402027
2019-11-18,5.31,24147000000,128148132869
2019-11-19,5.20,24147000000,125558361960
2019-11-20,5.28,24147000000,127484086684
2019-11-21,5.25,24147000000,126880409381
2019-11-22,5.27,24147000000,127309024987
2019-11-25,5.53,24147000000,133538948500
2019-11-26,5.43,24147000000,130997479606
2019-11-27,5.46,24147000000,131746028408
2019-11-29,5.42,24147000000,130840518210
2019-12-02,5.23,24147000000,126318989144
2019-12-03,5.19,24147000000,125359155014
2019-12-04,5.24,24147000000,126421615092
2019-12-05,5.22,24147000000,126011122816
2019-12-06,5.30,24147000000,128081719039
2019-12-09,5.30,24147000000,128081719039
2019-12-10,5.35,24147000000,129174380829
2019-12-11,5.43,24147000000,131202719986
2019-12-12,5.60,24147000000,135265454763
2019-12-13,5.60,24147000000,135217164263
2019-12-16,5.63,24147000000,135917422565
2019-12-17,5.71,24147000000,137812968606
2019-12-18,5.74,24147000000,138549450540
2019-12-19,5.89,24147000000,142141312644
2019-12-20,5.98,24147000000,144501686408
2019-12-23,5.97,24147000000,144169663316
2019-12-24,5.97,24147000000,144048925552
2019-12-26,5.98,24147000000,144393027027
2019-12-27,5.92,24147000000,142992498908
2019-12-30,5.81,24147000000,140245778119
2019-12-31,5.88,24147000000,142044731645
2020-01-02,6.00,24147000000,144827664552
2020-01-03,5.90,24147000000,142509559369
2020-01-06,5.93,24147000000,143107191723
2020-01-07,6.00,24147000000,144839742934
2020-01-08,6.01,24147000000,145111397145
2020-01-09,6.08,24147000000,146705098776
2020-01-10,6.11,24147000000,147489871210
2020-01-13,6.30,24147000000,152114026224
2020-01-14,6.18,24147000000,149276757869
2020-01-15,6.14,24147000000,148244464960
2020-01-16,6.22,24147000000,150272815631
2020-01-17,6.23,24147000000,150484100960
2020-01-21,6.20,24147000000,149675183277
2020-01-22,6.25,24147000000,150985152316
2020-01-23,6.32,24147000000,152645256263
2020-01-24,6.26,24147000000,151208516026
2020-01-27,6.01,24147000000,145002737763
2020-01-28,6.20,24147000000,149693295093
2020-01-29,6.14,24147000000,148226364658
2020-01-30,6.15,24147000000,148389347973
2020-01-31,5.91,24147000000,142726878131
2020-02-03,6.01,24147000000,145081218461
2020-02-04,6.18,24147000000,149186198789
2020-02-05,6.27,24147000000,151377544290
2020-02-06,6.36,24147000000,153484364144
2020-02-07,6.29,24147000000,151878595645
2020-02-10,6.57,24147000000,158748420093
2020-02-11,6.70,24147000000,161718493079
2020-02-12,6.81,24147000000,164525582750
2020-02-13,6.77,24147000000,163463111157
2020-02-14,7.24,24147000000,174938978803
2020-02-18,7.41,24147000000,179031892263
2020-02-19,7.87,24147000000,189976518355
2020-02-20,7.72,24147000000,186354477566
2020-02-21,7.35,24147000000,177522704763
2020-02-24,6.83,24147000000,164972298657
2020-02-25,6.55,24147000000,158193033289
2020-02-26,6.69,24147000000,161573610065
2020-02-27,6.32,24147000000,152488306382
2020-02-28,6.75,24147000000,163034507066
2020-03-02,6.91,24147000000,166873878131
2020-03-03,6.65,24147000000,160511149987
2020-03-04,7.11,24147000000,171751575540
2020-03-05,6.83,24147000000,164978343606
2020-03-06,6.65,24147000000,160601697553
2020-03-09,6.14,24147000000,148165995777
2020-03-10,6.53,24147000000,157607467803
2020-03-11,6.16,24147000000,148787773381
2020-03-12,5.41,24147000000,130580942382
2020-03-13,6.02,24147000000,145389084789
2020-03-16,4.91,24147000000,118561766315
2020-03-17,5.43,24147000000,131160462921
2020-03-18,5.07,24147000000,122437361013
2020-03-19,5.32,24147000000,128564670093
2020-03-20,5.14,24147000000,124206135856
2020-03-23,5.32,24147000000,128395630315
2020-03-24,6.23,24147000000,150423732079
2020-03-25,6.14,24147000000,148274655158
2020-03-26,6.43,24147000000,155289362619
2020-03-27,6.32,24147000000,152566787079
2020-03-30,6.64,24147000000,160330043342
2020-03-31,6.59,24147000000,159128733685
2020-04-01,6.08,24147000000,146735277460
2020-04-02,6.39,24147000000,154220857593
2020-04-03,6.10,24147000000,147242373764
2020-04-06,6.71,24147000000,162026370921
2020-04-07,6.48,24147000000,156369934513
2020-04-08,6.67,24147000000,161151039408
2020-04-09,6.57,24147000000,158736341711
2020-04-13,6.75,24147000000,162901702435
2020-04-14,7.10,24147000000,171413519013
2020-04-15,7.02,24147000000,169536084789
2020-04-16,7.37,24147000000,177903018355
2020-04-17,7.31,24147000000,176466278119
2020-04-20,7.18,24147000000,173284908289
2020-04-21,6.74,24147000000,162696450540
2020-04-22,7.15,24147000000,172741599868
2020-04-23,7.10,24147000000,171449731131
2020-04-24,7.24,24147000000,174818241039
2020-04-27,7.43,24147000000,179339770105
2020-04-28,7.28,24147000000,175886746066
2020-04-29,7.46,24147000000,180172844553
2020-04-30,7.31,24147000000,176442132869
2020-05-01,7.07,24147000000,170707215763
2020-05-04,7.28,24147000000,175844489000
2020-05-05,7.34,24147000000,177323497816
2020-05-06,7.44,24147000000,179768374197
2020-05-07,7.62,24147000000,184042394302
2020-05-08,7.81,24147000000,188648437500
2020-05-11,8.07,24147000000,194757634764
2020-05-12,7.80,24147000000,188406961973
2020-05-13,7.78,24147000000,187863665066
2020-05-14,8.03,24147000000,193912493448
2020-05-15,8.49,24147000000,205026147803
2020-05-18,8.75,24147000000,211292283434
2020-05-19,8.81,24147000000,212626409237
2020-05-20,8.97,24147000000,216598596448
2020-05-21,8.78,24147000000,211895972251
2020-05-22,9.03,24147000000,217956855987
2020-05-26,8.72,24147000000,210507499486
2020-05-27,8.53,24147000000,205859222251
2020-05-28,8.49,24147000000,204935600238
2020-05-29,8.88,24147000000,214316691868
2020-06-01,8.81,24147000000,212644509539
2020-06-02,8.83,24147000000,213103303828
2020-06-03,8.77,24147000000,211757111157
2020-06-04,8.77,24147000000,211684686922
2020-06-05,8.92,24147000000,215391241842
2020-06-08,8.81,24147000000,212614342369
2020-06-09,9.05,24147000000,218433750578
2020-06-10,9.37,24147000000,226178906539
2020-06-11,8.80,24147000000,212403057040
2020-06-12,8.93,24147000000,215693074737
2020-06-15,9.17,24147000000,221518539408
2020-06-16,9.07,24147000000,218977058999
2020-06-17,9.24,24147000000,223021693474
2020-06-18,9.22,24147000000,222587055948
2020-06-19,9.26,24147000000,223631392696
2020-06-22,9.53,24147000000,230042422854
2020-06-23,9.45,24147000000,228189145394
2020-06-24,9.24,24147000000,223009626606
2020-06-25,9.49,24147000000,229155024473
2020-06-26,9.15,24147000000,221065778552
2020-06-29,9.20,24147000000,222152395394
2020-06-30,9.50,24147000000,229342176066
2020-07-01,9.53,24147000000,230120903552
2020-07-02,9.61,24147000000,232107008672
2020-07-06,9.84,24147000000,237588360354
2020-07-07,9.87,24147000000,238373144302
2020-07-08,10.22,24147000000,246685742420
2020-07-09,10.51,24147000000,253760818763
2020-07-10,10.48,24147000000,253042448645
2020-07-13,10.05,24147000000,242731678539
2020-07-14,10.38,24147000000,250573415500
2020-07-15,10.23,24147000000,246957408145
2020-07-16,10.13,24147000000,244723817093
2020-07-17,10.20,24147000000,246335619026
2020-07-20,10.51,24147000000,253803075829
2020-07-21,10.33,24147000000,249402284526
2020-07-22,10.44,24147000000,252064502698
2020-07-23,10.13,24147000000,244603079329
2020-07-24,10.19,24147000000,246166590763
2020-07-27,10.42,24147000000,251647965474
2020-07-28,10.22,24147000000,246673675552
2020-07-29,10.47,24147000000,252710425552
2020-07-30,10.61,24147000000,256296265738
2020-07-31,10.61,24147000000,256314366039
2020-08-03,11.01,24147000000,265864508961
2020-08-04,11.23,24147000000,271116475013
2020-08-05,11.29,24147000000,272541148381
2020-08-06,11.34,24147000000,273718312789
2020-08-07,11.20,24147000000,270434328526
2020-08-10,11.16,24147000000,269601254079
2020-08-11,10.85,24147000000,261994959211
2020-08-12,11.44,24147000000,276247726330
2020-08-13,11.44,24147000000,276314117131
2020-08-14,11.56,24147000000,279235911132
2020-08-17,12.34,24147000000,297901536421
2020-08-18,12.26,24147000000,296060325829
2020-08-19,12.14,24147000000,293108364658
2020-08-20,12.14,24147000000,293168722026
2020-08-21,12.68,24147000000,306268481501
2020-08-24,12.72,24147000000,307155879882
2020-08-25,12.75,24147000000,307874250000
2020-08-26,12.77,24147000000,308429625289
2020-08-27,12.63,24147000000,304934355698
2020-08-28,13.15,24147000000,317478716855
2020-08-31,13.37,24147000000,322954058132
2020-09-01,13.82,24147000000,333735689395
2020-09-02,14.35,24147000000,346424945080
2020-09-03,13.02,24147000000,314285280158
2020-09-04,12.62,24147000000,304795517632
2020-09-08,11.91,24147000000,287663213579
2020-09-09,12.72,24147000000,307029108685
2020-09-10,12.31,24147000000,297291837198
2020-09-11,12.16,24147000000,293736187211
2020-09-14,12.87,24147000000,310826211170
2020-09-15,12.99,24147000000,313693681237
2020-09-16,12.51,24147000000,302187623394
2020-09-17,12.46,24147000000,300956135053
2020-09-18,12.19,24147000000,294333819566
2020-09-21,12.52,24147000000,302254037224
2020-09-22,12.64,24147000000,305163741328
2020-09-23,12.12,24147000000,292752184802
2020-09-24,12.35,24147000000,298167145683
2020-09-25,12.87,24147000000,310862434802
2020-09-28,13.03,24147000000,314756141315
2020-09-29,13.23,24147000000,319362184513
2020-09-30,13.53,24147000000,326720993448
2020-10-01,13.61,24147000000,328749332605
2020-10-02,13.06,24147000000,315414154066
2020-10-05,13.64,24147000000,329425445658
2020-10-06,13.74,24147000000,331695260342
2020-10-07,13.96,24147000000,337188701921
2020-10-08,13.84,24147000000,334164293487
2020-10-09,13.76,24147000000,332329116328
2020-10-12,14.23,24147000000,343515217947
2020-10-13,14.25,24147000000,344052492934
2020-10-14,14.10,24147000000,340358004882
2020-10-15,13.97,24147000000,337333596448
2020-10-16,13.81,24147000000,333506280736
2020-10-19,13.50,24147000000,325930176066
2020-10-20,13.65,24147000000,329497892921
2020-10-21,13.52,24147000000,326582132355
2020-10-22,13.36,24147000000,322628068474
2020-10-23,13.59,24147000000,328163767118
2020-10-26,13.14,24147000000,317321755460
2020-10-27,13.40,24147000000,323491333119
2020-10-28,12.63,24147000000,304904165500
2020-10-29,13.02,24147000000,314490532053
2020-10-30,12.53,24147000000,302658507580
2020-11-02,12.58,24147000000,303787381488
2020-11-03,13.02,24147000000,314381861157
2020-11-04,13.79,24147000000,333089743512
2020-11-05,14.16,24147000000,341921516315
2020-11-06,14.56,24147000000,351628620632
2020-11-09,13.63,24147000000,329141713065
2020-11-10,12.77,24147000000,308357201054
2020-11-11,13.42,24147000000,324004451343
2020-11-12,13.46,24147000000,324940140224
2020-11-13,13.30,24147000000,321082657342
2020-11-16,13.52,24147000000,326352746724
2020-11-17,13.42,24147000000,324107065776
2020-11-18,13.43,24147000000,324264027171
2020-11-19,13.44,24147000000,324541726330
2020-11-20,13.09,24147000000,316029909751
2020-11-23,13.14,24147000000,317291588290
2020-11-24,12.96,24147000000,312890796988
2020-11-25,13.23,24147000000,319579503276
2020-11-27,13.26,24147000000,320219392696
2020-11-30,13.40,24147000000,323606014421
2020-12-01,13.39,24147000000,323328338290
2020-12-02,13.54,24147000000,327059049974
2020-12-03,13.40,24147000000,323473209789
2020-12-04,13.56,24147000000,327391073067
2020-12-07,13.61,24147000000,328562181012
2020-12-08,13.35,24147000000,322362459211
2020-12-09,12.93,24147000000,312238817671
2020-12-10,12.97,24147000000,313240920382
2020-12-11,13.01,24147000000,314230956224
2020-12-14,13.31,24147000000,321366389935
2020-12-15,13.36,24147000000,322616001606
2020-12-16,13.24,24147000000,319766654869
2020-12-17,13.34,24147000000,322151173882
2020-12-18,13.27,24147000000,320478991553
2020-12-21,13.33,24147000000,321933832091
2020-12-22,13.28,24147000000,320629896486
2020-12-23,13.01,24147000000,314134352197
2020-12-24,12.99,24147000000,313760072039
2020-12-28,12.90,24147000000,311496290789
2020-12-29,12.94,24147000000,312540650565
2020-12-30,13.15,24147000000,317430426355
2020-12-31,13.06,24147000000,315239092369
2021-01-04,13.11,24147000000,316651675841
2021-01-05,13.40,24147000000,323684495118
2021-01-06,12.61,24147000000,304602332605
2021-01-07,13.34,24147000000,322217564684
2021-01-08,13.28,24147000000,320593672854
2021-01-11,13.62,24147000000,328918360868
2021-01-12,13.48,24147000000,325616253276
2021-01-13,13.53,24147000000,326751160618
2021-01-14,13.20,24147000000,318746428828
2021-01-15,12.86,24147000000,310518344842
2021-01-19,13.03,24147000000,314520722251
2021-01-20,13.37,24147000000,322742772803
2021-01-21,13.87,24147000000,334858529869
2021-01-22,13.71,24147000000,331115728289
2021-01-25,13.65,24147000000,329685021486
2021-01-26,13.44,24147000000,324420988566
2021-01-27,12.92,24147000000,311924917909
2021-01-28,13.05,24147000000,315142488341
2021-01-29,12.99,24147000000,313663491039
2021-02-01,13.24,24147000000,319633850238
2021-02-02,13.56,24147000000,327354849435
2021-02-03,13.53,24147000000,326720993448
2021-02-04,13.66,24147000000,329950653777
2021-02-05,13.59,24147000000,328181867420
2021-02-08,14.44,24147000000,348652502698
2021-02-09,14.26,24147000000,344414706224
2021-02-10,14.76,24147000000,356512339960
2021-02-11,15.25,24147000000,368259850302
2021-02-12,14.96,24147000000,361269311119
2021-02-16,15.33,24147000000,370179541592
2021-02-17,14.91,24147000000,359935185316
2021-02-18,14.83,24147000000,358075874422
2021-02-19,14.93,24147000000,360430203238
2021-02-22,14.36,24147000000,346648297276
2021-02-23,14.14,24147000000,341486878790
2021-02-24,14.50,24147000000,350107343236
2021-02-25,13.31,24147000000,321336199737
2021-02-26,13.71,24147000000,331164041817
2021-03-01,13.84,24147000000,334236740750
2021-03-02,13.41,24147000000,323720718750
2021-03-03,12.80,24147000000,309196308935
2021-03-04,12.37,24147000000,298704420671
2021-03-05,12.46,24147000000,300907844553
2021-03-08,11.59,24147000000,279942214382
2021-03-09,12.52,24147000000,302326484488
2021-03-10,12.47,24147000000,301070839382
2021-03-11,12.99,24147000000,313754038605
2021-03-12,12.86,24147000000,310433830710
2021-03-15,13.19,24147000000,318529110065
2021-03-16,13.29,24147000000,320943819277
2021-03-17,13.34,24147000000,322151173882
2021-03-18,12.72,24147000000,307210203815
2021-03-19,12.85,24147000000,310186321750
2021-03-22,13.19,24147000000,318408372302
2021-03-23,13.07,24147000000,315619405961
2021-03-24,12.64,24147000000,305290512526
2021-03-25,12.54,24147000000,302688674749
2021-03-26,12.84,24147000000,310029360354
2021-03-29,12.95,24147000000,312661388329
2021-03-30,12.87,24147000000,310814144302
2021-03-31,13.35,24147000000,322320202146
2021-04-01,13.81,24147000000,333512337198
2021-04-05,13.99,24147000000,337756167106
2021-04-06,13.86,24147000000,334713635342
2021-04-07,14.14,24147000000,341523102422
2021-04-08,14.32,24147000000,345712608396
2021-04-09,14.40,24147000000,347716790789
2021-04-12,15.21,24147000000,367251714157
2021-04-13,15.68,24147000000,378612877473
2021-04-14,15.28,24147000000,368893729317
2021-04-15,16.14,24147000000,389666197489
2021-04-16,15.91,24147000000,384239146711
2021-04-19,15.36,24147000000,370940168776
2021-04-20,15.17,24147000000,366340182040
2021-04-21,15.36,24147000000,370910001606
2021-04-22,14.85,24147000000,358588992645
2021-04-23,15.27,24147000000,368609996724
2021-04-26,15.48,24147000000,373747258447
2021-04-27,15.38,24147000000,371423119829
2021-04-28,15.28,24147000000,368887672854
2021-04-29,15.32,24147000000,370046736960
2021-04-30,15.01,24147000000,362434385631
2021-05-03,14.84,24147000000,358263002987
2021-05-04,14.35,24147000000,346539626381
2021-05-05,14.46,24147000000,349129397289
2021-05-06,14.52,24147000000,350686875289
2021-05-07,14.81,24147000000,357671404066
2021-05-10,14.27,24147000000,344475063592
2021-05-11,14.31,24147000000,345453009539
2021-05-12,13.76,24147000000,332226501895
2021-05-13,13.67,24147000000,329974787513
2021-05-14,14.24,24147000000,343925721737
2021-05-17,14.17,24147000000,342054320947
2021-05-18,14.02,24147000000,338438313592
2021-05-19,14.07,24147000000,339645668198
2021-05-20,14.61,24147000000,352848042106
2021-05-21,14.99,24147000000,362005781539
2021-05-24,15.61,24147000000,376982975238
2021-05-25,15.65,24147000000,377846216855
2021-05-26,15.70,24147000000,379107895394
2021-05-27,15.49,24147000000,373988733974
2021-05-28,16.24,24147000000,392255922340
2021-06-01,16.26,24147000000,392738873394
2021-06-02,16.78,24147000000,405144396486
2021-06-03,16.97,24147000000,409768539986
2021-06-04,17.58,24147000000,424462024120
2021-06-07,17.62,24147000000,425445980473
2021-06-08,17.46,24147000000,421534196686
2021-06-09,17.36,24147000000,419149654644
2021-06-10,17.42,24147000000,420761456577
2021-06-11,17.83,24147000000,430426326857
2021-06-14,18.02,24147000000,435098737827
2021-06-15,17.79,24147000000,429538905447
2021-06-16,17.81,24147000000,430064090538
2021-06-17,18.66,24147000000,450516602486
2021-06-18,18.64,24147000000,450069898092
2021-06-21,18.43,24147000000,444962803539
2021-06-22,18.89,24147000000,456058334564
2021-06-23,19.06,24147000000,460175393274
2021-06-24,19.21,24147000000,463755200026
2021-06-25,19.03,24147000000,459541560316
2021-06-28,19.99,24147000000,482577809738
2021-06-29,20.03,24147000000,483585945883
2021-06-30,20.00,24147000000,483000380396
2021-07-01,20.21,24147000000,488059161421
2021-07-02,20.49,24147000000,494699577209
2021-07-06,20.70,24147000000,499806671762
2021-07-07,20.37,24147000000,491916644302
2021-07-08,19.90,24147000000,480591704618
2021-07-09,20.05,24147000000,484153365011
2021-07-12,20.51,24147000000,495315355923
2021-07-13,20.25,24147000000,488976750000
2021-07-14,19.84,24147000000,479112684288
2021-07-15,18.97,24147000000,457978025854
2021-07-16,18.16,24147000000,438533650051
2021-07-19,18.78,24147000000,453474643147
2021-07-20,18.61,24147000000,449423952209
2021-07-21,19.41,24147000000,468693266315
2021-07-22,19.59,24147000000,473136314684
2021-07-23,19.56,24147000000,472267039633
2021-07-26,19.29,24147000000,465892233107
2021-07-27,19.21,24147000000,463815580421
2021-07-28,19.50,24147000000,470938947264
2021-07-29,19.66,24147000000,474778329844
2021-07-30,19.50,24147000000,470842366264
2021-08-02,19.75,24147000000,476903250000
2021-08-03,19.82,24147000000,478472817896
2021-08-04,20.27,24147000000,489556282053
2021-08-05,20.64,24147000000,498321617998
2021-08-06,20.37,24147000000,491777783209
2021-08-09,20.30,24147000000,490063366842
2021-08-10,19.94,24147000000,481394611897
2021-08-11,19.70,24147000000,475671738630
2021-08-12,19.91,24147000000,480646051580
2021-08-13,20.19,24147000000,487479629368
2021-08-16,19.95,24147000000,481732668423
2021-08-17,19.46,24147000000,469852330421
2021-08-18,19.04,24147000000,459758902107
2021-08-19,19.80,24147000000,478062314106
2021-08-20,20.82,24147000000,502643951632
2021-08-23,21.96,24147000000,530219830421
2021-08-24,21.79,24147000000,526235553314
2021-08-25,22.21,24147000000,536377295156
2021-08-26,22.07,24147000000,532876015160
2021-08-27,22.64,24147000000,546591484262
2021-08-30,22.69,24147000000,547847129368
2021-08-31,22.39,24147000000,540530600527
2021-09-01,22.44,24147000000,541882826632
2021-09-02,22.40,24147000000,540796209789
2021-09-03,22.84,24147000000,551589930948
2021-09-07,22.66,24147000000,547219329844
2021-09-08,22.34,24147000000,539419849949
2021-09-09,22.18,24147000000,535508020105
2021-09-10,22.48,24147000000,542776281475
2021-09-13,22.15,24147000000,534904354317
2021-09-14,22.24,24147000000,537077588001
2021-09-15,22.34,24147000000,539468117420
2021-09-16,22.24,24147000000,537077588001
2021-09-17,21.90,24147000000,528819290789
2021-09-20,21.11,24147000000,509815632002
2021-09-21,21.25,24147000000,513027169001
2021-09-22,21.94,24147000000,529809326632
2021-09-23,22.48,24147000000,542872862474
2021-09-24,22.08,24147000000,533189891893
2021-09-27,21.66,24147000000,523024016315
2021-09-28,20.70,24147000000,499818738630
2021-09-29,20.52,24147000000,495424003790
2021-09-30,20.72,24147000000,500229242420
2021-10-01,20.74,24147000000,500857088001
2021-10-04,19.73,24147000000,476468612474
2021-10-05,20.45,24147000000,493830302158
2021-10-06,20.70,24147000000,499842918423
2021-10-07,21.08,24147000000,508898043423
2021-10-08,20.83,24147000000,503006141893
2021-10-11,20.69,24147000000,499722157631
2021-10-12,20.67,24147000000,499142625578
2021-10-13,20.94,24147000000,505614013103
2021-10-14,21.75,24147000000,525100669001
2021-10-15,21.86,24147000000,527901702209
2021-10-18,22.22,24147000000,536594636948
2021-10-19,22.29,24147000000,538236652107
2021-10-20,22.10,24147000000,533721156475
2021-10-21,22.69,24147000000,547943710367
2021-10-22,22.73,24147000000,548764717947
2021-10-25,23.17,24147000000,559389410843
2021-10-26,24.72,24147000000,596841376156
2021-10-27,24.45,24147000000,590418302158
2021-10-28,24.94,24147000000,602250326632
2021-10-29,25.57,24147000000,617366335367
2021-11-01,25.83,24147000000,623644560894
2021-11-02,26.40,24147000000,637504924524
2021-11-03,26.60,24147000000,642261895683
2021-11-04,29.80,24147000000,719604761370
2021-11-05,29.75,24147000000,718421563528
2021-11-08,30.80,24147000000,743824208633
2021-11-09,30.66,24147000000,740274569052
2021-11-10,29.46,24147000000,711346464157
2021-11-11,30.39,24147000000,733827315262
2021-11-12,30.39,24147000000,733827315262
2021-11-15,30.02,24147000000,725013665789
2021-11-16,30.20,24147000000,729311819630
2021-11-17,29.26,24147000000,706565359262
2021-11-18,31.67,24147000000,764856206577
2021-11-19,32.99,24147000000,796488809738
2021-11-22,31.96,24147000000,771641516893
2021-11-23,31.75,24147000000,766570669001
2021-11-24,32.67,24147000000,788979072842
2021-11-26,31.50,24147000000,760702947264
2021-11-29,33.38,24147000000,805930258736
2021-11-30,32.68,24147000000,789027340313
2021-12-01,31.43,24147000000,759060932104
2021-12-02,32.13,24147000000,775746508736
2021-12-03,30.69,24147000000,741143890160
2021-12-06,30.04,24147000000,725303454844
2021-12-07,32.43,24147000000,783014724049
2021-12-08,31.83,24147000000,768502427158
2021-12-09,30.49,24147000000,736242024473
2021-12-10,30.20,24147000000,729191104895
2021-12-13,28.16,24147000000,680003650051
2021-12-14,28.34,24147000000,684253536421
2021-12-15,30.46,24147000000,735493464157
2021-12-16,28.39,24147000000,685460867998
2021-12-17,27.80,24147000000,671310761370
2021-12-20,27.72,24147000000,669330689684
2021-12-21,29.08,24147000000,702074043423
2021-12-22,29.40,24147000000,709921790789
2021-12-23,29.64,24147000000,715717065262
2021-12-27,30.94,24147000000,747228907631
2021-12-28,30.32,24147000000,732185346159
2021-12-29,30.00,24147000000,724434133736
2021-12-30,29.59,24147000000,714413152685
2021-12-31,29.41,24147000000,710187400051
2022-01-03,30.12,24147000000,727331794001
2022-01-04,29.29,24147000000,707265652107
2022-01-05,27.60,24147000000,666553790211
2022-01-06,28.18,24147000000,680414153841
2022-01-07,27.25,24147000000,657933302736
2022-01-10,27.40,24147000000,661627790789
2022-01-11,27.82,24147000000,671697085367
2022-01-12,28.00,24147000000,676091866264
2022-01-13,26.58,24147000000,641706543423
2022-01-14,26.94,24147000000,650568460367
2022-01-18,25.90,24147000000,625479738052
2022-01-19,25.07,24147000000,605292835367
2022-01-20,24.15,24147000000,583150040789
2022-01-21,23.37,24147000000,564411991264
2022-01-24,23.37,24147000000,564363677736
2022-01-25,22.32,24147000000,539057613630
2022-01-26,22.77,24147000000,549875468525
2022-01-27,21.94,24147000000,529881773895
2022-01-28,22.84,24147000000,551517483685
2022-01-31,24.49,24147000000,591263443474
2022-02-01,24.64,24147000000,594933797791
2022-02-02,25.24,24147000000,609518588001
2022-02-03,23.95,24147000000,578272354895
2022-02-04,24.32,24147000000,587230898895
2022-02-07,24.73,24147000000,597107031475
2022-02-08,25.11,24147000000,606282871210
2022-02-09,26.70,24147000000,644845633158
2022-02-10,25.82,24147000000,623572113630
2022-02-11,23.95,24147000000,578296488630
2022-02-14,24.27,24147000000,585975253790
2022-02-15,26.50,24147000000,639774785265
2022-02-16,26.51,24147000000,640161109262
2022-02-17,24.51,24147000000,591770528263
2022-02-18,23.64,24147000000,570883378790
2022-02-22,23.39,24147000000,564798315262
2022-02-23,22.39,24147000000,540578867998
2022-02-24,23.75,24147000000,573442936472
2022-02-25,24.16,24147000000,583319069052
2022-02-28,24.39,24147000000,588824600527
2022-03-01,23.48,24147000000,566899101683
2022-03-02,24.22,24147000000,584840323420
2022-03-03,23.71,24147000000,572621974949
2022-03-04,22.94,24147000000,553835611897
2022-03-07,21.35,24147000000,515586726683
2022-03-08,21.51,24147000000,519498556526
2022-03-09,23.01,24147000000,555719056526
2022-03-10,22.66,24147000000,547122748844
2022-03-11,22.10,24147000000,533648709211
2022-03-14,21.33,24147000000,515055508158
2022-03-15,22.97,24147000000,554729020683
2022-03-16,24.50,24147000000,591504919001
2022-03-17,24.77,24147000000,598024620054
2022-03-18,26.45,24147000000,638760569630
2022-03-21,26.73,24147000000,645545879946
2022-03-22,26.52,24147000000,640475032053
2022-03-23,25.63,24147000000,618984216791
2022-03-24,28.15,24147000000,679738040789
2022-03-25,27.69,24147000000,668678710367
2022-03-28,28.22,24147000000,681404189684
2022-03-29,28.66,24147000000,691956435316
2022-03-30,27.69,24147000000,668630442896
2022-03-31,27.29,24147000000,658875025051
2022-04-01,26.71,24147000000,645014661421
2022-04-04,27.36,24147000000,660661934738
2022-04-05,25.93,24147000000,626155851105
2022-04-06,24.41,24147000000,589355819052
2022-04-07,24.21,24147000000,584550580421
2022-04-08,23.12,24147000000,558254480473
2022-04-11,21.92,24147000000,529229794579
2022-04-12,21.50,24147000000,519257080999
2022-04-13,22.20,24147000000,536135819630
2022-04-14,21.26,24147000000,513316911999
2022-04-18,21.78,24147000000,525994123844
2022-04-19,22.20,24147000000,536015104895
2022-04-20,21.48,24147000000,518725862474
2022-04-21,20.18,24147000000,487358914633
2022-04-22,19.51,24147000000,471228690262
2022-04-25,19.90,24147000000,480573604317
2022-04-26,18.79,24147000000,453673838579
2022-04-27,18.42,24147000000,444667027107
2022-04-28,19.78,24147000000,477675944052
2022-04-29,18.55,24147000000,447854430370
2022-05-02,19.53,24147000000,471663373844
2022-05-03,19.60,24147000000,473329476683
2022-05-04,20.33,24147000000,491005089157
2022-05-05,18.84,24147000000,455026064684
2022-05-06,18.67,24147000000,450945206577
2022-05-09,16.95,24147000000,409291668423
2022-05-10,17.59,24147000000,424866448420
2022-05-11,16.63,24147000000,401564589735
2022-05-12,16.17,24147000000,390577706577
2022-05-13,17.71,24147000000,427546766893
2022-05-16,17.26,24147000000,416873806526
2022-05-17,18.18,24147000000,438920020105
2022-05-18,16.94,24147000000,409001879368
2022-05-19,17.12,24147000000,413493241264
2022-05-20,16.69,24147000000,403110023895
2022-05-23,16.90,24147000000,408036023317
2022-05-24,16.15,24147000000,390070621788
2022-05-25,16.98,24147000000,409895334211
2022-05-26,17.85,24147000000,431048092947
2022-05-27,18.81,24147000000,454229236897
2022-05-31,18.67,24147000000,450872805370
2022-06-01,18.32,24147000000,442373032631
2022-06-02,19.59,24147000000,473088001156
2022-06-03,18.72,24147000000,452031823420
2022-06-06,18.79,24147000000,453625525051
2022-06-07,18.93,24147000000,457006136370
2022-06-08,18.65,24147000000,450293273317
2022-06-09,18.05,24147000000,435805064106
2022-06-10,16.97,24147000000,409871200476
2022-06-13,15.65,24147000000,377828116553
2022-06-14,15.84,24147000000,382391902685
2022-06-15,16.53,24147000000,399077479317
2022-06-16,15.60,24147000000,376717342947
2022-06-17,15.88,24147000000,383454362763
2022-06-21,16.57,24147000000,400019201632
2022-06-22,16.36,24147000000,395044934738
2022-06-23,16.23,24147000000,391785084211
2022-06-24,17.13,24147000000,413541508736
2022-06-27,16.87,24147000000,407335730473
2022-06-28,15.98,24147000000,385917362474
2022-06-29,15.54,24147000000,375292669579
2022-06-30,15.16,24147000000,366044382580
2022-07-01,14.52,24147000000,350686875289
2022-07-05,14.96,24147000000,361335701921
2022-07-06,15.13,24147000000,365344112763
2022-07-07,15.86,24147000000,382923121210
2022-07-08,15.84,24147000000,382440193185
2022-07-11,15.15,24147000000,365875354317
2022-07-12,15.08,24147000000,364185048657
2022-07-13,15.16,24147000000,366165097315
2022-07-14,15.37,24147000000,371187677736
2022-07-15,15.76,24147000000,380605016026
2022-07-18,16.10,24147000000,388790842947
2022-07-19,16.99,24147000000,410305838001
2022-07-20,17.81,24147000000,429985609840
2022-07-21,18.05,24147000000,435853331577
2022-07-22,17.32,24147000000,418201898895
2022-07-25,17.02,24147000000,411078532053
2022-07-26,16.53,24147000000,399222373844
2022-07-27,17.79,24147000000,429575152107
2022-07-28,17.98,24147000000,434259629946
2022-07-29,18.16,24147000000,438581963579
2022-08-01,18.44,24147000000,445294826632
2022-08-02,18.53,24147000000,447347299524
2022-08-03,18.89,24147000000,456209262526
2022-08-04,19.22,24147000000,463984608685
2022-08-05,18.99,24147000000,458527390738
2022-08-08,17.79,24147000000,429647553314
2022-08-09,17.09,24147000000,412575652685
2022-08-10,18.10,24147000000,436988261948
2022-08-11,17.94,24147000000,433245460367
2022-08-12,18.71,24147000000,451766214157
2022-08-15,19.03,24147000000,459565694052
2022-08-16,18.88,24147000000,455871205999
2022-08-17,18.33,24147000000,442735222893
2022-08-18,18.77,24147000000,453311648317
2022-08-19,17.85,24147000000,430999825476
2022-08-22,17.03,24147000000,411320007580
2022-08-23,17.18,24147000000,414869601105
2022-08-24,17.22,24147000000,415859636948
2022-08-25,17.91,24147000000,432545213579
2022-08-26,16.26,24147000000,392630225527
2022-08-29,15.80,24147000000,381546738341
2022-08-30,15.47,24147000000,373505805948
2022-08-31,15.09,24147000000,364474814684
2022-09-01,13.94,24147000000,336536745632
2022-09-02,13.65,24147000000,329534116553
2022-09-06,13.47,24147000000,325139358685
2022-09-07,13.71,24147000000,331151951921
2022-09-08,13.99,24147000000,337816524473
2022-09-09,14.39,24147000000,347402891026
2022-09-12,14.51,24147000000,350252237763
2022-09-13,13.13,24147000000,317074246499
2022-09-14,13.13,24147000000,317001822264
2022-09-15,12.93,24147000000,312196560605
2022-09-16,13.20,24147000000,318692104895
2022-09-19,13.38,24147000000,323135153263
2022-09-20,13.18,24147000000,318160863341
2022-09-21,13.26,24147000000,320213359262
2022-09-22,12.56,24147000000,303310463868
2022-09-23,12.52,24147000000,302223847026
2022-09-26,12.23,24147000000,295269508447
2022-09-27,12.41,24147000000,299736713579
2022-09-28,12.74,24147000000,307536193474
2022-09-29,12.22,24147000000,295076346448
2022-09-30,12.14,24147000000,293120431526
2022-10-03,12.51,24147000000,302127266026
2022-10-04,13.17,24147000000,317943544579
2022-10-05,13.21,24147000000,318957714157
2022-10-06,13.13,24147000000,317050112763
2022-10-07,12.08,24147000000,291599177158
2022-10-10,11.67,24147000000,281795491842
2022-10-11,11.59,24147000000,279767152685
2022-10-12,11.50,24147000000,277690500000
2022-10-13,11.96,24147000000,288798120921
2022-10-14,11.23,24147000000,271098374711
2022-10-17,11.89,24147000000,287059524762
2022-10-18,11.97,24147000000,288967149184
2022-10-19,12.05,24147000000,290995488341
2022-10-20,12.19,24147000000,294448523895
2022-10-21,12.47,24147000000,301016492420
2022-10-24,12.60,24147000000,304228052447
2022-10-25,13.26,24147000000,320213359262
2022-10-26,12.90,24147000000,311399709789
2022-10-27,13.18,24147000000,318160863341
2022-10-28,13.83,24147000000,334049589157
2022-10-31,13.50,24147000000,325912052736
2022-11-01,13.54,24147000000,327022826343
2022-11-02,13.22,24147000000,319199189684
2022-11-03,13.42,24147000000,324076875578
2022-11-04,14.16,24147000000,341824935316
2022-11-07,14.30,24147000000,345326238341
2022-11-08,14.60,24147000000,352594499711
2022-11-09,13.78,24147000000,332649072553
2022-11-10,15.75,24147000000,380315250000
2022-11-11,16.33,24147000000,394248060894
2022-11-14,16.30,24147000000,393475366842
2022-11-15,16.67,24147000000,402433910843
2022-11-16,15.91,24147000000,384178766315
2022-11-17,15.68,24147000000,378552520105
2022-11-18,15.41,24147000000,372081132580
2022-11-21,15.32,24147000000,369859608396
2022-11-22,16.04,24147000000,387269588579
2022-11-23,16.52,24147000000,398884271261
2022-11-25,16.27,24147000000,392871701054
2022-11-28,15.83,24147000000,382174560894
2022-11-29,15.64,24147000000,377634931526
2022-11-30,16.92,24147000000,408639689106
2022-12-01,17.14,24147000000,413758850527
2022-12-02,16.88,24147000000,407504758736
2022-12-05,16.61,24147000000,401081684738
2022-12-06,15.99,24147000000,386038100238
2022-12-07,16.12,24147000000,389249660265
2022-12-08,17.17,24147000000,414579858107
2022-12-09,17.00,24147000000,410523133736
2022-12-12,17.53,24147000000,423417641315
2022-12-13,18.07,24147000000,436384596159
2022-12-14,17.67,24147000000,426774072842
2022-12-15,16.95,24147000000,409339935894
2022-12-16,16.57,24147000000,400139916367
2022-12-19,16.25,24147000000,392485330999
2022-12-20,16.08,24147000000,388404472893
2022-12-21,16.50,24147000000,398449633736
2022-12-22,15.34,24147000000,370390826921
2022-12-23,15.21,24147000000,367179289922
2022-12-27,14.12,24147000000,340979794001
2022-12-28,14.04,24147000000,338927298079
2022-12-29,14.60,24147000000,352618633447
2022-12-30,14.61,24147000000,352884265738
2023-01-03,14.31,24147000000,345664294868
2023-01-04,14.75,24147000000,356144093236
2023-01-05,14.27,24147000000,344456963290
2023-01-06,14.86,24147000000,358800277974
2023-01-09,15.63,24147000000,377369322264
2023-01-10,15.91,24147000000,384154632580
2023-01-11,16.00,24147000000,386376133736
2023-01-12,16.51,24147000000,398691109262
2023-01-13,16.90,24147000000,408060157053
2023-01-17,17.70,24147000000,427450185894
2023-01-18,17.38,24147000000,419602438528
2023-01-19,16.76,24147000000,404824440262
2023-01-20,17.84,24147000000,430758349949
2023-01-23,19.19,24147000000,463453390160
2023-01-24,19.26,24147000000,465191940262
2023-01-25,19.32,24147000000,466592479895
2023-01-26,19.80,24147000000,478158895105
2023-01-27,20.36,24147000000,491753649473
2023-01-30,19.16,24147000000,462704829844
2023-01-31,19.54,24147000000,471759954844
2023-02-01,20.94,24147000000,505710640160
2023-02-02,21.71,24147000000,524207214157
2023-02-03,21.10,24147000000,509501709211
2023-02-06,21.09,24147000000,509236099949
2023-02-07,22.17,24147000000,535411439106
2023-02-08,22.20,24147000000,536184133158
2023-02-09,22.34,24147000000,539371536421
2023-02-10,21.26,24147000000,513485940262
2023-02-13,21.79,24147000000,526114838579
2023-02-14,22.97,24147000000,554680753212
2023-02-15,22.76,24147000000,549682306526
2023-02-16,22.00,24147000000,531282313528
2023-02-17,21.39,24147000000,516456047791
2023-02-21,20.66,24147000000,498756301580
2023-02-22,20.75,24147000000,501146830999
2023-02-23,23.66,24147000000,571414597315
2023-02-24,23.29,24147000000,562287025051
2023-02-27,23.50,24147000000,567478633736
2023-02-28,23.22,24147000000,560596742420
2023-03-01,22.70,24147000000,548088604895
2023-03-02,23.31,24147000000,562963138103
2023-03-03,23.89,24147000000,576871815262
2023-03-06,23.55,24147000000,568758458633
2023-03-07,23.29,24147000000,562335338579
2023-03-08,24.18,24147000000,583898601105
2023-03-09,23.44,24147000000,565909111897
2023-03-10,22.97,24147000000,554535858685
2023-03-13,22.97,24147000000,554559992420
2023-03-14,24.06,24147000000,581049254368
2023-03-15,24.23,24147000000,585033531475
2023-03-16,25.54,24147000000,616738535843
2023-03-17,25.73,24147000000,621181584211
2023-03-20,25.90,24147000000,625407290789
2023-03-21,26.20,24147000000,632627238630
2023-03-22,26.47,24147000000,639122805948
2023-03-23,27.19,24147000000,656581076632
2023-03-24,26.78,24147000000,646632496788
2023-03-27,26.53,24147000000,640644060316
2023-03-28,26.41,24147000000,637722266315
2023-03-29,26.98,24147000000,651582629946
2023-03-30,27.38,24147000000,661217286999
2023-03-31,27.78,24147000000,670731229317
2023-04-03,27.97,24147000000,675270858685
2023-04-04,27.45,24147000000,662907569630
2023-04-05,26.88,24147000000,649095519527
2023-04-06,27.04,24147000000,652862454844
2023-04-10,27.58,24147000000,665950124422
2023-04-11,27.17,24147000000,656049858107
2023-04-12,26.50,24147000000,639774785265
2023-04-13,26.46,24147000000,639002045156
2023-04-14,26.76,24147000000,646125411999
2023-04-17,27.00,24147000000,652017313528
2023-04-18,27.67,24147000000,668075044579
2023-04-19,27.93,24147000000,674449851105
2023-04-20,27.10,24147000000,654480290211
2023-04-21,27.12,24147000000,654842480473
2023-04-24,27.04,24147000000,652983169579
2023-04-25,26.24,24147000000,633641408209
2023-04-26,26.96,24147000000,650906516893
2023-04-27,27.23,24147000000,657426217947
2023-04-28,27.75,24147000000,670055116264
2023-05-01,28.91,24147000000,698089766315
2023-05-02,28.21,24147000000,681186847893
2023-05-03,27.80,24147000000,671334895105
2023-05-04,27.56,24147000000,665539620632
2023-05-05,28.68,24147000000,692535967369
2023-05-08,29.15,24147000000,703909174524
2023-05-09,28.57,24147000000,689903916367
2023-05-10,28.89,24147000000,697486100527
2023-05-11,28.58,24147000000,690072944630
2023-05-12,28.34,24147000000,684325983685
2023-05-15,28.95,24147000000,699128069630
2023-05-16,29.21,24147000000,705406295156
2023-05-17,30.18,24147000000,728708153841
2023-05-18,31.68,24147000000,764928653841
2023-05-19,31.26,24147000000,754931806526
2023-05-22,31.18,24147000000,752806886370
2023-05-23,30.69,24147000000,741023129368
2023-05-24,30.54,24147000000,737401088579
2023-05-25,37.98,24147000000,917103048946
2023-05-26,38.95,24147000000,940429041367
2023-05-30,40.11,24147000000,968560318474
2023-05-31,37.83,24147000000,913577589157
2023-06-01,39.77,24147000000,960326201054
2023-06-02,39.33,24147000000,949629060894
2023-06-05,39.17,24147000000,945862171635
2023-06-06,38.65,24147000000,933378121788
2023-06-07,37.47,24147000000,904908788155
2023-06-08,38.51,24147000000,929900929470
2023-06-09,38.77,24147000000,936179201054
2023-06-12,39.48,24147000000,953371816418
2023-06-13,41.02,24147000000,990558218525
2023-06-14,43.00,24147000000,1038248598793
2023-06-15,42.65,24147000000,1029941988052
2023-06-16,42.69,24147000000,1030883756424
2023-06-20,43.81,24147000000,1057831743576
2023-06-21,43.04,24147000000,1039407570786
2023-06-22,43.03,24147000000,1038924711845
2023-06-23,42.21,24147000000,1019220714157
2023-06-26,40.63,24147000000,981140903263
2023-06-27,41.88,24147000000,1011179758736
2023-06-28,41.12,24147000000,992852213001
2023-06-29,40.82,24147000000,985728800102
2023-06-30,42.30,24147000000,1021466349049
2023-07-03,42.41,24147000000,1024146667522
2023-07-05,42.32,24147000000,1021828631424
2023-07-06,42.10,24147000000,1016661156475
2023-07-07,42.50,24147000000,1026319901207
2023-07-10,42.18,24147000000,1018520467369
2023-07-11,42.40,24147000000,1023953505524
2023-07-12,43.90,24147000000,1060101604317
2023-07-13,45.98,24147000000,1110206647739
2023-07-14,45.47,24147000000,1097939985741
2023-07-17,46.46,24147000000,1121893731628
2023-07-18,47.49,24147000000,1146837605473
2023-07-19,47.08,24147000000,1136768310894
2023-07-20,45.52,24147000000,1099171451054
2023-07-21,44.31,24147000000,1069929377312
2023-07-24,44.61,24147000000,1077245952209
2023-07-25,45.68,24147000000,1103010833633
2023-07-26,45.45,24147000000,1097529435894
2023-07-27,45.90,24147000000,1108347336845
2023-07-28,46.75,24147000000,1128872250000
2023-07-31,46.73,24147000000,1128365165211
2023-08-01,46.51,24147000000,1123004528263
2023-08-02,44.27,24147000000,1068963567318
2023-08-03,44.51,24147000000,1074903690262
2023-08-04,44.68,24147000000,1078887967369
2023-08-07,45.42,24147000000,1096684294579
2023-08-08,44.66,24147000000,1078501643372
2023-08-09,42.55,24147000000,1027551458633
2023-08-10,42.39,24147000000,1023543047791
2023-08-11,40.85,24147000000,986525673946
2023-08-14,43.75,24147000000,1056503651207
2023-08-15,43.94,24147000000,1061019146839
2023-08-16,43.49,24147000000,1050056443474
2023-08-17,43.34,24147000000,1046627610741
2023-08-18,43.30,24147000000,1045540947842
2023-08-21,46.97,24147000000,1134112126156
2023-08-22,45.67,24147000000,1102745178314
2023-08-23,47.12,24147000000,1137710079266
2023-08-24,47.16,24147000000,1138844917522
2023-08-25,46.02,24147000000,1111196683582
2023-08-28,46.83,24147000000,1130924722893
2023-08-29,48.78,24147000000,1177987257580
2023-08-30,49.26,24147000000,1189577806526
2023-08-31,49.35,24147000000,1191775173946
2023-09-01,48.51,24147000000,1171346795734
2023-09-05,48.55,24147000000,1172288564106
2023-09-06,47.06,24147000000,1136381986897
2023-09-07,46.24,24147000000,1116581454266
2023-09-08,45.57,24147000000,1100427050102
2023-09-11,45.18,24147000000,1090913199898
2023-09-12,44.87,24147000000,1083475864208
2023-09-13,45.49,24147000000,1098326309738
2023-09-14,45.58,24147000000,1100644437950
2023-09-15,43.90,24147000000,1060053336845
2023-09-18,43.97,24147000000,1061646992420
2023-09-19,43.52,24147000000,1050877451054
2023-09-20,42.24,24147000000,1019945094681
2023-09-21,41.02,24147000000,990437457733
2023-09-22,41.61,24147000000,1004756684738
2023-09-25,42.22,24147000000,1019534636948
2023-09-26,41.91,24147000000,1012024900051
2023-09-27,42.47,24147000000,1025474759892
2023-09-28,43.09,24147000000,1040470099949
2023-09-29,43.50,24147000000,1050370366264
2023-10-02,44.78,24147000000,1081350990108
2023-10-03,43.52,24147000000,1050804957733
2023-10-04,44.04,24147000000,1063458035843
2023-10-05,44.69,24147000000,1079081129368
2023-10-06,45.76,24147000000,1105015039055
2023-10-09,45.27,24147000000,1093207102261
2023-10-10,45.80,24147000000,1105884314106
2023-10-11,46.81,24147000000,1130224476105
2023-10-12,46.94,24147000000,1133580907631
2023-10-13,45.46,24147000000,1097746731628
2023-10-16,46.10,24147000000,1113055994476
2023-10-17,43.94,24147000000,1060970879368
2023-10-18,42.20,24147000000,1018906791367
2023-10-19,42.10,24147000000,1016612889004
2023-10-20,41.39,24147000000,999371914055
2023-10-23,42.97,24147000000,1037717288155
2023-10-24,43.66,24147000000,1054330417522
2023-10-25,41.78,24147000000,1008837496788
2023-10-26,40.33,24147000000,973751927158
2023-10-27,40.50,24147000000,977953500000
2023-10-30,41.16,24147000000,993914650051
2023-10-31,40.78,24147000000,984714630524
2023-11-01,42.33,24147000000,1022021793423
2023-11-02,43.51,24147000000,1050539394527
2023-11-03,45.01,24147000000,1086735760792
2023-11-06,45.75,24147000000,1104749383736
2023-11-07,45.96,24147000000,1109675429214
2023-11-08,46.57,24147000000,1124622409687
2023-11-09,46.95,24147000000,1133701668423
2023-11-10,48.33,24147000000,1167145222893
2023-11-13,48.62,24147000000,1174027114208
2023-11-14,49.66,24147000000,1199043389259
2023-11-15,48.89,24147000000,1180498547791
2023-11-16,49.48,24147000000,1194793548946
2023-11-17,49.30,24147000000,1190398814106
2023-11-20,50.41,24147000000,1217226132580
2023-11-21,49.94,24147000000,1205997773895
2023-11-22,48.72,24147000000,1176345242420
2023-11-24,47.78,24147000000,1153647095581
2023-11-27,48.24,24147000000,1164899588001
2023-11-28,47.82,24147000000,1154733666367
2023-11-29,48.14,24147000000,1162436565262
2023-11-30,46.77,24147000000,1129355201054
2023-12-01,46.76,24147000000,1129234440262
2023-12-04,45.51,24147000000,1098929929470
2023-12-05,46.57,24147000000,1124429247688
2023-12-06,45.50,24147000000,1098760901207
2023-12-07,46.60,24147000000,1125153628212
2023-12-08,47.51,24147000000,1147127394527
2023-12-11,46.63,24147000000,1125902142471
2023-12-12,47.66,24147000000,1150773615108
2023-12-13,48.09,24147000000,1161180966213
2023-12-14,48.35,24147000000,1167507413155
2023-12-15,48.89,24147000000,1180546815262
2023-12-18,50.08,24147000000,1209209310894
2023-12-19,49.60,24147000000,1197787790211
2023-12-20,48.11,24147000000,1161736318474
2023-12-21,48.99,24147000000,1182961570530
2023-12-22,48.83,24147000000,1179098054214
2023-12-26,49.28,24147000000,1189939996788
2023-12-27,49.42,24147000000,1193272294579
2023-12-28,49.52,24147000000,1195807718525
2023-12-29,49.52,24147000000,1195807718525
2024-01-02,48.17,24147000000,1163112678314
2024-01-03,47.57,24147000000,1148648648895
2024-01-04,48.00,24147000000,1159007732529
2024-01-05,49.10,24147000000,1185545261948
2024-01-08,52.25,24147000000,1261753151207
2024-01-09,53.14,24147000000,1283171565262
2024-01-10,54.35,24147000000,1312389413155
2024-01-11,54.82,24147000000,1323786800102
2024-01-12,54.71,24147000000,1321082347893
2024-01-16,56.38,24147000000,1361456153263
2024-01-17,56.05,24147000000,1353511824898
2024-01-18,57.11,24147000000,1378962691418
2024-01-19,59.49,24147000000,1436529204266
2024-01-22,59.65,24147000000,1440465121788
2024-01-23,59.87,24147000000,1445753357529
2024-01-24,61.36,24147000000,1481708202209
2024-01-25,61.62,24147000000,1487865713001
2024-01-26,61.03,24147000000,1473715514259
2024-01-29,62.47,24147000000,1508342358685
2024-01-30,62.77,24147000000,1515803735996
2024-01-31,61.53,24147000000,1485692479317
2024-02-01,63.03,24147000000,1521912979317
2024-02-02,66.16,24147000000,1597565608429
2024-02-05,69.33,24147000000,1674159821686
2024-02-06,68.22,24147000000,1647380770683
2024-02-07,70.10,24147000000,1692680529419
2024-02-08,69.64,24147000000,1681621198997
2024-02-09,72.13,24147000000,1741795629112
2024-02-12,72.25,24147000000,1744572482529
2024-02-13,72.13,24147000000,1741674776207
2024-02-14,73.90,24147000000,1784463336845
2024-02-15,72.66,24147000000,1754472656731
2024-02-16,72.61,24147000000,1753386085945
2024-02-20,69.45,24147000000,1677057528008
2024-02-21,67.47,24147000000,1629246386948
2024-02-22,78.54,24147000000,1896457134636
2024-02-23,78.82,24147000000,1903194131424
2024-02-26,79.09,24147000000,1909834593269
2024-02-27,78.70,24147000000,1900392960045
2024-02-28,77.66,24147000000,1875328509636
2024-02-29,79.11,24147000000,1910317452209
2024-03-01,82.28,24147000000,1986790996788
2024-03-04,85.24,24147000000,2058217827209
2024-03-05,85.96,24147000000,2075772632835
2024-03-06,88.70,24147000000,2141838826309
2024-03-07,92.67,24147000000,2237678312050
2024-03-08,87.53,24147000000,2113538613052
2024-03-11,85.77,24147000000,2071184828110
2024-03-12,91.91,24147000000,2219423259636
2024-03-13,90.89,24147000000,2194672547791
2024-03-14,87.94,24147000000,2123583773895
2024-03-15,87.84,24147000000,2120999990364
2024-03-18,88.46,24147000000,2135922929214
2024-03-19,89.40,24147000000,2158693569374
2024-03-20,90.37,24147000000,2182212723793
2024-03-21,91.43,24147000000,2207880886047
2024-03-22,94.29,24147000000,2276796518372
2024-03-25,95.00,24147000000,2294013267471
2024-03-26,92.56,24147000000,2235070394783
2024-03-27,90.25,24147000000,2179266750000
2024-03-28,90.36,24147000000,2181826399796
2024-04-01,90.36,24147000000,2181995335945
2024-04-02,89.45,24147000000,2159997528008
2024-04-03,88.96,24147000000,2148213632835
2024-04-04,85.90,24147000000,2074348005524
2024-04-05,88.01,24147000000,2125129254112
2024-04-08,87.13,24147000000,2104000629112
2024-04-09,85.35,24147000000,2061042948097
2024-04-10,87.04,24147000000,2101730768372
2024-04-11,90.62,24147000000,2188104487152
2024-04-12,88.19,24147000000,2129427269783
2024-04-15,86.00,24147000000,2076666133736
2024-04-16,87.42,24147000000,2110810027107
2024-04-17,84.04,24147000000,2029193233429
2024-04-18,84.67,24147000000,2044550579521
2024-04-19,76.20,24147000000,1840001326309
2024-04-22,79.52,24147000000,1920121091469
2024-04-23,82.42,24147000000,1990268096992
2024-04-24,79.68,24147000000,1923960566162
2024-04-25,82.63,24147000000,1995314995377
2024-04-26,87.74,24147000000,2118537059738
2024-04-29,87.76,24147000000,2119068370377
2024-04-30,86.40,24147000000,2086349104317
2024-05-01,83.04,24147000000,2005191035843
2024-05-02,85.82,24147000000,2072223131424
2024-05-03,88.79,24147000000,2143988018372
2024-05-06,92.14,24147000000,2224904565262
2024-05-07,90.55,24147000000,2186607458633
2024-05-08,90.41,24147000000,2183178625900
2024-05-09,88.75,24147000000,2142973848793
2024-05-10,89.88,24147000000,2170284026207
2024-05-13,90.40,24147000000,2182864703110
2024-05-14,91.36,24147000000,2205973399796
2024-05-15,94.63,24147000000,2285030543678
2024-05-16,94.36,24147000000,2278486801003
2024-05-17,92.48,24147000000,2233090323097
2024-05-20,94.78,24147000000,2288652630524
2024-05-21,95.39,24147000000,2303285780319
2024-05-22,94.95,24147000000,2292757576309
2024-05-23,103.80,24147000000,2506434539955
2024-05-24,106.47,24147000000,2570906985741
2024-05-28,113.90,24147000000,2750367470581
2024-05-29,114.82,24147000000,2772679201309
2024-05-30,110.50,24147000000,2668243500000
2024-05-31,109.63,24147000000,2647308129112
2024-06-03,115.00,24147000000,2776905000000
2024-06-04,116.44,24147000000,2811604153519
2024-06-05,122.44,24147000000,2956558738953
2024-06-06,121.00,24147000000,2921738732529
2024-06-07,120.89,24147000000,2919082547791
2024-06-10,121.79,24147000000,2940863152107
2024-06-11,120.91,24147000000,2919613858429
2024-06-12,125.20,24147000000,3023204326309
2024-06-13,129.61,24147000000,3129692684738
2024-06-14,131.88,24147000000,3184506477905
2024-06-17,130.98,24147000000,3162773956833
2024-06-18,135.58,24147000000,3273850304214
2024-06-20,130.78,24147000000,3157944630524
2024-06-21,126.57,24147000000,3056285782631
2024-06-24,118.11,24147000000,2852002184738
2024-06-25,126.09,24147000000,3044695141571
2024-06-26,126.40,24147000000,3052180836845
2024-06-27,123.99,24147000000,2993986478416
2024-06-28,123.54,24147000000,2983120402107
2024-07-01,124.30,24147000000,3001472173691
2024-07-02,122.67,24147000000,2962112445786
2024-07-03,128.28,24147000000,3097577130524
2024-07-05,125.83,24147000000,3038417054214
2024-07-08,128.20,24147000000,3095645326309
2024-07-09,131.38,24147000000,3172432977905
2024-07-10,134.91,24147000000,3257671858429
2024-07-11,127.40,24147000000,3076327836845
2024-07-12,129.24,24147000000,3120758412643
2024-07-15,128.44,24147000000,3101440738953
2024-07-16,126.36,24147000000,3051214934738
2024-07-17,117.99,24147000000,2849104478416
2024-07-18,121.09,24147000000,2923960141571
2024-07-19,117.93,24147000000,2847655717369
2024-07-22,123.54,24147000000,2983120402107
2024-07-23,122.59,24147000000,2960180641571
2024-07-24,114.25,24147000000,2758794750000
2024-07-25,112.28,24147000000,2711225130524
2024-07-26,113.06,24147000000,2730059761047
2024-07-29,111.59,24147000000,2694563641571
2024-07-30,103.73,24147000000,2504768391060
2024-07-31,117.02,24147000000,2825681858940
2024-08-01,109.21,24147000000,2637093847893
2024-08-02,107.27,24147000000,2590248608940
2024-08-05,100.45,24147000000,2425566076309
2024-08-06,104.25,24147000000,2517324750000
2024-08-07,98.91,24147000000,2388379858429
2024-08-08,104.97,24147000000,2534710619476
2024-08-09,104.75,24147000000,2529398250000
2024-08-12,109.02,24147000000,2632505858940
2024-08-13,116.14,24147000000,2804432565262
2024-08-14,118.08,24147000000,2851277804214
2024-08-15,122.86,24147000000,2966700434738
2024-08-16,124.58,24147000000,3008233304214
2024-08-19,130.00,24147000000,3139110000000
2024-08-20,127.25,24147000000,3072705750000
2024-08-21,128.50,24147000000,3102889500000
2024-08-22,123.74,24147000000,2987949728416
2024-08-23,129.37,24147000000,3123897272095
2024-08-26,126.46,24147000000,3053629597893
2024-08-27,128.30,24147000000,3098060173691
2024-08-28,125.61,24147000000,3033104684738
2024-08-29,117.59,24147000000,2839445641571
2024-08-30,119.37,24147000000,2882427456322
2024-09-03,108.00,24147000000,2607876000000
2024-09-04,106.21,24147000000,2564652847893
2024-09-05,107.21,24147000000,2588799847893
2024-09-06,102.83,24147000000,2483036054214
2024-09-09,106.47,24147000000,2570931119476
2024-09-10,108.10,24147000000,2610290663155
2024-09-11,116.91,24147000000,2823025858429
2024-09-12,119.14,24147000000,2876873565262
2024-09-13,119.10,24147000000,2875907663155
2024-09-16,116.78,24147000000,2819886630524
2024-09-17,115.59,24147000000,2791151641571
2024-09-18,113.37,24147000000,2737545456322
2024-09-19,117.87,24147000000,2846206956322
2024-09-20,116.00,24147000000,2801052000000
2024-09-23,116.26,24147000000,2807330271584
2024-09-24,120.87,24147000000,2918647956322
2024-09-25,123.51,24147000000,2982396021584
2024-09-26,124.04,24147000000,2995193902107
2024-09-27,121.40,24147000000,2931445836845
2024-09-30,121.44,24147000000,2932411738953
2024-10-01,117.00,24147000000,2825199000000
2024-10-02,118.85,24147000000,2869870913155
2024-10-03,122.85,24147000000,2966458913155
2024-10-04,124.92,24147000000,3016443195786
2024-10-07,127.72,24147000000,3084054869476
2024-10-08,132.89,24147000000,3208894815262
2024-10-09,132.65,24147000000,3203099402618
2024-10-10,134.81,24147000000,3255257011047
2024-10-11,134.80,24147000000,3255015673691
2024-10-14,138.07,24147000000,3333976466858
2024-10-15,131.60,24147000000,3177745347382
2024-10-16,135.72,24147000000,3277230869476
2024-10-17,136.93,24147000000,3306448533142
2024-10-18,138.00,24147000000,3332286000000
2024-10-21,143.71,24147000000,3470165532120
2024-10-22,143.59,24147000000,3467267641571
2024-10-23,139.56,24147000000,3369955261047
2024-10-24,140.41,24147000000,3390480358429
2024-10-25,141.54,24147000000,3417766217880
2024-10-28,140.52,24147000000,3393136543167
2024-10-29,141.25,24147000000,3410763750000
2024-10-30,139.34,24147000000,3364642891571
2024-10-31,132.76,24147000000,3205755587357
2024-11-01,135.40,24147000000,3269503652618
2024-11-04,136.05,24147000000,3285199423691
2024-11-05,139.91,24147000000,3378406858429
2024-11-06,145.61,24147000000,3516044684738
2024-11-07,148.88,24147000000,3595005477905
2024-11-08,147.63,24147000000,3564821727905
2024-11-11,145.26,24147000000,3507593087357
2024-11-12,148.29,24147000000,3580758467880
2024-11-13,146.27,24147000000,3531981793167
2024-11-14,146.76,24147000000,3543813587357
2024-11-15,141.98,24147000000,3428390956833
2024-11-18,140.15,24147000000,3384201902618
2024-11-19,147.01,24147000000,3549850337357
2024-11-20,145.89,24147000000,3522805815262
2024-11-21,146.67,24147000000,3541640445786
2024-11-22,141.95,24147000000,3427666576309
2024-11-25,136.02,24147000000,3284475043167
2024-11-26,136.92,24147000000,3306207195786
2024-11-27,135.34,24147000000,3268054891571
2024-11-29,138.25,24147000000,3338322750000
2024-12-02,138.63,24147000000,3347498727905
2024-12-03,140.26,24147000000,3386858087357
2024-12-04,145.14,24147000000,3504695565262
2024-12-05,145.06,24147000000,3502763761047
2024-12-06,142.44,24147000000,3439498738953
2024-12-09,138.81,24147000000,3351845011047
2024-12-10,135.07,24147000000,3261535466858
2024-12-11,139.31,24147000000,3363918511047
2024-12-12,137.34,24147000000,3316348891571
2024-12-13,134.25,24147000000,3241734750000
2024-12-16,132.00,24147000000,3187404000000
2024-12-17,130.39,24147000000,3148527315262
2024-12-18,128.91,24147000000,3112789858429
2024-12-19,130.68,24147000000,3155529783142
2024-12-20,134.70,24147000000,3252600826309
2024-12-23,139.67,24147000000,3372611445786
2024-12-24,140.22,24147000000,3385892369476
2024-12-26,139.93,24147000000,3378889533142
2024-12-27,137.01,24147000000,3308380337357
2024-12-30,137.49,24147000000,3319971162643
2024-12-31,134.29,24147000000,3242700467880
2025-01-02,138.31,24147000000,3339771511047
2025-01-03,144.47,24147000000,3488517119476
2025-01-06,149.43,24147000000,3608286033142
2025-01-07,140.14,24147000000,3383960565262
2025-01-08,140.11,24147000000,3383236184738
2025-01-10,135.91,24147000000,3281818858429
2025-01-13,133.23,24147000000,3217104706833
2025-01-14,131.76,24147000000,3181608587357
2025-01-15,136.24,24147000000,3289787412643
2025-01-16,133.57,24147000000,3225314966858
2025-01-17,137.71,24147000000,3325283532120
2025-01-21,140.83,24147000000,3400622054214
2025-01-22,147.07,24147000000,3551299466858
2025-01-23,147.22,24147000000,3554921369476
2025-01-24,142.62,24147000000,3443845022095
2025-01-27,118.42,24147000000,2859487695786
2025-01-28,128.99,24147000000,3114721662643
2025-01-29,123.70,24147000000,2986983826309
2025-01-30,124.65,24147000000,3009923586845
2025-01-31,120.07,24147000000,2899330282631
2025-02-03,116.66,24147000000,2816989108429
2025-02-04,118.65,24147000000,2865041586845
2025-02-05,124.83,24147000000,3014270054214
2025-02-06,128.68,24147000000,3107235783142
2025-02-07,129.84,24147000000,3135246391571
2025-02-10,133.57,24147000000,3225314966858
2025-02-11,132.80,24147000000,3206721673691
2025-02-12,131.14,24147000000,3166637565262
2025-02-13,135.29,24147000000,3266847467880
2025-02-14,138.85,24147000000,3352811097382
2025-02-18,139.40,24147000000,3366091652618
2025-02-19,139.23,24147000000,3361986706833
2025-02-20,140.11,24147000000,3383236184738
2025-02-21,134.43,24147000000,3246081033142
2025-02-24,130.28,24147000000,3145871130524
2025-02-25,126.63,24147000000,3057734543678
2025-02-26,131.28,24147000000,3170018130524
2025-02-27,120.15,24147000000,2901262086845
2025-02-28,124.92,24147000000,3016443195786
2025-03-03,114.06,24147000000,2754206761047
2025-03-04,115.99,24147000000,2800810478416
2025-03-05,117.30,24147000000,2832443173691
2025-03-06,110.57,24147000000,2669933782631
2025-03-07,112.69,24147000000,2721125488953
2025-03-10,106.98,24147000000,2583246141060
2025-03-11,108.76,24147000000,2626227771584
2025-03-12,115.74,24147000000,2794773728416
2025-03-13,115.58,24147000000,2790910304214
2025-03-14,121.67,24147000000,2937965445786
2025-03-17,119.53,24147000000,2886290880524
2025-03-18,115.43,24147000000,2787288217369
2025-03-19,117.52,24147000000,2837755358940
2025-03-20,118.53,24147000000,2862143880524
2025-03-21,117.70,24147000000,2842101826309
2025-03-24,121.41,24147000000,2931687358429
2025-03-25,120.69,24147000000,2914301488953
2025-03-26,113.76,24147000000,2746962771584
2025-03-27,111.43,24147000000,2690700217369
2025-03-28,109.67,24147000000,2648201445786
2025-03-31,108.38,24147000000,2617051793678
2025-04-01,110.15,24147000000,2659792086845
2025-04-02,110.42,24147000000,2666311695786
2025-04-03,101.80,24147000000,2458164673691
2025-04-04,94.31,24147000000,2277303511047
2025-04-07,97.64,24147000000,2357713065262
2025-04-08,96.30,24147000000,2325356173691
2025-04-09,114.33,24147000000,2760726554214
2025-04-10,107.57,24147000000,2597492782631
2025-04-11,110.93,24147000000,2678626717369
2025-04-14,110.71,24147000000,2673314347893
2025-04-15,112.20,24147000000,2709293326309
2025-04-16,104.49,24147000000,2523119978416
2025-04-17,101.49,24147000000,2450678978416
2025-04-21,96.91,24147000000,2340085858429
2025-04-22,98.89,24147000000,2387896815262
2025-04-23,102.71,24147000000,2480138347893
2025-04-24,106.43,24147000000,2569965217369
2025-04-25,111.01,24147000000,2680558521584
2025-04-28,108.73,24147000000,2625503391060
2025-04-29,109.02,24147000000,2632505858940
2025-04-30,108.92,24147000000,2630091195786
2025-05-01,111.61,24147000000,2695046684738
2025-05-02,114.50,24147000000,2764831500000
2025-05-05,113.82,24147000000,2748411532631
2025-05-06,113.54,24147000000,2741650402107
2025-05-07,117.06,24147000000,2826647761047
2025-05-08,117.37,24147000000,2834133456322
2025-05-09,116.65,24147000000,2816747586845
2025-05-12,123.00,24147000000,2970081000000
2025-05-13,129.93,24147000000,3137419533142
2025-05-14,135.34,24147000000,3268054891571
2025-05-15,134.83,24147000000,3255740054214
2025-05-16,135.40,24147000000,3269503652618
2025-05-19,135.57,24147000000,3273608966858
2025-05-20,134.38,24147000000,3244873977905
2025-05-21,131.80,24147000000,3182574673691
2025-05-22,132.83,24147000000,3207446054214
2025-05-23,131.29,24147000000,3170259467880
2025-05-27,135.50,24147000000,3271918500000
2025-05-28,134.81,24147000000,3255257011047
2025-05-29,139.19,24147000000,3361020988953
2025-05-30,135.13,24147000000,3262984227905
2025-06-02,137.38,24147000000,3317314977905
2025-06-03,141.22,24147000000,3410039369476
2025-06-04,141.92,24147000000,3426942195786
2025-06-05,139.99,24147000000,3380338662643
2025-06-06,141.72,24147000000,3422112869476
2025-06-09,142.63,24147000000,3444086727905
2025-06-10,143.96,24147000000,3476202282120
2025-06-11,142.83,24147000000,3448916054214
2025-06-12,145.00,24147000000,3501315000000
2025-06-13,141.97,24147000000,3428149619476
2025-06-16,144.69,24147000000,3493829488953
2025-06-17,144.12,24147000000,3480065522095
2025-06-18,145.48,24147000000,3512905456833
2025-06-20,143.85,24147000000,3473546097382
2025-06-23,144.17,24147000000,3481272945786
2025-06-24,147.90,24147000000,3571341152618
2025-06-25,154.31,24147000000,3726123511047
2025-06-26,155.02,24147000000,3743268043167
2025-06-27,157.75,24147000000,3809189250000
2025-06-30,157.99,24147000000,3814984662643
2025-07-01,153.30,24147000000,3701735173691
2025-07-02,157.25,24147000000,3797115750000
2025-07-03,159.34,24147000000,3847582891571
2025-07-07,158.24,24147000000,3821021412643
2025-07-08,160.00,24147000000,3863520000000
2025-07-09,162.88,24147000000,3933063477905
2025-07-10,164.10,24147000000,3962522847382
2025-07-11,164.92,24147000000,3982323195786
2025-07-14,164.07,24147000000,3961798466858
2025-07-15,170.70,24147000000,4121892826309
2025-07-16,171.37,24147000000,4138071272095
2025-07-17,173.00,24147000000,4177431000000
2025-07-18,172.41,24147000000,4163184358429
2025-07-21,171.38,24147000000,4138312977905
2025-07-22,167.03,24147000000,4033273380524
2025-07-23,170.78,24147000000,4123824630524
2025-07-24,173.74,24147000000,4195299912643
2025-07-25,173.50,24147000000,4189504500000
2025-07-28,176.75,24147000000,4267982250000
2025-07-29,175.51,24147000000,4238039837357
2025-07-30,179.27,24147000000,4328832793167
2025-07-31,177.87,24147000000,4295026772095
2025-08-01,173.72,24147000000,4194816869476
2025-08-04,180.00,24147000000,4346460000000
2025-08-05,178.26,24147000000,4304444087357
2025-08-06,179.42,24147000000,4332454695786
2025-08-07,180.77,24147000000,4365053293167
2025-08-08,182.70,24147000000,4411656826309
2025-08-11,182.06,24147000000,4396202761047
2025-08-12,183.16,24147000000,4422764608429
2025-08-13,181.59,24147000000,4384853641571
2025-08-14,182.02,24147000000,4395237043167
2025-08-15,180.45,24147000000,4357326076309
2025-08-18,182.01,24147000000,4394995337357
2025-08-19,175.64,24147000000,4241179065262
2025-08-20,175.40,24147000000,4235383652618
2025-08-21,174.98,24147000000,4225241956833
2025-08-22,177.99,24147000000,4297924662643
2025-08-25,179.81,24147000000,4341872011047
2025-08-26,181.77,24147000000,4389200293167
2025-08-27,181.60,24147000000,4385095347382
2025-08-28,180.17,24147000000,4350564945786
2025-08-29,174.18,24147000000,4205924283142
2025-09-02,170.78,24147000000,4123824630524
2025-09-03,170.62,24147000000,4119961022095
2025-09-04,171.66,24147000000,4145074108429
2025-09-05,167.02,24147000000,4033032043167
2025-09-08,168.31,24147000000,4064181511047
2025-09-09,170.76,24147000000,4123341587357
2025-09-10,177.33,24147000000,4281987554214
2025-09-11,177.17,24147000000,4278123945786
2025-09-12,177.82,24147000000,4293819716858
2025-09-15,177.75,24147000000,4292129250000
2025-09-16,174.88,24147000000,4222827477905
2025-09-17,170.29,24147000000,4111992467880
2025-09-18,176.24,24147000000,4255667412643
2025-09-19,176.67,24147000000,4266050445786
2025-09-22,183.61,24147000000,4433630684738
2025-09-23,178.43,24147000000,4308549033142
2025-09-24,176.97,24147000000,4273294619476
2025-09-25,177.69,24147000000,4290680488953
2025-09-26,178.19,24147000000,4302753988953
2025-09-29,181.85,24147000000,4391132097382
2025-09-30,186.58,24147000000,4505347304214
2025-10-01,187.24,24147000000,4521284412643
2025-10-02,188.89,24147000000,4561126815262
2025-10-03,187.62,24147000000,4530460022095
2025-10-06,185.54,24147000000,4480234217880
2025-10-07,185.04,24147000000,4468160717880
2025-10-08,189.11,24147000000,4566439184738
2025-10-09,192.57,24147000000,4649987966858
2025-10-10,183.16,24147000000,4422764608429
2025-10-13,188.32,24147000000,4547363216858
2025-10-14,180.03,24147000000,4347184380524
2025-10-15,179.83,24147000000,4342355054214
2025-10-16,181.81,24147000000,4390166011047
2025-10-17,183.22,24147000000,4424213369476
2025-10-20,182.64,24147000000,4410208065262
2025-10-21,181.16,24147000000,4374470608429
2025-10-22,180.28,24147000000,4353221130524
2025-10-23,182.16,24147000000,4398617608429
2025-10-24,186.26,24147000000,4497620087357
2025-10-27,191.49,24147000000,4623909162643
2025-10-28,201.03,24147000000,4854271380524
2025-10-29,207.04,24147000000,4999394717880
2025-10-30,202.89,24147000000,4899184815262
2025-10-31,202.49,24147000000,4889526162643
2025-11-03,206.88,24147000000,4995531477905
2025-11-04,198.69,24147000000,4797767488953
2025-11-05,195.21,24147000000,4713736032120
2025-11-06,188.08,24147000000,4541567804214
2025-11-07,188.15,24147000000,4543257902618
2025-11-10,199.05,24147000000,4806460423691
2025-11-11,193.16,24147000000,4664234608429
2025-11-12,193.80,24147000000,4679688673691
2025-11-13,186.86,24147000000,4512108434738
2025-11-14,190.17,24147000000,4592034945786
2025-11-17,186.60,24147000000,4505830347382
2025-11-18,181.36,24147000000,4379299934738
2025-11-19,186.52,24147000000,4503898543167
2025-11-20,180.64,24147000000,4361914065262
2025-11-21,178.88,24147000000,4319415477905
2025-11-24,182.55,24147000000,4408034923691
2025-11-25,177.82,24147000000,4293819716858
2025-11-26,180.26,24147000000,4352738087357
2025-11-28,177.00,24147000000,4274019000000
2025-12-01,179.92,24147000000,4344528195786
2025-12-02,181.46,24147000000,4381714782120
2025-12-03,179.59,24147000000,4336559641571
2025-12-04,183.38,24147000000,4428076977905
2025-12-05,182.41,24147000000,4404654358429
2025-12-08,185.55,24147000000,4480475923691
2025-12-09,184.97,24147000000,4466470619476
2025-12-10,183.78,24147000000,4437735630524
2025-12-11,180.93,24147000000,4368916533142
2025-12-12,175.02,24147000000,4226208043167
2025-12-15,176.29,24147000000,4256874467880
2025-12-16,177.72,24147000000,4291404869476
2025-12-17,170.94,24147000000,4127688238953
2025-12-18,174.14,24147000000,4204958565262
2025-12-19,180.99,24147000000,4370365662643
2025-12-22,183.69,24147000000,4435562488953
2025-12-23,189.21,24147000000,4568854032120
2025-12-24,188.61,24147000000,4554365684738
2025-12-26,190.53,24147000000,4600727880524
2025-12-29,188.22,24147000000,4544948369476
2025-12-30,187.54,24147000000,4528528217880
2025-12-31,186.50,24147000000,4503415500000
2026-01-02,188.85,24147000000,4560161097382
2026-01-05,188.12,24147000000,4542533522095
2026-01-06,187.24,24147000000,4521284412643
2026-01-07,189.11,24147000000,4566439184738
2026-01-08,185.04,24147000000,4468160717880
2026-01-09,184.86,24147000000,4463814434738
2026-01-12,184.94,24147000000,4465746238953
2026-01-13,185.81,24147000000,4486754011047
2026-01-14,183.14,24147000000,4422281565262
2026-01-15,187.05,24147000000,4516696423691
2026-01-16,186.23,24147000000,4496895706833
2026-01-20,178.07,24147000000,4299856466858
2026-01-21,183.32,24147000000,4426628216858
2026-01-22,184.84,24147000000,4463331391571
2026-01-23,187.67,24147000000,4531667445786
2026-01-26,186.47,24147000000,4502691119476
2026-01-27,188.52,24147000000,4552192543167
2026-01-28,191.52,24147000000,4624633543167
2026-01-29,192.51,24147000000,4648538837357
2026-01-30,191.13,24147000000,4615216227905
2026-02-02,185.61,24147000000,4481924684738
2026-02-03,180.34,24147000000,4354669891571
2026-02-04,174.19,24147000000,4206165988953
2026-02-05,171.88,24147000000,4150386477905
2026-02-06,185.41,24147000000,4477095358429
2026-02-09,190.04,24147000000,4588895717880
2026-02-10,188.54,24147000000,4552675217880
2026-02-11,190.05,24147000000,4589137423691
2026-02-12,186.94,24147000000,4514040238953
2026-02-13,182.81,24147000000,4414313011047
2026-02-17,184.97,24147000000,4466470619476
2026-02-18,187.98,24147000000,4539152956833
2026-02-19,187.90,24147000000,4537221152618
2026-02-20,189.82,24147000000,4583583716858
2026-02-23,191.55,24147000000,4625357923691
2026-02-24,192.85,24147000000,4656749097382
2026-02-25,195.56,24147000000,4722187261047
2026-02-26,184.89,24147000000,4464538815262
2026-02-27,177.19,24147000000,4278606988953
2026-03-02,182.48,24147000000,4406344456833
2026-03-03,180.05,24147000000,4347667423691
2026-03-04,183.04,24147000000,4419866717880
2026-03-05,183.34,24147000000,4427110891571
2026-03-06,177.82,24147000000,4293819716858
2026-03-09,182.65,24147000000,4410449402618
2026-03-10,184.77,24147000000,4461641293167
2026-03-11,186.03,24147000000,4492066380524
2026-03-12,183.14,24147000000,4422281565262
2026-03-13,180.25,24147000000,4352496750000
2026-03-16,183.22,24147000000,4424213369476
2026-03-17,181.93,24147000000,4393063533142
2026-03-18,180.40,24147000000,4356118652618
2026-03-19,178.56,24147000000,4311688261047
2026-03-20,172.70,24147000000,4170186826309
2026-03-23,175.64,24147000000,4241179065262
2026-03-24,175.20,24147000000,4230554326309
2026-03-25,178.68,24147000000,4314585783142
2026-03-26,171.24,24147000000,4134932412643
2026-03-27,167.52,24147000000,4045105543167
2026-03-30,165.17,24147000000,3988359945786
2026-03-31,174.40,24147000000,4211236652618
2026-04-01,175.75,24147000000,4243835250000
2026-04-02,177.39,24147000000,4283436315262
2026-04-06,177.64,24147000000,4289473065262
2026-04-07,178.10,24147000000,4300580847382
2026-04-08,182.08,24147000000,4396685804214
2026-04-09,183.91,24147000000,4440874858429
2026-04-10,188.63,24147000000,4554848727905
2026-04-13,189.31,24147000000,4571268511047
2026-04-14,196.51,24147000000,4745126837357
2026-04-15,198.87,24147000000,4802113772095
2026-04-16,198.35,24147000000,4789557597382
2026-04-17,201.68,24147000000,4869966783142
2026-04-20,202.06,24147000000,4879142761047
2026-04-21,199.88,24147000000,4826502477905
2026-04-22,202.50,24147000000,4889767500000
2026-04-23,199.64,24147000000,4820707065262
2026-04-24,208.27,24147000000,5029095793167
2026-04-27,216.61,24147000000,5230481684738
2026-04-28,213.17,24147000000,5147415945786
2026-04-29,209.25,24147000000,5052759750000
2026-04-30,199.57,24147000000,4819016966858
2026-05-01,198.45,24147000000,4791972076309
2026-05-04,198.48,24147000000,4792696456833
2026-05-05,196.50,24147000000,4744885500000
2026-05-06,207.83,24147000000,5018471054214
2026-05-07,211.50,24147000000,5107090500000
2026-05-08,215.20,24147000000,5196434326309
2026-05-11,219.44,24147000000,5298817738953
2026-05-12,220.78,24147000000,5331174630524
2026-05-13,225.83,24147000000,5453117054214
2026-05-14,235.74,24147000000,5692413912643
2026-05-15,225.32,24147000000,5440802216858
2026-05-18,222.32,24147000000,5368361216858
2026-05-19,220.61,24147000000,5327069684738
2026-05-20,223.47,24147000000,5396130119476
2026-05-21,219.51,24147000000,5300507837357
2026-05-22,215.33,24147000000,5199573554214
2026-05-26,214.86,24147000000,5188224434738
2026-05-27,212.60,24147000000,5133652347382
2026-05-28,214.25,24147000000,5173494750000
2026-05-29,211.14,24147000000,5098397565262
2026-06-01,224.36,24147000000,5417620934738
2026-06-02,222.82,24147000000,5380434716858
2026-06-03,214.75,24147000000,5185568250000
2026-06-04,218.66,24147000000,5279983108429
2026-06-05,205.10,24147000000,4952549847382
2026-06-08,208.64,24147000000,5038030065262
2026-06-09,208.19,24147000000,5027163988953
2026-06-10,200.42,24147000000,4839541695786
2026-06-11,204.87,24147000000,4946995772095
2026-06-12,205.19,24147000000,4954722988953
2026-06-15,212.45,24147000000,5130030076309
2026-06-16,207.41,24147000000,5008329358429
2026-06-17,204.65,24147000000,4941683402618
2026-06-18,210.69,24147000000,5087531488953
2026-06-22,208.65,24147000000,5038271402618
2026-06-23,200.04,24147000000,4830365717880
2026-06-24,199.00,24147000000,4805253000000
2026-06-25,195.74,24147000000,4726533912643
2026-06-26,192.53,24147000000,4649021880524
2026-06-29,194.97,24147000000,4707940619476
2026-06-30,200.09,24147000000,4831573141571
2026-07-01,197.58,24147000000,4770964304214
2026-07-02,194.83,24147000000,4704560054214
2026-07-06,195.55,24147000000,4721945923691
2026-07-07,196.93,24147000000,4755268533142
2026-07-08,204.12,24147000000,4928885522095
2026-07-09,202.78,24147000000,4896528630524
2026-07-10,210.96,24147000000,5094051282120
2026-07-13,203.53,24147000000,4914638880524
2026-07-14,211.80,24147000000,5114334673691
2026-07-15,212.50,24147000000,5131237500000
2026-07-16,207.40,24147000000,5008087652618
2026-07-17,202.81,24147000000,4897253011047
2026-07-20,203.28,24147000000,4908602130524
2026-07-21,207.29,24147000000,5005431467880
2026-07-22,212.06,24147000000,5120612761047
2026-07-23,208.76,24147000000,5040927587357
2026-07-24,206.84,24147000000,4994565391571
2026-07-27,196.51,24147000000,4745126837357
2026-07-28,197.01,24147000000,4757200337357
2026-07-29,190.01,24147000000,4588171337357
2026-07-30,195.04,24147000000,4709630717880
2026-07-31,200.75,24147000000,4847510250000
2026-08-03,206.64,24147000000,4989736065262
2026-08-04,211.94,24147000000,5117715238953
2026-08-05,219.22,24147000000,5293505369476
2026-08-06,218.99,24147000000,5287951662643
2026-08-07,223.96,24147000000,5407962282120
2026-08-10,217.55,24147000000,5253179923691
2026-08-11,217.50,24147000000,5251972500000
2026-08-12,224.09,24147000000,5411101141571
2026-08-13,225.30,24147000000,5440319173691
2026-08-14,225.16,24147000000,5436938608429
2026-08-17,225.01,24147000000,5433316337357
2026-08-18,219.74,24147000000,5306061912643
2026-08-19,217.56,24147000000,5253421261047
2026-08-20,216.85,24147000000,5236277097382
2026-08-21,214.72,24147000000,5184843869476
2026-08-24,208.48,24147000000,5034166456833
2026-08-25,213.05,24147000000,5144518423691
2026-08-26,209.66,24147000000,5062660108429
2026-08-27,227.98,24147000000,5505032956833
2026-08-28,217.55,24147000000,5253179923691
2026-08-31,220.78,24147000000,5331174630524
2026-09-01,217.44,24147000000,5250523738953
2026-09-02,224.41,24147000000,5418828358429
2026-09-03,228.45,24147000000,5516382076309
2026-09-04,230.36,24147000000,5562502934738
2026-09-08,225.73,24147000000,5450702206833
2026-09-09,223.67,24147000000,5400959445786
2026-09-10,218.36,24147000000,5272738934738
2026-09-11,218.29,24147000000,5271048467880