Date,Close,Shares_Outstanding,Market_Cap
2010-06-29,1.59,3949547394,6290313735
2010-06-30,1.59,3949547394,6274515748
2010-07-01,1.46,3949547394,5782137332
2010-07-02,1.28,3949547394,5055420551
2010-07-06,1.07,3949547394,4241813905
2010-07-07,1.05,3949547394,4160188779
2010-07-08,1.16,3949547394,4597273302
2010-07-09,1.16,3949547394,4581474845
2010-07-12,1.14,3949547394,4489320240
2010-07-13,1.21,3949547394,4776317773
2010-07-14,1.32,3949547394,5223936014
2010-07-15,1.33,3949547394,5237099747
2010-07-16,1.38,3949547394,5434577399
2010-07-19,1.46,3949547394,5768973599
2010-07-20,1.35,3949547394,5345052809
2010-07-21,1.35,3949547394,5323990083
2010-07-22,1.40,3949547394,5529366257
2010-07-23,1.42,3949547394,5605722877
2010-07-26,1.40,3949547394,5516202524
2010-07-27,1.37,3949547394,5410879949
2010-07-28,1.38,3949547394,5455640125
2010-07-29,1.36,3949547394,5358220779
2010-07-30,1.33,3949547394,5250263479
2010-08-02,1.39,3949547394,5508303531
2010-08-03,1.46,3949547394,5779503079
2010-08-04,1.42,3949547394,5597823884
2010-08-05,1.36,3949547394,5384548245
2010-08-06,1.31,3949547394,5158108874
2010-08-09,1.31,3949547394,5160743127
2010-08-10,1.27,3949547394,5010660375
2010-08-11,1.19,3949547394,4713125358
2010-08-12,1.17,3949547394,4634134485
2010-08-13,1.22,3949547394,4823712674
2010-08-16,1.25,3949547394,4944833236
2010-08-17,1.28,3949547394,5042256818
2010-08-18,1.25,3949547394,4942198982
2010-08-19,1.25,3949547394,4947467489
2010-08-20,1.27,3949547394,5029088848
2010-08-23,1.34,3949547394,5300292633
2010-08-24,1.28,3949547394,5055420551
2010-08-25,1.33,3949547394,5239734000
2010-08-26,1.32,3949547394,5200238563
2010-08-27,1.31,3949547394,5187071064
2010-08-30,1.32,3949547394,5231835007
2010-08-31,1.30,3949547394,5129146684
2010-09-01,1.36,3949547394,5384548245
2010-09-02,1.40,3949547394,5545164714
2010-09-03,1.40,3949547394,5542529990
2010-09-07,1.37,3949547394,5408245695
2010-09-08,1.39,3949547394,5503034554
2010-09-09,1.38,3949547394,5453009638
2010-09-10,1.34,3949547394,5310825879
2010-09-13,1.38,3949547394,5455640125
2010-09-14,1.41,3949547394,5560962701
2010-09-15,1.47,3949547394,5787402072
2010-09-16,1.40,3949547394,5513568271
2010-09-17,1.35,3949547394,5326624336
2010-09-20,1.40,3949547394,5545164714
2010-09-21,1.38,3949547394,5468808095
2010-09-22,1.32,3949547394,5231835007
2010-09-23,1.30,3949547394,5150209881
2010-09-24,1.34,3949547394,5292393640
2010-09-27,1.37,3949547394,5405615209
2010-09-28,1.43,3949547394,5634688833
2010-09-29,1.47,3949547394,5787402072
2010-09-30,1.36,3949547394,5374018766
2010-10-01,1.37,3949547394,5424043682
2010-10-04,1.40,3949547394,5526732004
2010-10-05,1.41,3949547394,5560962701
2010-10-06,1.36,3949547394,5387182499
2010-10-07,1.36,3949547394,5379283505
2010-10-08,1.36,3949547394,5379283505
2010-10-11,1.35,3949547394,5329254823
2010-10-12,1.35,3949547394,5329254823
2010-10-13,1.37,3949547394,5408245695
2010-10-14,1.38,3949547394,5463539118
2010-10-15,1.37,3949547394,5408245695
2010-10-18,1.35,3949547394,5326624336
2010-10-19,1.34,3949547394,5279229436
2010-10-20,1.38,3949547394,5437211652
2010-10-21,1.38,3949547394,5463539118
2010-10-22,1.38,3949547394,5455640125
2010-10-25,1.39,3949547394,5489870821
2010-10-26,1.42,3949547394,5624155587
2010-10-27,1.40,3949547394,5529366257
2010-10-28,1.41,3949547394,5579395411
2010-10-29,1.46,3949547394,5750540889
2010-11-01,1.43,3949547394,5637319320
2010-11-02,1.42,3949547394,5595193397
2010-11-03,1.45,3949547394,5732108649
2010-11-04,1.66,3949547394,6556248542
2010-11-05,1.63,3949547394,6435127980
2010-11-08,1.67,3949547394,6577311739
2010-11-09,1.64,3949547394,6485156663
2010-11-10,1.96,3949547394,7730579326
2010-11-11,1.87,3949547394,7383019392
2010-11-12,1.99,3949547394,7856965099
2010-11-15,2.05,3949547394,8109736173
2010-11-16,1.98,3949547394,7812204922
2010-11-17,1.97,3949547394,7764810022
2010-11-18,1.99,3949547394,7870132598
2010-11-19,2.07,3949547394,8159764856
2010-11-22,2.23,3949547394,8794326560
2010-11-23,2.30,3949547394,9102391528
2010-11-24,2.36,3949547394,9339364146
2010-11-26,2.35,3949547394,9299868709
2010-11-29,2.29,3949547394,9039198642
2010-11-30,2.36,3949547394,9302499667
2010-12-01,2.29,3949547394,9044463382
2010-12-02,2.16,3949547394,8517858506
2010-12-03,2.10,3949547394,8291415368
2010-12-06,2.02,3949547394,7980720385
2010-12-07,2.10,3949547394,8309848079
2010-12-08,2.16,3949547394,8523123246
2010-12-09,2.14,3949547394,8438867634
2010-12-10,2.10,3949547394,8299313891
2010-12-13,2.04,3949547394,8043913271
2010-12-14,1.90,3949547394,7512038948
2010-12-15,1.97,3949547394,7793772212
2010-12-16,2.05,3949547394,8112369956
2010-12-17,2.09,3949547394,8257188439
2010-12-20,2.11,3949547394,8346708791
2010-12-21,2.15,3949547394,8494161056
2010-12-22,2.18,3949547394,8591580872
2010-12-23,2.01,3949547394,7922792238
2010-12-27,1.70,3949547394,6727394491
2010-12-28,1.76,3949547394,6953837629
2010-12-29,1.85,3949547394,7301398033
2010-12-30,1.77,3949547394,6977535079
2010-12-31,1.78,3949547394,7011762009
2011-01-03,1.77,3949547394,7009131522
2011-01-04,1.78,3949547394,7022295255
2011-01-05,1.79,3949547394,7064424945
2011-01-06,1.86,3949547394,7340893469
2011-01-07,1.88,3949547394,7435682328
2011-01-10,1.90,3949547394,7490976221
2011-01-11,1.80,3949547394,7098651875
2011-01-12,1.80,3949547394,7098651875
2011-01-13,1.75,3949547394,6903808946
2011-01-14,1.72,3949547394,6780057898
2011-01-18,1.71,3949547394,6751091470
2011-01-19,1.60,3949547394,6327174918
2011-01-20,1.51,3949547394,5955917534
2011-01-21,1.54,3949547394,6066504850
2011-01-24,1.63,3949547394,6448295480
2011-01-25,1.65,3949547394,6498320867
2011-01-26,1.65,3949547394,6516753106
2011-01-27,1.66,3949547394,6561513282
2011-01-28,1.60,3949547394,6321910178
2011-01-31,1.61,3949547394,6345607628
2011-02-01,1.59,3949547394,6295578474
2011-02-02,1.60,3949547394,6303477468
2011-02-03,1.58,3949547394,6221852342
2011-02-04,1.56,3949547394,6177092166
2011-02-07,1.54,3949547394,6074403843
2011-02-08,1.63,3949547394,6448295480
2011-02-09,1.55,3949547394,6111265026
2011-02-10,1.55,3949547394,6113899279
2011-02-11,1.55,3949547394,6121798272
2011-02-14,1.54,3949547394,6077038096
2011-02-15,1.52,3949547394,6013845681
2011-02-16,1.65,3949547394,6511488366
2011-02-17,1.57,3949547394,6213953349
2011-02-18,1.55,3949547394,6103366033
2011-02-22,1.46,3949547394,5758439882
2011-02-23,1.46,3949547394,5747906636
2011-02-24,1.50,3949547394,5932220084
2011-02-25,1.57,3949547394,6216587602
2011-02-28,1.59,3949547394,6290313735
2011-03-01,1.60,3949547394,6303477468
2011-03-02,1.60,3949547394,6324540664
2011-03-03,1.62,3949547394,6414064783
2011-03-04,1.66,3949547394,6569412746
2011-03-07,1.66,3949547394,6566782259
2011-03-08,1.64,3949547394,6493056127
2011-03-09,1.65,3949547394,6508854113
2011-03-10,1.60,3949547394,6321910178
2011-03-11,1.60,3949547394,6337708164
2011-03-14,1.55,3949547394,6121798272
2011-03-15,1.53,3949547394,6042807400
2011-03-16,1.52,3949547394,6008576703
2011-03-17,1.52,3949547394,6005946217
2011-03-18,1.53,3949547394,6045441653
2011-03-21,1.52,3949547394,5984879724
2011-03-22,1.48,3949547394,5842695965
2011-03-23,1.48,3949547394,5847964472
2011-03-24,1.49,3949547394,5879560915
2011-03-25,1.52,3949547394,5990148231
2011-03-28,1.55,3949547394,6121798272
2011-03-29,1.59,3949547394,6298212728
2011-03-30,1.58,3949547394,6242919305
2011-03-31,1.85,3949547394,7306662773
2011-04-01,1.78,3949547394,7019661002
2011-04-04,1.72,3949547394,6801120624
2011-04-05,1.78,3949547394,7030194248
2011-04-06,1.77,3949547394,6974900826
2011-04-07,1.82,3949547394,7172378007
2011-04-08,1.77,3949547394,6974900826
2011-04-11,1.68,3949547394,6653672125
2011-04-12,1.64,3949547394,6490421403
2011-04-13,1.66,3949547394,6564147535
2011-04-14,1.68,3949547394,6619441429
2011-04-15,1.71,3949547394,6735293484
2011-04-18,1.67,3949547394,6590479239
2011-04-19,1.68,3949547394,6624706168
2011-04-20,1.72,3949547394,6780057898
2011-04-21,1.78,3949547394,7040727965
2011-04-25,1.76,3949547394,6948569123
2011-04-26,1.80,3949547394,7090752881
2011-04-27,1.81,3949547394,7130248318
2011-04-28,1.84,3949547394,7282965323
2011-04-29,1.84,3949547394,7267167337
2011-05-02,1.83,3949547394,7227671901
2011-05-03,1.79,3949547394,7074954424
2011-05-04,1.78,3949547394,7027559995
2011-05-05,1.76,3949547394,6961736622
2011-05-06,1.81,3949547394,7140781564
2011-05-09,1.86,3949547394,7348792463
2011-05-10,1.89,3949547394,7459379778
2011-05-11,1.80,3949547394,7127617831
2011-05-12,1.84,3949547394,7285599576
2011-05-13,1.84,3949547394,7254003133
2011-05-16,1.77,3949547394,7003862545
2011-05-17,1.73,3949547394,6835351320
2011-05-18,1.76,3949547394,6938039643
2011-05-19,1.88,3949547394,7425149082
2011-05-20,1.86,3949547394,7364590920
2011-05-23,1.79,3949547394,7061790692
2011-05-24,1.78,3949547394,7035458988
2011-05-25,1.93,3949547394,7630525727
2011-05-26,1.97,3949547394,7762175769
2011-05-27,1.97,3949547394,7780608479
2011-05-31,2.01,3949547394,7935955500
2011-06-01,1.90,3949547394,7509404694
2011-06-02,1.92,3949547394,7572597581
2011-06-03,2.01,3949547394,7933325484
2011-06-06,1.91,3949547394,7556799594
2011-06-07,1.89,3949547394,7469909258
2011-06-08,1.81,3949547394,7140781564
2011-06-09,1.84,3949547394,7272432077
2011-06-10,1.86,3949547394,7335624492
2011-06-13,1.90,3949547394,7485707715
2011-06-14,1.91,3949547394,7530471658
2011-06-15,1.82,3949547394,7193441204
2011-06-16,1.77,3949547394,6977535079
2011-06-17,1.77,3949547394,6977535079
2011-06-20,1.73,3949547394,6848515053
2011-06-21,1.84,3949547394,7248734627
2011-06-22,1.81,3949547394,7164479014
2011-06-23,1.85,3949547394,7296129056
2011-06-24,1.84,3949547394,7259268344
2011-06-27,1.83,3949547394,7230306154
2011-06-28,1.87,3949547394,7401451632
2011-06-29,1.89,3949547394,7448846532
2011-06-30,1.94,3949547394,7670021163
2011-07-01,1.93,3949547394,7641058973
2011-07-05,1.94,3949547394,7672655417
2011-07-06,1.93,3949547394,7625260987
2011-07-07,1.98,3949547394,7828002909
2011-07-08,1.92,3949547394,7585765551
2011-07-11,1.89,3949547394,7464644518
2011-07-12,1.88,3949547394,7417250089
2011-07-13,1.91,3949547394,7541001137
2011-07-14,1.84,3949547394,7269801590
2011-07-15,1.84,3949547394,7261902597
2011-07-18,1.82,3949547394,7169743754
2011-07-19,1.86,3949547394,7343523956
2011-07-20,1.91,3949547394,7554169108
2011-07-21,1.91,3949547394,7556799594
2011-07-22,1.95,3949547394,7712150853
2011-07-25,1.90,3949547394,7501505701
2011-07-26,1.87,3949547394,7372489913
2011-07-27,1.84,3949547394,7277700583
2011-07-28,1.88,3949547394,7417250089
2011-07-29,1.88,3949547394,7417250089
2011-08-01,1.92,3949547394,7575231834
2011-08-02,1.82,3949547394,7198709711
2011-08-03,1.81,3949547394,7161844761
2011-08-04,1.65,3949547394,6516753106
2011-08-05,1.62,3949547394,6382468811
2011-08-08,1.58,3949547394,6224486595
2011-08-09,1.67,3949547394,6598378703
2011-08-10,1.59,3949547394,6271881495
2011-08-11,1.69,3949547394,6661571118
2011-08-12,1.75,3949547394,6927505926
2011-08-15,1.75,3949547394,6906443200
2011-08-16,1.74,3949547394,6872212503
2011-08-17,1.72,3949547394,6801120624
2011-08-18,1.62,3949547394,6387733551
2011-08-19,1.49,3949547394,5871661922
2011-08-22,1.46,3949547394,5779503079
2011-08-23,1.53,3949547394,6045441653
2011-08-24,1.59,3949547394,6285045228
2011-08-25,1.54,3949547394,6084937560
2011-08-26,1.58,3949547394,6248184045
2011-08-29,1.65,3949547394,6506219860
2011-08-30,1.64,3949547394,6485156663
2011-08-31,1.65,3949547394,6514118853
2011-09-01,1.60,3949547394,6319275925
2011-09-02,1.54,3949547394,6074403843
2011-09-06,1.53,3949547394,6040173147
2011-09-07,1.59,3949547394,6277146235
2011-09-08,1.57,3949547394,6216587602
2011-09-09,1.53,3949547394,6048072140
2011-09-12,1.53,3949547394,6024375160
2011-09-13,1.61,3949547394,6340338651
2011-09-14,1.62,3949547394,6408800043
2011-09-15,1.65,3949547394,6535185816
2011-09-16,1.72,3949547394,6793221631
2011-09-19,1.72,3949547394,6785322638
2011-09-20,1.73,3949547394,6848515053
2011-09-21,1.72,3949547394,6806385364
2011-09-22,1.71,3949547394,6748461455
2011-09-23,1.76,3949547394,6945938636
2011-09-26,1.70,3949547394,6719495498
2011-09-27,1.75,3949547394,6895909953
2011-09-28,1.64,3949547394,6474623416
2011-09-29,1.61,3949547394,6350872368
2011-09-30,1.63,3949547394,6421964247
2011-10-03,1.58,3949547394,6248184045
2011-10-04,1.58,3949547394,6229751335
2011-10-05,1.69,3949547394,6680000062
2011-10-06,1.80,3949547394,7098651875
2011-10-07,1.80,3949547394,7106550868
2011-10-10,1.86,3949547394,7340893469
2011-10-11,1.84,3949547394,7269801590
2011-10-12,1.85,3949547394,7319826506
2011-10-13,1.86,3949547394,7356691456
2011-10-14,1.87,3949547394,7385653646
2011-10-17,1.83,3949547394,7219772437
2011-10-18,1.89,3949547394,7462010265
2011-10-19,1.84,3949547394,7259268344
2011-10-20,1.82,3949547394,7198709711
2011-10-21,1.87,3949547394,7380388906
2011-10-24,1.90,3949547394,7517303687
2011-10-25,1.88,3949547394,7438312815
2011-10-26,1.87,3949547394,7367220935
2011-10-27,1.92,3949547394,7572597581
2011-10-28,1.99,3949547394,7864864092
2011-10-31,1.96,3949547394,7733213579
2011-11-01,1.93,3949547394,7604194024
2011-11-02,1.91,3949547394,7559433848
2011-11-03,2.16,3949547394,8546820696
2011-11-04,2.15,3949547394,8507325260
2011-11-07,2.08,3949547394,8233490988
2011-11-08,2.12,3949547394,8383574211
2011-11-09,2.06,3949547394,8130802666
2011-11-10,2.09,3949547394,8249288975
2011-11-11,2.24,3949547394,8857519447
2011-11-14,2.21,3949547394,8746932602
2011-11-15,2.26,3949547394,8933876537
2011-11-16,2.33,3949547394,9199811344
2011-11-17,2.25,3949547394,8868048926
2011-11-18,2.17,3949547394,8583681408
2011-11-21,2.12,3949547394,8362506777
2011-11-22,2.14,3949547394,8444132374
2011-11-23,2.10,3949547394,8280885889
2011-11-25,2.11,3949547394,8336179311
2011-11-28,2.17,3949547394,8573151929
2011-11-29,2.12,3949547394,8359876761
2011-11-30,2.18,3949547394,8620546829
2011-12-01,2.17,3949547394,8583681408
2011-12-02,2.22,3949547394,8767995328
2011-12-05,2.29,3949547394,9062896092
2011-12-06,2.32,3949547394,9181382401
2011-12-07,2.28,3949547394,9002334163
2011-12-08,2.06,3949547394,8133433623
2011-12-09,2.07,3949547394,8172929060
2011-12-12,2.03,3949547394,8007047851
2011-12-13,1.96,3949547394,7754276776
2011-12-14,1.90,3949547394,7512038948
2011-12-15,1.91,3949547394,7535736398
2011-12-16,1.87,3949547394,7372489913
2011-12-19,1.85,3949547394,7306662773
2011-12-20,1.86,3949547394,7346158209
2011-12-21,1.84,3949547394,7259268344
2011-12-22,1.85,3949547394,7311927513
2011-12-23,1.86,3949547394,7346158209
2011-12-27,1.90,3949547394,7522572665
2011-12-28,1.90,3949547394,7506774208
2011-12-29,1.92,3949547394,7564698588
2011-12-30,1.90,3949547394,7519938411
2012-01-03,1.87,3949547394,7393552639
2012-01-04,1.85,3949547394,7296129056
2012-01-05,1.81,3949547394,7140781564
2012-01-06,1.79,3949547394,7085488142
2012-01-09,1.82,3949547394,7175012260
2012-01-10,1.84,3949547394,7272432077
2012-01-11,1.88,3949547394,7433048075
2012-01-12,1.88,3949547394,7438312815
2012-01-13,1.52,3949547394,6000677710
2012-01-17,1.77,3949547394,7003862545
2012-01-18,1.79,3949547394,7059156438
2012-01-19,1.78,3949547394,7045992705
2012-01-20,1.77,3949547394,7003862545
2012-01-23,1.78,3949547394,7048626959
2012-01-24,1.83,3949547394,7219772437
2012-01-25,1.86,3949547394,7364590920
2012-01-26,1.93,3949547394,7619992010
2012-01-27,1.96,3949547394,7722680333
2012-01-30,1.97,3949547394,7785873219
2012-01-31,1.94,3949547394,7654222706
2012-02-01,1.97,3949547394,7788507472
2012-02-02,2.02,3949547394,7964921457
2012-02-03,2.08,3949547394,8201895016
2012-02-06,2.12,3949547394,8373040023
2012-02-07,2.11,3949547394,8320381325
2012-02-08,2.13,3949547394,8407271661
2012-02-09,2.17,3949547394,8578416669
2012-02-10,2.07,3949547394,8188727046
2012-02-13,2.10,3949547394,8291415368
2012-02-14,2.21,3949547394,8733764631
2012-02-15,2.24,3949547394,8846986200
2012-02-16,2.28,3949547394,8999703205
2012-02-17,2.33,3949547394,9207709867
2012-02-21,2.30,3949547394,9083958818
2012-02-22,2.28,3949547394,9010232685
2012-02-23,2.30,3949547394,9091858282
2012-02-24,2.25,3949547394,8886481637
2012-02-27,2.24,3949547394,8852250940
2012-02-28,2.25,3949547394,8902279623
2012-02-29,2.23,3949547394,8796957518
2012-03-01,2.29,3949547394,9060261368
2012-03-02,2.27,3949547394,8962837785
2012-03-05,2.25,3949547394,8891746376
2012-03-06,2.21,3949547394,8717966645
2012-03-07,2.21,3949547394,8720600427
2012-03-08,2.20,3949547394,8707437165
2012-03-09,2.32,3949547394,9147151704
2012-03-12,2.40,3949547394,9481547905
2012-03-13,2.41,3949547394,9502610631
2012-03-14,2.35,3949547394,9291970187
2012-03-15,2.33,3949547394,9215609330
2012-03-16,2.35,3949547394,9299868709
2012-03-19,2.33,3949547394,9210344591
2012-03-20,2.33,3949547394,9205079851
2012-03-21,2.34,3949547394,9255104767
2012-03-22,2.29,3949547394,9057627585
2012-03-23,2.27,3949547394,8973371973
2012-03-26,2.49,3949547394,9847537253
2012-03-27,2.53,3949547394,9989721011
2012-03-28,2.52,3949547394,9966023561
2012-03-29,2.49,3949547394,9829108309
2012-03-30,2.48,3949547394,9805410859
2012-04-02,2.44,3949547394,9631631127
2012-04-03,2.53,3949547394,10008152780
2012-04-04,2.33,3949547394,9215609330
2012-04-05,2.30,3949547394,9078694078
2012-04-09,2.21,3949547394,8728499891
2012-04-10,2.16,3949547394,8546820696
2012-04-11,2.21,3949547394,8712701905
2012-04-12,2.23,3949547394,8804856040
2012-04-13,2.24,3949547394,8844351476
2012-04-16,2.15,3949547394,8491527274
2012-04-17,2.15,3949547394,8488892550
2012-04-18,2.18,3949547394,8599480336
2012-04-19,2.21,3949547394,8731133674
2012-04-20,2.21,3949547394,8731133674
2012-04-23,2.13,3949547394,8409901677
2012-04-24,2.12,3949547394,8378304763
2012-04-25,2.19,3949547394,8665307005
2012-04-26,2.23,3949547394,8818024010
2012-04-27,2.22,3949547394,8778528574
2012-04-30,2.21,3949547394,8723235152
2012-05-01,2.25,3949547394,8894381100
2012-05-02,2.26,3949547394,8936510319
2012-05-03,2.16,3949547394,8546820696
2012-05-04,2.12,3949547394,8380939487
2012-05-07,2.16,3949547394,8549454479
2012-05-08,2.01,3949547394,7949123471
2012-05-09,2.00,3949547394,7914892774
2012-05-10,2.20,3949547394,8678471209
2012-05-11,2.15,3949547394,8491527274
2012-05-14,2.00,3949547394,7914892774
2012-05-15,1.96,3949547394,7749012036
2012-05-16,1.95,3949547394,7683184896
2012-05-17,1.90,3949547394,7522572665
2012-05-18,1.84,3949547394,7256633620
2012-05-21,1.92,3949547394,7575231834
2012-05-22,2.05,3949547394,8109736173
2012-05-23,2.07,3949547394,8167664320
2012-05-24,2.02,3949547394,7972820921
2012-05-25,1.99,3949547394,7849066105
2012-05-29,2.11,3949547394,8344078775
2012-05-30,2.03,3949547394,8007047851
2012-05-31,1.97,3949547394,7767444746
2012-06-01,1.88,3949547394,7411985349
2012-06-04,1.86,3949547394,7340893469
2012-06-05,1.86,3949547394,7348792463
2012-06-06,1.95,3949547394,7693718143
2012-06-07,1.93,3949547394,7617361523
2012-06-08,2.01,3949547394,7920157514
2012-06-11,1.94,3949547394,7667386910
2012-06-12,1.98,3949547394,7809570198
2012-06-13,1.98,3949547394,7838536155
2012-06-14,1.96,3949547394,7738478319
2012-06-15,1.99,3949547394,7875397338
2012-06-18,2.12,3949547394,8383574211
2012-06-19,2.14,3949547394,8449397113
2012-06-20,2.25,3949547394,8894381100
2012-06-21,2.15,3949547394,8475728346
2012-06-22,2.25,3949547394,8897014883
2012-06-25,2.21,3949547394,8717966645
2012-06-26,2.11,3949547394,8323011341
2012-06-27,2.13,3949547394,8415170184
2012-06-28,2.09,3949547394,8270352642
2012-06-29,2.09,3949547394,8238755728
2012-07-02,2.03,3949547394,8004417835
2012-07-03,2.04,3949547394,8072874519
2012-07-05,2.08,3949547394,8222957742
2012-07-06,2.07,3949547394,8159764856
2012-07-09,2.10,3949547394,8291415368
2012-07-10,2.08,3949547394,8233490988
2012-07-11,2.10,3949547394,8296683875
2012-07-12,2.18,3949547394,8610013583
2012-07-13,2.28,3949547394,9018132149
2012-07-16,2.40,3949547394,9468379934
2012-07-17,2.22,3949547394,8781158590
2012-07-18,2.14,3949547394,8465195100
2012-07-19,2.15,3949547394,8496792014
2012-07-20,2.12,3949547394,8370406241
2012-07-23,2.04,3949547394,8072874519
2012-07-24,1.99,3949547394,7856965099
2012-07-25,1.93,3949547394,7622626263
2012-07-26,1.88,3949547394,7406716372
2012-07-27,1.97,3949547394,7770074762
2012-07-30,1.82,3949547394,7201340197
2012-07-31,1.83,3949547394,7219772437
2012-08-01,1.75,3949547394,6911707940
2012-08-02,1.74,3949547394,6872212503
2012-08-03,1.82,3949547394,7180277000
2012-08-06,1.88,3949547394,7443581792
2012-08-07,2.02,3949547394,7964921457
2012-08-08,1.94,3949547394,7659487446
2012-08-09,1.96,3949547394,7743747296
2012-08-10,2.00,3949547394,7883296802
2012-08-13,2.08,3949547394,8207159756
2012-08-14,1.96,3949547394,7746377783
2012-08-15,1.96,3949547394,7741113043
2012-08-16,2.02,3949547394,7978085661
2012-08-17,2.00,3949547394,7901729512
2012-08-20,1.97,3949547394,7770074762
2012-08-21,1.94,3949547394,7664756424
2012-08-22,2.00,3949547394,7885931055
2012-08-23,2.05,3949547394,8091307230
2012-08-24,1.97,3949547394,7767444746
2012-08-27,1.89,3949547394,7456745525
2012-08-28,1.91,3949547394,7554169108
2012-08-29,1.89,3949547394,7480442975
2012-08-30,1.89,3949547394,7480442975
2012-08-31,1.90,3949547394,7509404694
2012-09-04,1.88,3949547394,7409351096
2012-09-05,1.86,3949547394,7356691456
2012-09-06,1.90,3949547394,7517303687
2012-09-07,1.96,3949547394,7727948839
2012-09-10,1.82,3949547394,7206608704
2012-09-11,1.85,3949547394,7319826506
2012-09-12,1.89,3949547394,7446211808
2012-09-13,1.97,3949547394,7762175769
2012-09-14,2.03,3949547394,8001783111
2012-09-17,2.17,3949547394,8567883422
2012-09-18,2.09,3949547394,8251919932
2012-09-19,2.07,3949547394,8175562842
2012-09-20,2.06,3949547394,8136067406
2012-09-21,2.00,3949547394,7904359528
2012-09-24,2.04,3949547394,8072874519
2012-09-25,1.84,3949547394,7282965323
2012-09-26,1.84,3949547394,7251368880
2012-09-27,1.90,3949547394,7501505701
2012-09-28,1.95,3949547394,7709516600
2012-10-01,1.94,3949547394,7677920157
2012-10-02,1.99,3949547394,7846435619
2012-10-03,1.95,3949547394,7714781340
2012-10-04,1.96,3949547394,7741113043
2012-10-05,1.93,3949547394,7606828277
2012-10-08,1.95,3949547394,7701617607
2012-10-09,1.89,3949547394,7469909258
2012-10-10,1.89,3949547394,7477808251
2012-10-11,1.89,3949547394,7456745525
2012-10-12,1.84,3949547394,7277700583
2012-10-15,1.82,3949547394,7196075457
2012-10-16,1.87,3949547394,7388287899
2012-10-17,1.92,3949547394,7588395567
2012-10-18,1.87,3949547394,7383019392
2012-10-19,1.85,3949547394,7304028520
2012-10-22,1.86,3949547394,7332994476
2012-10-23,1.89,3949547394,7475178235
2012-10-24,1.83,3949547394,7219772437
2012-10-25,1.83,3949547394,7246104140
2012-10-26,1.83,3949547394,7209239190
2012-10-31,1.88,3949547394,7406716372
2012-11-01,1.95,3949547394,7701617607
2012-11-02,1.93,3949547394,7614727270
2012-11-05,2.10,3949547394,8294049151
2012-11-06,2.08,3949547394,8201895016
2012-11-07,2.10,3949547394,8304583339
2012-11-08,2.09,3949547394,8244020468
2012-11-09,2.02,3949547394,7983350400
2012-11-12,2.07,3949547394,8180827582
2012-11-13,2.11,3949547394,8323011341
2012-11-14,2.09,3949547394,8262453178
2012-11-15,2.05,3949547394,8115004680
2012-11-16,2.12,3949547394,8383574211
2012-11-19,2.19,3949547394,8667941729
2012-11-20,2.20,3949547394,8689004455
2012-11-21,2.16,3949547394,8549454479
2012-11-23,2.14,3949547394,8459930360
2012-11-26,2.15,3949547394,8496792014
2012-11-27,2.14,3949547394,8465195100
2012-11-28,2.22,3949547394,8749562617
2012-11-29,2.25,3949547394,8870683650
2012-11-30,2.25,3949547394,8904914347
2012-12-03,2.31,3949547394,9115555732
2012-12-04,2.26,3949547394,8925977073
2012-12-05,2.25,3949547394,8875948390
2012-12-06,2.26,3949547394,8925977073
2012-12-07,2.28,3949547394,8997069423
2012-12-10,2.30,3949547394,9102391528
2012-12-11,2.35,3949547394,9289335463
2012-12-12,2.35,3949547394,9284070723
2012-12-13,2.24,3949547394,8849620924
2012-12-14,2.25,3949547394,8902279623
2012-12-17,2.29,3949547394,9057627585
2012-12-18,2.31,3949547394,9107656268
2012-12-19,2.31,3949547394,9112921008
2012-12-20,2.30,3949547394,9065526108
2012-12-21,2.27,3949547394,8952308305
2012-12-24,2.29,3949547394,9026030671
2012-12-26,2.24,3949547394,8844351476
2012-12-27,2.25,3949547394,8870683650
2012-12-28,2.21,3949547394,8746932602
2012-12-31,2.26,3949547394,8918077609
2013-01-02,2.36,3949547394,9310398189
2013-01-03,2.32,3949547394,9155051168
2013-01-04,2.29,3949547394,9057627585
2013-01-07,2.29,3949547394,9041829599
2013-01-08,2.25,3949547394,8868048926
2013-01-09,2.24,3949547394,8857519447
2013-01-10,2.24,3949547394,8828553490
2013-01-11,2.19,3949547394,8665307005
2013-01-14,2.22,3949547394,8757462081
2013-01-15,2.26,3949547394,8925977073
2013-01-16,2.27,3949547394,8978636713
2013-01-17,2.29,3949547394,9052362846
2013-01-18,2.30,3949547394,9089223558
2013-01-22,2.35,3949547394,9265638013
2013-01-23,2.40,3949547394,9478914122
2013-01-24,2.47,3949547394,9739584190
2013-01-25,2.47,3949547394,9736949466
2013-01-28,2.54,3949547394,10013417520
2013-01-29,2.53,3949547394,9992354794
2013-01-30,2.50,3949547394,9879133225
2013-01-31,2.50,3949547394,9876503209
2013-02-01,2.55,3949547394,10084509870
2013-02-04,2.52,3949547394,9937061371
2013-02-05,2.54,3949547394,10039749694
2013-02-06,2.61,3949547394,10313583024
2013-02-07,2.63,3949547394,10395208620
2013-02-08,2.62,3949547394,10332015734
2013-02-11,2.56,3949547394,10116105843
2013-02-12,2.53,3949547394,9976556808
2013-02-13,2.56,3949547394,10124005306
2013-02-14,2.55,3949547394,10076610406
2013-02-15,2.47,3949547394,9752747452
2013-02-19,2.62,3949547394,10342548980
2013-02-20,2.57,3949547394,10147702757
2013-02-21,2.34,3949547394,9257739491
2013-02-22,2.41,3949547394,9507875371
2013-02-25,2.29,3949547394,9052362846
2013-02-26,2.30,3949547394,9065526108
2013-02-27,2.34,3949547394,9241940563
2013-02-28,2.32,3949547394,9170849154
2013-03-01,2.31,3949547394,9123454254
2013-03-04,2.37,3949547394,9368326336
2013-03-05,2.44,3949547394,9650059129
2013-03-06,2.51,3949547394,9923897168
2013-03-07,2.55,3949547394,10066080927
2013-03-08,2.56,3949547394,10129273813
2013-03-11,2.61,3949547394,10295155022
2013-03-12,2.61,3949547394,10300419762
2013-03-13,2.60,3949547394,10263558108
2013-03-14,2.46,3949547394,9702722536
2013-03-15,2.35,3949547394,9291970187
2013-03-18,2.34,3949547394,9255104767
2013-03-19,2.34,3949547394,9236675823
2013-03-20,2.40,3949547394,9465749918
2013-03-21,2.40,3949547394,9481547905
2013-03-22,2.44,3949547394,9642160607
2013-03-25,2.50,3949547394,9881767949
2013-03-26,2.52,3949547394,9968657344
2013-03-27,2.54,3949547394,10047648216
2013-03-28,2.53,3949547394,9976556808
2013-04-01,2.93,3949547394,11566909388
2013-04-02,2.96,3949547394,11674862451
2013-04-03,2.74,3949547394,10821759897
2013-04-04,2.80,3949547394,11061367239
2013-04-05,2.76,3949547394,10892851306
2013-04-08,2.79,3949547394,11013972339
2013-04-09,2.70,3949547394,10663778152
2013-04-10,2.79,3949547394,11021871803
2013-04-11,2.91,3949547394,11477384328
2013-04-12,2.92,3949547394,11519514488
2013-04-15,2.89,3949547394,11401028179
2013-04-16,3.04,3949547394,12003990145
2013-04-17,3.03,3949547394,11967128491
2013-04-18,3.13,3949547394,12367348535
2013-04-19,3.19,3949547394,12593791673
2013-04-22,3.35,3949547394,13215185407
2013-04-23,3.40,3949547394,13431095299
2013-04-24,3.36,3949547394,13278378293
2013-04-25,3.47,3949547394,13691765366
2013-04-26,3.41,3949547394,13481120215
2013-04-29,3.66,3949547394,14465877047
2013-04-30,3.60,3949547394,14215736459
2013-05-01,3.55,3949547394,14028792524
2013-05-02,3.61,3949547394,14247332432
2013-05-03,3.64,3949547394,14363188725
2013-05-06,3.97,3949547394,15666539063
2013-05-07,3.70,3949547394,14615959329
2013-05-08,3.72,3949547394,14689681695
2013-05-09,4.63,3949547394,18273240682
2013-05-10,5.12,3949547394,20211148959
2013-05-13,5.85,3949547394,23118016082
2013-05-14,5.55,3949547394,21917354066
2013-05-15,5.66,3949547394,22338640603
2013-05-16,6.15,3949547394,24289716850
2013-05-17,6.10,3949547394,24092238727
2013-05-20,6.00,3949547394,23681485436
2013-05-21,5.84,3949547394,23062722660
2013-05-22,5.82,3949547394,22970567583
2013-05-23,6.18,3949547394,24416102622
2013-05-24,6.47,3949547394,25561471216
2013-05-28,7.36,3949547394,29050235695
2013-05-29,6.98,3949547394,27549409117
2013-05-30,7.00,3949547394,27633667554
2013-05-31,6.52,3949547394,25740515687
2013-06-03,6.17,3949547394,24379240969
2013-06-04,6.32,3949547394,24971673454
2013-06-05,6.36,3949547394,25111221548
2013-06-06,6.49,3949547394,25632561683
2013-06-07,6.80,3949547394,26867456279
2013-06-10,6.67,3949547394,26343481419
2013-06-11,6.30,3949547394,24874248930
2013-06-12,6.52,3949547394,25732617165
2013-06-13,6.55,3949547394,25851102532
2013-06-14,6.69,3949547394,26409308088
2013-06-17,6.81,3949547394,26909581731
2013-06-18,6.89,3949547394,27222914264
2013-06-19,6.98,3949547394,27562575204
2013-06-20,6.71,3949547394,26501463164
2013-06-21,6.64,3949547394,26211829965
2013-06-24,6.77,3949547394,26722636854
2013-06-25,6.83,3949547394,26962244196
2013-06-26,7.05,3949547394,27836409475
2013-06-27,7.28,3949547394,28765868177
2013-06-28,7.16,3949547394,28268225492
2013-07-01,7.81,3949547394,30853863443
2013-07-02,7.85,3949547394,31022380318
2013-07-03,7.68,3949547394,30343056554
2013-07-05,8.01,3949547394,31620074719
2013-07-08,8.11,3949547394,32020296646
2013-07-09,8.23,3949547394,32504773245
2013-07-10,8.15,3949547394,32194075436
2013-07-11,8.37,3949547394,33073508280
2013-07-12,8.66,3949547394,34203079829
2013-07-15,8.48,3949547394,33507960904
2013-07-16,7.27,3949547394,28713209479
2013-07-17,8.02,3949547394,31662207704
2013-07-18,7.94,3949547394,31340972882
2013-07-19,7.98,3949547394,31512122598
2013-07-22,8.16,3949547394,32236204655
2013-07-23,8.18,3949547394,32317830251
2013-07-24,8.11,3949547394,32043992213
2013-07-25,8.27,3949547394,32668020671
2013-07-26,8.63,3949547394,34068797418
2013-07-29,8.97,3949547394,35445871064
2013-07-30,8.78,3949547394,34687560194
2013-07-31,8.95,3949547394,35356346945
2013-08-01,9.04,3949547394,35690744087
2013-08-02,9.20,3949547394,36335835271
2013-08-05,9.65,3949547394,38094700960
2013-08-06,9.48,3949547394,37428547050
2013-08-07,8.95,3949547394,35343182741
2013-08-08,10.23,3949547394,40411770322
2013-08-09,10.20,3949547394,40285382665
2013-08-12,9.83,3949547394,38805616930
2013-08-13,9.70,3949547394,38292175317
2013-08-14,9.29,3949547394,36693927980
2013-08-15,9.31,3949547394,36775549810
2013-08-16,9.47,3949547394,37389050672
2013-08-19,9.66,3949547394,38152627223
2013-08-20,9.97,3949547394,39384887095
2013-08-21,9.86,3949547394,38932004586
2013-08-22,10.47,3949547394,41364926474
2013-08-23,10.79,3949547394,42612983390
2013-08-26,10.95,3949547394,43239644689
2013-08-27,11.13,3949547394,43974259992
2013-08-28,11.10,3949547394,43826813376
2013-08-29,11.07,3949547394,43724125054
2013-08-30,11.27,3949547394,44498236735
2013-09-03,11.26,3949547394,44482435923
2013-09-04,11.37,3949547394,44924787070
2013-09-05,11.33,3949547394,44743105991
2013-09-06,11.13,3949547394,43963728629
2013-09-09,10.71,3949547394,42312816944
2013-09-10,11.09,3949547394,43805746884
2013-09-11,10.90,3949547394,43055330769
2013-09-12,11.00,3949547394,43426587682
2013-09-13,11.04,3949547394,43587206035
2013-09-16,11.11,3949547394,43861040306
2013-09-17,11.08,3949547394,43768883346
2013-09-18,11.08,3949547394,43766250506
2013-09-19,11.86,3949547394,46846896418
2013-09-20,12.23,3949547394,48287165776
2013-09-23,12.07,3949547394,47686836651
2013-09-24,12.16,3949547394,48008062057
2013-09-25,12.35,3949547394,48774275215
2013-09-26,12.58,3949547394,49669508871
2013-09-27,12.73,3949547394,50264576080
2013-09-30,12.89,3949547394,50914929180
2013-10-01,12.87,3949547394,50817510305
2013-10-02,12.06,3949547394,47644703666
2013-10-03,11.55,3949547394,45633070199
2013-10-04,12.07,3949547394,47652605955
2013-10-07,12.20,3949547394,48202911105
2013-10-08,11.65,3949547394,46006963719
2013-10-09,11.25,3949547394,44440306705
2013-10-10,11.53,3949547394,45533018483
2013-10-11,11.91,3949547394,47052273064
2013-10-14,11.98,3949547394,47320841654
2013-10-15,12.26,3949547394,48431983317
2013-10-16,12.24,3949547394,48331927836
2013-10-17,12.19,3949547394,48131820638
2013-10-18,12.23,3949547394,48289802383
2013-10-21,11.51,3949547394,45446127205
2013-10-22,11.44,3949547394,45167023486
2013-10-23,10.97,3949547394,43313371763
2013-10-24,11.54,3949547394,45590940980
2013-10-25,11.31,3949547394,44672015524
2013-10-28,10.86,3949547394,42881551980
2013-10-29,10.96,3949547394,43305473241
2013-10-30,10.61,3949547394,41923130146
2013-10-31,10.66,3949547394,42112709747
2013-11-01,10.81,3949547394,42699870901
2013-11-04,11.68,3949547394,46130714767
2013-11-05,11.79,3949547394,46554628495
2013-11-06,10.08,3949547394,39800906067
2013-11-07,9.32,3949547394,36801881985
2013-11-08,9.20,3949547394,36322671068
2013-11-11,9.65,3949547394,38099966642
2013-11-12,9.19,3949547394,36283178456
2013-11-13,9.25,3949547394,36520149191
2013-11-14,9.17,3949547394,36230514108
2013-11-15,9.03,3949547394,35664411913
2013-11-18,8.11,3949547394,32012398124
2013-11-19,8.41,3949547394,33199895936
2013-11-20,8.07,3949547394,31888647075
2013-11-21,8.14,3949547394,32149317143
2013-11-22,8.09,3949547394,31959737542
2013-11-25,8.06,3949547394,31817552842
2013-11-26,8.03,3949547394,31728028723
2013-11-27,8.46,3949547394,33423706234
2013-11-29,8.49,3949547394,33513226586
2013-12-02,8.28,3949547394,32694352845
2013-12-03,9.65,3949547394,38099966642
2013-12-04,9.26,3949547394,36585973976
2013-12-05,9.37,3949547394,36988824978
2013-12-06,9.16,3949547394,36167322163
2013-12-09,9.44,3949547394,37283725742
2013-12-10,9.48,3949547394,37439074646
2013-12-11,9.31,3949547394,36770287895
2013-12-12,9.83,3949547394,38829316263
2013-12-13,9.84,3949547394,38876711163
2013-12-16,9.86,3949547394,38953071078
2013-12-17,10.16,3949547394,40143197965
2013-12-18,9.87,3949547394,38963598675
2013-12-19,9.38,3949547394,37052020689
2013-12-20,9.55,3949547394,37715541759
2013-12-23,9.57,3949547394,37797167355
2013-12-24,10.09,3949547394,39866730853
2013-12-26,10.37,3949547394,40943641820
2013-12-27,10.07,3949547394,39790374704
2013-12-30,10.16,3949547394,40137936050
2013-12-31,10.03,3949547394,39608697392
2014-01-02,10.01,3949547394,39521806114
2014-01-03,9.97,3949547394,39379621414
2014-01-06,9.80,3949547394,38705565215
2014-01-07,9.96,3949547394,39326957065
2014-01-08,10.09,3949547394,39832500156
2014-01-09,9.84,3949547394,38845113308
2014-01-10,9.71,3949547394,38368538998
2014-01-13,9.29,3949547394,36688662299
2014-01-14,10.75,3949547394,42462900167
2014-01-15,10.94,3949547394,43215949122
2014-01-16,11.40,3949547394,45016940263
2014-01-17,11.33,3949547394,44764168717
2014-01-21,11.78,3949547394,46520405332
2014-01-22,11.90,3949547394,47015413293
2014-01-23,12.10,3949547394,47789524974
2014-01-24,11.64,3949547394,45972733022
2014-01-27,11.31,3949547394,44661480395
2014-01-28,11.89,3949547394,46968018393
2014-01-29,11.68,3949547394,46138613289
2014-01-30,12.19,3949547394,48142348235
2014-01-31,12.09,3949547394,47765825641
2014-02-03,11.81,3949547394,46633621251
2014-02-04,11.92,3949547394,47060171586
2014-02-05,11.63,3949547394,45925338122
2014-02-06,11.89,3949547394,46968018393
2014-02-07,12.44,3949547394,49113938039
2014-02-10,13.10,3949547394,51754869413
2014-02-11,13.11,3949547394,51770666457
2014-02-12,13.02,3949547394,51428370793
2014-02-13,13.31,3949547394,52563211790
2014-02-14,13.22,3949547394,52194583951
2014-02-18,13.58,3949547394,53634853309
2014-02-19,12.91,3949547394,50986023413
2014-02-20,14.00,3949547394,55285764994
2014-02-21,13.97,3949547394,55188342353
2014-02-24,14.51,3949547394,57307933591
2014-02-25,16.53,3949547394,65299181572
2014-02-26,16.87,3949547394,66615699881
2014-02-27,16.84,3949547394,66494581673
2014-02-28,16.32,3949547394,64459248872
2014-03-03,16.70,3949547394,65973241538
2014-03-04,16.99,3949547394,67100172713
2014-03-05,16.84,3949547394,66526175762
2014-03-06,16.86,3949547394,66599902836
2014-03-07,16.41,3949547394,64827869177
2014-03-10,15.92,3949547394,62887326177
2014-03-11,15.63,3949547394,61720891091
2014-03-12,16.10,3949547394,63585077943
2014-03-13,15.85,3949547394,62610859065
2014-03-14,15.40,3949547394,60815129839
2014-03-17,15.60,3949547394,61607675172
2014-03-18,16.00,3949547394,63203289667
2014-03-19,15.72,3949547394,62097417451
2014-03-20,15.66,3949547394,61852548195
2014-03-21,15.26,3949547394,60267457529
2014-03-24,14.68,3949547394,57971458427
2014-03-25,14.70,3949547394,58042548894
2014-03-26,14.20,3949547394,56073040878
2014-03-27,13.82,3949547394,54588009461
2014-03-28,14.16,3949547394,55917691974
2014-03-31,13.90,3949547394,54885543066
2014-04-01,14.46,3949547394,57128889120
2014-04-02,15.35,3949547394,60636085368
2014-04-03,15.03,3949547394,59348532073
2014-04-04,14.15,3949547394,55880832204
2014-04-07,13.83,3949547394,54640673810
2014-04-08,14.36,3949547394,56731300033
2014-04-09,14.46,3949547394,57118353990
2014-04-10,13.61,3949547394,53763873806
2014-04-11,13.59,3949547394,53655916035
2014-04-14,13.21,3949547394,52157724181
2014-04-15,12.93,3949547394,51057113880
2014-04-16,13.27,3949547394,52426292771
2014-04-17,13.21,3949547394,52165622703
2014-04-21,13.63,3949547394,53813897780
2014-04-22,14.58,3949547394,57568603659
2014-04-23,13.87,3949547394,54764424858
2014-04-24,13.86,3949547394,54730194162
2014-04-25,13.32,3949547394,52621134287
2014-04-28,13.23,3949547394,52268311026
2014-04-29,13.79,3949547394,54482692064
2014-04-30,13.86,3949547394,54738092684
2014-05-01,13.85,3949547394,54695967232
2014-05-02,14.06,3949547394,55533270858
2014-05-05,14.44,3949547394,57034099319
2014-05-06,13.82,3949547394,54577481865
2014-05-07,13.42,3949547394,53016090533
2014-05-08,11.91,3949547394,47023311815
2014-05-09,12.15,3949547394,47989635938
2014-05-12,12.31,3949547394,48624191992
2014-05-13,12.68,3949547394,50069727032
2014-05-14,12.71,3949547394,50190849006
2014-05-15,12.57,3949547394,49656344667
2014-05-16,12.77,3949547394,50438354870
2014-05-19,13.07,3949547394,51631118364
2014-05-20,13.02,3949547394,51423108878
2014-05-21,13.30,3949547394,52515816890
2014-05-22,13.66,3949547394,53945551118
2014-05-23,13.82,3949547394,54582743780
2014-05-27,14.10,3949547394,55704416807
2014-05-28,14.02,3949547394,55356855461
2014-05-29,14.02,3949547394,55356855461
2014-05-30,13.85,3949547394,54706494828
2014-06-02,13.65,3949547394,53898156218
2014-06-03,13.66,3949547394,53961351929
2014-06-04,13.60,3949547394,53711209458
2014-06-05,13.79,3949547394,54477422616
2014-06-06,13.88,3949547394,54811819758
2014-06-09,13.69,3949547394,54058770804
2014-06-10,13.49,3949547394,53266229237
2014-06-11,13.63,3949547394,53837597114
2014-06-12,13.57,3949547394,53587458409
2014-06-13,13.76,3949547394,54351038727
2014-06-16,14.97,3949547394,59140522587
2014-06-17,15.44,3949547394,60999443758
2014-06-18,15.14,3949547394,59801410816
2014-06-19,15.19,3949547394,59977826213
2014-06-20,15.31,3949547394,60451771448
2014-06-23,15.81,3949547394,62460775842
2014-06-24,15.50,3949547394,61217984607
2014-06-25,15.79,3949547394,62373888330
2014-06-26,15.71,3949547394,62034225507
2014-06-27,15.94,3949547394,62945252440
2014-06-30,16.00,3949547394,63208555349
2014-07-01,15.98,3949547394,63119031230
2014-07-02,15.30,3949547394,60409642230
2014-07-03,15.28,3949547394,60362247329
2014-07-07,14.84,3949547394,58627080974
2014-07-08,14.60,3949547394,57681823344
2014-07-09,14.87,3949547394,58732405904
2014-07-10,14.63,3949547394,57784511667
2014-07-11,14.54,3949547394,57434317480
2014-07-14,15.11,3949547394,59690823971
2014-07-15,14.64,3949547394,57816109523
2014-07-16,14.48,3949547394,57178913094
2014-07-17,14.36,3949547394,56715499222
2014-07-18,14.67,3949547394,57931962049
2014-07-21,14.70,3949547394,58068881068
2014-07-22,14.64,3949547394,57816109523
2014-07-23,14.83,3949547394,58582322681
2014-07-24,14.90,3949547394,58858789794
2014-07-25,14.90,3949547394,58866688316
2014-07-28,14.99,3949547394,59195816010
2014-07-29,15.00,3949547394,59245843751
2014-07-30,15.26,3949547394,60275359818
2014-07-31,14.89,3949547394,58795597849
2014-08-01,15.55,3949547394,61420728412
2014-08-04,15.90,3949547394,62803067739
2014-08-05,15.90,3949547394,62795169217
2014-08-06,16.60,3949547394,65544054595
2014-08-07,16.83,3949547394,66455085295
2014-08-08,16.54,3949547394,65333412268
2014-08-11,17.29,3949547394,68279775769
2014-08-12,17.33,3949547394,68448292644
2014-08-13,17.35,3949547394,68540445837
2014-08-14,17.43,3949547394,68822178631
2014-08-15,17.47,3949547394,68988058898
2014-08-18,17.33,3949547394,68443019429
2014-08-19,17.12,3949547394,67605715804
2014-08-20,17.05,3949547394,67329248691
2014-08-21,16.96,3949547394,66968523142
2014-08-22,17.12,3949547394,67610989018
2014-08-25,17.50,3949547394,69130239832
2014-08-26,17.45,3949547394,68916968431
2014-08-27,17.55,3949547394,69314553751
2014-08-28,17.59,3949547394,69475175870
2014-08-29,17.98,3949547394,71012860336
2014-09-02,18.94,3949547394,74809695433
2014-09-03,18.75,3949547394,74038216593
2014-09-04,19.07,3949547394,75315230991
2014-09-05,18.49,3949547394,73037661774
2014-09-08,18.81,3949547394,74280453009
2014-09-09,18.57,3949547394,73324660249
2014-09-10,18.74,3949547394,74014517260
2014-09-11,18.69,3949547394,73806504007
2014-09-12,18.61,3949547394,73514239850
2014-09-15,16.92,3949547394,66842139252
2014-09-16,17.38,3949547394,68653669289
2014-09-17,17.43,3949547394,68822178631
2014-09-18,17.59,3949547394,69464636974
2014-09-19,17.29,3949547394,68279775769
2014-09-22,16.67,3949547394,65833689678
2014-09-23,16.69,3949547394,65933745160
2014-09-24,16.81,3949547394,66389260510
2014-09-25,16.46,3949547394,65022714460
2014-09-26,16.44,3949547394,64930561267
2014-09-29,16.35,3949547394,64577738006
2014-09-30,16.18,3949547394,63898412359
2014-10-01,16.02,3949547394,63255954015
2014-10-02,16.76,3949547394,66199680909
2014-10-03,17.01,3949547394,67197599120
2014-10-06,17.37,3949547394,68622067667
2014-10-07,17.30,3949547394,68345600555
2014-10-08,17.29,3949547394,68269244406
2014-10-09,17.13,3949547394,67671548122
2014-10-10,15.79,3949547394,62379150245
2014-10-13,14.97,3949547394,59135256906
2014-10-14,15.14,3949547394,59785613772
2014-10-15,15.31,3949547394,60480732697
2014-10-16,15.09,3949547394,59598670778
2014-10-17,15.17,3949547394,59896200616
2014-10-20,15.36,3949547394,60683480268
2014-10-21,15.69,3949547394,61965764114
2014-10-22,15.41,3949547394,60849360535
2014-10-23,15.69,3949547394,61952599910
2014-10-24,15.68,3949547394,61939435706
2014-10-27,14.78,3949547394,58366410906
2014-10-28,16.18,3949547394,63922111692
2014-10-29,15.87,3949547394,62692480895
2014-10-30,15.91,3949547394,62839935043
2014-10-31,16.11,3949547394,63640371365
2014-11-03,16.17,3949547394,63874713025
2014-11-04,15.93,3949547394,62911025510
2014-11-05,15.40,3949547394,60815129839
2014-11-06,16.08,3949547394,63513987476
2014-11-07,16.01,3949547394,63245415119
2014-11-10,16.13,3949547394,63700938002
2014-11-11,16.74,3949547394,66110156790
2014-11-12,16.61,3949547394,65588816655
2014-11-13,16.78,3949547394,66273407983
2014-11-14,17.25,3949547394,68111258895
2014-11-17,16.93,3949547394,66873733341
2014-11-18,17.18,3949547394,67853225434
2014-11-19,16.52,3949547394,65230727712
2014-11-20,16.58,3949547394,65486132099
2014-11-21,16.19,3949547394,63924740766
2014-11-24,16.45,3949547394,64962155356
2014-11-25,16.54,3949547394,65322880905
2014-11-26,16.56,3949547394,65415041632
2014-11-28,16.30,3949547394,64382885190
2014-12-01,15.44,3949547394,60991545236
2014-12-02,15.43,3949547394,60936251813
2014-12-03,15.29,3949547394,60375415300
2014-12-04,15.22,3949547394,60106846710
2014-12-05,14.91,3949547394,58903548086
2014-12-08,14.29,3949547394,56441664950
2014-12-09,14.46,3949547394,57107822627
2014-12-10,13.99,3949547394,55251534297
2014-12-11,13.93,3949547394,54998762752
2014-12-12,13.80,3949547394,54503754791
2014-12-15,13.60,3949547394,53724377428
2014-12-16,13.19,3949547394,52083997107
2014-12-17,13.72,3949547394,54193053215
2014-12-18,14.55,3949547394,57468548177
2014-12-19,14.62,3949547394,57739749608
2014-12-22,14.84,3949547394,58611283930
2014-12-23,14.73,3949547394,58182096987
2014-12-24,14.82,3949547394,58521759811
2014-12-26,15.19,3949547394,59985724735
2014-12-29,15.05,3949547394,59430153903
2014-12-30,14.82,3949547394,58513861288
2014-12-31,14.83,3949547394,58561256189
2015-01-02,14.62,3949547394,57745019056
2015-01-05,14.01,3949547394,55317359083
2015-01-06,14.09,3949547394,55630689732
2015-01-07,14.06,3949547394,55543798454
2015-01-08,14.04,3949547394,55456910943
2015-01-09,13.78,3949547394,54414230672
2015-01-12,13.48,3949547394,53242533670
2015-01-13,13.62,3949547394,53779670851
2015-01-14,12.85,3949547394,50735884708
2015-01-15,12.79,3949547394,50519976700
2015-01-16,12.87,3949547394,50835940190
2015-01-20,12.80,3949547394,50535773745
2015-01-21,13.10,3949547394,51757502253
2015-01-22,13.44,3949547394,53087181000
2015-01-23,13.42,3949547394,53000293488
2015-01-26,13.77,3949547394,54385269423
2015-01-27,13.73,3949547394,54235186201
2015-01-28,13.29,3949547394,52494750397
2015-01-29,13.68,3949547394,54029809555
2015-01-30,13.57,3949547394,53608521135
2015-02-02,14.06,3949547394,55541169380
2015-02-03,14.56,3949547394,57494876584
2015-02-04,14.57,3949547394,57544904325
2015-02-05,14.73,3949547394,58187366435
2015-02-06,14.49,3949547394,57231577442
2015-02-09,14.50,3949547394,57263171531
2015-02-10,14.42,3949547394,56949840882
2015-02-11,14.19,3949547394,56030915426
2015-02-12,13.53,3949547394,53418945301
2015-02-13,13.58,3949547394,53653286961
2015-02-17,13.62,3949547394,53805999258
2015-02-18,13.63,3949547394,53834964273
2015-02-19,14.11,3949547394,55743913184
2015-02-20,14.47,3949547394,57165748890
2015-02-23,13.82,3949547394,54593278909
2015-02-24,13.61,3949547394,53742807313
2015-02-25,13.58,3949547394,53650650354
2015-02-26,13.81,3949547394,54553782531
2015-02-27,13.56,3949547394,53540063509
2015-03-02,13.16,3949547394,51957609451
2015-03-03,13.30,3949547394,52544778138
2015-03-04,13.50,3949547394,53303092774
2015-03-05,13.38,3949547394,52826510932
2015-03-06,12.93,3949547394,51049215358
2015-03-09,12.73,3949547394,50259306632
2015-03-10,12.69,3949547394,50111856250
2015-03-11,12.92,3949547394,51012355587
2015-03-12,12.74,3949547394,50309334373
2015-03-13,12.58,3949547394,49680040234
2015-03-16,13.05,3949547394,51528430041
2015-03-17,12.98,3949547394,51273025655
2015-03-18,13.38,3949547394,52847577424
2015-03-19,13.04,3949547394,51515262071
2015-03-20,13.21,3949547394,52155087574
2015-03-23,13.31,3949547394,52563211790
2015-03-24,13.45,3949547394,53113513174
2015-03-25,12.95,3949547394,51159802203
2015-03-26,12.69,3949547394,50135555584
2015-03-27,12.33,3949547394,48711083270
2015-03-30,12.70,3949547394,50177684802
2015-03-31,12.58,3949547394,49703739567
2015-04-01,12.51,3949547394,49393037992
2015-04-02,12.73,3949547394,50290900721
2015-04-06,13.54,3949547394,53476871564
2015-04-07,13.55,3949547394,53516367942
2015-04-08,13.84,3949547394,54680170187
2015-04-09,14.01,3949547394,55317359083
2015-04-10,14.06,3949547394,55530638017
2015-04-13,13.99,3949547394,55235737253
2015-04-14,13.83,3949547394,54624872998
2015-04-15,13.86,3949547394,54722295640
2015-04-16,13.78,3949547394,54424762035
2015-04-17,13.79,3949547394,54448461368
2015-04-20,13.68,3949547394,54048239441
2015-04-21,13.96,3949547394,55138314612
2015-04-22,14.63,3949547394,57779242219
2015-04-23,14.57,3949547394,57558068529
2015-04-24,14.56,3949547394,57513310236
2015-04-27,15.44,3949547394,60967849669
2015-04-28,15.37,3949547394,60686109342
2015-04-29,15.50,3949547394,61204820403
2015-04-30,15.07,3949547394,59519678022
2015-05-01,15.07,3949547394,59514416107
2015-05-04,15.37,3949547394,60694011631
2015-05-05,15.53,3949547394,61336469974
2015-05-06,15.36,3949547394,60672948905
2015-05-07,15.79,3949547394,62350188997
2015-05-08,15.77,3949547394,62300161256
2015-05-11,15.97,3949547394,63058472126
2015-05-12,16.32,3949547394,64440815220
2015-05-13,16.21,3949547394,64030061930
2015-05-14,16.27,3949547394,64272298346
2015-05-15,16.59,3949547394,65520355262
2015-05-18,16.58,3949547394,65496655928
2015-05-19,16.48,3949547394,65072742201
2015-05-20,16.29,3949547394,64338130664
2015-05-21,16.37,3949547394,64672520273
2015-05-22,16.52,3949547394,65228091105
2015-05-26,16.50,3949547394,65157000638
2015-05-27,16.50,3949547394,65149098349
2015-05-28,16.76,3949547394,66207575665
2015-05-29,16.72,3949547394,66036429716
2015-06-01,16.63,3949547394,65680969848
2015-06-02,16.56,3949547394,65391342298
2015-06-03,16.60,3949547394,65559851640
2015-06-04,16.39,3949547394,64751513029
2015-06-05,16.61,3949547394,65599348018
2015-06-08,17.09,3949547394,67481968522
2015-06-09,17.07,3949547394,67405612373
2015-06-10,16.71,3949547394,66010101308
2015-06-11,16.76,3949547394,66197051835
2015-06-12,16.71,3949547394,66007472234
2015-06-15,16.69,3949547394,65925842871
2015-06-16,16.87,3949547394,66647293970
2015-06-17,17.36,3949547394,68566774245
2015-06-18,17.46,3949547394,68956464809
2015-06-19,17.50,3949547394,69119716002
2015-06-22,17.32,3949547394,68403523051
2015-06-23,17.84,3949547394,70478359763
2015-06-24,17.68,3949547394,69820096842
2015-06-25,17.92,3949547394,70773252994
2015-06-26,17.81,3949547394,70325639933
2015-06-29,17.47,3949547394,68990695506
2015-06-30,17.88,3949547394,70633708668
2015-07-01,17.94,3949547394,70868042795
2015-07-02,18.67,3949547394,73730147858
2015-07-06,18.65,3949547394,73651162636
2015-07-07,17.86,3949547394,70533653186
2015-07-08,17.00,3949547394,67131774335
2015-07-09,17.19,3949547394,67911155464
2015-07-10,17.28,3949547394,68235013710
2015-07-13,17.48,3949547394,69027555276
2015-07-14,17.71,3949547394,69946480732
2015-07-15,17.54,3949547394,69285596270
2015-07-16,17.78,3949547394,70217689696
2015-07-17,18.31,3949547394,72318847282
2015-07-20,18.82,3949547394,74319949387
2015-07-21,17.78,3949547394,70241381496
2015-07-22,17.86,3949547394,70531016579
2015-07-23,17.81,3949547394,70354604948
2015-07-24,17.69,3949547394,69883292554
2015-07-27,16.87,3949547394,66618328955
2015-07-28,17.65,3949547394,69727943649
2015-07-29,17.59,3949547394,69464636974
2015-07-30,17.79,3949547394,70246647177
2015-07-31,17.74,3949547394,70078137836
2015-08-03,17.33,3949547394,68456187400
2015-08-04,17.75,3949547394,70112368532
2015-08-05,18.01,3949547394,71126083788
2015-08-06,16.41,3949547394,64806806451
2015-08-07,16.17,3949547394,63853650299
2015-08-10,16.08,3949547394,63492924750
2015-08-11,15.82,3949547394,62500272220
2015-08-12,15.88,3949547394,62710914546
2015-08-13,16.17,3949547394,63853650299
2015-08-14,16.21,3949547394,64022159641
2015-08-17,17.00,3949547394,67139669091
2015-08-18,17.38,3949547394,68648396075
2015-08-19,17.02,3949547394,67208130483
2015-08-20,16.15,3949547394,63766755255
2015-08-21,15.38,3949547394,60762473024
2015-08-24,14.59,3949547394,57629162763
2015-08-25,14.67,3949547394,57934594890
2015-08-26,14.99,3949547394,59201081691
2015-08-27,16.20,3949547394,63980034189
2015-08-28,16.57,3949547394,65425565461
2015-08-31,16.60,3949547394,65578285292
2015-09-01,15.91,3949547394,62832032754
2015-09-02,16.51,3949547394,65217559742
2015-09-03,16.37,3949547394,64659352303
2015-09-04,16.13,3949547394,63700938002
2015-09-08,16.54,3949547394,65343943631
2015-09-09,16.59,3949547394,65538788914
2015-09-10,16.57,3949547394,65425565461
2015-09-11,16.68,3949547394,65888983100
2015-09-14,16.88,3949547394,66665727622
2015-09-15,16.90,3949547394,66765783104
2015-09-16,17.48,3949547394,69051254610
2015-09-17,17.47,3949547394,69003855943
2015-09-18,17.37,3949547394,68622067667
2015-09-21,17.61,3949547394,69564692456
2015-09-22,17.40,3949547394,68706326104
2015-09-23,17.40,3949547394,68737920194
2015-09-24,17.54,3949547394,69280323055
2015-09-25,17.13,3949547394,67645212182
2015-09-28,16.56,3949547394,65412405024
2015-09-29,16.44,3949547394,64943721704
2015-09-30,16.56,3949547394,65404502735
2015-10-01,15.99,3949547394,63161160448
2015-10-02,16.50,3949547394,65185965653
2015-10-05,16.41,3949547394,64812072133
2015-10-06,16.10,3949547394,63577183187
2015-10-07,15.46,3949547394,61075799906
2015-10-08,15.11,3949547394,59696093419
2015-10-09,14.71,3949547394,58108377446
2015-10-12,14.37,3949547394,56762894122
2015-10-13,14.62,3949547394,57729218245
2015-10-14,14.46,3949547394,57105189786
2015-10-15,14.75,3949547394,58271621106
2015-10-16,15.13,3949547394,59772449568
2015-10-19,15.21,3949547394,60059451810
2015-10-20,14.20,3949547394,56091470764
2015-10-21,14.01,3949547394,55317359083
2015-10-22,14.11,3949547394,55746546025
2015-10-23,13.94,3949547394,55054056174
2015-10-26,14.35,3949547394,56678639451
2015-10-27,14.02,3949547394,55385816709
2015-10-28,14.20,3949547394,56073040878
2015-10-29,14.11,3949547394,55722850458
2015-10-30,13.80,3949547394,54485321139
2015-11-02,14.25,3949547394,56291585494
2015-11-03,13.89,3949547394,54859214659
2015-11-04,15.44,3949547394,60988912395
2015-11-05,15.45,3949547394,61025772165
2015-11-06,15.49,3949547394,61181124836
2015-11-09,15.02,3949547394,59330102188
2015-11-10,14.43,3949547394,57005134305
2015-11-11,14.61,3949547394,57684456185
2015-11-12,14.20,3949547394,56067775197
2015-11-13,13.81,3949547394,54553782531
2015-11-16,14.29,3949547394,56428496980
2015-11-17,14.27,3949547394,56346878917
2015-11-18,14.74,3949547394,58208429161
2015-11-19,14.79,3949547394,58400641603
2015-11-20,14.67,3949547394,57929325442
2015-11-23,14.52,3949547394,57334265765
2015-11-24,14.55,3949547394,57465915336
2015-11-25,15.31,3949547394,60464935652
2015-11-27,15.44,3949547394,60983646713
2015-11-30,15.35,3949547394,60628186845
2015-12-01,15.81,3949547394,62452877319
2015-12-02,15.47,3949547394,61083698429
2015-12-03,15.51,3949547394,61273278029
2015-12-04,15.36,3949547394,60659784701
2015-12-07,15.41,3949547394,60857259057
2015-12-08,15.11,3949547394,59696093419
2015-12-09,14.97,3949547394,59116827021
2015-12-10,15.14,3949547394,59788246612
2015-12-11,14.47,3949547394,57142053324
2015-12-14,14.57,3949547394,57552802848
2015-12-15,14.74,3949547394,58213694843
2015-12-16,15.63,3949547394,61747223265
2015-12-17,15.56,3949547394,61452322501
2015-12-18,15.36,3949547394,60680847427
2015-12-21,15.50,3949547394,61233781652
2015-12-22,15.33,3949547394,60546561249
2015-12-23,15.31,3949547394,60480732697
2015-12-24,15.37,3949547394,60709808675
2015-12-28,15.26,3949547394,60283258340
2015-12-29,15.81,3949547394,62452877319
2015-12-30,15.87,3949547394,62689851820
2015-12-31,16.00,3949547394,63195394911
2016-01-04,14.89,3949547394,58824559097
2016-01-05,14.90,3949547394,58829824779
2016-01-06,14.60,3949547394,57673924822
2016-01-07,14.38,3949547394,56781327774
2016-01-08,14.07,3949547394,55556966424
2016-01-11,13.86,3949547394,54727561321
2016-01-12,14.00,3949547394,55285764994
2016-01-13,13.35,3949547394,52742256261
2016-01-14,13.75,3949547394,54287843016
2016-01-15,13.67,3949547394,53974516133
2016-01-19,13.65,3949547394,53903421899
2016-01-20,13.25,3949547394,52318338767
2016-01-21,13.33,3949547394,52652732142
2016-01-22,13.50,3949547394,53332054023
2016-01-25,13.09,3949547394,51707474512
2016-01-26,12.90,3949547394,50964960687
2016-01-27,12.54,3949547394,49519425648
2016-01-28,12.65,3949547394,49948608824
2016-01-29,12.75,3949547394,50343565070
2016-02-01,13.13,3949547394,51854921128
2016-02-02,12.19,3949547394,48126551190
2016-02-03,11.57,3949547394,45677832258
2016-02-04,11.69,3949547394,46164945464
2016-02-05,10.84,3949547394,42813094354
2016-02-08,9.87,3949547394,38966235282
2016-02-09,9.88,3949547394,39034692908
2016-02-10,9.58,3949547394,37828765211
2016-02-11,10.03,3949547394,39619224989
2016-02-12,10.07,3949547394,39769308212
2016-02-16,10.34,3949547394,40856754308
2016-02-17,11.25,3949547394,44413974531
2016-02-18,11.12,3949547394,43911068047
2016-02-19,11.11,3949547394,43861040306
2016-02-22,11.85,3949547394,46799501518
2016-02-23,11.81,3949547394,46659953425
2016-02-24,11.93,3949547394,47131265820
2016-02-25,12.50,3949547394,49350908773
2016-02-26,12.69,3949547394,50117121932
2016-02-29,12.80,3949547394,50535773745
2016-03-01,12.42,3949547394,49066543139
2016-03-02,12.56,3949547394,49590516115
2016-03-03,13.05,3949547394,51538957638
2016-03-04,13.40,3949547394,52934468703
2016-03-07,13.69,3949547394,54053505122
2016-03-08,13.51,3949547394,53345221993
2016-03-09,13.91,3949547394,54956637300
2016-03-10,13.68,3949547394,54024543874
2016-03-11,13.83,3949547394,54635404361
2016-03-14,14.34,3949547394,56649674436
2016-03-15,14.56,3949547394,57489610903
2016-03-16,14.80,3949547394,58434868533
2016-03-17,15.09,3949547394,59606569300
2016-03-18,15.52,3949547394,61281176552
2016-03-21,15.89,3949547394,62750407158
2016-03-22,15.62,3949547394,61676132798
2016-03-23,14.84,3949547394,58606018248
2016-03-24,15.18,3949547394,59967294850
2016-03-28,15.35,3949547394,60628186845
2016-03-29,15.34,3949547394,60593956149
2016-03-30,15.13,3949547394,59740855479
2016-03-31,15.32,3949547394,60499166349
2016-04-01,15.84,3949547394,62558194716
2016-04-04,16.47,3949547394,65033245823
2016-04-05,17.03,3949547394,67266060513
2016-04-06,17.69,3949547394,69885929161
2016-04-07,17.15,3949547394,67721575863
2016-04-08,16.67,3949547394,65844221041
2016-04-11,16.66,3949547394,65804724663
2016-04-12,16.52,3949547394,65251790438
2016-04-13,16.97,3949547394,67018550883
2016-04-14,16.79,3949547394,66315533435
2016-04-15,16.97,3949547394,67013285201
2016-04-18,16.93,3949547394,66847404934
2016-04-19,16.49,3949547394,65133301305
2016-04-20,16.66,3949547394,65817892633
2016-04-21,16.55,3949547394,65375545254
2016-04-22,16.92,3949547394,66813181771
2016-04-25,16.79,3949547394,66305002072
2016-04-26,16.92,3949547394,66810545163
2016-04-27,16.76,3949547394,66212848879
2016-04-28,16.51,3949547394,65222825423
2016-04-29,16.05,3949547394,63392869268
2016-05-02,16.12,3949547394,63666707306
2016-05-03,15.49,3949547394,61170589707
2016-05-04,14.84,3949547394,58600748800
2016-05-05,14.10,3949547394,55696518284
2016-05-06,14.33,3949547394,56591748173
2016-05-09,13.93,3949547394,55009297881
2016-05-10,13.91,3949547394,54948738777
2016-05-11,13.93,3949547394,55019829244
2016-05-12,13.82,3949547394,54577481865
2016-05-13,13.84,3949547394,54664369376
2016-05-16,13.89,3949547394,54843413848
2016-05-17,13.64,3949547394,53887624855
2016-05-18,14.08,3949547394,55601728484
2016-05-19,14.35,3949547394,56665471481
2016-05-20,14.69,3949547394,58000419675
2016-05-23,14.41,3949547394,56931410997
2016-05-24,14.53,3949547394,57376391217
2016-05-25,14.64,3949547394,57816109523
2016-05-26,15.01,3949547394,59274808766
2016-05-27,14.87,3949547394,58727136456
2016-05-31,14.88,3949547394,58777164197
2016-06-01,14.64,3949547394,57810840075
2016-06-02,14.60,3949547394,57652858329
2016-06-03,14.60,3949547394,57660756852
2016-06-06,14.71,3949547394,58105740839
2016-06-07,15.49,3949547394,61175855388
2016-06-08,15.70,3949547394,62013159014
2016-06-09,15.29,3949547394,60391212344
2016-06-10,14.59,3949547394,57608100037
2016-06-13,14.52,3949547394,57365859854
2016-06-14,14.33,3949547394,56599646695
2016-06-15,14.51,3949547394,57321097795
2016-06-16,14.53,3949547394,57381660665
2016-06-17,14.36,3949547394,56733932874
2016-06-20,14.65,3949547394,57847703612
2016-06-21,14.64,3949547394,57824008045
2016-06-22,13.11,3949547394,51781201587
2016-06-23,13.09,3949547394,51712740194
2016-06-24,12.88,3949547394,50857006683
2016-06-27,13.24,3949547394,52278842389
2016-06-28,13.45,3949547394,53131946826
2016-06-29,14.01,3949547394,55343691257
2016-06-30,14.15,3949547394,55893996407
2016-07-01,14.43,3949547394,57005134305
2016-07-05,14.27,3949547394,56341609468
2016-07-06,14.30,3949547394,56462727676
2016-07-07,14.40,3949547394,56857683922
2016-07-08,14.45,3949547394,57078857612
2016-07-11,14.99,3949547394,59185284647
2016-07-12,14.98,3949547394,59151057717
2016-07-13,14.84,3949547394,58592850278
2016-07-14,14.77,3949547394,58329551136
2016-07-15,14.69,3949547394,58032013764
2016-07-18,15.08,3949547394,59572338604
2016-07-19,15.02,3949547394,59311668536
2016-07-20,15.22,3949547394,60127909436
2016-07-21,14.70,3949547394,58058345938
2016-07-22,14.82,3949547394,58524392652
2016-07-25,15.33,3949547394,60562358293
2016-07-26,15.30,3949547394,60430708722
2016-07-27,15.23,3949547394,60162140132
2016-07-28,15.37,3949547394,60720340038
2016-07-29,15.65,3949547394,61820950339
2016-08-01,15.33,3949547394,60562358293
2016-08-02,15.15,3949547394,59822477309
2016-08-03,15.05,3949547394,59451220396
2016-08-04,15.37,3949547394,60720340038
2016-08-05,15.34,3949547394,60567623975
2016-08-08,15.08,3949547394,59548643037
2016-08-09,15.27,3949547394,60317489037
2016-08-10,15.04,3949547394,59414356859
2016-08-11,14.99,3949547394,59219515343
2016-08-12,15.04,3949547394,59403825496
2016-08-15,15.04,3949547394,59398559814
2016-08-16,14.91,3949547394,58877219679
2016-08-17,14.88,3949547394,58779797038
2016-08-18,14.90,3949547394,58850891271
2016-08-19,15.00,3949547394,59243210910
2016-08-22,14.86,3949547394,58698175208
2016-08-23,14.99,3949547394,59201081691
2016-08-24,14.84,3949547394,58616549611
2016-08-25,14.73,3949547394,58179467913
2016-08-26,14.67,3949547394,57924063527
2016-08-29,14.35,3949547394,56662842407
2016-08-30,14.09,3949547394,55646486777
2016-08-31,14.13,3949547394,55822902174
2016-09-01,13.38,3949547394,52863378236
2016-09-02,13.19,3949547394,52076098584
2016-09-06,13.52,3949547394,53405781097
2016-09-07,13.45,3949547394,53110880333
2016-09-08,13.16,3949547394,51965511739
2016-09-09,12.96,3949547394,51204568029
2016-09-12,13.22,3949547394,52213017603
2016-09-13,13.07,3949547394,51620583234
2016-09-14,13.09,3949547394,51715373035
2016-09-15,13.36,3949547394,52771217509
2016-09-16,13.69,3949547394,54082466370
2016-09-19,13.76,3949547394,54329972234
2016-09-20,13.64,3949547394,53882359173
2016-09-21,13.68,3949547394,54035071470
2016-09-22,13.76,3949547394,54353671568
2016-09-23,13.83,3949547394,54622240158
2016-09-26,13.93,3949547394,55027727767
2016-09-27,13.72,3949547394,54190424141
2016-09-28,13.75,3949547394,54311542349
2016-09-29,13.38,3949547394,52844944584
2016-09-30,13.60,3949547394,53721744587
2016-10-03,14.25,3949547394,56267886161
2016-10-04,14.09,3949547394,55664920429
2016-10-05,13.90,3949547394,54888175907
2016-10-06,13.40,3949547394,52923933573
2016-10-07,13.11,3949547394,51768033616
2016-10-10,13.40,3949547394,52910769369
2016-10-11,13.34,3949547394,52686962839
2016-10-12,13.43,3949547394,53058219751
2016-10-13,13.35,3949547394,52723822609
2016-10-14,13.10,3949547394,51741705209
2016-10-17,12.93,3949547394,51070281850
2016-10-18,13.27,3949547394,52423656164
2016-10-19,13.57,3949547394,53597993539
2016-10-20,13.27,3949547394,52423656164
2016-10-21,13.34,3949547394,52684326231
2016-10-24,13.52,3949547394,53387347445
2016-10-25,13.49,3949547394,53276760600
2016-10-26,13.48,3949547394,53250432193
2016-10-27,13.60,3949547394,53716478906
2016-10-28,13.33,3949547394,52652732142
2016-10-31,13.18,3949547394,52062934380
2016-11-01,12.72,3949547394,50235607299
2016-11-02,12.53,3949547394,49506261444
2016-11-03,12.49,3949547394,49348279699
2016-11-04,12.70,3949547394,50175051962
2016-11-07,12.88,3949547394,50872803727
2016-11-08,13.00,3949547394,51328319077
2016-11-09,12.67,3949547394,50043398624
2016-11-10,12.36,3949547394,48803240230
2016-11-11,12.57,3949547394,49648446145
2016-11-14,12.10,3949547394,47776360770
2016-11-15,12.25,3949547394,48387221258
2016-11-16,12.26,3949547394,48429350477
2016-11-17,12.58,3949547394,49674774552
2016-11-18,12.33,3949547394,48716352719
2016-11-21,12.30,3949547394,48584699381
2016-11-22,12.74,3949547394,50335666547
2016-11-23,12.88,3949547394,50854373842
2016-11-25,13.11,3949547394,51778564979
2016-11-28,13.07,3949547394,51639016886
2016-11-29,12.64,3949547394,49914378127
2016-11-30,12.63,3949547394,49869619834
2016-12-01,12.13,3949547394,47889576689
2016-12-02,12.10,3949547394,47781622685
2016-12-05,12.45,3949547394,49185028506
2016-12-06,12.39,3949547394,48934893568
2016-12-07,12.88,3949547394,50857006683
2016-12-08,12.82,3949547394,50630563545
2016-12-09,12.81,3949547394,50601602297
2016-12-12,12.83,3949547394,50667427082
2016-12-13,13.21,3949547394,52173521225
2016-12-14,13.25,3949547394,52315705926
2016-12-15,13.17,3949547394,52023438003
2016-12-16,13.50,3949547394,53316256978
2016-12-19,13.52,3949547394,53379448923
2016-12-20,13.92,3949547394,54975067185
2016-12-21,13.85,3949547394,54688068710
2016-12-22,13.90,3949547394,54885543066
2016-12-23,14.22,3949547394,56173096360
2016-12-27,14.64,3949547394,57802941552
2016-12-28,14.65,3949547394,57858234975
2016-12-29,14.31,3949547394,56525923388
2016-12-30,14.25,3949547394,56265253320
2017-01-03,14.47,3949547394,57134151035
2017-01-04,15.13,3949547394,59767183886
2017-01-05,15.12,3949547394,59703991942
2017-01-06,15.27,3949547394,60299055385
2017-01-09,15.42,3949547394,60896755435
2017-01-10,15.32,3949547394,60525498523
2017-01-11,15.32,3949547394,60488634985
2017-01-12,15.31,3949547394,60451771448
2017-01-13,15.85,3949547394,62600327702
2017-01-17,15.71,3949547394,62028956059
2017-01-18,15.89,3949547394,62760942287
2017-01-19,16.25,3949547394,64182781760
2017-01-20,16.32,3949547394,64438178613
2017-01-23,16.59,3949547394,65541425521
2017-01-24,16.97,3949547394,67039621142
2017-01-25,16.96,3949547394,67002753838
2017-01-26,16.83,3949547394,66486679384
2017-01-27,16.86,3949547394,66602531911
2017-01-30,16.71,3949547394,65991675189
2017-01-31,16.80,3949547394,66333967087
2017-02-01,16.62,3949547394,65625676425
2017-02-02,16.77,3949547394,66233911605
2017-02-03,16.76,3949547394,66175981576
2017-02-06,17.18,3949547394,67871659086
2017-02-07,17.17,3949547394,67795295404
2017-02-08,17.47,3949547394,69006492550
2017-02-09,17.95,3949547394,70881210765
2017-02-10,17.95,3949547394,70889113054
2017-02-13,18.71,3949547394,73882867689
2017-02-14,18.73,3949547394,73982923171
2017-02-15,18.65,3949547394,73661693999
2017-02-16,17.93,3949547394,70815385980
2017-02-17,18.15,3949547394,71679018013
2017-02-21,18.49,3949547394,73037661774
2017-02-22,18.23,3949547394,72016044229
2017-02-23,17.07,3949547394,67402975766
2017-02-24,17.13,3949547394,67668911515
2017-02-27,16.42,3949547394,64833134859
2017-02-28,16.67,3949547394,65823158315
2017-03-01,16.67,3949547394,65831053070
2017-03-02,16.70,3949547394,65952178812
2017-03-03,16.77,3949547394,66239177287
2017-03-06,16.75,3949547394,66144387486
2017-03-07,16.57,3949547394,65454530476
2017-03-08,16.46,3949547394,65001651734
2017-03-09,16.33,3949547394,64482948205
2017-03-10,16.25,3949547394,64164348108
2017-03-13,16.41,3949547394,64817337814
2017-03-14,17.20,3949547394,67932218190
2017-03-15,17.05,3949547394,67334521906
2017-03-16,17.47,3949547394,68998590261
2017-03-17,17.43,3949547394,68853772720
2017-03-20,17.46,3949547394,68964359565
2017-03-21,16.71,3949547394,66004835627
2017-03-22,17.00,3949547394,67144942305
2017-03-23,16.99,3949547394,67084375668
2017-03-24,17.54,3949547394,69290861951
2017-03-27,18.01,3949547394,71149783122
2017-03-28,18.50,3949547394,73053466352
2017-03-29,18.49,3949547394,73035032700
2017-03-30,18.53,3949547394,73177213634
2017-03-31,18.55,3949547394,73277269116
2017-04-03,19.90,3949547394,78601257315
2017-04-04,20.25,3949547394,79965174291
2017-04-05,19.67,3949547394,77674437104
2017-04-06,19.91,3949547394,78648655982
2017-04-07,20.17,3949547394,79659734631
2017-04-10,20.83,3949547394,82253274871
2017-04-11,20.58,3949547394,81284321675
2017-04-12,19.79,3949547394,78158909936
2017-04-13,20.27,3949547394,80044159514
2017-04-17,20.10,3949547394,79370107081
2017-04-18,20.02,3949547394,79056772665
2017-04-19,20.37,3949547394,80444381442
2017-04-20,20.17,3949547394,79651839875
2017-04-21,20.37,3949547394,80465444168
2017-04-24,20.54,3949547394,81105273437
2017-04-25,20.92,3949547394,82621895176
2017-04-26,20.68,3949547394,81668739024
2017-04-27,20.58,3949547394,81263251415
2017-04-28,20.94,3949547394,82695622251
2017-05-01,21.52,3949547394,85002156483
2017-05-02,21.26,3949547394,83964741893
2017-05-03,20.73,3949547394,81892549322
2017-05-04,19.70,3949547394,77795547779
2017-05-05,20.56,3949547394,81189531874
2017-05-08,20.48,3949547394,80884099747
2017-05-09,21.42,3949547394,84588774118
2017-05-10,21.68,3949547394,85631454389
2017-05-11,21.54,3949547394,85073254483
2017-05-12,21.65,3949547394,85523496618
2017-05-15,21.06,3949547394,83172200327
2017-05-16,21.13,3949547394,83469737698
2017-05-17,20.41,3949547394,80599730346
2017-05-18,20.87,3949547394,82429686502
2017-05-19,20.72,3949547394,81842521581
2017-05-22,20.69,3949547394,81716137691
2017-05-23,20.26,3949547394,80007299743
2017-05-24,20.68,3949547394,81681906995
2017-05-25,21.12,3949547394,83422339032
2017-05-26,21.68,3949547394,85610391663
2017-05-30,22.34,3949547394,88232889385
2017-05-31,22.73,3949547394,89789007502
2017-06-01,22.69,3949547394,89620498161
2017-06-02,22.66,3949547394,89483582908
2017-06-05,23.15,3949547394,91450454316
2017-06-06,23.52,3949547394,92906516952
2017-06-07,23.98,3949547394,94696984263
2017-06-08,24.67,3949547394,97422174074
2017-06-09,23.82,3949547394,94083483401
2017-06-12,23.93,3949547394,94528467388
2017-06-13,25.06,3949547394,98988823555
2017-06-14,25.38,3949547394,100228978182
2017-06-15,25.02,3949547394,98828208969
2017-06-16,24.76,3949547394,97790794379
2017-06-19,24.65,3949547394,97369509726
2017-06-20,24.82,3949547394,98011968069
2017-06-21,25.09,3949547394,99107305155
2017-06-22,25.51,3949547394,100742423562
2017-06-23,25.56,3949547394,100963597252
2017-06-26,25.17,3949547394,99394311164
2017-06-27,24.16,3949547394,95413169681
2017-06-28,24.75,3949547394,97748661394
2017-06-29,24.05,3949547394,94986611812
2017-06-30,24.11,3949547394,95213051184
2017-07-03,23.51,3949547394,92845957848
2017-07-05,21.81,3949547394,86123829509
2017-07-06,20.59,3949547394,81315915764
2017-07-07,20.88,3949547394,82471811954
2017-07-10,21.07,3949547394,83216962386
2017-07-11,21.81,3949547394,86158060206
2017-07-12,21.97,3949547394,86763658779
2017-07-13,21.56,3949547394,85154876313
2017-07-14,21.85,3949547394,86305506821
2017-07-17,21.30,3949547394,84143790131
2017-07-18,21.88,3949547394,86426632562
2017-07-19,21.68,3949547394,85641985752
2017-07-20,21.99,3949547394,86868979942
2017-07-21,21.89,3949547394,86468758014
2017-07-24,22.83,3949547394,90186600356
2017-07-25,22.64,3949547394,89417750590
2017-07-26,22.92,3949547394,90536787009
2017-07-27,22.30,3949547394,88064372510
2017-07-28,22.34,3949547394,88224987096
2017-07-31,21.56,3949547394,85170673357
2017-08-01,21.30,3949547394,84143790131
2017-08-02,21.73,3949547394,85807866019
2017-08-03,23.14,3949547394,91389895212
2017-08-04,23.79,3949547394,93975533164
2017-08-07,23.68,3949547394,93517381206
2017-08-08,24.35,3949547394,96163578262
2017-08-09,24.24,3949547394,95718594275
2017-08-10,23.69,3949547394,93577940310
2017-08-11,23.86,3949547394,94228300943
2017-08-14,24.25,3949547394,95789684742
2017-08-15,24.16,3949547394,95402630785
2017-08-16,24.19,3949547394,95555350615
2017-08-17,23.46,3949547394,92661643929
2017-08-18,23.16,3949547394,91487314087
2017-08-21,22.52,3949547394,88959606165
2017-08-22,22.76,3949547394,89878531621
2017-08-23,23.52,3949547394,92885454226
2017-08-24,23.53,3949547394,92927587211
2017-08-25,23.20,3949547394,91642662991
2017-08-28,23.04,3949547394,91013372618
2017-08-29,23.16,3949547394,91460985679
2017-08-30,23.55,3949547394,92993411997
2017-08-31,23.73,3949547394,93709597414
2017-09-01,23.69,3949547394,93577940310
2017-09-05,23.31,3949547394,92048150600
2017-09-06,22.97,3949547394,90715835247
2017-09-07,23.37,3949547394,92316722957
2017-09-08,22.89,3949547394,90418305408
2017-09-11,24.25,3949547394,95760727260
2017-09-12,24.18,3949547394,95513217629
2017-09-13,24.42,3949547394,96429514011
2017-09-14,25.18,3949547394,99433807542
2017-09-15,25.32,3949547394,100005175418
2017-09-18,25.67,3949547394,101371721468
2017-09-19,25.01,3949547394,98765013258
2017-09-20,24.93,3949547394,98451686375
2017-09-21,24.43,3949547394,96495338796
2017-09-22,23.41,3949547394,92443106846
2017-09-25,23.00,3949547394,90836953455
2017-09-26,23.02,3949547394,90905414847
2017-09-27,22.73,3949547394,89778476139
2017-09-28,22.64,3949547394,89417750590
2017-09-29,22.74,3949547394,89812706836
2017-10-02,22.77,3949547394,89925930288
2017-10-03,23.21,3949547394,91666362325
2017-10-04,23.67,3949547394,93475255754
2017-10-05,23.69,3949547394,93559514192
2017-10-06,23.79,3949547394,93967630875
2017-10-09,22.86,3949547394,90297187200
2017-10-10,23.71,3949547394,93627968051
2017-10-11,23.64,3949547394,93367297984
2017-10-12,23.71,3949547394,93651667385
2017-10-13,23.70,3949547394,93622702370
2017-10-16,23.37,3949547394,92314086350
2017-10-17,23.72,3949547394,93670101037
2017-10-18,23.98,3949547394,94696984263
2017-10-19,23.45,3949547394,92632686447
2017-10-20,23.01,3949547394,90865918470
2017-10-23,22.47,3949547394,88738432476
2017-10-24,22.49,3949547394,88822683380
2017-10-25,21.72,3949547394,85794705582
2017-10-26,21.74,3949547394,85881593093
2017-10-27,21.39,3949547394,84486082029
2017-10-30,21.34,3949547394,84278076309
2017-10-31,22.10,3949547394,87292893670
2017-11-01,21.41,3949547394,84541375451
2017-11-02,19.95,3949547394,78796102598
2017-11-03,20.41,3949547394,80594464664
2017-11-06,20.19,3949547394,79722930342
2017-11-07,20.40,3949547394,80583933301
2017-11-08,20.29,3949547394,80146851603
2017-11-09,20.20,3949547394,79778223765
2017-11-10,20.20,3949547394,79778223765
2017-11-13,21.03,3949547394,83045816437
2017-11-14,20.58,3949547394,81281685067
2017-11-15,20.75,3949547394,81966268863
2017-11-16,20.83,3949547394,82282232353
2017-11-17,21.00,3949547394,82953655711
2017-11-20,20.58,3949547394,81292216430
2017-11-21,21.19,3949547394,83680372492
2017-11-22,20.84,3949547394,82308568294
2017-11-24,21.04,3949547394,83085312815
2017-11-27,21.12,3949547394,83417073350
2017-11-28,21.17,3949547394,83611918632
2017-11-29,20.50,3949547394,80976252940
2017-11-30,20.59,3949547394,81321181445
2017-12-01,20.44,3949547394,80710317191
2017-12-04,20.35,3949547394,80360123004
2017-12-05,20.25,3949547394,79965174291
2017-12-06,20.88,3949547394,82482350850
2017-12-07,20.75,3949547394,81950471818
2017-12-08,21.01,3949547394,82974725970
2017-12-11,21.93,3949547394,86603044193
2017-12-12,22.74,3949547394,89794273184
2017-12-13,22.60,3949547394,89267667367
2017-12-14,22.53,3949547394,88967500921
2017-12-15,22.90,3949547394,90431473379
2017-12-18,22.59,3949547394,89225541915
2017-12-19,22.07,3949547394,87179677751
2017-12-20,21.93,3949547394,86621470311
2017-12-21,22.11,3949547394,87327124366
2017-12-22,21.68,3949547394,85626188707
2017-12-26,21.15,3949547394,83543457239
2017-12-27,20.78,3949547394,82055792982
2017-12-28,21.02,3949547394,83035285074
2017-12-29,20.76,3949547394,81979436833
2018-01-02,21.37,3949547394,84396565443
2018-01-03,21.15,3949547394,83532925876
2018-01-04,20.97,3949547394,82840439792
2018-01-05,21.11,3949547394,83356514246
2018-01-08,22.43,3949547394,88577817890
2018-01-09,22.25,3949547394,87861632472
2018-01-10,22.32,3949547394,88153896629
2018-01-11,22.53,3949547394,88983305499
2018-01-12,22.41,3949547394,88527790149
2018-01-16,22.67,3949547394,89538876331
2018-01-17,23.14,3949547394,91408321331
2018-01-18,22.97,3949547394,90726366610
2018-01-19,23.33,3949547394,92161374053
2018-01-22,23.44,3949547394,92566854128
2018-01-23,23.52,3949547394,92890719908
2018-01-24,23.06,3949547394,91073931722
2018-01-25,22.51,3949547394,88901676136
2018-01-26,22.86,3949547394,90273487867
2018-01-29,23.30,3949547394,92032353556
2018-01-30,23.05,3949547394,91055498070
2018-01-31,23.62,3949547394,93290941835
2018-02-01,23.28,3949547394,91958626481
2018-02-02,22.92,3949547394,90510466135
2018-02-05,22.21,3949547394,87714185856
2018-02-06,22.26,3949547394,87935359546
2018-02-07,23.00,3949547394,90839590062
2018-02-08,21.02,3949547394,83001054378
2018-02-09,20.69,3949547394,81734571343
2018-02-12,21.05,3949547394,83132711482
2018-02-13,21.58,3949547394,85220701098
2018-02-14,21.49,3949547394,84865241230
2018-02-15,22.27,3949547394,87961687954
2018-02-16,22.37,3949547394,88335573941
2018-02-20,22.32,3949547394,88146001873
2018-02-21,22.22,3949547394,87758940383
2018-02-22,23.08,3949547394,91147651263
2018-02-23,23.47,3949547394,92695874625
2018-02-26,23.83,3949547394,94109811809
2018-02-27,23.40,3949547394,92416770906
2018-02-28,22.87,3949547394,90328781290
2018-03-01,22.06,3949547394,87134915691
2018-03-02,22.34,3949547394,88238155066
2018-03-05,22.22,3949547394,87772108353
2018-03-06,21.88,3949547394,86416093666
2018-03-07,22.15,3949547394,87495641241
2018-03-08,21.94,3949547394,86653071934
2018-03-09,21.81,3949547394,86144892235
2018-03-12,23.03,3949547394,90973876240
2018-03-13,22.79,3949547394,90007552118
2018-03-14,21.78,3949547394,86002711301
2018-03-15,21.71,3949547394,85731509871
2018-03-16,21.42,3949547394,84612465918
2018-03-19,20.90,3949547394,82561336073
2018-03-20,20.70,3949547394,81768794506
2018-03-21,21.10,3949547394,83343346276
2018-03-22,20.61,3949547394,81387006231
2018-03-23,20.10,3949547394,79396435489
2018-03-26,20.28,3949547394,80091558181
2018-03-27,18.61,3949547394,73508974169
2018-03-28,17.19,3949547394,67874288160
2018-03-29,17.74,3949547394,70072872154
2018-04-02,16.83,3949547394,66478784629
2018-04-03,17.84,3949547394,70441492460
2018-04-04,19.13,3949547394,75552209258
2018-04-05,20.38,3949547394,80497038257
2018-04-06,19.95,3949547394,78806633961
2018-04-09,19.31,3949547394,76268394676
2018-04-10,20.31,3949547394,80228473433
2018-04-11,20.06,3949547394,79235820903
2018-04-12,19.61,3949547394,77432193155
2018-04-13,20.02,3949547394,79080471999
2018-04-16,19.41,3949547394,76676511359
2018-04-17,19.18,3949547394,75749683615
2018-04-18,19.56,3949547394,77239984480
2018-04-19,20.01,3949547394,79012010606
2018-04-20,19.35,3949547394,76421106973
2018-04-23,18.89,3949547394,74612213544
2018-04-24,18.90,3949547394,74635912877
2018-04-25,18.71,3949547394,73906567022
2018-04-26,19.03,3949547394,75167784375
2018-04-27,19.61,3949547394,77432193155
2018-04-30,19.59,3949547394,77384794488
2018-05-01,19.99,3949547394,78969885154
2018-05-02,20.08,3949547394,79293750933
2018-05-03,18.96,3949547394,74896582945
2018-05-04,19.61,3949547394,77434829762
2018-05-07,20.18,3949547394,79720301268
2018-05-08,20.13,3949547394,79509651408
2018-05-09,20.46,3949547394,80794575628
2018-05-10,20.33,3949547394,80312731871
2018-05-11,20.07,3949547394,79270051600
2018-05-14,19.46,3949547394,76876622323
2018-05-15,18.95,3949547394,74825492478
2018-05-16,19.10,3949547394,75431091051
2018-05-17,18.97,3949547394,74920282278
2018-05-18,18.45,3949547394,72887578551
2018-05-21,18.97,3949547394,74907114308
2018-05-22,18.33,3949547394,72411000475
2018-05-23,18.60,3949547394,73480016687
2018-05-24,18.52,3949547394,73158779982
2018-05-25,18.59,3949547394,73422086657
2018-05-29,18.92,3949547394,74714905633
2018-05-30,19.45,3949547394,76810797538
2018-05-31,18.98,3949547394,74970310019
2018-06-01,19.45,3949547394,76837125945
2018-06-04,19.78,3949547394,78132581528
2018-06-05,19.41,3949547394,76655448633
2018-06-06,21.30,3949547394,84125356479
2018-06-07,21.07,3949547394,83227493749
2018-06-08,21.18,3949547394,83640883647
2018-06-11,22.14,3949547394,87442976893
2018-06-12,22.85,3949547394,90252425141
2018-06-13,22.99,3949547394,90781660032
2018-06-14,23.85,3949547394,94188804565
2018-06-15,23.88,3949547394,94307293698
2018-06-18,24.72,3949547394,97640711157
2018-06-19,23.50,3949547394,92827524196
2018-06-20,24.15,3949547394,95373673303
2018-06-21,23.17,3949547394,91500482057
2018-06-22,22.24,3949547394,87845835427
2018-06-25,22.20,3949547394,87682584234
2018-06-26,22.80,3949547394,90049677570
2018-06-27,22.97,3949547394,90707940491
2018-06-28,23.33,3949547394,92137674719
2018-06-29,22.86,3949547394,90299816275
2018-07-02,22.34,3949547394,88224987096
2018-07-03,20.72,3949547394,81850423869
2018-07-05,20.61,3949547394,81402803275
2018-07-06,20.59,3949547394,81334341882
2018-07-09,21.23,3949547394,83864686411
2018-07-10,21.50,3949547394,84907366682
2018-07-11,21.26,3949547394,83983175545
2018-07-12,21.11,3949547394,83390744942
2018-07-13,21.26,3949547394,83959476212
2018-07-16,20.67,3949547394,81650305373
2018-07-17,21.51,3949547394,84965296712
2018-07-18,21.59,3949547394,85270728839
2018-07-19,21.35,3949547394,84317572687
2018-07-20,20.91,3949547394,82566601754
2018-07-23,20.21,3949547394,79833517187
2018-07-24,19.83,3949547394,78314258840
2018-07-25,20.58,3949547394,81292216430
2018-07-26,20.44,3949547394,80741911280
2018-07-27,19.81,3949547394,78248434055
2018-07-30,19.34,3949547394,76402680854
2018-07-31,19.88,3949547394,78501201834
2018-08-01,20.06,3949547394,79212121570
2018-08-02,23.30,3949547394,92034990163
2018-08-03,23.21,3949547394,91674257080
2018-08-06,22.80,3949547394,90047048496
2018-08-07,25.30,3949547394,99941979707
2018-08-08,24.69,3949547394,97511690660
2018-08-09,23.50,3949547394,92801203322
2018-08-10,23.70,3949547394,93601639644
2018-08-13,23.76,3949547394,93843883593
2018-08-14,23.18,3949547394,91534712754
2018-08-15,22.58,3949547394,89178143248
2018-08-16,22.36,3949547394,88325042578
2018-08-17,20.37,3949547394,80439115760
2018-08-20,20.56,3949547394,81213231208
2018-08-21,21.46,3949547394,84757283459
2018-08-22,21.44,3949547394,84688829600
2018-08-23,21.34,3949547394,84283341991
2018-08-24,21.52,3949547394,84999527408
2018-08-27,21.28,3949547394,84064797375
2018-08-28,20.79,3949547394,82113723011
2018-08-29,20.33,3949547394,80310095263
2018-08-30,20.21,3949547394,79820349217
2018-08-31,20.11,3949547394,79428029578
2018-09-04,19.26,3949547394,76081444150
2018-09-05,18.72,3949547394,73919727459
2018-09-06,18.73,3949547394,73975020882
2018-09-07,17.55,3949547394,69311924677
2018-09-10,19.03,3949547394,75173050057
2018-09-11,18.63,3949547394,73577435561
2018-09-12,19.37,3949547394,76500099729
2018-09-13,19.30,3949547394,76215730328
2018-09-14,19.68,3949547394,77727093919
2018-09-17,19.66,3949547394,77632304119
2018-09-18,19.00,3949547394,75030869123
2018-09-19,19.93,3949547394,78732914420
2018-09-20,19.89,3949547394,78551229575
2018-09-21,19.94,3949547394,78753977146
2018-09-24,19.98,3949547394,78906689443
2018-09-25,20.07,3949547394,79251617948
2018-09-26,20.64,3949547394,81513390120
2018-09-27,20.50,3949547394,80970987259
2018-09-28,17.65,3949547394,69714775679
2018-10-01,20.71,3949547394,81808290884
2018-10-02,20.07,3949547394,79259520237
2018-10-03,19.65,3949547394,77621772756
2018-10-04,18.79,3949547394,74206733468
2018-10-05,17.46,3949547394,68972261854
2018-10-08,16.70,3949547394,65973241538
2018-10-09,17.52,3949547394,69196072151
2018-10-10,17.13,3949547394,67637317426
2018-10-11,16.82,3949547394,66412952310
2018-10-12,17.25,3949547394,68137594835
2018-10-15,17.31,3949547394,68350866236
2018-10-16,18.44,3949547394,72827019447
2018-10-17,18.12,3949547394,71560536412
2018-10-18,17.59,3949547394,69488336308
2018-10-19,17.33,3949547394,68458816474
2018-10-22,17.40,3949547394,68708962712
2018-10-23,19.61,3949547394,77447990200
2018-10-24,19.23,3949547394,75962962549
2018-10-25,20.99,3949547394,82903635503
2018-10-26,22.06,3949547394,87127013402
2018-10-29,22.32,3949547394,88167064599
2018-10-30,21.99,3949547394,86863714260
2018-10-31,22.49,3949547394,88817425231
2018-11-01,22.95,3949547394,90650010461
2018-11-02,23.09,3949547394,91210846975
2018-11-05,22.76,3949547394,89891699591
2018-11-06,22.74,3949547394,89802175473
2018-11-07,23.21,3949547394,91671628006
2018-11-08,23.43,3949547394,92524728676
2018-11-09,23.37,3949547394,92290387016
2018-11-12,22.09,3949547394,87227068884
2018-11-13,22.58,3949547394,89188682144
2018-11-14,22.93,3949547394,90576283387
2018-11-15,23.23,3949547394,91745355080
2018-11-16,23.62,3949547394,93290941835
2018-11-19,23.56,3949547394,93069768145
2018-11-20,23.17,3949547394,91495216376
2018-11-21,22.55,3949547394,89046493677
2018-11-23,21.72,3949547394,85792068975
2018-11-26,23.07,3949547394,91102896737
2018-11-27,22.93,3949547394,90555220661
2018-11-28,23.19,3949547394,91595271858
2018-11-29,22.74,3949547394,89831140487
2018-11-30,23.37,3949547394,92282492260
2018-12-03,23.90,3949547394,94391544603
2018-12-04,23.98,3949547394,94710144700
2018-12-06,24.20,3949547394,95594846993
2018-12-07,23.86,3949547394,94254636883
2018-12-10,24.34,3949547394,96145144610
2018-12-11,24.45,3949547394,96569065871
2018-12-12,24.44,3949547394,96526940419
2018-12-13,25.12,3949547394,99209997245
2018-12-14,24.38,3949547394,96292598758
2018-12-17,23.23,3949547394,91740089399
2018-12-18,22.47,3949547394,88741061550
2018-12-19,22.20,3949547394,87672052871
2018-12-20,21.03,3949547394,83040550756
2018-12-21,21.32,3949547394,84196454479
2018-12-24,19.69,3949547394,77777121660
2018-12-26,21.74,3949547394,85860522834
2018-12-27,21.08,3949547394,83238025112
2018-12-28,22.26,3949547394,87909023606
2018-12-31,22.19,3949547394,87627290812
2019-01-02,20.67,3949547394,81655578587
2019-01-03,20.02,3949547394,79085737680
2019-01-04,21.18,3949547394,83648778403
2019-01-07,22.33,3949547394,88196029614
2019-01-08,22.36,3949547394,88298714170
2019-01-09,22.57,3949547394,89136017796
2019-01-10,23.00,3949547394,90831687773
2019-01-11,23.15,3949547394,91434657272
2019-01-14,22.29,3949547394,88048575465
2019-01-15,22.96,3949547394,90689506839
2019-01-16,23.07,3949547394,91116057174
2019-01-17,23.15,3949547394,91447817709
2019-01-18,20.15,3949547394,79586015090
2019-01-22,19.93,3949547394,78706578479
2019-01-23,19.17,3949547394,75723355207
2019-01-24,19.43,3949547394,76755504115
2019-01-25,19.80,3949547394,78211574284
2019-01-28,19.76,3949547394,78037791728
2019-01-29,19.83,3949547394,78322161129
2019-01-30,20.58,3949547394,81300118719
2019-01-31,20.47,3949547394,80839337688
2019-02-01,20.81,3949547394,82205876204
2019-02-04,20.86,3949547394,82384924442
2019-02-05,21.42,3949547394,84612465918
2019-02-06,21.15,3949547394,83525031121
2019-02-07,20.50,3949547394,80968358184
2019-02-08,20.39,3949547394,80518108516
2019-02-11,20.86,3949547394,82371764005
2019-02-12,20.79,3949547394,82100555041
2019-02-13,20.54,3949547394,81142133207
2019-02-14,20.25,3949547394,79983600410
2019-02-15,20.53,3949547394,81065777059
2019-02-19,20.38,3949547394,80475975531
2019-02-20,20.17,3949547394,79665007846
2019-02-21,19.42,3949547394,76681777041
2019-02-22,19.65,3949547394,77598073422
2019-02-25,19.92,3949547394,78667082101
2019-02-26,19.86,3949547394,78427474759
2019-02-27,20.98,3949547394,82872041414
2019-02-28,21.33,3949547394,84225411961
2019-03-01,19.65,3949547394,77619136148
2019-03-04,19.02,3949547394,75136190286
2019-03-05,18.44,3949547394,72813859010
2019-03-06,18.42,3949547394,72734866254
2019-03-07,18.44,3949547394,72827019447
2019-03-08,18.94,3949547394,74814961115
2019-03-11,19.39,3949547394,76600155211
2019-03-12,18.89,3949547394,74609584469
2019-03-13,19.26,3949547394,76084080757
2019-03-14,19.33,3949547394,76347387432
2019-03-15,18.36,3949547394,72521587320
2019-03-18,17.97,3949547394,70957566914
2019-03-19,17.83,3949547394,70425695415
2019-03-20,18.24,3949547394,72039743563
2019-03-21,18.27,3949547394,72150330407
2019-03-22,17.64,3949547394,69651579968
2019-03-25,17.36,3949547394,68569410852
2019-03-26,17.85,3949547394,70504688171
2019-03-27,18.32,3949547394,72363609342
2019-03-28,18.57,3949547394,73361527553
2019-03-29,18.66,3949547394,73688022406
2019-04-01,19.28,3949547394,76142010787
2019-04-02,19.06,3949547394,75273105539
2019-04-03,19.45,3949547394,76834496871
2019-04-04,17.85,3949547394,70507317245
2019-04-05,18.33,3949547394,72397840038
2019-04-08,18.21,3949547394,71934422399
2019-04-09,18.15,3949547394,71700080739
2019-04-10,18.40,3949547394,72687467588
2019-04-11,17.89,3949547394,70675834120
2019-04-12,17.85,3949547394,70486254519
2019-04-15,17.76,3949547394,70138696940
2019-04-16,18.22,3949547394,71976555384
2019-04-17,18.08,3949547394,71415718871
2019-04-18,18.22,3949547394,71950219444
2019-04-22,17.52,3949547394,69182904180
2019-04-23,17.59,3949547394,69485699700
2019-04-24,17.24,3949547394,68105993213
2019-04-25,16.51,3949547394,65201762697
2019-04-26,15.68,3949547394,61913103532
2019-04-29,16.10,3949547394,63579812261
2019-04-30,15.91,3949547394,62847833565
2019-05-01,15.60,3949547394,61615573694
2019-05-02,16.27,3949547394,64272298346
2019-05-03,17.00,3949547394,67150207987
2019-05-06,17.02,3949547394,67231829817
2019-05-07,16.47,3949547394,65051679475
2019-05-08,16.32,3949547394,64467143628
2019-05-09,16.13,3949547394,63714098439
2019-05-10,15.97,3949547394,63066374415
2019-05-13,15.13,3949547394,59772449568
2019-05-14,15.49,3949547394,61167956866
2019-05-15,15.46,3949547394,61073167066
2019-05-16,15.22,3949547394,60120010914
2019-05-17,14.07,3949547394,55564868713
2019-05-20,13.69,3949547394,54071938774
2019-05-21,13.67,3949547394,53998211700
2019-05-22,12.85,3949547394,50746419838
2019-05-23,13.03,3949547394,51473136619
2019-05-24,12.71,3949547394,50193481847
2019-05-28,12.58,3949547394,49685305915
2019-05-29,12.66,3949547394,49990738042
2019-05-30,12.55,3949547394,49558922026
2019-05-31,12.34,3949547394,48753212489
2019-06-03,11.93,3949547394,47123363531
2019-06-04,12.91,3949547394,50975492050
2019-06-05,13.11,3949547394,51762767935
2019-06-06,13.73,3949547394,54227283912
2019-06-07,13.63,3949547394,53845495636
2019-06-10,14.19,3949547394,56051978152
2019-06-11,14.47,3949547394,57163116050
2019-06-12,13.95,3949547394,55098822000
2019-06-13,14.26,3949547394,56323179583
2019-06-14,14.33,3949547394,56589115332
2019-06-17,15.00,3949547394,59251109432
2019-06-18,14.98,3949547394,59174753284
2019-06-19,15.10,3949547394,59619733504
2019-06-20,14.64,3949547394,57826637119
2019-06-21,14.79,3949547394,58416438647
2019-06-24,14.91,3949547394,58885118201
2019-06-25,14.65,3949547394,57863504423
2019-06-26,14.62,3949547394,57734483926
2019-06-27,14.86,3949547394,58674475874
2019-06-28,14.90,3949547394,58837723301
2019-07-01,15.14,3949547394,59814578786
2019-07-02,14.97,3949547394,59124725543
2019-07-03,15.66,3949547394,61849911587
2019-07-05,15.54,3949547394,61375966352
2019-07-08,15.36,3949547394,60649249571
2019-07-09,15.34,3949547394,60575522497
2019-07-10,15.93,3949547394,62908392669
2019-07-11,15.91,3949547394,62824134232
2019-07-12,16.34,3949547394,64530339339
2019-07-15,16.90,3949547394,66747349452
2019-07-16,16.83,3949547394,66452448688
2019-07-17,16.99,3949547394,67105445927
2019-07-18,16.90,3949547394,66757880815
2019-07-19,17.21,3949547394,67979609324
2019-07-22,17.05,3949547394,67321353936
2019-07-23,17.34,3949547394,68503586066
2019-07-24,17.66,3949547394,69743740694
2019-07-25,15.25,3949547394,60249031410
2019-07-26,15.20,3949547394,60043654765
2019-07-29,15.72,3949547394,62078987566
2019-07-30,16.15,3949547394,63787825514
2019-07-31,16.11,3949547394,63616672032
2019-08-01,15.59,3949547394,61573444475
2019-08-02,15.62,3949547394,61702464972
2019-08-05,15.22,3949547394,60117374306
2019-08-06,15.38,3949547394,60757203575
2019-08-07,15.56,3949547394,61460221023
2019-08-08,15.89,3949547394,62745145243
2019-08-09,15.67,3949547394,61878872836
2019-08-12,15.27,3949547394,60299055385
2019-08-13,15.67,3949547394,61876243762
2019-08-14,14.64,3949547394,57826637119
2019-08-15,14.38,3949547394,56778694933
2019-08-16,14.66,3949547394,57910899323
2019-08-19,15.12,3949547394,59725054668
2019-08-20,15.06,3949547394,59469650281
2019-08-21,14.72,3949547394,58145237217
2019-08-22,14.81,3949547394,58492798562
2019-08-23,14.09,3949547394,55662287588
2019-08-26,14.33,3949547394,56610178058
2019-08-27,14.27,3949547394,56367941643
2019-08-28,14.37,3949547394,56765530729
2019-08-29,14.78,3949547394,58376946036
2019-08-30,15.04,3949547394,59403825496
2019-09-03,15.00,3949547394,59245843751
2019-09-04,14.71,3949547394,58105740839
2019-09-05,15.31,3949547394,60449138608
2019-09-06,15.16,3949547394,59888302094
2019-09-09,15.45,3949547394,61031041614
2019-09-10,15.70,3949547394,62018428462
2019-09-11,16.47,3949547394,65062210838
2019-09-12,16.39,3949547394,64738345059
2019-09-13,16.35,3949547394,64561933428
2019-09-16,16.19,3949547394,63932635522
2019-09-17,16.32,3949547394,64453975657
2019-09-18,16.23,3949547394,64111691293
2019-09-19,16.44,3949547394,64930561267
2019-09-20,16.04,3949547394,63356001964
2019-09-23,16.08,3949547394,63516624083
2019-09-24,14.88,3949547394,58771898515
2019-09-25,15.25,3949547394,60217433555
2019-09-26,16.17,3949547394,63866818270
2019-09-27,16.14,3949547394,63753594817
2019-09-30,16.06,3949547394,63421834283
2019-10-01,16.31,3949547394,64427654783
2019-10-02,16.21,3949547394,64016901492
2019-10-03,15.54,3949547394,61357532700
2019-10-04,15.43,3949547394,60936251813
2019-10-07,15.85,3949547394,62592425413
2019-10-08,16.00,3949547394,63205918741
2019-10-09,16.30,3949547394,64385521798
2019-10-10,16.32,3949547394,64440815220
2019-10-11,16.53,3949547394,65270216557
2019-10-14,17.13,3949547394,67658380152
2019-10-15,17.19,3949547394,67903253175
2019-10-16,17.32,3949547394,68392999222
2019-10-17,17.46,3949547394,68977527535
2019-10-18,17.13,3949547394,67655743545
2019-10-21,16.90,3949547394,66747349452
2019-10-22,17.04,3949547394,67295025528
2019-10-23,16.98,3949547394,67058047261
2019-10-24,19.98,3949547394,78906689443
2019-10-25,21.88,3949547394,86397667547
2019-10-28,21.85,3949547394,86287080703
2019-10-29,21.08,3949547394,83261724446
2019-10-30,21.00,3949547394,82943131881
2019-10-31,20.99,3949547394,82919432548
2019-11-01,20.89,3949547394,82495511287
2019-11-04,21.16,3949547394,83590855906
2019-11-05,21.15,3949547394,83525031121
2019-11-06,21.77,3949547394,85989543331
2019-11-07,22.37,3949547394,88348741911
2019-11-08,22.48,3949547394,88770026565
2019-11-11,23.01,3949547394,90863289395
2019-11-12,23.33,3949547394,92137674719
2019-11-13,23.07,3949547394,91131854219
2019-11-14,23.29,3949547394,91984962422
2019-11-15,23.48,3949547394,92727476247
2019-11-18,23.33,3949547394,92153471764
2019-11-19,23.97,3949547394,94662753567
2019-11-20,23.48,3949547394,92740636685
2019-11-21,23.66,3949547394,93427857088
2019-11-22,22.20,3949547394,87690486523
2019-11-25,22.42,3949547394,88559384238
2019-11-26,21.93,3949547394,86605673267
2019-11-27,22.09,3949547394,87229705492
2019-11-29,22.00,3949547394,86874245623
2019-12-02,22.32,3949547394,88172330281
2019-12-03,22.41,3949547394,88522524467
2019-12-04,22.20,3949547394,87687849916
2019-12-05,22.02,3949547394,86987469076
2019-12-06,22.39,3949547394,88440902637
2019-12-09,22.64,3949547394,89399316938
2019-12-10,23.26,3949547394,91850676244
2019-12-11,23.51,3949547394,92867020574
2019-12-12,23.98,3949547394,94704879019
2019-12-13,23.89,3949547394,94365223728
2019-12-16,25.43,3949547394,100450151872
2019-12-17,25.27,3949547394,99789267410
2019-12-18,26.21,3949547394,103517633581
2019-12-19,26.94,3949547394,106385011859
2019-12-20,27.04,3949547394,106793128542
2019-12-23,27.95,3949547394,110381950387
2019-12-24,28.35,3949547394,111969670127
2019-12-26,28.73,3949547394,113467865747
2019-12-27,28.69,3949547394,113320411599
2019-12-30,27.65,3949547394,109191823500
2019-12-31,27.89,3949547394,110147608727
2020-01-02,28.68,3949547394,113288817510
2020-01-03,29.53,3949547394,116645934301
2020-01-06,30.10,3949547394,118891909429
2020-01-07,31.27,3949547394,123504977893
2020-01-08,32.81,3949547394,129582018814
2020-01-09,32.09,3949547394,126738339869
2020-01-10,31.88,3949547394,125898407169
2020-01-13,34.99,3949547394,138197291486
2020-01-14,35.86,3949547394,141636030108
2020-01-15,34.57,3949547394,136522684235
2020-01-16,34.23,3949547394,135203536852
2020-01-17,34.03,3949547394,134416260967
2020-01-21,36.48,3949547394,144079487125
2020-01-22,37.97,3949547394,149966955979
2020-01-23,38.15,3949547394,150662071137
2020-01-24,37.65,3949547394,148718891529
2020-01-27,37.20,3949547394,146928424218
2020-01-28,37.79,3949547394,149266552539
2020-01-29,38.73,3949547394,152976500125
2020-01-30,42.72,3949547394,168727306100
2020-01-31,43.37,3949547394,171297139474
2020-02-03,52.00,3949547394,205376464488
2020-02-04,59.14,3949547394,233565699108
2020-02-05,48.98,3949547394,193448829550
2020-02-06,49.93,3949547394,197203539195
2020-02-07,49.87,3949547394,196969197535
2020-02-10,51.42,3949547394,203080461619
2020-02-11,51.63,3949547394,203896694986
2020-02-12,51.15,3949547394,202029886593
2020-02-13,53.60,3949547394,211695734292
2020-02-14,53.34,3949547394,210650432480
2020-02-18,57.23,3949547394,226019427580
2020-02-19,61.16,3949547394,241559576163
2020-02-20,59.96,3949547394,236817494736
2020-02-21,60.07,3949547394,237236142782
2020-02-24,55.59,3949547394,219539535657
2020-02-25,53.33,3949547394,210618823325
2020-02-26,51.92,3949547394,205060493465
2020-02-27,45.27,3949547394,178782844364
2020-02-28,44.53,3949547394,175883871997
2020-03-02,49.57,3949547394,195797504300
2020-03-03,49.70,3949547394,196295145102
2020-03-04,49.97,3949547394,197345720129
2020-03-05,48.30,3949547394,190773667480
2020-03-06,46.90,3949547394,185228505590
2020-03-09,40.53,3949547394,160088319028
2020-03-10,43.02,3949547394,169917425454
2020-03-11,42.28,3949547394,166994768819
2020-03-12,37.37,3949547394,147594581895
2020-03-13,36.44,3949547394,143926774828
2020-03-16,29.67,3949547394,117188337163
2020-03-17,28.68,3949547394,113273020465
2020-03-18,24.08,3949547394,95110366628
2020-03-19,28.51,3949547394,112598960500
2020-03-20,28.50,3949547394,112570003018
2020-03-23,28.95,3949547394,114349931433
2020-03-24,33.67,3949547394,132968100620
2020-03-25,35.95,3949547394,141986231828
2020-03-26,35.21,3949547394,139066196734
2020-03-27,34.29,3949547394,135432620364
2020-03-30,33.48,3949547394,132212418824
2020-03-31,34.93,3949547394,137970859648
2020-04-01,32.10,3949547394,126796269899
2020-04-02,30.30,3949547394,119663388269
2020-04-03,32.00,3949547394,126388153215
2020-04-06,34.42,3949547394,135927624558
2020-04-07,36.36,3949547394,143618713627
2020-04-08,36.59,3949547394,144511303142
2020-04-09,38.20,3949547394,150872713464
2020-04-13,43.40,3949547394,171397194956
2020-04-14,47.33,3949547394,186916280812
2020-04-15,48.66,3949547394,192166549471
2020-04-16,49.68,3949547394,196216152347
2020-04-17,50.26,3949547394,198501623852
2020-04-20,49.76,3949547394,196518940333
2020-04-21,45.78,3949547394,180815548091
2020-04-22,48.81,3949547394,192766882362
2020-04-23,47.04,3949547394,185794607785
2020-04-24,48.34,3949547394,190934289599
2020-04-27,53.25,3949547394,210313398731
2020-04-28,51.27,3949547394,202511722817
2020-04-29,53.37,3949547394,210776808836
2020-04-30,52.13,3949547394,205871468683
2020-05-01,46.75,3949547394,184659766788
2020-05-04,50.75,3949547394,200423725668
2020-05-05,51.21,3949547394,202272123009
2020-05-06,52.17,3949547394,206055790135
2020-05-07,52.00,3949547394,205386995851
2020-05-08,54.63,3949547394,215755868531
2020-05-11,54.09,3949547394,213615214566
2020-05-12,53.96,3949547394,213120210372
2020-05-13,52.73,3949547394,208262268885
2020-05-14,53.56,3949547394,211519322661
2020-05-15,53.28,3949547394,210423985575
2020-05-18,54.24,3949547394,214231352035
2020-05-19,53.87,3949547394,212751582533
2020-05-20,54.37,3949547394,214739524201
2020-05-21,55.17,3949547394,217909690466
2020-05-22,54.46,3949547394,215087089313
2020-05-26,54.59,3949547394,215611050989
2020-05-27,54.68,3949547394,215969147465
2020-05-28,53.72,3949547394,212172327434
2020-05-29,55.67,3949547394,219858143288
2020-06-01,59.87,3949547394,236472566231
2020-06-02,58.77,3949547394,232117538761
2020-06-03,58.86,3949547394,232486151533
2020-06-04,57.63,3949547394,227593979350
2020-06-05,59.04,3949547394,233197071269
2020-06-08,63.33,3949547394,250116933872
2020-06-09,62.71,3949547394,247681386676
2020-06-10,68.34,3949547394,269898916605
2020-06-11,64.86,3949547394,256151856874
2020-06-12,62.35,3949547394,246262183811
2020-06-15,66.06,3949547394,260907091205
2020-06-16,65.48,3949547394,258597935432
2020-06-17,66.12,3949547394,261141432865
2020-06-18,66.93,3949547394,264345829827
2020-06-19,66.73,3949547394,263540142890
2020-06-22,66.29,3949547394,261807605608
2020-06-23,66.79,3949547394,263771832876
2020-06-24,64.06,3949547394,252994828447
2020-06-25,65.73,3949547394,259611658222
2020-06-26,63.98,3949547394,252702571823
2020-06-29,67.29,3949547394,265765047758
2020-06-30,71.99,3949547394,284317392160
2020-07-01,74.64,3949547394,294802109833
2020-07-02,80.58,3949547394,318243989811
2020-07-06,91.44,3949547394,361141350135
2020-07-07,92.66,3949547394,365954529562
2020-07-08,91.06,3949547394,359640532973
2020-07-09,92.95,3949547394,367118343108
2020-07-10,102.98,3949547394,406711235922
2020-07-13,99.80,3949547394,394180631486
2020-07-14,101.12,3949547394,399378243329
2020-07-15,103.07,3949547394,407069302265
2020-07-16,100.04,3949547394,395123241208
2020-07-17,100.06,3949547394,395175913090
2020-07-20,109.53,3949547394,432607089214
2020-07-21,104.56,3949547394,412954149577
2020-07-22,106.16,3949547394,419265524626
2020-07-23,100.87,3949547394,398396099563
2020-07-24,94.47,3949547394,373100579162
2020-07-27,102.64,3949547394,405381542110
2020-07-28,98.43,3949547394,388764497626
2020-07-29,99.94,3949547394,394720397740
2020-07-30,99.17,3949547394,391660818320
2020-07-31,95.38,3949547394,376723639236
2020-08-03,99.00,3949547394,391005192006
2020-08-04,99.13,3949547394,391531790290
2020-08-05,99.00,3949547394,391010465221
2020-08-06,99.31,3949547394,392211131003
2020-08-07,96.85,3949547394,382503142786
2020-08-10,94.57,3949547394,373513969060
2020-08-11,91.63,3949547394,361881227353
2020-08-12,103.65,3949547394,409373214956
2020-08-13,108.07,3949547394,426814417694
2020-08-14,110.05,3949547394,434637156333
2020-08-17,122.38,3949547394,483329809719
2020-08-18,125.81,3949547394,496876758485
2020-08-19,125.24,3949547394,494622896135
2020-08-20,133.46,3949547394,527088180535
2020-08-21,136.67,3949547394,539766193921
2020-08-24,134.28,3949547394,530345219245
2020-08-25,134.89,3949547394,532751793892
2020-08-26,143.54,3949547394,566936447603
2020-08-27,149.25,3949547394,589469948555
2020-08-28,147.56,3949547394,582795203816
2020-08-31,166.11,3949547394,656046182190
2020-09-01,158.35,3949547394,625410853946
2020-09-02,149.12,3949547394,588969686211
2020-09-03,135.67,3949547394,535821949874
2020-09-04,139.44,3949547394,550724898262
2020-09-08,110.07,3949547394,434726680452
2020-09-09,122.09,3949547394,482213394840
2020-09-10,123.78,3949547394,488874971608
2020-09-11,124.24,3949547394,490691759793
2020-09-14,139.87,3949547394,552436372817
2020-09-15,149.92,3949547394,592116138077
2020-09-16,147.25,3949547394,581583991604
2020-09-17,141.14,3949547394,557452254616
2020-09-18,147.38,3949547394,582097452050
2020-09-21,149.80,3949547394,591629013571
2020-09-22,141.41,3949547394,558505511449
2020-09-23,126.79,3949547394,500749949731
2020-09-24,129.26,3949547394,510531672556
2020-09-25,135.78,3949547394,536269540336
2020-09-28,140.40,3949547394,554516430011
2020-09-29,139.69,3949547394,551712285110
2020-09-30,143.00,3949547394,564798415180
2020-10-01,149.39,3949547394,590009744941
2020-10-02,138.36,3949547394,546472517682
2020-10-05,141.89,3949547394,560414415162
2020-10-06,137.99,3949547394,545011204431
2020-10-07,141.77,3949547394,559914152819
2020-10-08,141.97,3949547394,560730386185
2020-10-09,144.67,3949547394,571367876420
2020-10-12,147.43,3949547394,582294941473
2020-10-13,148.88,3949547394,588021773141
2020-10-14,153.77,3949547394,607308721547
2020-10-15,149.63,3949547394,590957597746
2020-10-16,146.56,3949547394,578832518584
2020-10-19,143.61,3949547394,567194503663
2020-10-20,140.65,3949547394,555490679022
2020-10-21,140.88,3949547394,556412256152
2020-10-22,141.93,3949547394,560559232703
2020-10-23,140.21,3949547394,553766066629
2020-10-26,140.09,3949547394,553305278065
2020-10-27,141.56,3949547394,559097919452
2020-10-28,135.34,3949547394,534531729840
2020-10-29,136.94,3949547394,540864167615
2020-10-30,129.35,3949547394,510860781417
2020-11-02,133.50,3949547394,527277714937
2020-11-03,141.30,3949547394,558071058825
2020-11-04,140.33,3949547394,554226794929
2020-11-05,146.03,3949547394,576752401125
2020-11-06,143.32,3949547394,566035963332
2020-11-09,140.42,3949547394,554595437834
2020-11-10,136.79,3949547394,540245423671
2020-11-11,139.04,3949547394,549158241248
2020-11-12,137.25,3949547394,542088517664
2020-11-13,136.17,3949547394,537796723571
2020-11-16,136.03,3949547394,537256927185
2020-11-17,147.20,3949547394,581386562447
2020-11-18,162.21,3949547394,640669247135
2020-11-19,166.42,3949547394,657296868181
2020-11-20,163.20,3949547394,644579320751
2020-11-23,173.95,3949547394,687023757133
2020-11-24,185.13,3949547394,731166530233
2020-11-25,191.33,3949547394,755680047964
2020-11-27,195.25,3949547394,771162266516
2020-11-30,189.20,3949547394,747254354892
2020-12-01,194.92,3949547394,769845770807
2020-12-02,189.61,3949547394,748860545949
2020-12-03,197.79,3949547394,781194150646
2020-12-04,199.68,3949547394,788645594707
2020-12-07,213.92,3949547394,844887171293
2020-12-08,216.63,3949547394,855577273144
2020-12-09,201.49,3949547394,795807463950
2020-12-10,209.02,3949547394,825547551006
2020-12-11,203.33,3949547394,803061478854
2020-12-14,213.28,3949547394,842346325533
2020-12-15,211.08,3949547394,833683608995
2020-12-16,207.59,3949547394,819886529057
2020-12-17,218.63,3949547394,863502703873
2020-12-18,231.67,3949547394,914978499698
2020-12-21,216.62,3949547394,855550937203
2020-12-22,213.45,3949547394,843017741359
2020-12-23,215.33,3949547394,850442849479
2020-12-24,220.59,3949547394,871230645179
2020-12-28,221.23,3949547394,873758353100
2020-12-29,222.00,3949547394,876786383630
2020-12-30,231.59,3949547394,914688864616
2020-12-31,235.22,3949547394,929025680676
2021-01-04,243.26,3949547394,960753739531
2021-01-05,245.04,3949547394,967783929071
2021-01-06,251.99,3949547394,995259607347
2021-01-07,272.01,3949547394,1074329563049
2021-01-08,293.34,3949547394,1158560218092
2021-01-11,270.40,3949547394,1067944453394
2021-01-12,283.15,3949547394,1118301182667
2021-01-13,284.80,3949547394,1124844307967
2021-01-14,281.67,3949547394,1112455809133
2021-01-15,275.39,3949547394,1087652656320
2021-01-19,281.52,3949547394,1111863401130
2021-01-20,283.48,3949547394,1119630876480
2021-01-21,281.66,3949547394,1112442671295
2021-01-22,282.21,3949547394,1114614874150
2021-01-25,293.60,3949547394,1159587138985
2021-01-26,294.36,3949547394,1162601971411
2021-01-27,288.05,3949547394,1137680336998
2021-01-28,278.48,3949547394,1099856743304
2021-01-29,264.51,3949547394,1044694819757
2021-02-01,279.94,3949547394,1105623169281
2021-02-02,290.93,3949547394,1149041794409
2021-02-03,284.90,3949547394,1125212890607
2021-02-04,283.33,3949547394,1119025210109
2021-02-05,284.08,3949547394,1121974232816
2021-02-08,287.81,3949547394,1136706087987
2021-02-09,283.15,3949547394,1118327458343
2021-02-10,268.27,3949547394,1059558294366
2021-02-11,270.55,3949547394,1068563257603
2021-02-12,272.04,3949547394,1074434906812
2021-02-16,265.41,3949547394,1048236250468
2021-02-17,266.05,3949547394,1050777035961
2021-02-18,262.46,3949547394,1036598175281
2021-02-19,260.43,3949547394,1028593736730
2021-02-22,238.17,3949547394,940650557759
2021-02-23,232.95,3949547394,920033915542
2021-02-24,247.34,3949547394,976881037968
2021-02-25,227.41,3949547394,898153389230
2021-02-26,225.17,3949547394,889306441637
2021-03-01,239.48,3949547394,945824455203
2021-03-02,228.81,3949547394,903709127682
2021-03-03,217.73,3949547394,859948135324
2021-03-04,207.15,3949547394,818135580723
2021-03-05,199.32,3949547394,787210617396
2021-03-08,187.67,3949547394,741198414362
2021-03-09,224.53,3949547394,886778733716
2021-03-10,222.69,3949547394,879511520709
2021-03-11,233.20,3949547394,921034440228
2021-03-12,231.24,3949547394,913306498922
2021-03-15,235.98,3949547394,932014177162
2021-03-16,225.63,3949547394,891123199690
2021-03-17,233.94,3949547394,923943928892
2021-03-18,217.72,3949547394,859895463443
2021-03-19,218.29,3949547394,862146674120
2021-03-22,223.33,3949547394,882065564572
2021-03-23,220.72,3949547394,871744105625
2021-03-24,210.09,3949547394,829760397542
2021-03-25,213.46,3949547394,843083551078
2021-03-26,206.24,3949547394,814541478131
2021-03-29,203.76,3949547394,804772953409
2021-03-30,211.87,3949547394,836803785185
2021-03-31,222.64,3949547394,879340367227
2021-04-01,220.58,3949547394,871204309238
2021-04-05,230.35,3949547394,909778266314
2021-04-06,230.54,3949547394,910528629696
2021-04-07,223.66,3949547394,883342586503
2021-04-08,227.93,3949547394,900233506690
2021-04-09,225.67,3949547394,891307551275
2021-04-12,233.99,3949547394,924167754255
2021-04-13,254.11,3949547394,1003606352862
2021-04-14,244.08,3949547394,963992337056
2021-04-15,246.28,3949547394,972707725476
2021-04-16,246.59,3949547394,973932075526
2021-04-19,238.21,3949547394,940821711241
2021-04-20,239.66,3949547394,946561680747
2021-04-21,248.04,3949547394,979645709091
2021-04-22,239.90,3949547394,947483257877
2021-04-23,243.13,3949547394,960266615026
2021-04-26,246.07,3949547394,971851958066
2021-04-27,234.91,3949547394,927801330626
2021-04-28,231.47,3949547394,914188542007
2021-04-29,225.67,3949547394,891281215334
2021-04-30,236.48,3949547394,933988950859
2021-05-03,228.30,3949547394,901681682103
2021-05-04,224.53,3949547394,886805069657
2021-05-05,223.65,3949547394,883303112724
2021-05-06,221.18,3949547394,873560863678
2021-05-07,224.12,3949547394,885185740761
2021-05-10,209.68,3949547394,828141068647
2021-05-11,205.73,3949547394,812553566596
2021-05-12,196.63,3949547394,776599523367
2021-05-13,190.56,3949547394,752638939861
2021-05-14,196.58,3949547394,776402033944
2021-05-17,192.28,3949547394,759405830259
2021-05-18,192.62,3949547394,760774997850
2021-05-19,187.82,3949547394,741804020468
2021-05-20,195.59,3949547394,772505158432
2021-05-21,193.63,3949547394,764737683082
2021-05-24,202.15,3949547394,798387843753
2021-05-25,201.56,3949547394,796083961195
2021-05-26,206.38,3949547394,815094412356
2021-05-27,210.28,3949547394,830524019292
2021-05-28,208.41,3949547394,823111988744
2021-06-01,207.97,3949547394,821374178248
2021-06-02,201.71,3949547394,796650033257
2021-06-03,190.95,3949547394,754152924994
2021-06-04,199.68,3949547394,788658792810
2021-06-07,201.71,3949547394,796663231360
2021-06-08,201.20,3949547394,794635785782
2021-06-09,199.59,3949547394,788303348008
2021-06-10,203.37,3949547394,803232632336
2021-06-11,203.30,3949547394,802929799150
2021-06-14,205.90,3949547394,813198646481
2021-06-15,199.79,3949547394,789066909493
2021-06-16,201.62,3949547394,796320924396
2021-06-17,205.53,3949547394,811763669171
2021-06-18,207.77,3949547394,820597478926
2021-06-21,206.94,3949547394,817332485195
2021-06-22,207.90,3949547394,821124077209
2021-06-23,218.86,3949547394,864384807224
2021-06-24,226.61,3949547394,894993799527
2021-06-25,223.96,3949547394,884527462774
2021-06-28,229.57,3949547394,906710762006
2021-06-29,226.92,3949547394,896231287415
2021-06-30,226.57,3949547394,894835783883
2021-07-01,225.97,3949547394,892492367281
2021-07-02,226.30,3949547394,893782587315
2021-07-06,219.86,3949547394,868347492455
2021-07-07,214.88,3949547394,848691901145
2021-07-08,217.60,3949547394,859434674878
2021-07-09,218.98,3949547394,864885069567
2021-07-12,228.57,3949547394,902734878671
2021-07-13,222.85,3949547394,880143462756
2021-07-14,217.79,3949547394,860185098526
2021-07-15,216.87,3949547394,856525186214
2021-07-16,214.74,3949547394,848125829083
2021-07-19,215.41,3949547394,850758820502
2021-07-20,220.17,3949547394,869558704667
2021-07-21,218.43,3949547394,862699608344
2021-07-22,216.42,3949547394,854761039778
2021-07-23,214.46,3949547394,847019960634
2021-07-26,219.21,3949547394,865767112652
2021-07-27,214.93,3949547394,848863054627
2021-07-28,215.66,3949547394,851759405454
2021-07-29,225.78,3949547394,891742003899
2021-07-30,229.07,3949547394,904709652368
2021-08-02,236.56,3949547394,934291784044
2021-08-03,236.58,3949547394,934383929704
2021-08-04,236.97,3949547394,935937388615
2021-08-05,238.21,3949547394,940821711241
2021-08-06,233.03,3949547394,920376222506
2021-08-09,237.92,3949547394,939676308749
2021-08-10,236.66,3949547394,934713038565
2021-08-11,235.94,3949547394,931856221783
2021-08-12,240.75,3949547394,950853535106
2021-08-13,239.06,3949547394,944165652529
2021-08-16,228.72,3949547394,903353622615
2021-08-17,221.90,3949547394,876417740725
2021-08-18,229.66,3949547394,907066206807
2021-08-19,224.49,3949547394,886633916175
2021-08-20,226.75,3949547394,895573009427
2021-08-23,235.43,3949547394,929855112145
2021-08-24,236.16,3949547394,932738264868
2021-08-25,237.07,3949547394,936306031520
2021-08-26,233.72,3949547394,923088221747
2021-08-27,237.31,3949547394,937253944590
2021-08-30,243.64,3949547394,962254586826
2021-08-31,245.24,3949547394,968587024600
2021-09-01,244.70,3949547394,966441097421
2021-09-02,244.13,3949547394,964203024582
2021-09-03,244.52,3949547394,965756483493
2021-09-07,250.97,3949547394,991231052131
2021-09-08,251.29,3949547394,992481738122
2021-09-09,251.62,3949547394,993785095993
2021-09-10,245.42,3949547394,969311112307
2021-09-13,247.67,3949547394,978171258002
2021-09-14,248.16,3949547394,980132833596
2021-09-15,251.94,3949547394,995062117925
2021-09-16,252.33,3949547394,996589301160
2021-09-17,253.16,3949547394,999880570566
2021-09-20,243.39,3949547394,961280337815
2021-09-21,246.46,3949547394,973405477242
2021-09-22,250.65,3949547394,989940892362
2021-09-23,251.21,3949547394,992178965201
2021-09-24,258.13,3949547394,1019496688098
2021-09-27,263.79,3949547394,1041838002974
2021-09-28,259.19,3949547394,1023670060856
2021-09-29,260.44,3949547394,1028606995098
2021-09-30,258.49,3949547394,1020931725674
2021-10-01,258.41,3949547394,1020589418710
2021-10-04,260.51,3949547394,1028896630181
2021-10-05,260.20,3949547394,1027659021763
2021-10-06,260.92,3949547394,1030502700708
2021-10-07,264.54,3949547394,1044800163520
2021-10-08,261.83,3949547394,1034109941138
2021-10-11,263.98,3949547394,1042601564459
2021-10-12,268.57,3949547394,1060743110372
2021-10-13,270.36,3949547394,1067799575587
2021-10-14,272.77,3949547394,1077331257639
2021-10-15,281.01,3949547394,1109862351758
2021-10-18,290.04,3949547394,1145513622067
2021-10-19,288.09,3949547394,1137825094274
2021-10-20,288.60,3949547394,1139839402015
2021-10-21,298.00,3949547394,1176965123412
2021-10-22,303.23,3949547394,1197608041305
2021-10-25,341.62,3949547394,1349244361453
2021-10-26,339.48,3949547394,1340779134338
2021-10-27,345.95,3949547394,1366359107004
2021-10-28,359.01,3949547394,1417940186327
2021-10-29,371.33,3949547394,1466598639149
2021-11-01,402.86,3949547394,1591127863660
2021-11-02,390.67,3949547394,1542956475079
2021-11-03,404.62,3949547394,1598065847275
2021-11-04,409.97,3949547394,1619195949939
2021-11-05,407.36,3949547394,1608900826933
2021-11-08,387.65,3949547394,1531028885340
2021-11-09,341.17,3949547394,1347453879076
2021-11-10,355.98,3949547394,1405973062545
2021-11-11,354.50,3949547394,1400127689011
2021-11-12,344.47,3949547394,1360513733470
2021-11-15,337.80,3949547394,1334143923643
2021-11-16,351.58,3949547394,1388568681911
2021-11-17,363.00,3949547394,1433698841860
2021-11-18,365.46,3949547394,1443401556863
2021-11-19,379.02,3949547394,1496957409883
2021-11-22,385.62,3949547394,1523037584627
2021-11-23,369.68,3949547394,1460055513849
2021-11-24,372.00,3949547394,1469231630568
2021-11-26,360.64,3949547394,1424364830027
2021-11-29,379.00,3949547394,1496865324488
2021-11-30,381.59,3949547394,1507094637775
2021-12-01,365.00,3949547394,1441584798810
2021-12-02,361.53,3949547394,1427893002369
2021-12-03,338.32,3949547394,1336224041103
2021-12-06,336.34,3949547394,1328377618197
2021-12-07,350.58,3949547394,1384645530723
2021-12-08,356.32,3949547394,1407302756357
2021-12-09,334.60,3949547394,1321518582139
2021-12-10,339.01,3949547394,1338936100610
2021-12-13,322.14,3949547394,1272293996990
2021-12-14,319.50,3949547394,1261893530221
2021-12-15,325.33,3949547394,1284906200657
2021-12-16,308.97,3949547394,1220304800983
2021-12-17,310.86,3949547394,1227743107206
2021-12-20,299.98,3949547394,1184785270643
2021-12-21,312.84,3949547394,1235589530113
2021-12-22,336.29,3949547394,1328193326877
2021-12-23,355.67,3949547394,1404722316289
2021-12-27,364.65,3949547394,1440189295278
2021-12-28,362.82,3949547394,1432987952256
2021-12-29,362.06,3949547394,1429986257667
2021-12-30,356.78,3949547394,1409119514410
2021-12-31,352.26,3949547394,1391267603580
2022-01-03,399.93,3949547394,1579529322517
2022-01-04,383.20,3949547394,1513453351225
2022-01-05,362.71,3949547394,1432527163691
2022-01-06,354.90,3949547394,1401694346024
2022-01-07,342.32,3949547394,1352009092841
2022-01-10,352.71,3949547394,1393031689751
2022-01-11,354.80,3949547394,1401299367179
2022-01-12,368.74,3949547394,1456356067494
2022-01-13,343.85,3949547394,1358065033371
2022-01-14,349.87,3949547394,1381828127454
2022-01-18,343.50,3949547394,1356682667677
2022-01-19,331.88,3949547394,1310788946243
2022-01-20,332.09,3949547394,1311605179610
2022-01-21,314.63,3949547394,1242659253697
2022-01-24,310.00,3949547394,1224359692140
2022-01-25,306.13,3949547394,1209088100848
2022-01-26,312.47,3949547394,1234115079024
2022-01-27,276.37,3949547394,1091523256157
2022-01-28,282.12,3949547394,1114233153673
2022-01-31,312.24,3949547394,1233206639733
2022-02-01,310.42,3949547394,1226005296711
2022-02-02,301.89,3949547394,1192315662261
2022-02-03,297.05,3949547394,1173199867338
2022-02-04,307.77,3949547394,1215565416429
2022-02-07,302.45,3949547394,1194527399159
2022-02-08,307.33,3949547394,1213827605933
2022-02-09,310.67,3949547394,1226992683559
2022-02-10,301.52,3949547394,1190854349010
2022-02-11,286.67,3949547394,1132203546103
2022-02-14,291.92,3949547394,1152951928290
2022-02-15,307.48,3949547394,1214393617730
2022-02-16,307.80,3949547394,1215657501823
2022-02-17,292.12,3949547394,1153728627613
2022-02-18,285.66,3949547394,1128227723034
2022-02-22,273.84,3949547394,1081557181747
2022-02-23,254.68,3949547394,1005870701377
2022-02-24,266.92,3949547394,1054226381278
2022-02-25,269.96,3949547394,1066206642898
2022-02-28,290.14,3949547394,1145934876588
2022-03-01,288.12,3949547394,1137956713712
2022-03-02,293.30,3949547394,1158389064610
2022-03-03,279.76,3949547394,1104938555353
2022-03-04,279.43,3949547394,1103621999378
2022-03-07,268.19,3949547394,1059242263077
2022-03-08,274.80,3949547394,1085335575659
2022-03-09,286.32,3949547394,1130847576615
2022-03-10,279.43,3949547394,1103635137216
2022-03-11,265.12,3949547394,1047090847975
2022-03-14,255.46,3949547394,1008938205685
2022-03-15,267.30,3949547394,1055700832366
2022-03-16,280.08,3949547394,1106176043240
2022-03-17,290.53,3949547394,1147475137395
2022-03-18,301.80,3949547394,1191960217459
2022-03-21,307.05,3949547394,1212721737484
2022-03-22,331.33,3949547394,1308590347183
2022-03-23,333.04,3949547394,1315344160009
2022-03-24,337.97,3949547394,1334841675409
2022-03-25,336.88,3949547394,1330523545376
2022-03-28,363.95,3949547394,1437424563890
2022-03-29,366.52,3949547394,1447601325826
2022-03-30,364.66,3949547394,1440255104997
2022-03-31,359.20,3949547394,1418677472137
2022-04-01,361.53,3949547394,1427879864532
2022-04-04,381.82,3949547394,1508003077067
2022-04-05,363.75,3949547394,1436661002405
2022-04-06,348.59,3949547394,1376759573773
2022-04-07,352.42,3949547394,1391899545627
2022-04-08,341.83,3949547394,1350073732658
2022-04-11,325.31,3949547394,1284827253100
2022-04-12,328.98,3949547394,1299335282907
2022-04-13,340.79,3949547394,1345966290150
2022-04-14,328.33,3949547394,1296768101207
2022-04-18,334.76,3949547394,1322163662023
2022-04-19,342.72,3949547394,1353575749855
2022-04-20,325.73,3949547394,1286499253876
2022-04-21,336.26,3949547394,1328074845276
2022-04-22,335.02,3949547394,1323164186709
2022-04-25,332.67,3949547394,1313909122433
2022-04-26,292.14,3949547394,1153820833538
2022-04-27,293.84,3949547394,1160521853952
2022-04-28,292.50,3949547394,1155255750583
2022-04-29,290.25,3949547394,1146369268946
2022-05-02,300.98,3949547394,1188734818037
2022-05-03,303.08,3949547394,1197042029508
2022-05-04,317.54,3949547394,1254139313239
2022-05-05,291.09,3949547394,1149686874293
2022-05-06,288.55,3949547394,1139641852326
2022-05-09,262.37,3949547394,1036242730479
2022-05-10,266.68,3949547394,1053265270105
2022-05-11,244.67,3949547394,966322615820
2022-05-12,242.67,3949547394,958423521032
2022-05-13,256.53,3949547394,1013177388162
2022-05-16,241.46,3949547394,953644542169
2022-05-17,253.87,3949547394,1002671577630
2022-05-18,236.60,3949547394,934476075364
2022-05-19,236.47,3949547394,933962614918
2022-05-20,221.30,3949547394,874034850345
2022-05-23,224.97,3949547394,888516483946
2022-05-24,209.39,3949547394,826982588581
2022-05-25,219.60,3949547394,867320631829
2022-05-26,235.91,3949547394,931737740182
2022-05-27,253.21,3949547394,1000064922151
2022-05-31,252.75,3949547394,998261241671
2022-06-01,246.79,3949547394,974708774849
2022-06-02,258.33,3949547394,1020299783627
2022-06-03,234.52,3949547394,926234673612
2022-06-06,238.28,3949547394,941098148221
2022-06-07,238.89,3949547394,943494236704
2022-06-08,241.87,3949547394,955263871064
2022-06-09,239.71,3949547394,946732834229
2022-06-10,232.23,3949547394,917203374434
2022-06-13,215.74,3949547394,852062178374
2022-06-14,220.89,3949547394,872415521450
2022-06-15,233.00,3949547394,920244542802
2022-06-16,213.10,3949547394,841648573768
2022-06-17,216.76,3949547394,856103871428
2022-06-21,237.04,3949547394,936187549919
2022-06-22,236.09,3949547394,932435491948
2022-06-23,235.07,3949547394,928420134835
2022-06-24,245.71,3949547394,970430118593
2022-06-27,244.92,3949547394,967323140507
2022-06-28,232.66,3949547394,918914848989
2022-06-29,228.49,3949547394,902432105751
2022-06-30,224.47,3949547394,886568046190
2022-07-01,227.26,3949547394,897587317168
2022-07-05,233.07,3949547394,920507841944
2022-07-06,231.73,3949547394,915241798840
2022-07-07,244.54,3949547394,965835491315
2022-07-08,250.76,3949547394,990401680927
2022-07-11,234.34,3949547394,925550119949
2022-07-12,233.07,3949547394,920521040047
2022-07-13,237.04,3949547394,936200687757
2022-07-14,238.31,3949547394,941229827925
2022-07-15,240.07,3949547394,948154673702
2022-07-18,240.55,3949547394,950050439577
2022-07-19,245.53,3949547394,969732366828
2022-07-20,247.50,3949547394,977512980015
2022-07-21,271.71,3949547394,1073118350837
2022-07-22,272.24,3949547394,1075238002341
2022-07-25,268.43,3949547394,1060190115882
2022-07-26,258.86,3949547394,1022379780556
2022-07-27,274.82,3949547394,1085414643746
2022-07-28,280.90,3949547394,1109427838868
2022-07-29,297.15,3949547394,1173607984021
2022-08-01,297.28,3949547394,1174108306629
2022-08-02,300.59,3949547394,1187181298861
2022-08-03,307.40,3949547394,1214077706972
2022-08-04,308.63,3949547394,1218961969333
2022-08-05,288.17,3949547394,1138141125562
2022-08-08,290.42,3949547394,1147040745037
2022-08-09,283.33,3949547394,1119038468477
2022-08-10,294.36,3949547394,1162575575205
2022-08-11,286.63,3949547394,1132058788827
2022-08-12,300.03,3949547394,1184982699801
2022-08-15,309.32,3949547394,1221674028839
2022-08-16,306.56,3949547394,1210786377300
2022-08-17,304.00,3949547394,1200649269938
2022-08-18,302.87,3949547394,1196199399936
2022-08-19,296.67,3949547394,1171699020043
2022-08-22,289.91,3949547394,1145026437296
2022-08-23,296.45,3949547394,1170856511001
2022-08-24,297.10,3949547394,1173397417026
2022-08-25,296.07,3949547394,1169342525869
2022-08-26,288.09,3949547394,1137825094274
2022-08-29,284.82,3949547394,1124910117686
2022-08-30,277.70,3949547394,1096789359526
2022-08-31,275.61,3949547394,1088534699406
2022-09-01,277.16,3949547394,1094656570185
2022-09-02,270.21,3949547394,1067207167584
2022-09-06,274.42,3949547394,1083834848895
2022-09-07,283.70,3949547394,1120486643890
2022-09-08,289.26,3949547394,1142446117758
2022-09-09,299.68,3949547394,1183600334107
2022-09-12,304.42,3949547394,1202321270715
2022-09-13,292.13,3949547394,1153781299494
2022-09-14,302.61,3949547394,1195172479044
2022-09-15,303.75,3949547394,1199675020928
2022-09-16,303.35,3949547394,1198095226076
2022-09-19,309.07,3949547394,1220686641991
2022-09-20,308.73,3949547394,1219343810341
2022-09-21,300.80,3949547394,1188023807903
2022-09-22,288.59,3949547394,1139799867971
2022-09-23,275.33,3949547394,1087428830957
2022-09-26,276.01,3949547394,1090114614788
2022-09-27,282.94,3949547394,1117484949301
2022-09-28,287.81,3949547394,1136719225825
2022-09-29,268.21,3949547394,1059308072796
2022-09-30,265.25,3949547394,1047617446259
2022-10-03,242.40,3949547394,957370264199
2022-10-04,249.44,3949547394,985175111602
2022-10-05,240.81,3949547394,951090498307
2022-10-06,238.13,3949547394,940505740218
2022-10-07,223.07,3949547394,881025566107
2022-10-10,222.96,3949547394,880591113483
2022-10-11,216.50,3949547394,855077010801
2022-10-12,217.24,3949547394,857999697568
2022-10-13,221.72,3949547394,875693653019
2022-10-14,204.99,3949547394,809617741992
2022-10-17,219.35,3949547394,866333244980
2022-10-18,220.19,3949547394,869650850327
2022-10-19,222.04,3949547394,876957476847
2022-10-20,207.28,3949547394,818662179007
2022-10-21,214.44,3949547394,846940952812
2022-10-24,211.25,3949547394,834341886983
2022-10-25,222.42,3949547394,878458324142
2022-10-26,224.64,3949547394,887226324178
2022-10-27,225.09,3949547394,889003608452
2022-10-28,228.52,3949547394,902550587351
2022-10-31,227.54,3949547394,898679987514
2022-11-01,227.82,3949547394,899785916228
2022-11-02,214.98,3949547394,849073681888
2022-11-03,215.31,3949547394,850377039760
2022-11-04,207.47,3949547394,819412602654
2022-11-07,197.08,3949547394,778376807641
2022-11-08,191.30,3949547394,755548428525
2022-11-09,177.59,3949547394,701400107237
2022-11-10,190.72,3949547394,753257683805
2022-11-11,195.97,3949547394,773992807623
2022-11-14,190.95,3949547394,754166062831
2022-11-15,194.42,3949547394,767870997110
2022-11-16,186.92,3949547394,738249391655
2022-11-17,183.17,3949547394,723438588927
2022-11-18,180.19,3949547394,711668954567
2022-11-21,167.87,3949547394,663010501746
2022-11-22,169.91,3949547394,671067612178
2022-11-23,183.20,3949547394,723557070528
2022-11-25,182.86,3949547394,722214238877
2022-11-28,182.92,3949547394,722451202079
2022-11-29,180.83,3949547394,714196662489
2022-11-30,194.70,3949547394,768976865559
2022-12-01,194.70,3949547394,768976865559
2022-12-02,194.86,3949547394,769608807605
2022-12-05,182.45,3949547394,720594909982
2022-12-06,179.82,3949547394,710207641316
2022-12-07,174.04,3949547394,687379201935
2022-12-08,173.44,3949547394,685009509658
2022-12-09,179.05,3949547394,707166472949
2022-12-12,167.82,3949547394,662813072588
2022-12-13,160.95,3949547394,635679641011
2022-12-14,156.80,3949547394,619289043432
2022-12-15,157.67,3949547394,622725130380
2022-12-16,150.23,3949547394,593340488126
2022-12-19,149.87,3949547394,591918648654
2022-12-20,137.80,3949547394,544247642946
2022-12-21,137.57,3949547394,543339263920
2022-12-22,125.35,3949547394,495075759811
2022-12-23,123.15,3949547394,486386767598
2022-12-27,109.10,3949547394,430895614659
2022-12-28,112.71,3949547394,445153483162
2022-12-29,121.82,3949547394,481133862332
2022-12-30,123.18,3949547394,486505249198
2023-01-03,108.10,3949547394,426946067265
2023-01-04,113.64,3949547394,448826563444
2023-01-05,110.34,3949547394,435793044990
2023-01-06,113.06,3949547394,446535818723
2023-01-09,119.77,3949547394,473037278121
2023-01-10,118.85,3949547394,469403701750
2023-01-11,123.22,3949547394,486663234710
2023-01-12,123.56,3949547394,488006066360
2023-01-13,122.40,3949547394,483424607052
2023-01-17,131.49,3949547394,519326008533
2023-01-18,128.78,3949547394,508622708578
2023-01-19,127.17,3949547394,502263934863
2023-01-20,133.42,3949547394,526948606076
2023-01-23,143.75,3949547394,567747437888
2023-01-24,143.89,3949547394,568300372112
2023-01-25,144.43,3949547394,570433101188
2023-01-26,160.27,3949547394,632993977711
2023-01-27,177.90,3949547394,702624457286
2023-01-30,166.66,3949547394,658231583148
2023-01-31,173.22,3949547394,684140604410
2023-02-01,181.41,3949547394,716487407209
2023-02-02,188.27,3949547394,743581304743
2023-02-03,189.98,3949547394,750334997038
2023-02-06,194.76,3949547394,769213828760
2023-02-07,196.81,3949547394,777310412971
2023-02-08,201.29,3949547394,795004368422
2023-02-09,207.32,3949547394,818820194651
2023-02-10,196.89,3949547394,777626383994
2023-02-13,194.64,3949547394,768739902358
2023-02-14,209.25,3949547394,826442792195
2023-02-15,214.24,3949547394,846151055386
2023-02-16,202.04,3949547394,797966528967
2023-02-17,208.31,3949547394,822730208002
2023-02-21,197.37,3949547394,779522149869
2023-02-22,200.86,3949547394,793306091969
2023-02-23,202.07,3949547394,798085070833
2023-02-24,196.88,3949547394,777586910216
2023-02-27,207.63,3949547394,820044544701
2023-02-28,205.71,3949547394,812461420936
2023-03-01,202.77,3949547394,800849741956
2023-03-02,190.90,3949547394,753968573408
2023-03-03,197.79,3949547394,781180952543
2023-03-06,193.81,3949547394,765461770789
2023-03-07,187.71,3949547394,741369567844
2023-03-08,182.00,3949547394,718817625708
2023-03-09,172.92,3949547394,682955728139
2023-03-10,173.44,3949547394,685009509658
2023-03-13,174.48,3949547394,689117012431
2023-03-14,183.26,3949547394,723794033729
2023-03-15,180.45,3949547394,712695815194
2023-03-16,184.13,3949547394,727230180942
2023-03-17,180.13,3949547394,711431991366
2023-03-20,183.25,3949547394,723754559951
2023-03-21,197.58,3949547394,780351581338
2023-03-22,191.15,3949547394,754955960257
2023-03-23,192.22,3949547394,759182004896
2023-03-24,190.41,3949547394,752033333755
2023-03-27,191.81,3949547394,757562676001
2023-03-28,189.19,3949547394,747214881113
2023-03-29,193.88,3949547394,765738268034
2023-03-30,195.28,3949547394,771267610279
2023-03-31,207.46,3949547394,819373128876
2023-04-03,194.77,3949547394,769253362804
2023-04-04,192.58,3949547394,760603844368
2023-04-05,185.52,3949547394,732720049409
2023-04-06,185.06,3949547394,730903231091
2023-04-10,184.51,3949547394,728730967971
2023-04-11,186.79,3949547394,737735931209
2023-04-12,180.54,3949547394,713051259996
2023-04-13,185.90,3949547394,734220836438
2023-04-14,185.00,3949547394,730666267890
2023-04-17,187.04,3949547394,738723318057
2023-04-18,184.31,3949547394,727941070546
2023-04-19,180.59,3949547394,713248749419
2023-04-20,162.99,3949547394,643736751444
2023-04-21,165.08,3949547394,651991291033
2023-04-24,162.55,3949547394,641998940948
2023-04-25,160.67,3949547394,634573772562
2023-04-26,153.75,3949547394,607242911828
2023-04-27,160.19,3949547394,632678006687
2023-04-28,164.31,3949547394,648950122666
2023-05-01,161.83,3949547394,639155262003
2023-05-02,160.31,3949547394,633151933090
2023-05-03,160.61,3949547394,634336809361
2023-05-04,161.20,3949547394,636667027860
2023-05-05,170.06,3949547394,671660020181
2023-05-08,171.79,3949547394,678492720299
2023-05-09,169.15,3949547394,668065917589
2023-05-10,168.54,3949547394,665656691268
2023-05-11,172.08,3949547394,679638122791
2023-05-12,167.98,3949547394,663444954370
2023-05-15,166.35,3949547394,657007233098
2023-05-16,166.52,3949547394,657678648923
2023-05-17,173.86,3949547394,686668312331
2023-05-18,176.89,3949547394,698635436114
2023-05-19,180.14,3949547394,711471465145
2023-05-22,188.87,3949547394,745950997020
2023-05-23,185.77,3949547394,733707436258
2023-05-24,182.90,3949547394,722372194256
2023-05-25,184.47,3949547394,728573012592
2023-05-26,193.17,3949547394,762934062867
2023-05-30,201.16,3949547394,794490968241
2023-05-31,203.93,3949547394,805431171131
2023-06-01,207.52,3949547394,819610092077
2023-06-02,213.97,3949547394,845084660715
2023-06-05,217.61,3949547394,859461010819
2023-06-06,221.31,3949547394,874074324124
2023-06-07,224.57,3949547394,886949887198
2023-06-08,234.86,3949547394,927590703365
2023-06-09,244.40,3949547394,965269358987
2023-06-12,249.83,3949547394,986715432675
2023-06-13,258.71,3949547394,1021787372553
2023-06-14,256.79,3949547394,1014204309054
2023-06-15,255.90,3949547394,1010689154018
2023-06-16,260.54,3949547394,1029015111781
2023-06-20,274.45,3949547394,1083953330496
2023-06-21,259.46,3949547394,1024749533099
2023-06-22,264.61,3949547394,1045089678072
2023-06-23,256.60,3949547394,1013453885407
2023-06-26,241.05,3949547394,952038411377
2023-06-27,250.21,3949547394,988216279969
2023-06-28,256.24,3949547394,1012031985669
2023-06-29,257.50,3949547394,1017008453955
2023-06-30,261.77,3949547394,1033872977936
2023-07-03,279.82,3949547394,1105162380716
2023-07-05,282.48,3949547394,1115668191248
2023-07-06,276.54,3949547394,1092207870085
2023-07-07,274.43,3949547394,1083874262408
2023-07-10,269.61,3949547394,1064837415042
2023-07-11,269.79,3949547394,1065548425176
2023-07-12,271.99,3949547394,1074237357124
2023-07-13,277.90,3949547394,1097579196686
2023-07-14,281.38,3949547394,1111323665009
2023-07-17,290.38,3949547394,1146869591555
2023-07-18,293.34,3949547394,1158560218092
2023-07-19,291.26,3949547394,1150345212546
2023-07-20,262.90,3949547394,1038335985776
2023-07-21,260.02,3949547394,1026961269997
2023-07-24,269.06,3949547394,1062665212187
2023-07-25,265.28,3949547394,1047735927859
2023-07-26,264.35,3949547394,1044062877710
2023-07-27,255.71,3949547394,1009938790636
2023-07-28,266.44,3949547394,1052317417300
2023-07-31,267.43,3949547394,1056227430650
2023-08-01,261.07,3949547394,1031108367079
2023-08-02,254.11,3949547394,1003619490700
2023-08-03,259.32,3949547394,1024196659139
2023-08-04,253.86,3949547394,1002632103851
2023-08-07,251.45,3949547394,993113680168
2023-08-08,249.70,3949547394,986201972229
2023-08-09,242.19,3949547394,956540892995
2023-08-10,245.34,3949547394,968981943180
2023-08-11,242.65,3949547394,958357651048
2023-08-14,239.76,3949547394,946943461490
2023-08-15,232.96,3949547394,920086587423
2023-08-16,225.60,3949547394,891017916193
2023-08-17,219.22,3949547394,865819784534
2023-08-18,215.49,3949547394,851087989629
2023-08-21,231.28,3949547394,913451316463
2023-08-22,233.19,3949547394,920994966449
2023-08-23,236.86,3949547394,935489798153
2023-08-24,230.04,3949547394,908553855999
2023-08-25,238.59,3949547394,942322498271
2023-08-28,238.82,3949547394,943230937562
2023-08-29,257.18,3949547394,1015744569862
2023-08-30,256.90,3949547394,1014638701412
2023-08-31,258.08,3949547394,1019299138410
2023-09-01,245.01,3949547394,967678585308
2023-09-05,256.49,3949547394,1013019372517
2023-09-06,251.92,3949547394,994969972265
2023-09-07,251.49,3949547394,993271695813
2023-09-08,248.50,3949547394,981462527409
2023-09-11,273.58,3949547394,1080517123017
2023-09-12,267.48,3949547394,1056424980338
2023-09-13,271.30,3949547394,1071512159780
2023-09-14,276.04,3949547394,1090233096388
2023-09-15,274.39,3949547394,1083716367294
2023-09-18,265.28,3949547394,1047735927859
2023-09-19,266.50,3949547394,1052554380501
2023-09-20,262.59,3949547394,1037111635727
2023-09-21,255.70,3949547394,1009899256593
2023-09-22,244.88,3949547394,967165185128
2023-09-25,246.99,3949547394,975498732540
2023-09-26,244.12,3949547394,964163490538
2023-09-27,240.50,3949547394,949866148257
2023-09-28,246.38,3949547394,973089506219
2023-09-29,250.22,3949547394,988255753748
2023-10-02,251.60,3949547394,993706148437
2023-10-03,246.53,3949547394,973681914222
2023-10-04,261.16,3949547394,1031463811881
2023-10-05,260.05,3949547394,1027079751597
2023-10-06,260.53,3949547394,1028975577738
2023-10-09,259.67,3949547394,1025579024833
2023-10-10,263.62,3949547394,1041179664721
2023-10-11,262.99,3949547394,1038691430578
2023-10-12,258.87,3949547394,1022419314600
2023-10-13,251.12,3949547394,991810322296
2023-10-16,253.92,3949547394,1002869067053
2023-10-17,254.85,3949547394,1006542177467
2023-10-18,242.68,3949547394,958476132649
2023-10-19,220.11,3949547394,869334879304
2023-10-20,211.99,3949547394,837264573750
2023-10-23,212.08,3949547394,837620018551
2023-10-24,216.52,3949547394,855156018623
2023-10-25,212.42,3949547394,838962850202
2023-10-26,205.76,3949547394,812658850094
2023-10-27,207.30,3949547394,818741186829
2023-10-30,197.36,3949547394,779482676090
2023-10-31,200.84,3949547394,793227084147
2023-11-01,205.66,3949547394,812263931514
2023-11-02,218.51,3949547394,863015579367
2023-11-03,219.96,3949547394,868742471301
2023-11-06,219.27,3949547394,866017273957
2023-11-07,222.18,3949547394,877510411072
2023-11-08,222.11,3949547394,877233974092
2023-11-09,209.98,3949547394,829325944918
2023-11-10,214.65,3949547394,847770324016
2023-11-13,223.71,3949547394,883553274028
2023-11-14,237.41,3949547394,937662061273
2023-11-15,242.84,3949547394,959108074695
2023-11-16,233.59,3949547394,922574761301
2023-11-17,234.30,3949547394,925378966467
2023-11-20,235.60,3949547394,930513390133
2023-11-21,241.20,3949547394,952630819380
2023-11-22,234.21,3949547394,925023521665
2023-11-24,235.45,3949547394,929920921864
2023-11-27,236.08,3949547394,932409156007
2023-11-28,246.72,3949547394,974432337869
2023-11-29,244.14,3949547394,964242498361
2023-11-30,240.08,3949547394,948207345583
2023-12-01,238.83,3949547394,943270411341
2023-12-04,235.58,3949547394,930434382310
2023-12-05,238.72,3949547394,942835958717
2023-12-06,239.37,3949547394,945403140417
2023-12-07,242.64,3949547394,958318177270
2023-12-08,243.84,3949547394,963057622089
2023-12-11,239.74,3949547394,946864513933
2023-12-12,237.01,3949547394,936082206156
2023-12-13,239.29,3949547394,945087169394
2023-12-14,251.05,3949547394,991533885317
2023-12-15,253.50,3949547394,1001210264379
2023-12-18,252.08,3949547394,995601914311
2023-12-19,257.22,3949547394,1015902585506
2023-12-20,247.14,3949547394,976091140543
2023-12-21,254.50,3949547394,1005159811773
2023-12-22,252.54,3949547394,997418672364
2023-12-26,256.61,3949547394,1013493298920
2023-12-27,261.44,3949547394,1032569680330
2023-12-28,253.18,3949547394,999946380286
2023-12-29,248.48,3949547394,981383519587
2024-01-02,248.42,3949547394,981146556386
2024-01-03,238.45,3949547394,941769564046
2024-01-04,237.93,3949547394,939715782527
2024-01-05,237.49,3949547394,937978032297
2024-01-08,240.45,3949547394,949668658834
2024-01-09,234.96,3949547394,927985682211
2024-01-10,233.94,3949547394,923957126995
2024-01-11,227.22,3949547394,897416163686
2024-01-12,218.89,3949547394,864516426662
2024-01-16,219.91,3949547394,868544981878
2024-01-17,215.55,3949547394,851324952830
2024-01-18,211.88,3949547394,836830121126
2024-01-19,212.19,3949547394,838054471175
2024-01-22,208.80,3949547394,824665507920
2024-01-23,209.14,3949547394,826008339571
2024-01-24,207.83,3949547394,820834442127
2024-01-25,182.63,3949547394,721305859851
2024-01-26,183.25,3949547394,723754559951
2024-01-29,190.93,3949547394,754087055009
2024-01-30,191.59,3949547394,756693770753
2024-01-31,187.29,3949547394,739710704906
2024-02-01,188.86,3949547394,745911523241
2024-02-02,187.91,3949547394,742159465270
2024-02-05,181.06,3949547394,715105041515
2024-02-06,185.10,3949547394,731061246736
2024-02-07,187.58,3949547394,740856107398
2024-02-08,189.56,3949547394,748676194364
2024-02-09,193.57,3949547394,764513917984
2024-02-12,188.13,3949547394,743028370518
2024-02-13,184.02,3949547394,726795728318
2024-02-14,188.71,3949547394,745319115238
2024-02-15,200.45,3949547394,791686763074
2024-02-16,199.95,3949547394,789711989377
2024-02-20,193.76,3949547394,765264281366
2024-02-21,194.77,3949547394,769253362804
2024-02-22,197.41,3949547394,779680165513
2024-02-23,191.97,3949547394,758194618047
2024-02-26,199.40,3949547394,787539726257
2024-02-27,199.73,3949547394,788843084129
2024-02-28,202.04,3949547394,797966528967
2024-02-29,201.88,3949547394,797334647186
2024-03-01,202.64,3949547394,800336281510
2024-03-04,188.14,3949547394,743067844297
2024-03-05,180.74,3949547394,713841217687
2024-03-06,176.54,3949547394,697253070420
2024-03-07,178.65,3949547394,705586617832
2024-03-08,175.34,3949547394,692513625600
2024-03-11,177.77,3949547394,702111057106
2024-03-12,177.54,3949547394,701202617814
2024-03-13,169.48,3949547394,669369275461
2024-03-14,162.50,3949547394,641801451525
2024-03-15,163.57,3949547394,646027496164
2024-03-18,173.80,3949547394,686431349130
2024-03-19,171.32,3949547394,676636488467
2024-03-20,175.66,3949547394,693777509694
2024-03-21,172.82,3949547394,682560809558
2024-03-22,170.83,3949547394,674701188549
2024-03-25,172.63,3949547394,681810385911
2024-03-26,177.67,3949547394,701716078260
2024-03-27,179.83,3949547394,710247115095
2024-03-28,175.79,3949547394,694290909875
2024-04-01,175.22,3949547394,692039699198
2024-04-02,166.63,3949547394,658113101547
2024-04-03,168.38,3949547394,665024809487
2024-04-04,171.11,3949547394,675807056998
2024-04-05,164.90,3949547394,651280341164
2024-04-08,172.98,3949547394,683192691340
2024-04-09,176.88,3949547394,698595962336
2024-04-10,171.76,3949547394,678374238698
2024-04-11,174.60,3949547394,689590999099
2024-04-12,171.05,3949547394,675570093797
2024-04-15,161.48,3949547394,637772896309
2024-04-16,157.11,3949547394,620513393482
2024-04-17,155.45,3949547394,613957130344
2024-04-18,149.93,3949547394,592155611855
2024-04-19,147.05,3949547394,580780956341
2024-04-22,142.05,3949547394,561033219371
2024-04-23,144.68,3949547394,571420488037
2024-04-24,162.13,3949547394,640340138274
2024-04-25,170.18,3949547394,672133946584
2024-04-26,168.29,3949547394,664669304420
2024-04-29,194.05,3949547394,766409683859
2024-04-30,183.28,3949547394,723873041551
2024-05-01,179.99,3949547394,710879057142
2024-05-02,180.01,3949547394,710958004698
2024-05-03,181.19,3949547394,715618501961
2024-05-06,184.76,3949547394,729718354820
2024-05-07,177.81,3949547394,702269012485
2024-05-08,174.72,3949547394,690064925501
2024-05-09,171.97,3949547394,679203670167
2024-05-10,168.47,3949547394,665380254288
2024-05-13,171.89,3949547394,678887699144
2024-05-14,177.55,3949547394,701242151858
2024-05-15,173.99,3949547394,687181772778
2024-05-16,174.84,3949547394,690538851903
2024-05-17,177.46,3949547394,700886707056
2024-05-20,174.95,3949547394,690973304527
2024-05-21,186.60,3949547394,736985567827
2024-05-22,180.11,3949547394,711352983544
2024-05-23,173.74,3949547394,686194385929
2024-05-24,179.24,3949547394,707916896596
2024-05-28,176.75,3949547394,698082501890
2024-05-29,176.19,3949547394,695870764991
2024-05-30,178.79,3949547394,706139552057
2024-05-31,178.08,3949547394,703335407155
2024-06-03,176.29,3949547394,696265683572
2024-06-04,174.77,3949547394,690262414924
2024-06-05,175.00,3949547394,691170793950
2024-06-06,177.94,3949547394,702782472931
2024-06-07,177.48,3949547394,700965654613
2024-06-10,173.79,3949547394,686391815087
2024-06-11,170.66,3949547394,674029772724
2024-06-12,177.29,3949547394,700215230966
2024-06-13,182.47,3949547394,720673917804
2024-06-14,178.01,3949547394,703058909910
2024-06-17,187.44,3949547394,740303173174
2024-06-18,184.86,3949547394,730113333665
2024-06-20,181.57,3949547394,717119349256
2024-06-21,183.01,3949547394,722806646880
2024-06-24,182.58,3949547394,721108370428
2024-06-25,187.35,3949547394,739947728372
2024-06-26,196.37,3949547394,775572602475
2024-06-27,197.42,3949547394,779719639292
2024-06-28,197.88,3949547394,781536457610
2024-07-01,209.86,3949547394,828852018515
2024-07-02,231.26,3949547394,913372308641
2024-07-03,246.39,3949547394,973128979997
2024-07-05,251.52,3949547394,993390177413
2024-07-08,252.94,3949547394,998998527481
2024-07-09,262.33,3949547394,1036084714835
2024-07-10,263.26,3949547394,1039757885514
2024-07-11,241.03,3949547394,951959403555
2024-07-12,248.23,3949547394,980396132738
2024-07-15,252.64,3949547394,997813651210
2024-07-16,256.56,3949547394,1013295869762
2024-07-17,248.50,3949547394,981462527409
2024-07-18,249.23,3949547394,984345680132
2024-07-19,239.20,3949547394,944731724592
2024-07-22,251.51,3949547394,993350643369
2024-07-23,246.38,3949547394,973089506219
2024-07-24,215.99,3949547394,853062763326
2024-07-25,220.25,3949547394,869887813529
2024-07-26,219.80,3949547394,868110529254
2024-07-29,232.10,3949547394,916689974254
2024-07-30,222.62,3949547394,879248221567
2024-07-31,232.07,3949547394,916571492653
2024-08-01,216.86,3949547394,856498850273
2024-08-02,207.67,3949547394,820202500080
2024-08-05,198.88,3949547394,785486005004
2024-08-06,200.64,3949547394,792437186722
2024-08-07,191.76,3949547394,757365186578
2024-08-08,198.84,3949547394,785327989359
2024-08-09,200.00,3949547394,789909478800
2024-08-12,197.49,3949547394,779996136537
2024-08-13,207.83,3949547394,820834442127
2024-08-14,201.38,3949547394,795359873489
2024-08-15,214.14,3949547394,845756076541
2024-08-16,216.12,3949547394,853576163506
2024-08-19,222.72,3949547394,879643200413
2024-08-20,221.10,3949547394,873244952920
2024-08-21,223.27,3949547394,881815463533
2024-08-22,210.66,3949547394,832011668484
2024-08-23,220.32,3949547394,870164310773
2024-08-26,213.21,3949547394,842083026391
2024-08-27,209.21,3949547394,826284836815
2024-08-28,205.75,3949547394,812619376316
2024-08-29,206.28,3949547394,814712631613
2024-08-30,214.11,3949547394,845637594940
2024-09-03,210.60,3949547394,831774705283
2024-09-04,219.41,3949547394,866570208181
2024-09-05,230.17,3949547394,909067316445
2024-09-06,210.73,3949547394,832288105463
2024-09-09,216.27,3949547394,854168631775
2024-09-10,226.17,3949547394,893269126869
2024-09-11,228.13,3949547394,901010266278
2024-09-12,229.81,3949547394,907645476973
2024-09-13,230.29,3949547394,909541242848
2024-09-16,226.78,3949547394,895678353190
2024-09-17,227.87,3949547394,899983345386
2024-09-18,227.20,3949547394,897337155864
2024-09-19,243.92,3949547394,963373593113
2024-09-20,238.25,3949547394,940979666621
2024-09-23,250.00,3949547394,987386848500
2024-09-24,254.27,3949547394,1004251432747
2024-09-25,257.02,3949547394,1015112627815
2024-09-26,254.22,3949547394,1004053943324
2024-09-27,260.46,3949547394,1028699080493
2024-09-30,261.63,3949547394,1033320103977
2024-10-01,258.02,3949547394,1019062175209
2024-10-02,249.02,3949547394,983516308928
2024-10-03,240.66,3949547394,950498090304
2024-10-04,250.08,3949547394,987702819523
2024-10-07,240.83,3949547394,951169506129
2024-10-08,244.50,3949547394,965664337833
2024-10-09,241.05,3949547394,952038411377
2024-10-10,238.77,3949547394,943033448140
2024-10-11,217.80,3949547394,860211434466
2024-10-14,219.16,3949547394,865582821333
2024-10-15,219.57,3949547394,867202150228
2024-10-16,221.33,3949547394,874153331946
2024-10-17,220.89,3949547394,872415521450
2024-10-18,220.70,3949547394,871665097803
2024-10-21,218.85,3949547394,864358471283
2024-10-22,217.97,3949547394,860882850291
2024-10-23,213.65,3949547394,843820776622
2024-10-24,260.48,3949547394,1028778148580
2024-10-25,269.19,3949547394,1063178672633
2024-10-28,262.51,3949547394,1036795724969
2024-10-29,259.52,3949547394,1024986496300
2024-10-30,257.55,3949547394,1017205883112
2024-10-31,249.85,3949547394,986794440497
2024-11-01,248.98,3949547394,983358293284
2024-11-04,242.84,3949547394,959108074695
2024-11-05,251.44,3949547394,993074206390
2024-11-06,288.53,3949547394,1139562904770
2024-11-07,296.91,3949547394,1172660131216
2024-11-08,321.22,3949547394,1268673618722
2024-11-11,350.00,3949547394,1382341587900
2024-11-12,328.49,3949547394,1297386784885
2024-11-13,330.24,3949547394,1304298492825
2024-11-14,311.18,3949547394,1229020129138
2024-11-15,320.72,3949547394,1266698845025
2024-11-18,338.74,3949547394,1337869645674
2024-11-19,346.00,3949547394,1366543398324
2024-11-20,342.03,3949547394,1350863690349
2024-11-21,339.64,3949547394,1341424334753
2024-11-22,352.56,3949547394,1392452419586
2024-11-25,338.59,3949547394,1337277237671
2024-11-26,338.23,3949547394,1335855458464
2024-11-27,332.89,3949547394,1314764889843
2024-11-29,345.16,3949547394,1363225792977
2024-12-02,357.09,3949547394,1410343864460
2024-12-03,351.42,3949547394,1387949998233
2024-12-04,357.93,3949547394,1413661469807
2024-12-05,369.49,3949547394,1459318228039
2024-12-06,389.22,3949547394,1537242841514
2024-12-09,389.79,3949547394,1539494112456
2024-12-10,400.99,3949547394,1583728970950
2024-12-11,424.77,3949547394,1677649203158
2024-12-12,418.10,3949547394,1651305789538
2024-12-13,436.23,3949547394,1722911103076
2024-12-16,463.02,3949547394,1828719390979
2024-12-17,479.86,3949547394,1895229754630
2024-12-18,440.13,3949547394,1738314313806
2024-12-19,436.17,3949547394,1722674139874
2024-12-20,421.06,3949547394,1662996416075
2024-12-23,430.60,3949547394,1700675131963
2024-12-24,462.28,3949547394,1825796764477
2024-12-26,454.13,3949547394,1793607977322
2024-12-27,431.66,3949547394,1704861642558
2024-12-30,417.41,3949547394,1648580592193
2024-12-31,403.84,3949547394,1594985205129
2025-01-02,379.28,3949547394,1497984330775
2025-01-03,410.44,3949547394,1621052242036
2025-01-06,411.05,3949547394,1623461408091
2025-01-07,394.36,3949547394,1557543452443
2025-01-08,394.94,3949547394,1559834257429
2025-01-10,394.74,3949547394,1559044299738
2025-01-13,403.31,3949547394,1592891949832
2025-01-14,396.36,3949547394,1565442547231
2025-01-15,428.22,3949547394,1691275189880
2025-01-16,413.82,3949547394,1634401731512
2025-01-17,426.50,3949547394,1684481963541
2025-01-21,424.07,3949547394,1674884592301
2025-01-22,415.11,3949547394,1639496560869
2025-01-23,412.38,3949547394,1628714373623
2025-01-24,406.58,3949547394,1605806926419
2025-01-27,397.15,3949547394,1568562723421
2025-01-28,398.09,3949547394,1572275307614
2025-01-29,389.10,3949547394,1536768915112
2025-01-30,400.28,3949547394,1580924826049
2025-01-31,404.60,3949547394,1597986899719
2025-02-03,383.68,3949547394,1515362315203
2025-02-04,392.21,3949547394,1549051949652
2025-02-05,378.17,3949547394,1493600391022
2025-02-06,374.32,3949547394,1478394609449
2025-02-07,361.62,3949547394,1428235309333
2025-02-10,350.73,3949547394,1385224800889
2025-02-11,328.50,3949547394,1297426318929
2025-02-12,336.51,3949547394,1329062232125
2025-02-13,355.94,3949547394,1405801909063
2025-02-14,355.84,3949547394,1405406930217
2025-02-18,354.11,3949547394,1398574169835
2025-02-19,360.56,3949547394,1424048798738
2025-02-20,354.40,3949547394,1399719572327
2025-02-21,337.80,3949547394,1334157061481
2025-02-24,330.53,3949547394,1305443895318
2025-02-25,302.80,3949547394,1195922902691
2025-02-26,290.80,3949547394,1148528333963
2025-02-27,281.95,3949547394,1113574935951
2025-02-28,292.98,3949547394,1157138438885
2025-03-03,284.65,3949547394,1124238641596
2025-03-04,272.04,3949547394,1074434906812
2025-03-05,279.10,3949547394,1102318701772
2025-03-06,263.45,3949547394,1040508309162
2025-03-07,262.67,3949547394,1037427667015
2025-03-10,222.15,3949547394,877391929471
2025-03-11,230.58,3949547394,910686645340
2025-03-12,248.09,3949547394,979843198514
2025-03-13,240.68,3949547394,950577037861
2025-03-14,249.98,3949547394,987307840678
2025-03-17,238.01,3949547394,940031753550
2025-03-18,225.31,3949547394,889872513700
2025-03-19,235.86,3949547394,931540250759
2025-03-20,236.26,3949547394,933120045611
2025-03-21,248.71,3949547394,982291958878
2025-03-24,278.39,3949547394,1099514556870
2025-03-25,288.14,3949547394,1138022643962
2025-03-26,272.06,3949547394,1074513854369
2025-03-27,273.13,3949547394,1078739899008
2025-03-28,263.55,3949547394,1040903167476
2025-03-31,259.16,3949547394,1023564717093
2025-04-01,268.46,3949547394,1060295459645
2025-04-02,282.76,3949547394,1116774059697
2025-04-03,267.28,3949547394,1055635022647
2025-04-04,239.43,3949547394,945640103618
2025-04-07,233.29,3949547394,921389885030
2025-04-08,221.86,3949547394,876246587243
2025-04-09,272.20,3949547394,1075066848859
2025-04-10,252.40,3949547394,996865738139
2025-04-11,252.31,3949547394,996510293338
2025-04-14,252.35,3949547394,996668308982
2025-04-15,254.11,3949547394,1003619490700
2025-04-16,241.55,3949547394,954013185074
2025-04-17,241.37,3949547394,953302235205
2025-04-21,227.50,3949547394,898522032135
2025-04-22,237.97,3949547394,939873798171
2025-04-23,250.74,3949547394,990309535267
2025-04-24,259.51,3949547394,1024947082787
2025-04-25,284.95,3949547394,1125423578133
2025-04-28,285.88,3949547394,1129096628282
2025-04-29,292.03,3949547394,1153386320649
2025-04-30,282.16,3949547394,1114404307155
2025-05-01,280.52,3949547394,1107926991574
2025-05-02,287.21,3949547394,1134349473282
2025-05-05,280.26,3949547394,1106900191212
2025-05-06,275.35,3949547394,1087507899044
2025-05-07,276.22,3949547394,1090943985992
2025-05-08,284.82,3949547394,1124910117686
2025-05-09,298.26,3949547394,1177992044304
2025-05-12,318.38,3949547394,1257456918587
2025-05-13,334.07,3949547394,1319425326841
2025-05-14,347.68,3949547394,1373178609019
2025-05-15,342.82,3949547394,1353983866538
2025-05-16,349.98,3949547394,1382262640343
2025-05-19,342.09,3949547394,1351100653550
2025-05-20,343.82,3949547394,1357933413932
2025-05-21,334.62,3949547394,1321597529695
2025-05-22,341.04,3949547394,1346953676998
2025-05-23,339.34,3949547394,1340239398216
2025-05-27,362.89,3949547394,1433251311663
2025-05-28,356.90,3949547394,1409593440812
2025-05-29,358.43,3949547394,1415636243504
2025-05-30,346.46,3949547394,1368360156377
2025-06-02,342.69,3949547394,1353470406092
2025-06-03,344.27,3949547394,1359710637941
2025-06-04,332.05,3949547394,1311447163965
2025-06-05,284.70,3949547394,1124436191284
2025-06-06,295.14,3949547394,1165669475720
2025-06-09,308.58,3949547394,1218751281807
2025-06-10,326.09,3949547394,1287907895246
2025-06-11,326.43,3949547394,1289250726896
2025-06-12,319.11,3949547394,1260340011045
2025-06-13,325.31,3949547394,1284827253100
2025-06-16,329.13,3949547394,1299914553072
2025-06-17,316.35,3949547394,1249439342198
2025-06-18,322.05,3949547394,1271951690025
2025-06-20,322.16,3949547394,1272386202915
2025-06-23,348.68,3949547394,1377128156413
2025-06-24,340.47,3949547394,1344702406056
2025-06-25,327.55,3949547394,1293674200692
2025-06-26,325.78,3949547394,1286683545196
2025-06-27,323.63,3949547394,1278192042405
2025-06-30,317.66,3949547394,1254613239642
2025-07-01,300.71,3949547394,1187668363101
2025-07-02,315.65,3949547394,1246674610810
2025-07-03,315.35,3949547394,1245489794804
2025-07-07,293.94,3949547394,1160929970635
2025-07-08,297.81,3949547394,1176214699765
2025-07-09,295.88,3949547394,1168592102222
2025-07-10,309.87,3949547394,1223846231694
2025-07-11,313.51,3949547394,1238222642063
2025-07-14,316.90,3949547394,1251611545052
2025-07-15,310.78,3949547394,1227440334286
2025-07-16,321.67,3949547394,1270450963261
2025-07-17,319.41,3949547394,1261524947581
2025-07-18,329.65,3949547394,1301968274326
2025-07-21,328.49,3949547394,1297386784885
2025-07-22,332.11,3949547394,1311684127167
2025-07-23,332.56,3949547394,1313461471706
2025-07-24,305.30,3949547394,1205796771176
2025-07-25,316.06,3949547394,1248293939705
2025-07-28,325.59,3949547394,1285933121549
2025-07-29,321.20,3949547394,1268594671165
2025-07-30,319.04,3949547394,1260063634330
2025-07-31,308.27,3949547394,1217526931757
2025-08-01,302.63,3949547394,1195251547131
2025-08-04,309.26,3949547394,1221437065638
2025-08-05,308.72,3949547394,1219304276297
2025-08-06,319.91,3949547394,1263499721278
2025-08-07,322.27,3949547394,1272820595273
2025-08-08,329.65,3949547394,1301968274326
2025-08-11,339.03,3949547394,1339015048167
2025-08-12,340.84,3949547394,1346163719307
2025-08-13,339.38,3949547394,1340397413861
2025-08-14,335.58,3949547394,1325389061445
2025-08-15,330.56,3949547394,1305562376918
2025-08-18,335.16,3949547394,1323730319037
2025-08-19,329.31,3949547394,1300625442676
2025-08-20,323.90,3949547394,1279258376810
2025-08-21,320.11,3949547394,1264289558439
2025-08-22,340.01,3949547394,1342885648004
2025-08-25,346.60,3949547394,1368913150867
2025-08-26,351.67,3949547394,1388937385081
2025-08-27,349.60,3949547394,1380761793049
2025-08-28,345.98,3949547394,1366464450767
2025-08-29,333.87,3949547394,1318635369150
2025-09-02,329.36,3949547394,1300822871833
2025-09-03,334.09,3949547394,1319504274398
2025-09-04,338.53,3949547394,1337040274470
2025-09-05,350.84,3949547394,1385659193247
2025-09-08,346.40,3949547394,1368123193175
2025-09-09,346.97,3949547394,1370374464117
2025-09-10,347.79,3949547394,1373613121908
2025-09-11,368.81,3949547394,1456632564739
2025-09-12,395.94,3949547394,1563783804823
2025-09-15,410.04,3949547394,1619472447184
2025-09-16,421.62,3949547394,1665208152973
2025-09-17,425.86,3949547394,1681954195354
2025-09-18,416.85,3949547394,1646368855295
2025-09-19,426.07,3949547394,1682783687089
2025-09-22,434.21,3949547394,1714932940200
2025-09-23,425.85,3949547394,1681914781841
2025-09-24,442.79,3949547394,1748820124338
2025-09-25,423.39,3949547394,1672198929000
2025-09-26,440.40,3949547394,1739380648211
2025-09-29,443.21,3949547394,1750478866746
2025-09-30,444.72,3949547394,1756442721881
2025-10-01,459.46,3949547394,1814659011899
2025-10-02,436.00,3949547394,1722002663784
2025-10-03,429.83,3949547394,1697633903330
2025-10-06,453.25,3949547394,1790132356331
2025-10-07,433.09,3949547394,1710509466404
2025-10-08,438.69,3949547394,1732626955916
2025-10-09,435.54,3949547394,1720185905731
2025-10-10,413.49,3949547394,1633098313375
2025-10-13,435.90,3949547394,1721607684938
2025-10-14,429.24,3949547394,1695303684831
2025-10-15,435.15,3949547394,1718645524393
2025-10-16,428.75,3949547394,1693368445178
2025-10-17,439.31,3949547394,1735075656016
2025-10-20,447.43,3949547394,1767145961570
2025-10-21,442.60,3949547394,1748069700691
2025-10-22,438.97,3949547394,1733732824365
2025-10-23,448.98,3949547394,1773267832349
2025-10-24,433.72,3949547394,1712997700547
2025-10-27,452.42,3949547394,1786854285027
2025-10-28,460.55,3949547394,1818964004094
2025-10-29,461.51,3949547394,1822755656375
2025-10-30,440.10,3949547394,1738195832206
2025-10-31,456.56,3949547394,1803205348562
2025-11-03,468.37,3949547394,1849849493643
2025-11-04,444.26,3949547394,1754625963828
2025-11-05,462.07,3949547394,1824967393273
2025-11-06,445.91,3949547394,1761142692922
2025-11-07,429.52,3949547394,1696409553280
2025-11-10,445.23,3949547394,1758457029622
2025-11-11,439.62,3949547394,1736300006065
2025-11-12,430.60,3949547394,1700675131963
2025-11-13,401.99,3949547394,1587678518344
2025-11-14,404.35,3949547394,1596999512870
2025-11-17,408.92,3949547394,1615048973388
2025-11-18,401.25,3949547394,1584755891843
2025-11-19,403.99,3949547394,1595577613132
2025-11-20,395.23,3949547394,1560979659922
2025-11-21,391.09,3949547394,1544628475856
2025-11-24,417.78,3949547394,1650041905444
2025-11-25,419.40,3949547394,1656440152937
2025-11-26,426.58,3949547394,1684797874299
2025-11-28,430.17,3949547394,1698976855510
2025-12-01,430.14,3949547394,1698858373910
2025-12-02,429.24,3949547394,1695303684831
2025-12-03,446.74,3949547394,1764420764226
2025-12-04,454.53,3949547394,1795187772174
2025-12-05,455.00,3949547394,1797044064270
2025-12-08,439.58,3949547394,1736141990421
2025-12-09,445.17,3949547394,1758220066420
2025-12-10,451.45,3949547394,1783023219234
2025-12-11,446.89,3949547394,1765013292759
2025-12-12,458.96,3949547394,1812684238202
2025-12-15,475.31,3949547394,1877259362200
2025-12-16,489.88,3949547394,1934804296658
2025-12-17,467.26,3949547394,1845465553890
2025-12-18,483.37,3949547394,1909092704553
2025-12-19,481.20,3949547394,1900522254205
2025-12-22,488.73,3949547394,1930262341261
2025-12-23,485.56,3949547394,1917742222988
2025-12-24,485.40,3949547394,1917110280941
2025-12-26,475.19,3949547394,1876785435797
2025-12-29,459.64,3949547394,1815370022033
2025-12-30,454.43,3949547394,1794792793328
2025-12-31,449.72,3949547394,1776190458851
2026-01-02,438.07,3949547394,1730178255817
2026-01-05,451.67,3949547394,1783892124481
2026-01-06,432.96,3949547394,1709996005958
2026-01-07,431.41,3949547394,1703874255709
2026-01-08,435.80,3949547394,1721212706093
2026-01-09,445.01,3949547394,1757588124374
2026-01-12,448.96,3949547394,1773188764262
2026-01-13,447.20,3949547394,1766237642809
2026-01-14,439.20,3949547394,1734641263657
2026-01-15,438.57,3949547394,1732153029514
2026-01-16,437.50,3949547394,1727926984875
2026-01-20,419.25,3949547394,1655847744935
2026-01-21,431.44,3949547394,1703992737310
2026-01-22,449.36,3949547394,1774768559113
2026-01-23,449.06,3949547394,1773583743107
2026-01-26,435.20,3949547394,1718843074081
2026-01-27,430.90,3949547394,1701859947968
2026-01-28,431.46,3949547394,1704071684867
2026-01-29,416.56,3949547394,1645223452802
2026-01-30,430.41,3949547394,1699924708315
2026-02-02,421.81,3949547394,1665958576621
2026-02-03,421.96,3949547394,1666550984624
2026-02-04,406.01,3949547394,1603555776008
2026-02-05,397.21,3949547394,1568799686622
2026-02-06,411.11,3949547394,1623698371293
2026-02-09,417.32,3949547394,1648225147391
2026-02-10,425.21,3949547394,1679387013654
2026-02-11,428.27,3949547394,1691472619037
2026-02-12,417.07,3949547394,1647237760543
2026-02-13,417.44,3949547394,1648699073794
2026-02-17,410.63,3949547394,1621802665683
2026-02-18,411.32,3949547394,1624527863027
2026-02-19,411.71,3949547394,1626068123835
2026-02-20,411.82,3949547394,1626502636724
2026-02-23,399.83,3949547394,1579147481510
2026-02-24,409.38,3949547394,1616865731441
2026-02-25,417.40,3949547394,1648541058149
2026-02-26,408.58,3949547394,1613706021207
2026-02-27,402.51,3949547394,1589732360129
2026-03-02,403.32,3949547394,1592931483875
2026-03-03,392.43,3949547394,1549920854900
2026-03-04,405.94,3949547394,1603279278763
2026-03-05,405.55,3949547394,1601738897424
2026-03-06,396.73,3949547394,1566903981013
2026-03-09,398.68,3949547394,1574605526113
2026-03-10,399.24,3949547394,1576817263011
2026-03-11,407.82,3949547394,1610704447148
2026-03-12,395.01,3949547394,1560110754674
2026-03-13,391.20,3949547394,1545062988745
2026-03-16,395.56,3949547394,1562282957528
2026-03-17,399.27,3949547394,1576935744611
2026-03-18,392.78,3949547394,1551303220594
2026-03-19,380.30,3949547394,1502012825726
2026-03-20,367.96,3949547394,1453275425348
2026-03-23,380.85,3949547394,1504185149111
2026-03-24,383.03,3949547394,1512795133503
2026-03-25,385.95,3949547394,1524327864927
2026-03-26,372.11,3949547394,1469666022927
2026-03-27,361.83,3949547394,1429064680538
2026-03-30,355.28,3949547394,1403195193319
2026-03-31,371.75,3949547394,1468244243720
2026-04-01,381.26,3949547394,1505804478006
2026-04-02,360.59,3949547394,1424167280339
2026-04-06,352.82,3949547394,1393479340478
2026-04-07,346.65,3949547394,1369110580024
2026-04-08,343.25,3949547394,1355682142991
2026-04-09,345.62,3949547394,1365042551029
2026-04-10,348.95,3949547394,1378194611349
2026-04-13,352.42,3949547394,1391899545627
2026-04-14,364.20,3949547394,1438425209107
2026-04-15,391.95,3949547394,1548025149291
2026-04-16,388.90,3949547394,1535978957420
2026-04-17,400.62,3949547394,1582267657699
2026-04-20,392.50,3949547394,1550197352145
2026-04-21,386.42,3949547394,1526184157023
2026-04-22,387.51,3949547394,1530489149219
2026-04-23,373.72,3949547394,1476024856907
2026-04-24,376.30,3949547394,1486214636150
2026-04-27,378.67,3949547394,1495575164719
2026-04-28,376.02,3949547394,1485108767701
2026-04-29,372.80,3949547394,1472391220271
2026-04-30,381.63,3949547394,1507265791257
2026-05-01,390.82,3949547394,1543562141450
2026-05-04,392.51,3949547394,1550236886189
2026-05-05,389.37,3949547394,1537835249517
2026-05-06,398.73,3949547394,1574803075801
2026-05-07,411.79,3949547394,1626384155124
2026-05-08,428.35,3949547394,1691788650326
2026-05-11,445.00,3949547394,1757548590330
2026-05-12,433.45,3949547394,1711931366142
2026-05-13,445.27,3949547394,1758614924735
2026-05-14,443.30,3949547394,1750834311548
2026-05-15,422.24,3949547394,1667656853073
2026-05-18,409.99,3949547394,1619274897496
2026-05-19,404.11,3949547394,1596051539535
2026-05-20,417.26,3949547394,1647988184190
2026-05-21,417.85,3949547394,1650318402689
2026-05-22,426.01,3949547394,1682546723888
2026-05-26,433.59,3949547394,1712484240101
2026-05-27,440.36,3949547394,1739222632567
2026-05-28,442.10,3949547394,1746094926994
2026-05-29,435.79,3949547394,1721173292580
2026-06-01,415.88,3949547394,1642537789502
2026-06-02,423.74,3949547394,1673581174164
2026-06-03,423.70,3949547394,1673423279050
2026-06-04,418.45,3949547394,1652688155232
2026-06-05,391.00,3949547394,1544273031054
2026-06-08,408.95,3949547394,1615167454989
2026-06-09,396.68,3949547394,1566706431325
2026-06-10,381.59,3949547394,1507107775613
2026-06-11,399.15,3949547394,1576461818209
2026-06-12,406.43,3949547394,1605214518416
2026-06-15,411.15,3949547394,1623856386937
2026-06-16,404.66,3949547394,1598223862920
2026-06-17,396.38,3949547394,1565521615319
2026-06-18,400.49,3949547394,1581754197253
2026-06-22,405.05,3949547394,1599764123727
2026-06-23,381.61,3949547394,1507186723170
2026-06-24,375.53,3949547394,1483173528048
2026-06-25,375.12,3949547394,1481554199152
2026-06-26,379.71,3949547394,1499682607227
2026-06-29,411.84,3949547394,1626581584281
2026-06-30,420.60,3949547394,1661179658023
2026-07-01,425.30,3949547394,1679742458456
2026-07-02,393.45,3949547394,1553949470382
2026-07-06,419.77,3949547394,1657901466188
2026-07-07,402.90,3949547394,1591272620936
2026-07-08,394.06,3949547394,1556358636437
2026-07-09,406.55,3949547394,1605688444818
2026-07-10,407.76,3949547394,1610467483947
2026-07-13,394.76,3949547394,1559123367825
2026-07-14,396.18,3949547394,1564731657628
2026-07-15,394.46,3949547394,1557938431289
2026-07-16,391.06,3949547394,1544509994255
2026-07-17,380.84,3949547394,1504145615067
2026-07-20,369.57,3949547394,1459634259328
2026-07-21,378.93,3949547394,1496601965081
2026-07-22,374.01,3949547394,1477170259400
2026-07-23,319.69,3949547394,1262630816030
2026-07-24,313.03,3949547394,1236326815923
2026-07-27,309.22,3949547394,1221279049994
2026-07-28,307.44,3949547394,1214248860454
2026-07-29,298.32,3949547394,1178229007505
2026-07-30,308.85,3949547394,1219817736743
2026-07-31,311.21,3949547394,1229138610738
2026-08-03,322.08,3949547394,1272070171626
2026-08-04,327.35,3949547394,1292884363532
2026-08-05,321.55,3949547394,1269976916328
2026-08-06,319.53,3949547394,1261998873984
2026-08-07,328.58,3949547394,1297742229687
2026-08-10,330.88,3949547394,1306826261012
2026-08-11,332.81,3949547394,1314448858555
2026-08-12,327.51,3949547394,1293516305579
2026-08-13,339.96,3949547394,1342688098316
2026-08-14,342.27,3949547394,1351811543153
2026-08-17,339.30,3949547394,1340081382572
2026-08-18,336.87,3949547394,1330484011332
2026-08-19,351.12,3949547394,1386765061696
2026-08-20,345.13,3949547394,1363107311376
2026-08-21,362.86,3949547394,1433132709532
2026-08-24,348.95,3949547394,1378194611349
2026-08-25,350.25,3949547394,1383328974749
2026-08-26,345.82,3949547394,1365832508720
2026-08-27,354.81,3949547394,1401338901223
2026-08-28,348.75,3949547394,1377404653658
2026-08-31,367.95,3949547394,1453236011835
2026-09-01,356.09,3949547394,1406394317066
2026-09-02,357.01,3949547394,1410027953702
2026-09-03,376.37,3949547394,1486491133395
2026-09-04,354.08,3949547394,1398455688234
2026-09-08,368.16,3949547394,1454065383039
2026-09-09,367.81,3949547394,1452683017345
2026-09-10,363.56,3949547394,1435897440920
2026-09-11,365.44,3949547394,1443322609306