Date,Close,Shares_Outstanding,Market_Cap
2006-09-14,9.45,5186474013,49026369102
2006-09-15,9.46,5186474013,49077977826
2006-09-18,9.87,5186474013,51193856389
2006-09-19,9.62,5186474013,49903687740
2006-09-20,9.81,5186474013,50884208989
2006-09-21,9.59,5186474013,49748866513
2006-09-22,9.45,5186474013,49026369102
2006-09-25,9.74,5186474013,50522967703
2006-09-26,9.67,5186474013,50161721470
2006-09-27,9.52,5186474013,49387620280
2006-09-28,9.61,5186474013,49852079016
2006-09-29,9.55,5186474013,49542441508
2006-10-02,9.62,5186474013,49903687740
2006-10-03,9.41,5186474013,48819944096
2006-10-04,9.52,5186474013,49387620280
2006-10-05,9.80,5186474013,50832605211
2006-10-06,9.66,5186474013,50110112746
2006-10-09,9.67,5186474013,50161721470
2006-10-10,9.75,5186474013,50574571481
2006-10-11,9.76,5186474013,50626180205
2006-10-12,10.04,5186474013,52071165135
2006-10-13,10.25,5186474013,53154908779
2006-10-16,10.28,5186474013,53309730006
2006-10-17,9.97,5186474013,51709918903
2006-10-18,9.73,5186474013,50471358978
2006-10-19,9.66,5186474013,50110112746
2006-10-20,9.69,5186474013,50264929026
2006-10-23,9.84,5186474013,51039035162
2006-10-24,9.87,5186474013,51193856389
2006-10-25,9.92,5186474013,51451885173
2006-10-26,9.93,5186474013,51503493897
2006-10-27,9.65,5186474013,50058504021
2006-10-30,9.62,5186474013,49903687740
2006-10-31,9.65,5186474013,50058504021
2006-11-01,9.41,5186474013,48819944096
2006-11-02,9.45,5186474013,49026369102
2006-11-03,9.50,5186474013,49284407778
2006-11-06,9.50,5186474013,49284407778
2006-11-07,9.56,5186474013,49594045286
2006-11-08,9.58,5186474013,49697262735
2006-11-09,9.43,5186474013,48923156599
2006-11-10,9.43,5186474013,48923156599
2006-11-13,9.53,5186474013,49439224059
2006-11-14,9.81,5186474013,50884208989
2006-11-15,9.85,5186474013,51090638940
2006-11-16,9.96,5186474013,51658315125
2006-11-17,9.93,5186474013,51503493897
2006-11-20,9.96,5186474013,51658315125
2006-11-21,10.03,5186474013,52019561357
2006-11-22,10.26,5186474013,53206512557
2006-11-24,10.43,5186474013,54083831196
2006-11-27,10.22,5186474013,53000087552
2006-11-28,10.22,5186474013,53000087552
2006-11-29,10.42,5186474013,54032217525
2006-11-30,10.70,5186474013,55477207402
2006-12-01,10.57,5186474013,54806323661
2006-12-04,11.02,5186474013,57180231008
2006-12-05,11.12,5186474013,57696298468
2006-12-06,10.98,5186474013,56922197278
2006-12-07,10.95,5186474013,56767380997
2006-12-08,10.87,5186474013,56354526040
2006-12-11,10.82,5186474013,56096487364
2006-12-12,10.64,5186474013,55167569894
2006-12-13,10.52,5186474013,54548289931
2006-12-14,10.66,5186474013,55270782396
2006-12-15,10.69,5186474013,55425603623
2006-12-18,10.78,5186474013,55890062359
2006-12-19,10.57,5186474013,54806323661
2006-12-20,10.53,5186474013,54599893709
2006-12-21,10.71,5186474013,55528816126
2006-12-22,10.70,5186474013,55477207402
2006-12-26,10.87,5186474013,56354526040
2006-12-27,10.96,5186474013,56818984775
2006-12-28,10.94,5186474013,56715767326
2006-12-29,10.88,5186474013,56406129818
2007-01-03,10.92,5186474013,56612559770
2007-01-04,10.92,5186474013,56612559770
2007-01-05,10.64,5186474013,55167569894
2007-01-08,10.70,5186474013,55477207402
2007-01-09,10.57,5186474013,54806323661
2007-01-10,10.63,5186474013,55115966115
2007-01-11,10.86,5186474013,56302917316
2007-01-12,11.19,5186474013,58057544700
2007-01-16,11.25,5186474013,58367182208
2007-01-17,11.43,5186474013,59296104625
2007-01-18,11.19,5186474013,58057544700
2007-01-19,11.23,5186474013,58263974652
2007-01-22,11.00,5186474013,57077018505
2007-01-23,11.19,5186474013,58057544700
2007-01-24,11.42,5186474013,59244500847
2007-01-25,10.71,5186474013,55528816126
2007-01-26,10.88,5186474013,56406129818
2007-01-29,10.72,5186474013,55580424851
2007-01-30,10.86,5186474013,56302917316
2007-01-31,10.86,5186474013,56302917316
2007-02-01,10.96,5186474013,56818984775
2007-02-02,10.89,5186474013,56457738543
2007-02-05,10.80,5186474013,55993274861
2007-02-06,10.92,5186474013,56612559770
2007-02-07,11.10,5186474013,57593085965
2007-02-08,11.06,5186474013,57386660960
2007-02-09,10.90,5186474013,56509342321
2007-02-12,10.63,5186474013,55115966115
2007-02-13,10.68,5186474013,55373994899
2007-02-14,11.09,5186474013,57541477240
2007-02-15,11.11,5186474013,57644689743
2007-02-16,11.17,5186474013,57954327251
2007-02-20,11.29,5186474013,58573612160
2007-02-21,11.42,5186474013,59244500847
2007-02-22,11.49,5186474013,59605742133
2007-02-23,11.33,5186474013,58780037165
2007-02-26,11.33,5186474013,58780037165
2007-02-27,10.89,5186474013,56457738543
2007-02-28,11.04,5186474013,57283443511
2007-03-01,10.88,5186474013,56406129818
2007-03-02,10.59,5186474013,54909536164
2007-03-05,10.06,5186474013,52174377638
2007-03-06,10.56,5186474013,54754714937
2007-03-07,10.45,5186474013,54187038752
2007-03-08,10.73,5186474013,55632028629
2007-03-09,10.70,5186474013,55477207402
2007-03-12,11.06,5186474013,57386660960
2007-03-13,10.91,5186474013,56560951046
2007-03-14,11.00,5186474013,57077018505
2007-03-15,11.09,5186474013,57541477240
2007-03-16,10.97,5186474013,56870588554
2007-03-19,10.99,5186474013,56973806003
2007-03-20,11.25,5186474013,58367182208
2007-03-21,11.49,5186474013,59605742133
2007-03-22,11.28,5186474013,58522003435
2007-03-23,11.31,5186474013,58676824663
2007-03-26,11.37,5186474013,58986462171
2007-03-27,11.06,5186474013,57386660960
2007-03-28,10.77,5186474013,55838453634
2007-03-29,10.75,5186474013,55735246078
2007-03-30,10.70,5186474013,55477207402
2007-04-02,10.73,5186474013,55632028629
2007-04-03,10.85,5186474013,56251308591
2007-04-04,10.73,5186474013,55632028629
2007-04-05,10.92,5186474013,56612559770
2007-04-09,10.82,5186474013,56096487364
2007-04-10,10.76,5186474013,55786849856
2007-04-11,10.72,5186474013,55580424851
2007-04-12,10.75,5186474013,55735246078
2007-04-13,10.65,5186474013,55219173672
2007-04-16,10.72,5186474013,55580424851
2007-04-17,10.61,5186474013,55012748666
2007-04-18,10.62,5186474013,55064352445
2007-04-19,10.50,5186474013,54445072482
2007-04-20,10.47,5186474013,54290256201
2007-04-23,10.53,5186474013,54599893709
2007-04-24,10.74,5186474013,55683632407
2007-04-25,10.90,5186474013,56509342321
2007-04-26,10.98,5186474013,56922197278
2007-04-27,10.64,5186474013,55167569894
2007-04-30,10.49,5186474013,54393468704
2007-05-01,10.64,5186474013,55167569894
2007-05-02,10.57,5186474013,54806323661
2007-05-03,10.66,5186474013,55270782396
2007-05-04,10.65,5186474013,55219173672
2007-05-07,10.65,5186474013,55219173672
2007-05-08,10.45,5186474013,54187038752
2007-05-09,10.48,5186474013,54341859980
2007-05-10,10.37,5186474013,53774188742
2007-05-11,10.36,5186474013,53722580017
2007-05-14,10.18,5186474013,52793657600
2007-05-15,10.23,5186474013,53051696277
2007-05-16,10.45,5186474013,54187038752
2007-05-17,10.63,5186474013,55115966115
2007-05-18,10.48,5186474013,54341859980
2007-05-21,10.46,5186474013,54238647477
2007-05-22,10.61,5186474013,55012748666
2007-05-23,10.48,5186474013,54341859980
2007-05-24,10.37,5186474013,53774188742
2007-05-25,10.42,5186474013,54032217525
2007-05-29,10.58,5186474013,54857927439
2007-05-30,10.61,5186474013,55012748666
2007-05-31,10.86,5186474013,56302917316
2007-06-01,11.02,5186474013,57180231008
2007-06-04,10.94,5186474013,56715767326
2007-06-05,10.78,5186474013,55890062359
2007-06-06,10.73,5186474013,55632028629
2007-06-07,10.66,5186474013,55270782396
2007-06-08,10.52,5186474013,54548289931
2007-06-11,10.41,5186474013,53980613747
2007-06-12,10.22,5186474013,53000087552
2007-06-13,10.33,5186474013,53567758790
2007-06-14,10.55,5186474013,54703111158
2007-06-15,10.77,5186474013,55838453634
2007-06-18,10.62,5186474013,55064352445
2007-06-19,10.65,5186474013,55219173672
2007-06-20,10.75,5186474013,55735246078
2007-06-21,11.17,5186474013,57954327251
2007-06-22,10.93,5186474013,56664163548
2007-06-25,10.94,5186474013,56715767326
2007-06-26,10.96,5186474013,56818984775
2007-06-27,11.08,5186474013,57489868516
2007-06-28,11.11,5186474013,57644689743
2007-06-29,11.07,5186474013,57438264738
2007-07-02,11.22,5186474013,58212365927
2007-07-03,11.33,5186474013,58780037165
2007-07-05,11.33,5186474013,58780037165
2007-07-06,11.42,5186474013,59244500847
2007-07-09,11.67,5186474013,60534669496
2007-07-10,11.39,5186474013,59089679620
2007-07-11,11.34,5186474013,58831645890
2007-07-12,11.63,5186474013,60328239544
2007-07-13,11.60,5186474013,60173418317
2007-07-16,11.62,5186474013,60276635766
2007-07-17,11.68,5186474013,60586273274
2007-07-18,11.30,5186474013,58625220884
2007-07-19,11.17,5186474013,57954327251
2007-07-20,10.85,5186474013,56251308591
2007-07-23,10.97,5186474013,56870588554
2007-07-24,10.85,5186474013,56251308591
2007-07-25,10.85,5186474013,56251308591
2007-07-26,10.17,5186474013,52742053822
2007-07-27,10.05,5186474013,52122773860
2007-07-30,10.23,5186474013,53051696277
2007-07-31,10.10,5186474013,52380802643
2007-08-01,9.89,5186474013,51297063946
2007-08-02,10.05,5186474013,52122773860
2007-08-03,9.65,5186474013,50058504021
2007-08-06,9.97,5186474013,51709918903
2007-08-07,9.84,5186474013,51039035162
2007-08-08,10.22,5186474013,53000087552
2007-08-09,9.73,5186474013,50471358978
2007-08-10,9.85,5186474013,51090638940
2007-08-13,9.98,5186474013,51761527627
2007-08-14,9.55,5186474013,49542441508
2007-08-15,9.14,5186474013,47426562944
2007-08-16,9.06,5186474013,47013712934
2007-08-17,9.65,5186474013,50058504021
2007-08-20,9.67,5186474013,50161721470
2007-08-21,9.62,5186474013,49903687740
2007-08-22,9.83,5186474013,50987426438
2007-08-23,9.90,5186474013,51348677617
2007-08-24,9.99,5186474013,51813136352
2007-08-27,9.67,5186474013,50161721470
2007-08-28,9.35,5186474013,48510306588
2007-08-29,9.68,5186474013,50213325248
2007-08-30,9.48,5186474013,49181190329
2007-08-31,9.87,5186474013,51193856389
2007-09-04,10.07,5186474013,52225986363
2007-09-05,9.92,5186474013,51451885173
2007-09-06,10.07,5186474013,52225986363
2007-09-07,9.67,5186474013,50161721470
2007-09-10,9.68,5186474013,50213325248
2007-09-11,9.75,5186474013,50574571481
2007-09-12,9.80,5186474013,50832605211
2007-09-13,9.99,5186474013,51813136352
2007-09-14,9.93,5186474013,51503493897
2007-09-17,9.77,5186474013,50677783983
2007-09-18,10.18,5186474013,52793657600
2007-09-19,10.06,5186474013,52174377638
2007-09-20,10.03,5186474013,52019561357
2007-09-21,10.20,5186474013,52896875049
2007-09-24,10.22,5186474013,53000087552
2007-09-25,10.07,5186474013,52225986363
2007-09-26,10.01,5186474013,51916343908
2007-09-27,10.23,5186474013,53051696277
2007-09-28,10.07,5186474013,52225986363
2007-10-01,10.38,5186474013,53825792520
2007-10-02,10.47,5186474013,54290256201
2007-10-03,10.33,5186474013,53567758790
2007-10-04,10.36,5186474013,53722580017
2007-10-05,10.64,5186474013,55167569894
2007-10-08,10.56,5186474013,54754714937
2007-10-09,10.65,5186474013,55219173672
2007-10-10,10.73,5186474013,55632028629
2007-10-11,10.16,5186474013,52690445098
2007-10-12,9.99,5186474013,51813136352
2007-10-15,9.95,5186474013,51606706400
2007-10-16,9.92,5186474013,51451885173
2007-10-17,10.13,5186474013,52535623871
2007-10-18,10.05,5186474013,52122773860
2007-10-19,9.69,5186474013,50264929026
2007-10-22,9.66,5186474013,50110112746
2007-10-23,9.97,5186474013,51709918903
2007-10-24,9.72,5186474013,50419750254
2007-10-25,9.73,5186474013,50471358978
2007-10-26,9.86,5186474013,51142247665
2007-10-29,10.46,5186474013,54238647477
2007-10-30,10.35,5186474013,53670976239
2007-10-31,10.60,5186474013,54961144888
2007-11-01,10.45,5186474013,54187038752
2007-11-02,10.34,5186474013,53619367514
2007-11-05,10.15,5186474013,52638841320
2007-11-06,10.38,5186474013,53825792520
2007-11-07,10.11,5186474013,52432416314
2007-11-08,9.85,5186474013,51090638940
2007-11-09,9.76,5186474013,50626180205
2007-11-12,9.54,5186474013,49490832783
2007-11-13,9.94,5186474013,51555102622
2007-11-14,9.79,5186474013,50781001432
2007-11-15,9.60,5186474013,49800470291
2007-11-16,9.70,5186474013,50316542697
2007-11-19,9.48,5186474013,49181190329
2007-11-20,9.61,5186474013,49852079016
2007-11-21,9.22,5186474013,47839417901
2007-11-23,9.44,5186474013,48974765323
2007-11-26,9.44,5186474013,48974765323
2007-11-27,9.38,5186474013,48665127815
2007-11-28,9.70,5186474013,50316542697
2007-11-29,9.70,5186474013,50316542697
2007-11-30,9.87,5186474013,51193856389
2007-12-03,9.72,5186474013,50419750254
2007-12-04,9.65,5186474013,50058504021
2007-12-05,9.96,5186474013,51658315125
2007-12-06,10.21,5186474013,52948478828
2007-12-07,10.25,5186474013,53154908779
2007-12-10,10.08,5186474013,52277595087
2007-12-11,9.88,5186474013,51245460168
2007-12-12,9.95,5186474013,51606706400
2007-12-13,9.81,5186474013,50884208989
2007-12-14,9.60,5186474013,49800470291
2007-12-17,9.35,5186474013,48510306588
2007-12-18,9.58,5186474013,49697262735
2007-12-19,9.63,5186474013,49955291518
2007-12-20,9.62,5186474013,49903687740
2007-12-21,9.76,5186474013,50626180205
2007-12-24,9.77,5186474013,50677783983
2007-12-26,9.89,5186474013,51297063946
2007-12-27,9.75,5186474013,50574571481
2007-12-28,9.85,5186474013,51090638940
2007-12-31,9.91,5186474013,51400281395
2008-01-02,9.52,5186474013,49387620280
2008-01-03,9.39,5186474013,48716731594
2008-01-04,8.89,5186474013,46084790517
2008-01-07,8.71,5186474013,45155868100
2008-01-08,8.72,5186474013,45207476825
2008-01-09,9.01,5186474013,46755674257
2008-01-10,9.03,5186474013,46858891706
2008-01-11,8.85,5186474013,45878360565
2008-01-14,9.00,5186474013,46704070479
2008-01-15,8.73,5186474013,45259080603
2008-01-16,8.44,5186474013,43762486948
2008-01-17,8.35,5186474013,43298028213
2008-01-18,8.60,5186474013,44588196862
2008-01-22,7.95,5186474013,41233760847
2008-01-23,8.52,5186474013,44175341905
2008-01-24,8.65,5186474013,44846225646
2008-01-25,8.66,5186474013,44897834370
2008-01-28,8.66,5186474013,44897834370
2008-01-29,8.86,5186474013,45929969290
2008-01-30,8.85,5186474013,45878360565
2008-01-31,9.20,5186474013,47736205399
2008-02-01,9.70,5186474013,50316542697
2008-02-04,9.72,5186474013,50419750254
2008-02-05,9.09,5186474013,47168529214
2008-02-06,9.06,5186474013,47013712934
2008-02-07,9.20,5186474013,47736205399
2008-02-08,9.19,5186474013,47684596674
2008-02-11,9.37,5186474013,48613514145
2008-02-12,9.49,5186474013,49232794107
2008-02-13,9.66,5186474013,50110112746
2008-02-14,9.65,5186474013,50058504021
2008-02-15,9.66,5186474013,50110112746
2008-02-19,9.76,5186474013,50626180205
2008-02-20,9.72,5186474013,50419750254
2008-02-21,9.55,5186474013,49542441508
2008-02-22,9.63,5186474013,49955291518
2008-02-25,9.82,5186474013,50935822660
2008-02-26,10.08,5186474013,52277595087
2008-02-27,10.19,5186474013,52845271271
2008-02-28,9.98,5186474013,51761527627
2008-02-29,9.69,5186474013,50264929026
2008-03-03,9.58,5186474013,49697262735
2008-03-04,9.97,5186474013,51709918903
2008-03-05,10.25,5186474013,53154908779
2008-03-06,10.12,5186474013,52484020092
2008-03-07,10.02,5186474013,51967952633
2008-03-10,9.89,5186474013,51297063946
2008-03-11,10.47,5186474013,54290256201
2008-03-12,10.23,5186474013,53051696277
2008-03-13,10.14,5186474013,52587232595
2008-03-14,9.83,5186474013,50987426438
2008-03-17,9.65,5186474013,50058504021
2008-03-18,10.10,5186474013,52380802643
2008-03-19,9.74,5186474013,50522967703
2008-03-20,10.27,5186474013,53258121282
2008-03-24,11.04,5186474013,57283443511
2008-03-25,10.90,5186474013,56509342321
2008-03-26,10.68,5186474013,55373994899
2008-03-27,10.27,5186474013,53258121282
2008-03-28,10.12,5186474013,52484020092
2008-03-31,10.22,5186474013,53000087552
2008-04-01,10.55,5186474013,54703111158
2008-04-02,10.42,5186474013,54032217525
2008-04-03,10.61,5186474013,55012748666
2008-04-04,10.38,5186474013,53825792520
2008-04-07,10.44,5186474013,54135434974
2008-04-08,10.29,5186474013,53361333785
2008-04-09,10.14,5186474013,52587232595
2008-04-10,10.46,5186474013,54238647477
2008-04-11,10.23,5186474013,53051696277
2008-04-14,10.15,5186474013,52638841320
2008-04-15,10.31,5186474013,53464551234
2008-04-16,10.91,5186474013,56560951046
2008-04-17,10.87,5186474013,56354526040
2008-04-18,11.01,5186474013,57128622283
2008-04-21,11.01,5186474013,57128622283
2008-04-22,10.71,5186474013,55528816126
2008-04-23,10.61,5186474013,55012748666
2008-04-24,10.68,5186474013,55373994899
2008-04-25,10.68,5186474013,55373994899
2008-04-28,10.86,5186474013,56302917316
2008-04-29,10.78,5186474013,55890062359
2008-04-30,11.18,5186474013,58005940922
2008-05-01,11.26,5186474013,58418795879
2008-05-02,11.23,5186474013,58263974652
2008-05-05,11.08,5186474013,57489868516
2008-05-06,11.43,5186474013,59296104625
2008-05-07,11.08,5186474013,57489868516
2008-05-08,10.99,5186474013,56973806003
2008-05-09,10.91,5186474013,56560951046
2008-05-12,11.18,5186474013,58005940922
2008-05-13,11.35,5186474013,58883254614
2008-05-14,11.24,5186474013,58315578430
2008-05-15,11.39,5186474013,59089679620
2008-05-16,11.59,5186474013,60121814539
2008-05-19,11.50,5186474013,59657355804
2008-05-20,11.20,5186474013,58109153425
2008-05-21,11.09,5186474013,57541477240
2008-05-22,11.14,5186474013,57799510970
2008-05-23,10.84,5186474013,56199704813
2008-05-27,11.22,5186474013,58212365927
2008-05-28,11.48,5186474013,59554138355
2008-05-29,11.49,5186474013,59605742133
2008-05-30,11.39,5186474013,59089679620
2008-06-02,11.39,5186474013,59089679620
2008-06-03,11.27,5186474013,58470399657
2008-06-04,11.52,5186474013,59760568306
2008-06-05,11.84,5186474013,61411983188
2008-06-06,11.54,5186474013,59863780809
2008-06-09,11.18,5186474013,58005940922
2008-06-10,10.89,5186474013,56457738543
2008-06-11,10.87,5186474013,56354526040
2008-06-12,10.99,5186474013,56973806003
2008-06-13,11.17,5186474013,57954327251
2008-06-16,11.21,5186474013,58160757203
2008-06-17,11.10,5186474013,57593085965
2008-06-18,11.00,5186474013,57077018505
2008-06-19,11.07,5186474013,57438264738
2008-06-20,10.75,5186474013,55735246078
2008-06-23,10.83,5186474013,56148101035
2008-06-24,10.88,5186474013,56406129818
2008-06-25,11.33,5186474013,58780037165
2008-06-26,10.72,5186474013,55580424851
2008-06-27,10.82,5186474013,56096487364
2008-06-30,10.86,5186474013,56302917316
2008-07-01,10.86,5186474013,56302917316
2008-07-02,10.55,5186474013,54703111158
2008-07-03,10.20,5186474013,52896875049
2008-07-07,10.11,5186474013,52432416314
2008-07-08,10.13,5186474013,52535623871
2008-07-09,9.89,5186474013,51297063946
2008-07-10,10.10,5186474013,52380802643
2008-07-11,10.25,5186474013,53154908779
2008-07-14,10.00,5186474013,51864740130
2008-07-15,9.74,5186474013,50522967703
2008-07-16,9.81,5186474013,50884208989
2008-07-17,10.31,5186474013,53464551234
2008-07-18,10.19,5186474013,52845271271
2008-07-21,10.33,5186474013,53567758790
2008-07-22,9.87,5186474013,51193856389
2008-07-23,10.09,5186474013,52329198865
2008-07-24,9.83,5186474013,50987426438
2008-07-25,9.97,5186474013,51709918903
2008-07-28,9.72,5186474013,50419750254
2008-07-29,9.79,5186474013,50781001432
2008-07-30,9.75,5186474013,50574571481
2008-07-31,9.45,5186474013,49026369102
2008-08-01,9.49,5186474013,49232794107
2008-08-04,9.34,5186474013,48458697864
2008-08-05,9.74,5186474013,50522967703
2008-08-06,10.20,5186474013,52896875049
2008-08-07,10.29,5186474013,53361333785
2008-08-08,10.46,5186474013,54238647477
2008-08-11,10.62,5186474013,55064352445
2008-08-12,10.58,5186474013,54857927439
2008-08-13,10.35,5186474013,53670976239
2008-08-14,10.44,5186474013,54135434974
2008-08-15,10.52,5186474013,54548289931
2008-08-18,10.30,5186474013,53412937563
2008-08-19,10.15,5186474013,52638841320
2008-08-20,10.17,5186474013,52742053822
2008-08-21,10.15,5186474013,52638841320
2008-08-22,10.19,5186474013,52845271271
2008-08-25,10.05,5186474013,52122773860
2008-08-26,10.01,5186474013,51916343908
2008-08-27,10.09,5186474013,52329198865
2008-08-28,10.01,5186474013,51916343908
2008-08-29,9.66,5186474013,50110112746
2008-09-02,9.31,5186474013,48303876637
2008-09-03,9.02,5186474013,46807282982
2008-09-04,8.61,5186474013,44639800640
2008-09-05,8.99,5186474013,46600857977
2008-09-08,9.30,5186474013,48252272858
2008-09-09,8.74,5186474013,45310684381
2008-09-10,8.95,5186474013,46394432971
2008-09-11,8.76,5186474013,45413901830
2008-09-12,9.04,5186474013,46910495485
2008-09-15,8.76,5186474013,45413901830
2008-09-16,8.98,5186474013,46549249252
2008-09-17,8.82,5186474013,45723539338
2008-09-18,9.32,5186474013,48355485361
2008-09-19,9.93,5186474013,51503493897
2008-09-22,9.57,5186474013,49645649064
2008-09-23,9.26,5186474013,48045847853
2008-09-24,9.38,5186474013,48665127815
2008-09-25,9.51,5186474013,49336011556
2008-09-26,9.20,5186474013,47736205399
2008-09-29,8.66,5186474013,44897834370
2008-09-30,9.32,5186474013,48355485361
2008-10-01,9.27,5186474013,48097451631
2008-10-02,8.74,5186474013,45310684381
2008-10-03,8.41,5186474013,43607665721
2008-10-06,8.40,5186474013,43556061943
2008-10-07,7.96,5186474013,41285364626
2008-10-08,8.15,5186474013,42265893294
2008-10-09,7.50,5186474013,38911459752
2008-10-10,8.21,5186474013,42575530802
2008-10-13,8.66,5186474013,44897834370
2008-10-14,8.31,5186474013,43091603208
2008-10-15,7.51,5186474013,38963063530
2008-10-16,7.47,5186474013,38756638525
2008-10-17,7.70,5186474013,39943592198
2008-10-20,7.90,5186474013,40975727117
2008-10-21,7.36,5186474013,38188962340
2008-10-22,6.85,5186474013,35505412539
2008-10-23,6.91,5186474013,35815057467
2008-10-24,6.43,5186474013,33337935144
2008-10-27,6.33,5186474013,32821865211
2008-10-28,7.66,5186474013,39737167193
2008-10-29,7.30,5186474013,37879324832
2008-10-30,7.87,5186474013,40820905890
2008-10-31,8.22,5186474013,42627139526
2008-11-03,8.01,5186474013,41543395882
2008-11-04,8.34,5186474013,43246419488
2008-11-05,7.72,5186474013,40046804701
2008-11-06,7.33,5186474013,38034141113
2008-11-07,7.74,5186474013,40150019677
2008-11-10,7.62,5186474013,39530739714
2008-11-11,7.36,5186474013,38188962340
2008-11-12,7.06,5186474013,36640762434
2008-11-13,7.46,5186474013,38705032273
2008-11-14,6.93,5186474013,35918267496
2008-11-17,6.69,5186474013,34679705098
2008-11-18,6.47,5186474013,33544360149
2008-11-19,6.10,5186474013,31634909065
2008-11-20,5.82,5186474013,30189926608
2008-11-21,6.48,5186474013,33595966401
2008-11-24,6.67,5186474013,34576495069
2008-11-25,6.62,5186474013,34318458866
2008-11-26,7.15,5186474013,37105223643
2008-11-28,7.11,5186474013,36898796164
2008-12-01,6.54,5186474013,33905603909
2008-12-02,6.31,5186474013,32718652708
2008-12-03,6.51,5186474013,33750787628
2008-12-04,6.39,5186474013,33131507665
2008-12-05,6.69,5186474013,34679705098
2008-12-08,6.91,5186474013,35815057467
2008-12-09,7.09,5186474013,36795578715
2008-12-10,7.46,5186474013,38705032273
2008-12-11,7.26,5186474013,37672897354
2008-12-12,7.70,5186474013,39943592198
2008-12-15,7.63,5186474013,39582345965
2008-12-16,8.35,5186474013,43298028213
2008-12-17,8.15,5186474013,42265893294
2008-12-18,7.82,5186474013,40562874634
2008-12-19,7.75,5186474013,40201625928
2008-12-22,7.49,5186474013,38859848554
2008-12-23,7.49,5186474013,38859848554
2008-12-24,7.46,5186474013,38705032273
2008-12-26,7.52,5186474013,39014669781
2008-12-29,7.63,5186474013,39582345965
2008-12-30,7.91,5186474013,41027333369
2008-12-31,7.86,5186474013,40769299639
2009-01-02,8.18,5186474013,42420709574
2009-01-05,8.02,5186474013,41595004607
2009-01-06,8.36,5186474013,43349631991
2009-01-07,7.67,5186474013,39788770971
2009-01-08,7.50,5186474013,38911459752
2009-01-09,7.45,5186474013,38653421076
2009-01-12,7.30,5186474013,37879324832
2009-01-13,7.63,5186474013,39582345965
2009-01-14,7.33,5186474013,38034141113
2009-01-15,7.33,5186474013,38034141113
2009-01-16,7.41,5186474013,38446993597
2009-01-20,6.96,5186474013,36073088723
2009-01-21,7.11,5186474013,36898796164
2009-01-22,7.41,5186474013,38446993597
2009-01-23,7.68,5186474013,39840377222
2009-01-26,7.61,5186474013,39479128517
2009-01-27,7.86,5186474013,40769299639
2009-01-28,8.08,5186474013,41904647061
2009-01-29,7.64,5186474013,39633949744
2009-01-30,7.50,5186474013,38911459752
2009-02-02,7.47,5186474013,38756638525
2009-02-03,7.76,5186474013,40253232179
2009-02-04,7.89,5186474013,40924115920
2009-02-05,8.07,5186474013,41853038337
2009-02-06,8.65,5186474013,44846225646
2009-02-09,8.45,5186474013,43814090726
2009-02-10,8.08,5186474013,41904647061
2009-02-11,8.27,5186474013,42885173256
2009-02-12,8.35,5186474013,43298028213
2009-02-13,8.25,5186474013,42781960753
2009-02-17,7.68,5186474013,39840377222
2009-02-18,7.93,5186474013,41130543398
2009-02-19,7.59,5186474013,39375918487
2009-02-20,7.46,5186474013,38705032273
2009-02-23,7.30,5186474013,37879324832
2009-02-24,7.60,5186474013,39427524738
2009-02-25,7.59,5186474013,39375918487
2009-02-26,7.64,5186474013,39633949744
2009-02-27,7.50,5186474013,38911459752
2009-03-02,7.41,5186474013,38446993597
2009-03-03,7.74,5186474013,40150019677
2009-03-04,8.00,5186474013,41491792104
2009-03-05,8.05,5186474013,41749825834
2009-03-06,8.21,5186474013,42575530802
2009-03-09,7.70,5186474013,39943592198
2009-03-10,8.31,5186474013,43091603208
2009-03-11,8.62,5186474013,44691404419
2009-03-12,8.82,5186474013,45723539338
2009-03-13,8.78,5186474013,45517114333
2009-03-16,8.69,5186474013,45052655597
2009-03-17,8.94,5186474013,46342819300
2009-03-18,9.03,5186474013,46858891706
2009-03-19,8.74,5186474013,45310684381
2009-03-20,8.48,5186474013,43968911954
2009-03-23,9.23,5186474013,47891026626
2009-03-24,9.06,5186474013,47013712934
2009-03-25,8.97,5186474013,46497640528
2009-03-26,9.27,5186474013,48097451631
2009-03-27,9.20,5186474013,47736205399
2009-03-30,8.85,5186474013,45878360565
2009-03-31,8.91,5186474013,46188003020
2009-04-01,9.33,5186474013,48407089139
2009-04-02,10.19,5186474013,52845271271
2009-04-03,10.24,5186474013,53103300055
2009-04-06,9.75,5186474013,50574571481
2009-04-07,9.39,5186474013,48716731594
2009-04-08,9.54,5186474013,49490832783
2009-04-09,9.77,5186474013,50677783983
2009-04-13,9.93,5186474013,51503493897
2009-04-14,9.71,5186474013,50368146475
2009-04-15,9.54,5186474013,49490832783
2009-04-16,9.54,5186474013,49490832783
2009-04-17,9.55,5186474013,49542441508
2009-04-20,9.15,5186474013,47478171669
2009-04-21,9.13,5186474013,47374954220
2009-04-22,9.21,5186474013,47787809177
2009-04-23,9.12,5186474013,47323350442
2009-04-24,9.02,5186474013,46807282982
2009-04-27,9.09,5186474013,47168529214
2009-04-28,9.22,5186474013,47839417901
2009-04-29,10.03,5186474013,52019561357
2009-04-30,10.52,5186474013,54548289931
2009-05-01,10.73,5186474013,55632028629
2009-05-04,11.78,5186474013,61102340734
2009-05-05,11.10,5186474013,57593085965
2009-05-06,11.00,5186474013,57025409781
2009-05-07,10.34,5186474013,53619367514
2009-05-08,10.39,5186474013,53877401244
2009-05-11,10.32,5186474013,53516155012
2009-05-12,10.10,5186474013,52380802643
2009-05-13,9.96,5186474013,51658315125
2009-05-14,10.25,5186474013,53154908779
2009-05-15,9.97,5186474013,51709918903
2009-05-18,10.50,5186474013,54445072482
2009-05-19,10.59,5186474013,54909536164
2009-05-20,10.47,5186474013,54290256201
2009-05-21,10.36,5186474013,53722580017
2009-05-22,10.48,5186474013,54341859980
2009-05-26,10.71,5186474013,55528816126
2009-05-27,10.87,5186474013,56354526040
2009-05-28,11.08,5186474013,57489868516
2009-05-29,10.89,5186474013,56457738543
2009-06-01,11.43,5186474013,59296104625
2009-06-02,10.83,5186474013,56148101035
2009-06-03,10.33,5186474013,53567758790
2009-06-04,10.24,5186474013,53103300055
2009-06-05,10.19,5186474013,52845271271
2009-06-08,10.16,5186474013,52690445098
2009-06-09,10.47,5186474013,54290256201
2009-06-10,10.39,5186474013,53877401244
2009-06-11,10.48,5186474013,54341859980
2009-06-12,9.99,5186474013,51813136352
2009-06-15,9.41,5186474013,48819944096
2009-06-16,9.07,5186474013,47065316712
2009-06-17,9.17,5186474013,47581379225
2009-06-18,9.25,5186474013,47994234182
2009-06-19,9.18,5186474013,47632992896
2009-06-22,9.03,5186474013,46858891706
2009-06-23,9.19,5186474013,47684596674
2009-06-24,9.49,5186474013,49232794107
2009-06-25,9.57,5186474013,49645649064
2009-06-26,9.52,5186474013,49387620280
2009-06-29,9.50,5186474013,49284407778
2009-06-30,9.36,5186474013,48561910366
2009-07-01,9.39,5186474013,48716731594
2009-07-02,9.32,5186474013,48355485361
2009-07-06,9.30,5186474013,48252272858
2009-07-07,9.15,5186474013,47478171669
2009-07-08,9.13,5186474013,47374954220
2009-07-09,9.41,5186474013,48819944096
2009-07-10,9.63,5186474013,49955291518
2009-07-13,9.64,5186474013,50006900243
2009-07-14,9.77,5186474013,50677783983
2009-07-15,9.79,5186474013,50775580389
2009-07-16,9.85,5186474013,51086771007
2009-07-17,9.93,5186474013,51501688532
2009-07-20,10.06,5186474013,52175930747
2009-07-21,9.87,5186474013,51190497915
2009-07-22,10.32,5186474013,53524410231
2009-07-23,10.32,5186474013,53524410231
2009-07-24,10.29,5186474013,53368817396
2009-07-27,10.29,5186474013,53368817396
2009-07-28,10.24,5186474013,53109492706
2009-07-29,10.10,5186474013,52383389510
2009-07-30,10.77,5186474013,55858327494
2009-07-31,10.47,5186474013,54302384301
2009-08-03,10.58,5186474013,54872894662
2009-08-04,10.47,5186474013,54302384301
2009-08-05,10.28,5186474013,53316951469
2009-08-06,10.16,5186474013,52694575181
2009-08-07,10.23,5186474013,53057626779
2009-08-10,10.21,5186474013,52953899871
2009-08-11,10.22,5186474013,53005765798
2009-08-12,10.42,5186474013,54043059611
2009-08-13,10.95,5186474013,56791889453
2009-08-14,10.56,5186474013,54769167754
2009-08-17,10.35,5186474013,53680008013
2009-08-18,10.40,5186474013,53939327757
2009-08-19,10.31,5186474013,53472549250
2009-08-20,10.44,5186474013,54146786519
2009-08-21,10.44,5186474013,54146786519
2009-08-24,10.78,5186474013,55910188475
2009-08-25,10.76,5186474013,55806461567
2009-08-26,10.53,5186474013,54613569972
2009-08-27,10.54,5186474013,54665435899
2009-08-28,10.78,5186474013,55910188475
2009-08-31,10.70,5186474013,55495270950
2009-09-01,10.56,5186474013,54769167754
2009-09-02,10.61,5186474013,55028487497
2009-09-03,10.72,5186474013,55599002804
2009-09-04,10.81,5186474013,56065786257
2009-09-08,11.06,5186474013,57362404760
2009-09-09,11.10,5186474013,57569863523
2009-09-10,11.13,5186474013,57725456358
2009-09-11,10.93,5186474013,56688162545
2009-09-14,10.79,5186474013,55962054402
2009-09-15,10.91,5186474013,56584430690
2009-09-16,11.00,5186474013,57051214143
2009-09-17,10.89,5186474013,56480703782
2009-09-18,10.87,5186474013,56376971928
2009-09-21,10.77,5186474013,55858327494
2009-09-22,10.88,5186474013,56428837855
2009-09-23,10.77,5186474013,55858327494
2009-09-24,10.42,5186474013,54043059611
2009-09-25,10.45,5186474013,54198652447
2009-09-28,10.70,5186474013,55495270950
2009-09-29,10.79,5186474013,55962054402
2009-09-30,10.96,5186474013,56843755380
2009-10-01,10.55,5186474013,54717301826
2009-10-02,10.35,5186474013,53680008013
2009-10-05,10.42,5186474013,54043059611
2009-10-06,10.37,5186474013,53783734921
2009-10-07,10.17,5186474013,52746441108
2009-10-08,9.92,5186474013,51449822605
2009-10-09,10.05,5186474013,52124064820
2009-10-12,9.91,5186474013,51397956677
2009-10-13,10.20,5186474013,52902033943
2009-10-14,10.35,5186474013,53680008013
2009-10-15,10.06,5186474013,52175930747
2009-10-16,9.83,5186474013,50983039152
2009-10-19,9.93,5186474013,51501688532
2009-10-20,9.93,5186474013,51501688532
2009-10-21,10.20,5186474013,52902033943
2009-10-22,10.18,5186474013,52798307035
2009-10-23,10.01,5186474013,51916606057
2009-10-26,10.02,5186474013,51968471984
2009-10-27,9.87,5186474013,51190497915
2009-10-28,9.62,5186474013,49893879412
2009-10-29,9.91,5186474013,51397956677
2009-10-30,9.54,5186474013,49478961886
2009-11-02,9.58,5186474013,49686420649
2009-11-03,9.51,5186474013,49323369051
2009-11-04,9.68,5186474013,50205070029
2009-11-05,9.79,5186474013,50775580389
2009-11-06,9.79,5186474013,50775580389
2009-11-09,9.95,5186474013,51605415440
2009-11-10,10.02,5186474013,51968471984
2009-11-11,10.45,5186474013,54198652447
2009-11-12,10.45,5186474013,54198652447
2009-11-13,10.59,5186474013,54924760589
2009-11-16,10.80,5186474013,56013920330
2009-11-17,10.69,5186474013,55443405023
2009-11-18,10.78,5186474013,55910188475
2009-11-19,10.42,5186474013,54043059611
2009-11-20,10.39,5186474013,53887466776
2009-11-23,10.51,5186474013,54509843064
2009-11-24,10.41,5186474013,53991193684
2009-11-25,10.48,5186474013,54354245282
2009-11-27,10.31,5186474013,53472549250
2009-11-30,10.39,5186474013,53887466776
2009-12-01,10.51,5186474013,54509843064
2009-12-02,10.86,5186474013,56325106001
2009-12-03,10.59,5186474013,54924760589
2009-12-04,10.80,5186474013,56013920330
2009-12-07,10.88,5186474013,56428837855
2009-12-08,10.84,5186474013,56221379092
2009-12-09,10.90,5186474013,56532564763
2009-12-10,10.93,5186474013,56688162545
2009-12-11,10.73,5186474013,55650863785
2009-12-14,10.83,5186474013,56169513165
2009-12-15,10.80,5186474013,56013920330
2009-12-16,10.84,5186474013,56221379092
2009-12-17,10.80,5186474013,56013920330
2009-12-18,11.11,5186474013,57621724504
2009-12-21,11.15,5186474013,57829183266
2009-12-22,11.29,5186474013,58555291409
2009-12-23,11.15,5186474013,57829183266
2009-12-24,11.27,5186474013,58451564501
2009-12-28,11.16,5186474013,57881049194
2009-12-29,11.24,5186474013,58295966719
2009-12-30,11.28,5186474013,58503425482
2009-12-31,11.44,5186474013,59333260532
2010-01-04,11.58,5186474013,60059368675
2010-01-05,11.53,5186474013,59800043985
2010-01-06,11.49,5186474013,59592585222
2010-01-07,11.11,5186474013,57621724504
2010-01-08,11.10,5186474013,57569863523
2010-01-11,11.04,5186474013,57258672906
2010-01-12,10.70,5186474013,55495270950
2010-01-13,10.98,5186474013,56947482289
2010-01-14,10.87,5186474013,56376971928
2010-01-15,10.60,5186474013,54976626516
2010-01-19,10.96,5186474013,56843755380
2010-01-20,10.80,5186474013,56013920330
2010-01-21,10.59,5186474013,54924760589
2010-01-22,10.09,5186474013,52331523583
2010-01-25,10.15,5186474013,52642709253
2010-01-26,10.00,5186474013,51864740130
2010-01-27,9.99,5186474013,51812874203
2010-01-28,10.05,5186474013,52124064820
2010-01-29,10.16,5186474013,52694575181
2010-02-01,10.08,5186474013,52279657655
2010-02-02,9.96,5186474013,51657281367
2010-02-03,10.06,5186474013,52175930747
2010-02-04,9.68,5186474013,50205070029
2010-02-05,9.56,5186474013,49582693741
2010-02-08,9.61,5186474013,49842013484
2010-02-09,9.60,5186474013,49790152503
2010-02-10,9.70,5186474013,50308796937
2010-02-11,9.89,5186474013,51294229769
2010-02-12,9.71,5186474013,50360662864
2010-02-16,9.91,5186474013,51397956677
2010-02-17,10.02,5186474013,51968471984
2010-02-18,10.06,5186474013,52175930747
2010-02-19,10.02,5186474013,51968471984
2010-02-22,10.00,5186474013,51864740130
2010-02-23,9.85,5186474013,51086771007
2010-02-24,9.82,5186474013,50931173225
2010-02-25,9.75,5186474013,50568121627
2010-02-26,9.75,5186474013,50568121627
2010-03-01,9.95,5186474013,51605415440
2010-03-02,9.95,5186474013,51605415440
2010-03-03,9.86,5186474013,51138631988
2010-03-04,9.87,5186474013,51190497915
2010-03-05,10.13,5186474013,52538982345
2010-03-08,10.23,5186474013,53057626779
2010-03-09,10.25,5186474013,53161358633
2010-03-10,10.34,5186474013,53628142086
2010-03-11,10.50,5186474013,54457977137
2010-03-12,10.33,5186474013,53576276159
2010-03-15,10.14,5186474013,52590848272
2010-03-16,10.29,5186474013,53368817396
2010-03-17,10.42,5186474013,54043059611
2010-03-18,10.34,5186474013,53628142086
2010-03-19,10.09,5186474013,52331523583
2010-03-22,10.18,5186474013,52798307035
2010-03-23,10.27,5186474013,53265090488
2010-03-24,10.33,5186474013,53576276159
2010-03-25,10.42,5186474013,54043059611
2010-03-26,10.36,5186474013,53731868994
2010-03-29,10.54,5186474013,54665435899
2010-03-30,10.55,5186474013,54717301826
2010-03-31,10.49,5186474013,54406111209
2010-04-01,10.60,5186474013,54976626516
2010-04-05,10.73,5186474013,55650863785
2010-04-06,10.83,5186474013,56169513165
2010-04-07,10.85,5186474013,56273245020
2010-04-08,10.62,5186474013,55080353425
2010-04-09,10.62,5186474013,55080353425
2010-04-12,10.59,5186474013,54924760589
2010-04-13,10.67,5186474013,55339678114
2010-04-14,11.25,5186474013,58347832646
2010-04-15,11.13,5186474013,57725456358
2010-04-16,10.85,5186474013,56273245020
2010-04-19,10.84,5186474013,56221379092
2010-04-20,10.90,5186474013,56532564763
2010-04-21,10.84,5186474013,56221379092
2010-04-22,10.97,5186474013,56895621308
2010-04-23,10.96,5186474013,56843755380
2010-04-26,10.99,5186474013,56999348216
2010-04-27,10.60,5186474013,54976626516
2010-04-28,10.50,5186474013,54457977137
2010-04-29,10.56,5186474013,54769167754
2010-04-30,10.59,5186474013,54924760589
2010-05-03,10.66,5186474013,55287812187
2010-05-04,10.09,5186474013,52331523583
2010-05-05,9.96,5186474013,51657281367
2010-05-06,9.77,5186474013,50671853481
2010-05-07,9.89,5186474013,51294229769
2010-05-10,10.30,5186474013,53420683323
2010-05-11,10.17,5186474013,52746441108
2010-05-12,10.23,5186474013,53057626779
2010-05-13,10.25,5186474013,53161358633
2010-05-14,9.87,5186474013,51190497915
2010-05-17,9.97,5186474013,51709147295
2010-05-18,9.73,5186474013,50464389772
2010-05-19,9.82,5186474013,50931173225
2010-05-20,9.63,5186474013,49945745339
2010-05-21,9.79,5186474013,50775580389
2010-05-24,9.60,5186474013,49790152503
2010-05-25,9.57,5186474013,49634554722
2010-05-26,9.46,5186474013,49064044361
2010-05-27,9.89,5186474013,51294229769
2010-05-28,9.75,5186474013,50568121627
2010-06-01,9.85,5186474013,51086771007
2010-06-02,10.08,5186474013,52279657655
2010-06-03,9.91,5186474013,51397956677
2010-06-04,9.62,5186474013,49893879412
2010-06-07,9.43,5186474013,48908451525
2010-06-08,9.51,5186474013,49323369051
2010-06-09,9.56,5186474013,49582693741
2010-06-10,9.79,5186474013,50775580389
2010-06-11,9.80,5186474013,50827446317
2010-06-14,9.85,5186474013,51086771007
2010-06-15,10.27,5186474013,53265090488
2010-06-16,10.31,5186474013,53472549250
2010-06-17,10.29,5186474013,53368817396
2010-06-18,10.20,5186474013,52902033943
2010-06-21,10.36,5186474013,53731868994
2010-06-22,10.09,5186474013,52331523583
2010-06-23,10.15,5186474013,52642709253
2010-06-24,9.94,5186474013,51553549513
2010-06-25,10.02,5186474013,51968471984
2010-06-28,10.04,5186474013,52072198893
2010-06-29,9.81,5186474013,50879312244
2010-06-30,9.76,5186474013,50619987554
2010-07-01,9.79,5186474013,50775580389
2010-07-02,9.89,5186474013,51294229769
2010-07-06,9.84,5186474013,51034905079
2010-07-07,10.00,5186474013,51864740130
2010-07-08,10.09,5186474013,52331523583
2010-07-09,10.15,5186474013,52642709253
2010-07-12,10.07,5186474013,52227791728
2010-07-13,10.14,5186474013,52590848272
2010-07-14,10.15,5186474013,52642709253
2010-07-15,10.15,5186474013,52642709253
2010-07-16,9.92,5186474013,51449822605
2010-07-19,10.13,5186474013,52538982345
2010-07-20,10.30,5186474013,53420683323
2010-07-21,10.10,5186474013,52383389510
2010-07-22,10.38,5186474013,53835600848
2010-07-23,10.46,5186474013,54250518374
2010-07-26,10.57,5186474013,54821028735
2010-07-27,10.44,5186474013,54146786519
2010-07-28,10.46,5186474013,54250518374
2010-07-29,10.18,5186474013,52798307035
2010-07-30,10.10,5186474013,52383389510
2010-08-02,10.26,5186474013,53213224560
2010-08-03,10.23,5186474013,53057626779
2010-08-04,10.22,5186474013,53005765798
2010-08-05,10.12,5186474013,52487116418
2010-08-06,9.96,5186474013,51657281367
2010-08-09,9.95,5186474013,51605415440
2010-08-10,9.93,5186474013,51501688532
2010-08-11,9.73,5186474013,50464389772
2010-08-12,9.77,5186474013,50671853481
2010-08-13,9.70,5186474013,50308796937
2010-08-16,9.77,5186474013,50671853481
2010-08-17,9.88,5186474013,51242363842
2010-08-18,9.77,5186474013,50671853481
2010-08-19,9.64,5186474013,49997611266
2010-08-20,9.68,5186474013,50205070029
2010-08-23,9.69,5186474013,50256931010
2010-08-24,9.54,5186474013,49478961886
2010-08-25,9.47,5186474013,49115910288
2010-08-26,9.43,5186474013,48908451525
2010-08-27,9.65,5186474013,50049472247
2010-08-30,9.42,5186474013,48856585598
2010-08-31,9.40,5186474013,48752853744
2010-09-01,9.58,5186474013,49686420649
2010-09-02,9.47,5186474013,49115910288
2010-09-03,9.77,5186474013,50671853481
2010-09-07,9.50,5186474013,49271503124
2010-09-08,9.52,5186474013,49375234978
2010-09-09,9.51,5186474013,49323369051
2010-09-10,9.48,5186474013,49167771269
2010-09-13,9.86,5186474013,51138631988
2010-09-14,9.93,5186474013,51501688532
2010-09-15,9.88,5186474013,51242363842
2010-09-16,9.96,5186474013,51657281367
2010-09-17,9.91,5186474013,51397956677
2010-09-20,10.07,5186474013,52227791728
2010-09-21,9.90,5186474013,51346090750
2010-09-22,9.80,5186474013,50827446317
2010-09-23,9.66,5186474013,50101338174
2010-09-24,9.98,5186474013,51761008276
2010-09-27,9.89,5186474013,51294229769
2010-09-28,10.09,5186474013,52331523583
2010-09-29,10.28,5186474013,53316951469
2010-09-30,10.14,5186474013,52590848272
2010-10-01,10.25,5186474013,53161358633
2010-10-04,10.21,5186474013,52953899871
2010-10-05,10.41,5186474013,53991193684
2010-10-06,10.30,5186474013,53420683323
2010-10-07,10.28,5186474013,53316951469
2010-10-08,10.36,5186474013,53731868994
2010-10-11,10.34,5186474013,53628142086
2010-10-12,10.27,5186474013,53265090488
2010-10-13,10.43,5186474013,54094925538
2010-10-14,10.37,5186474013,53783734921
2010-10-15,10.34,5186474013,53628142086
2010-10-18,10.30,5186474013,53420683323
2010-10-19,10.20,5186474013,52902033943
2010-10-20,10.33,5186474013,53576276159
2010-10-21,10.41,5186474013,53991193684
2010-10-22,10.60,5186474013,54976626516
2010-10-25,10.68,5186474013,55391544042
2010-10-26,10.62,5186474013,55080353425
2010-10-27,10.65,5186474013,55235946260
2010-10-28,10.76,5186474013,55806461567
2010-10-29,10.91,5186474013,56584430690
2010-11-01,10.89,5186474013,56480703782
2010-11-02,10.84,5186474013,56221379092
2010-11-03,10.93,5186474013,56688162545
2010-11-04,11.26,5186474013,58399698573
2010-11-05,11.18,5186474013,57984781048
2010-11-08,11.00,5186474013,57051214143
2010-11-09,11.14,5186474013,57777322285
2010-11-10,11.25,5186474013,58347832646
2010-11-11,11.06,5186474013,57362404760
2010-11-12,11.05,5186474013,57310538833
2010-11-15,11.06,5186474013,57362404760
2010-11-16,10.86,5186474013,56325106001
2010-11-17,10.89,5186474013,56480703782
2010-11-18,11.04,5186474013,57258672906
2010-11-19,11.08,5186474013,57466131668
2010-11-22,11.13,5186474013,57725456358
2010-11-23,10.74,5186474013,55702729713
2010-11-24,11.00,5186474013,57051214143
2010-11-26,11.00,5186474013,57051214143
2010-11-29,10.81,5186474013,56065786257
2010-11-30,10.75,5186474013,55754595640
2010-12-01,11.11,5186474013,57621724504
2010-12-02,11.54,5186474013,59851909912
2010-12-03,11.97,5186474013,62082095321
2010-12-06,11.89,5186474013,61667177795
2010-12-07,11.83,5186474013,61355987178
2010-12-08,11.91,5186474013,61770904703
2010-12-09,12.03,5186474013,62393280991
2010-12-10,12.08,5186474013,62652605681
2010-12-13,11.90,5186474013,61719038776
2010-12-14,11.91,5186474013,61770904703
2010-12-15,12.12,5186474013,62860064444
2010-12-16,12.32,5186474013,63897358257
2010-12-17,12.69,5186474013,65816353049
2010-12-20,12.33,5186474013,63949224185
2010-12-21,12.39,5186474013,64260414802
2010-12-22,12.30,5186474013,63793631349
2010-12-23,12.23,5186474013,63430574805
2010-12-27,12.31,5186474013,63845497276
2010-12-28,12.24,5186474013,63482440732
2010-12-29,12.31,5186474013,63845497276
2010-12-30,12.40,5186474013,64312275783
2010-12-31,12.54,5186474013,65038383925
2011-01-03,12.59,5186474013,65297708615
2011-01-04,12.63,5186474013,65505167378
2011-01-05,12.36,5186474013,64104817020
2011-01-06,12.87,5186474013,66749919954
2011-01-07,13.07,5186474013,67787213767
2011-01-10,13.22,5186474013,68565187837
2011-01-11,13.42,5186474013,69602481650
2011-01-12,13.51,5186474013,70069265103
2011-01-13,13.37,5186474013,69343156960
2011-01-14,13.68,5186474013,70950966081
2011-01-18,13.55,5186474013,70276723865
2011-01-19,13.53,5186474013,70172992011
2011-01-20,13.26,5186474013,68772646599
2011-01-21,13.27,5186474013,68824512527
2011-01-24,13.45,5186474013,69758074486
2011-01-25,13.22,5186474013,68565187837
2011-01-26,13.24,5186474013,68668914745
2011-01-27,13.31,5186474013,69031971289
2011-01-28,13.11,5186474013,67994672530
2011-01-31,13.07,5186474013,67787213767
2011-02-01,13.21,5186474013,68513321910
2011-02-02,13.34,5186474013,69187564125
2011-02-03,13.36,5186474013,69291291033
2011-02-04,13.62,5186474013,70639775464
2011-02-07,13.66,5186474013,70847234226
2011-02-08,13.42,5186474013,69602481650
2011-02-09,13.09,5186474013,67890945622
2011-02-10,12.84,5186474013,66594327118
2011-02-11,12.94,5186474013,67112971552
2011-02-14,12.89,5186474013,66853651808
2011-02-15,12.82,5186474013,66490595264
2011-02-16,12.89,5186474013,66853651808
2011-02-17,13.07,5186474013,67787213767
2011-02-18,12.81,5186474013,66438734283
2011-02-22,12.41,5186474013,64364141710
2011-02-23,12.28,5186474013,63689899495
2011-02-24,12.12,5186474013,62860064444
2011-02-25,12.29,5186474013,63741765422
2011-02-28,12.29,5186474013,63741765422
2011-03-01,12.18,5186474013,63171255061
2011-03-02,12.21,5186474013,63326847897
2011-03-03,12.26,5186474013,63586172586
2011-03-04,12.41,5186474013,64364141710
2011-03-07,12.20,5186474013,63274981969
2011-03-08,12.35,5186474013,64052956039
2011-03-09,12.52,5186474013,64934657017
2011-03-10,12.11,5186474013,62808198517
2011-03-11,12.21,5186474013,63326847897
2011-03-14,12.16,5186474013,63067523207
2011-03-15,11.91,5186474013,61770904703
2011-03-16,11.43,5186474013,59281399551
2011-03-17,11.61,5186474013,60214961510
2011-03-18,11.75,5186474013,60941069653
2011-03-21,11.94,5186474013,61926497539
2011-03-22,11.82,5186474013,61304121251
2011-03-23,12.04,5186474013,62445146919
2011-03-24,12.28,5186474013,63689899495
2011-03-25,12.24,5186474013,63482440732
2011-03-28,12.17,5186474013,63119389134
2011-03-29,12.06,5186474013,62548878773
2011-03-30,12.11,5186474013,62808198517
2011-03-31,12.18,5186474013,63171255061
2011-04-01,12.21,5186474013,63326847897
2011-04-04,12.18,5186474013,63171255061
2011-04-05,12.46,5186474013,64623466400
2011-04-06,12.77,5186474013,66231275520
2011-04-07,12.72,5186474013,65971950830
2011-04-08,12.65,5186474013,65608894286
2011-04-11,12.51,5186474013,64882791090
2011-04-12,12.23,5186474013,63430574805
2011-04-13,12.26,5186474013,63586172586
2011-04-14,12.31,5186474013,63845497276
2011-04-15,12.21,5186474013,63326847897
2011-04-18,11.95,5186474013,61978363466
2011-04-19,11.96,5186474013,62030229393
2011-04-20,12.45,5186474013,64571600473
2011-04-21,12.56,5186474013,65142115780
2011-04-25,12.28,5186474013,63689899495
2011-04-26,12.56,5186474013,65142115780
2011-04-27,13.29,5186474013,68928239435
2011-04-28,13.41,5186474013,69550615723
2011-04-29,13.50,5186474013,70017399176
2011-05-02,13.51,5186474013,70069265103
2011-05-03,13.46,5186474013,69809940413
2011-05-04,13.44,5186474013,69706208558
2011-05-05,13.55,5186474013,70276723865
2011-05-06,13.75,5186474013,71314017679
2011-05-09,13.67,5186474013,70899100153
2011-05-10,13.75,5186474013,71314017679
2011-05-11,13.50,5186474013,70017399176
2011-05-12,13.82,5186474013,71677069277
2011-05-13,13.59,5186474013,70484182628
2011-05-16,13.47,5186474013,69861806340
2011-05-17,13.39,5186474013,69446888815
2011-05-18,13.53,5186474013,70172992011
2011-05-19,13.45,5186474013,69758074486
2011-05-20,13.41,5186474013,69550615723
2011-05-23,13.12,5186474013,68046538457
2011-05-24,13.15,5186474013,68202131292
2011-05-25,13.17,5186474013,68305863147
2011-05-26,13.34,5186474013,69187564125
2011-05-27,13.26,5186474013,68772646599
2011-05-31,13.66,5186474013,70847234226
2011-06-01,13.68,5186474013,70950966081
2011-06-02,13.70,5186474013,71054692989
2011-06-03,13.64,5186474013,70743507318
2011-06-06,13.68,5186474013,70950966081
2011-06-07,13.88,5186474013,71988259894
2011-06-08,13.72,5186474013,71158424843
2011-06-09,13.56,5186474013,70328589793
2011-06-10,13.05,5186474013,67683486859
2011-06-13,12.99,5186474013,67372296242
2011-06-14,13.33,5186474013,69135698198
2011-06-15,13.12,5186474013,68046538457
2011-06-16,13.00,5186474013,67424162169
2011-06-17,12.72,5186474013,65971950830
2011-06-20,12.90,5186474013,66905512789
2011-06-21,13.27,5186474013,68824512527
2011-06-22,12.92,5186474013,67009244644
2011-06-23,12.84,5186474013,66594327118
2011-06-24,12.40,5186474013,64312275783
2011-06-27,12.53,5186474013,64986517998
2011-06-28,12.82,5186474013,66490595264
2011-06-29,12.35,5186474013,64052956039
2011-06-30,12.61,5186474013,65401435523
2011-07-01,12.91,5186474013,66957378716
2011-07-05,12.72,5186474013,65971950830
2011-07-06,12.53,5186474013,64986517998
2011-07-07,12.76,5186474013,66179409593
2011-07-08,12.62,5186474013,65453301451
2011-07-11,12.37,5186474013,64156682947
2011-07-12,12.24,5186474013,63482440732
2011-07-13,12.44,5186474013,64519734545
2011-07-14,12.15,5186474013,63015657279
2011-07-15,12.22,5186474013,63378713824
2011-07-18,12.14,5186474013,62963796298
2011-07-19,12.22,5186474013,63378713824
2011-07-20,12.47,5186474013,64675332327
2011-07-21,12.57,5186474013,65193976761
2011-07-22,12.98,5186474013,67320430315
2011-07-25,12.75,5186474013,66127543666
2011-07-26,12.90,5186474013,66905512789
2011-07-27,12.56,5186474013,65142115780
2011-07-28,12.31,5186474013,63845497276
2011-07-29,12.36,5186474013,64104817020
2011-08-01,12.53,5186474013,64986517998
2011-08-02,12.19,5186474013,63223116042
2011-08-03,12.16,5186474013,63067523207
2011-08-04,11.58,5186474013,60059368675
2011-08-05,11.56,5186474013,59955641767
2011-08-08,10.94,5186474013,56740023526
2011-08-09,11.50,5186474013,59644451150
2011-08-10,11.07,5186474013,57414265741
2011-08-11,11.52,5186474013,59748183004
2011-08-12,11.46,5186474013,59436992387
2011-08-15,11.67,5186474013,60526152127
2011-08-16,11.52,5186474013,59748183004
2011-08-17,11.51,5186474013,59696317077
2011-08-18,11.05,5186474013,57310538833
2011-08-19,10.94,5186474013,56740023526
2011-08-22,11.24,5186474013,58295966719
2011-08-23,11.84,5186474013,61407853105
2011-08-24,11.74,5186474013,60889203726
2011-08-25,11.35,5186474013,58866482026
2011-08-26,11.81,5186474013,61252260270
2011-08-29,12.13,5186474013,62911930371
2011-08-30,11.97,5186474013,62082095321
2011-08-31,11.97,5186474013,62082095321
2011-09-01,11.89,5186474013,61667177795
2011-09-02,11.66,5186474013,60474286200
2011-09-06,11.52,5186474013,59748183004
2011-09-07,12.05,5186474013,62497012846
2011-09-08,12.00,5186474013,62237688156
2011-09-09,11.88,5186474013,61615311868
2011-09-12,11.94,5186474013,61926497539
2011-09-13,11.96,5186474013,62030229393
2011-09-14,11.82,5186474013,61304121251
2011-09-15,12.11,5186474013,62808198517
2011-09-16,12.41,5186474013,64364141710
2011-09-19,12.22,5186474013,63378713824
2011-09-20,12.12,5186474013,62860064444
2011-09-21,11.92,5186474013,61822770631
2011-09-22,11.52,5186474013,59748183004
2011-09-23,11.71,5186474013,60733610890
2011-09-26,11.56,5186474013,59955641767
2011-09-27,12.02,5186474013,62341420010
2011-09-28,11.77,5186474013,61044801507
2011-09-29,11.81,5186474013,61252260270
2011-09-30,11.43,5186474013,59281399551
2011-10-03,11.31,5186474013,58659023263
2011-10-04,11.74,5186474013,60889203726
2011-10-05,11.82,5186474013,61304121251
2011-10-06,11.83,5186474013,61355987178
2011-10-07,11.80,5186474013,61200394343
2011-10-10,12.02,5186474013,62341420010
2011-10-11,11.86,5186474013,61511580014
2011-10-12,12.16,5186474013,63067523207
2011-10-13,12.17,5186474013,63119389134
2011-10-14,12.30,5186474013,63793631349
2011-10-17,12.01,5186474013,62289554083
2011-10-18,12.21,5186474013,63326847897
2011-10-19,12.11,5186474013,62808198517
2011-10-20,11.81,5186474013,61252260270
2011-10-21,12.18,5186474013,63171255061
2011-10-24,12.48,5186474013,64727193308
2011-10-25,12.19,5186474013,63223116042
2011-10-26,12.25,5186474013,63534306659
2011-10-27,12.95,5186474013,67164837479
2011-10-28,12.74,5186474013,66075677739
2011-10-31,12.62,5186474013,65453301451
2011-11-01,12.45,5186474013,64571600473
2011-11-02,12.72,5186474013,65971950830
2011-11-03,12.90,5186474013,66905512789
2011-11-04,12.98,5186474013,67320430315
2011-11-07,13.00,5186474013,67424162169
2011-11-08,12.93,5186474013,67061110571
2011-11-09,12.48,5186474013,64727193308
2011-11-10,12.67,5186474013,65712626140
2011-11-11,12.95,5186474013,67164837479
2011-11-14,12.98,5186474013,67320430315
2011-11-15,13.08,5186474013,67839079694
2011-11-16,12.74,5186474013,66075677739
2011-11-17,12.71,5186474013,65920084903
2011-11-18,12.66,5186474013,65660760213
2011-11-21,12.56,5186474013,65142115780
2011-11-22,12.56,5186474013,65142115780
2011-11-23,12.20,5186474013,63274981969
2011-11-25,12.07,5186474013,62600739754
2011-11-28,12.55,5186474013,65090249852
2011-11-29,12.40,5186474013,64312275783
2011-11-30,12.92,5186474013,67009244644
2011-12-01,13.21,5186474013,68513321910
2011-12-02,13.12,5186474013,68046538457
2011-12-05,13.22,5186474013,68565187837
2011-12-06,12.94,5186474013,67112971552
2011-12-07,13.22,5186474013,68565187837
2011-12-08,12.94,5186474013,67112971552
2011-12-09,13.08,5186474013,67839079694
2011-12-12,12.93,5186474013,67061110571
2011-12-13,12.72,5186474013,65971950830
2011-12-14,12.55,5186474013,65090249852
2011-12-15,12.50,5186474013,64830925163
2011-12-16,12.76,5186474013,66179409593
2011-12-19,12.32,5186474013,63897358257
2011-12-20,12.66,5186474013,65660760213
2011-12-21,12.71,5186474013,65920084903
2011-12-22,12.91,5186474013,66957378716
2011-12-23,12.92,5186474013,67009244644
2011-12-27,13.02,5186474013,67527894023
2011-12-28,12.92,5186474013,67009244644
2011-12-29,13.02,5186474013,67527894023
2011-12-30,12.91,5186474013,66957378716
2012-01-03,13.26,5186474013,68772646599
2012-01-04,13.14,5186474013,68150270311
2012-01-05,13.26,5186474013,68772646599
2012-01-06,13.15,5186474013,68202131292
2012-01-09,13.38,5186474013,69395022887
2012-01-10,13.77,5186474013,71417749533
2012-01-11,13.66,5186474013,70847234226
2012-01-12,13.83,5186474013,71728935204
2012-01-13,13.75,5186474013,71314017679
2012-01-17,13.46,5186474013,69809940413
2012-01-18,13.83,5186474013,71728935204
2012-01-19,14.26,5186474013,73959120612
2012-01-20,13.97,5186474013,72455043347
2012-01-23,14.01,5186474013,72662502109
2012-01-24,13.93,5186474013,72247584584
2012-01-25,14.16,5186474013,73440471233
2012-01-26,14.23,5186474013,73803522831
2012-01-27,14.11,5186474013,73181146543
2012-01-30,13.98,5186474013,72506904328
2012-01-31,14.08,5186474013,73025553707
2012-02-01,14.19,5186474013,73596064068
2012-02-02,13.91,5186474013,72143852729
2012-02-03,14.05,5186474013,72869960872
2012-02-06,13.99,5186474013,72558770255
2012-02-07,14.05,5186474013,72869960872
2012-02-08,14.19,5186474013,73596064068
2012-02-09,14.28,5186474013,74062847521
2012-02-10,13.84,5186474013,71780801131
2012-02-13,14.11,5186474013,73181146543
2012-02-14,14.18,5186474013,73544203087
2012-02-15,14.32,5186474013,74270306283
2012-02-16,14.53,5186474013,75359466024
2012-02-17,14.62,5186474013,75826249477
2012-02-21,14.38,5186474013,74581496900
2012-02-22,14.48,5186474013,75100141334
2012-02-23,14.14,5186474013,73336744324
2012-02-24,14.37,5186474013,74529630973
2012-02-27,14.39,5186474013,74633362828
2012-02-28,14.69,5186474013,76189301075
2012-02-29,14.52,5186474013,75307605043
2012-03-01,14.64,5186474013,75929981331
2012-03-02,14.59,5186474013,75670656641
2012-03-05,14.33,5186474013,74322172211
2012-03-06,14.16,5186474013,73440471233
2012-03-07,14.40,5186474013,74685223809
2012-03-08,14.61,5186474013,75774383549
2012-03-09,14.60,5186474013,75722522568
2012-03-12,14.40,5186474013,74685223809
2012-03-13,14.87,5186474013,77122867980
2012-03-14,14.81,5186474013,76811682309
2012-03-15,14.94,5186474013,77485919578
2012-03-16,14.79,5186474013,76707950454
2012-03-19,15.16,5186474013,78626945246
2012-03-20,14.94,5186474013,77485919578
2012-03-21,15.21,5186474013,78886269936
2012-03-22,15.03,5186474013,77952703030
2012-03-23,14.99,5186474013,77745244268
2012-03-26,15.38,5186474013,79767970913
2012-03-27,15.37,5186474013,79716104986
2012-03-28,15.18,5186474013,78730677100
2012-03-29,15.08,5186474013,78212027720
2012-03-30,15.28,5186474013,79249321534
2012-04-02,15.40,5186474013,79871697822
2012-04-03,15.22,5186474013,78938135863
2012-04-04,15.00,5186474013,77797110195
2012-04-05,15.24,5186474013,79041862771
2012-04-09,14.86,5186474013,77071002053
2012-04-10,14.62,5186474013,75826249477
2012-04-11,14.79,5186474013,76707950454
2012-04-12,14.92,5186474013,77382192670
2012-04-13,15.10,5186474013,78315759575
2012-04-16,15.10,5186474013,78315759575
2012-04-17,15.21,5186474013,78886269936
2012-04-18,15.28,5186474013,79249321534
2012-04-19,15.25,5186474013,79093728698
2012-04-20,15.11,5186474013,78367620556
2012-04-23,14.89,5186474013,77226599834
2012-04-24,14.86,5186474013,77071002053
2012-04-25,14.91,5186474013,77330326742
2012-04-26,15.82,5186474013,82050017303
2012-04-27,16.15,5186474013,83761553331
2012-04-30,15.58,5186474013,80805264727
2012-05-01,15.53,5186474013,80545940037
2012-05-02,16.10,5186474013,83502233588
2012-05-03,15.70,5186474013,81427641015
2012-05-04,15.44,5186474013,80079156584
2012-05-07,15.42,5186474013,79975429676
2012-05-08,15.16,5186474013,78626945246
2012-05-09,15.13,5186474013,78471352410
2012-05-10,15.39,5186474013,79819836841
2012-05-11,15.39,5186474013,79819836841
2012-05-14,15.08,5186474013,78212027720
2012-05-15,14.79,5186474013,76707950454
2012-05-16,14.92,5186474013,77382192670
2012-05-17,14.70,5186474013,76241167002
2012-05-18,14.28,5186474013,74062847521
2012-05-21,14.42,5186474013,74788955663
2012-05-22,14.40,5186474013,74685223809
2012-05-23,14.08,5186474013,73025553707
2012-05-24,13.96,5186474013,72403177419
2012-05-25,13.98,5186474013,72506904328
2012-05-29,14.15,5186474013,73388605305
2012-05-30,13.93,5186474013,72247584584
2012-05-31,13.73,5186474013,71210285824
2012-06-01,13.06,5186474013,67735352786
2012-06-04,13.02,5186474013,67527894023
2012-06-05,13.21,5186474013,68513321910
2012-06-06,13.50,5186474013,70017399176
2012-06-07,13.54,5186474013,70224857938
2012-06-08,13.46,5186474013,69809940413
2012-06-11,13.41,5186474013,69550615723
2012-06-12,13.70,5186474013,71054692989
2012-06-13,13.55,5186474013,70276723865
2012-06-14,13.47,5186474013,69861806340
2012-06-15,13.67,5186474013,70899100153
2012-06-18,13.96,5186474013,72403177419
2012-06-19,14.11,5186474013,73181146543
2012-06-20,14.13,5186474013,73284878397
2012-06-21,13.58,5186474013,70432316701
2012-06-22,13.83,5186474013,71728935204
2012-06-25,13.38,5186474013,69395022887
2012-06-26,13.31,5186474013,69031971289
2012-06-27,13.54,5186474013,70224857938
2012-06-28,13.44,5186474013,69706208558
2012-06-29,13.96,5186474013,72403177419
2012-07-02,14.27,5186474013,74010986540
2012-07-03,14.44,5186474013,74892682571
2012-07-05,13.65,5186474013,70795368299
2012-07-06,13.50,5186474013,70017399176
2012-07-09,13.50,5186474013,70017399176
2012-07-10,13.28,5186474013,68876373508
2012-07-11,13.15,5186474013,68202131292
2012-07-12,12.80,5186474013,66386868356
2012-07-13,12.89,5186474013,66853651808
2012-07-16,12.67,5186474013,65712626140
2012-07-17,12.69,5186474013,65816353049
2012-07-18,13.14,5186474013,68150270311
2012-07-19,12.86,5186474013,66698054027
2012-07-20,12.65,5186474013,65608894286
2012-07-23,12.78,5186474013,66283136501
2012-07-24,12.91,5186474013,66957378716
2012-07-25,13.01,5186474013,67476028096
2012-07-26,13.36,5186474013,69291291033
2012-07-27,13.68,5186474013,70950966081
2012-07-30,13.49,5186474013,69965533248
2012-07-31,13.97,5186474013,72455043347
2012-08-01,13.88,5186474013,71988259894
2012-08-02,13.87,5186474013,71936393967
2012-08-03,14.18,5186474013,73544203087
2012-08-06,14.24,5186474013,73855388758
2012-08-07,14.17,5186474013,73492337160
2012-08-08,14.09,5186474013,73077419635
2012-08-09,14.33,5186474013,74322172211
2012-08-10,14.49,5186474013,75152007261
2012-08-13,14.31,5186474013,74218445302
2012-08-14,14.40,5186474013,74685223809
2012-08-15,14.42,5186474013,74788955663
2012-08-16,14.45,5186474013,74944548499
2012-08-17,14.40,5186474013,74685223809
2012-08-20,14.50,5186474013,75203873189
2012-08-21,14.65,5186474013,75981842312
2012-08-22,14.40,5186474013,74685223809
2012-08-23,14.33,5186474013,74322172211
2012-08-24,14.37,5186474013,74529630973
2012-08-27,14.38,5186474013,74581496900
2012-08-28,14.31,5186474013,74218445302
2012-08-29,14.35,5186474013,74425904065
2012-08-30,14.25,5186474013,73907254685
2012-08-31,14.70,5186474013,76241167002
2012-09-04,14.38,5186474013,74581496900
2012-09-05,14.18,5186474013,73544203087
2012-09-06,14.41,5186474013,74737089736
2012-09-07,14.51,5186474013,75255739116
2012-09-10,14.70,5186474013,76241167002
2012-09-11,14.92,5186474013,77382192670
2012-09-12,14.97,5186474013,77641517360
2012-09-13,15.03,5186474013,77952703030
2012-09-14,15.36,5186474013,79664239059
2012-09-17,14.99,5186474013,77745244268
2012-09-18,15.09,5186474013,78263893648
2012-09-19,15.04,5186474013,78004568958
2012-09-20,14.80,5186474013,76759816382
2012-09-21,14.80,5186474013,76759816382
2012-09-24,14.83,5186474013,76915409217
2012-09-25,14.80,5186474013,76759816382
2012-09-26,14.99,5186474013,77745244268
2012-09-27,15.60,5186474013,80908996581
2012-09-28,15.82,5186474013,82050017303
2012-10-01,15.90,5186474013,82464934828
2012-10-02,16.00,5186474013,82983584208
2012-10-03,16.05,5186474013,83242903952
2012-10-04,16.16,5186474013,83813419259
2012-10-05,16.07,5186474013,83346635806
2012-10-08,15.53,5186474013,80545940037
2012-10-09,15.36,5186474013,79664239059
2012-10-10,15.12,5186474013,78419486483
2012-10-11,15.03,5186474013,77952703030
2012-10-12,15.12,5186474013,78419486483
2012-10-15,15.29,5186474013,79301187461
2012-10-16,15.45,5186474013,80131022512
2012-10-17,15.60,5186474013,80908996581
2012-10-18,15.55,5186474013,80649671891
2012-10-19,15.22,5186474013,78938135863
2012-10-22,15.33,5186474013,79508646224
2012-10-23,15.22,5186474013,78938135863
2012-10-24,15.15,5186474013,78575079318
2012-10-25,15.38,5186474013,79767970913
2012-10-26,15.50,5186474013,80390347202
2012-10-31,15.90,5186474013,82464934828
2012-11-01,16.11,5186474013,83554099515
2012-11-02,15.77,5186474013,81790697559
2012-11-05,15.88,5186474013,82361207920
2012-11-06,16.20,5186474013,84020882968
2012-11-07,16.17,5186474013,83865285186
2012-11-08,16.13,5186474013,83657821477
2012-11-09,16.36,5186474013,84850718018
2012-11-12,16.45,5186474013,85317501471
2012-11-13,16.18,5186474013,83917151113
2012-11-14,15.92,5186474013,82568666683
2012-11-15,16.05,5186474013,83242903952
2012-11-16,16.19,5186474013,83969017040
2012-11-19,16.34,5186474013,84746986164
2012-11-20,16.25,5186474013,84280202711
2012-11-21,16.26,5186474013,84332068638
2012-11-23,16.84,5186474013,87340223170
2012-11-26,16.62,5186474013,86199202449
2012-11-27,16.83,5186474013,87288357243
2012-11-28,16.90,5186474013,87651408841
2012-11-29,17.13,5186474013,88844295490
2012-11-30,17.27,5186474013,89570408579
2012-12-03,17.08,5186474013,88584975746
2012-12-04,16.75,5186474013,86873439718
2012-12-05,16.96,5186474013,87962594512
2012-12-06,17.05,5186474013,88429377965
2012-12-07,17.03,5186474013,88325656003
2012-12-10,16.88,5186474013,87547676987
2012-12-11,17.19,5186474013,89155491053
2012-12-12,17.06,5186474013,88481243892
2012-12-13,17.11,5186474013,88740573528
2012-12-14,16.95,5186474013,87910738477
2012-12-17,16.94,5186474013,87858872550
2012-12-18,16.98,5186474013,88066326367
2012-12-19,17.09,5186474013,88636841674
2012-12-20,17.10,5186474013,88688707601
2012-12-21,16.95,5186474013,87910738477
2012-12-24,16.93,5186474013,87807006623
2012-12-26,16.92,5186474013,87755140696
2012-12-27,16.98,5186474013,88066326367
2012-12-28,17.13,5186474013,88844295490
2012-12-31,17.16,5186474013,88999893272
2013-01-02,18.10,5186474013,93875181614
2013-01-03,18.09,5186474013,93823315687
2013-01-04,17.96,5186474013,93149068525
2013-01-07,17.70,5186474013,91800593987
2013-01-08,17.54,5186474013,90970758936
2013-01-09,17.54,5186474013,90970758936
2013-01-10,18.18,5186474013,94290099139
2013-01-11,18.15,5186474013,94134501357
2013-01-14,18.01,5186474013,93408398161
2013-01-15,17.89,5186474013,92786016927
2013-01-16,17.80,5186474013,92319233474
2013-01-17,18.26,5186474013,94705016664
2013-01-18,18.14,5186474013,94082635430
2013-01-22,18.16,5186474013,94186367285
2013-01-23,18.27,5186474013,94756882592
2013-01-24,17.81,5186474013,92371099402
2013-01-25,17.75,5186474013,92059913731
2013-01-28,17.52,5186474013,90867027082
2013-01-29,17.76,5186474013,92111779658
2013-01-30,17.80,5186474013,92319233474
2013-01-31,17.74,5186474013,92008047804
2013-02-01,18.07,5186474013,93719583832
2013-02-04,17.90,5186474013,92837882854
2013-02-05,18.18,5186474013,94290099139
2013-02-06,18.04,5186474013,93563995943
2013-02-07,18.30,5186474013,94912470481
2013-02-08,18.45,5186474013,95690449497
2013-02-11,18.48,5186474013,95846037386
2013-02-12,18.50,5186474013,95949769241
2013-02-13,18.41,5186474013,95482985788
2013-02-14,18.57,5186474013,96312820839
2013-02-15,18.53,5186474013,96105367022
2013-02-19,19.15,5186474013,99320975370
2013-02-20,18.89,5186474013,97972490940
2013-02-21,18.69,5186474013,96935202073
2013-02-22,18.90,5186474013,98024356867
2013-02-25,18.25,5186474013,94653150737
2013-02-26,17.81,5186474013,92371099402
2013-02-27,18.18,5186474013,94290099139
2013-02-28,18.25,5186474013,94653150737
2013-03-01,18.25,5186474013,94653150737
2013-03-04,18.14,5186474013,94082635430
2013-03-05,18.33,5186474013,95068068263
2013-03-06,18.12,5186474013,93978913468
2013-03-07,18.05,5186474013,93615851978
2013-03-08,17.91,5186474013,92889748781
2013-03-11,17.72,5186474013,91904315949
2013-03-12,17.73,5186474013,91956181876
2013-03-13,18.00,5186474013,93356532234
2013-03-14,18.05,5186474013,93615851978
2013-03-15,17.64,5186474013,91489398424
2013-03-18,17.24,5186474013,89414810797
2013-03-19,17.08,5186474013,88584975746
2013-03-20,17.25,5186474013,89466676724
2013-03-21,16.89,5186474013,87599542914
2013-03-22,17.07,5186474013,88533109819
2013-03-25,16.95,5186474013,87910738477
2013-03-26,17.07,5186474013,88533109819
2013-03-27,17.17,5186474013,89051759199
2013-03-28,17.19,5186474013,89155491053
2013-04-01,17.08,5186474013,88584975746
2013-04-02,17.11,5186474013,88740573528
2013-04-03,16.74,5186474013,86821573791
2013-04-04,16.83,5186474013,87288357243
2013-04-05,16.73,5186474013,86769707863
2013-04-08,16.84,5186474013,87340223170
2013-04-09,16.95,5186474013,87910738477
2013-04-10,17.19,5186474013,89155491053
2013-04-11,17.34,5186474013,89933460177
2013-04-12,17.31,5186474013,89777862395
2013-04-15,16.89,5186474013,87599542914
2013-04-16,17.24,5186474013,89414810797
2013-04-17,17.08,5186474013,88584975746
2013-04-18,17.94,5186474013,93045346563
2013-04-19,18.80,5186474013,97505707487
2013-04-22,18.50,5186474013,95949769241
2013-04-23,18.28,5186474013,94808748519
2013-04-24,18.44,5186474013,95638583570
2013-04-25,18.69,5186474013,96935202073
2013-04-26,18.53,5186474013,96105367022
2013-04-29,18.83,5186474013,97661305269
2013-04-30,19.08,5186474013,98957923772
2013-05-01,19.11,5186474013,99113521554
2013-05-02,19.53,5186474013,101291841035
2013-05-03,19.41,5186474013,100669459801
2013-05-06,19.55,5186474013,101395562997
2013-05-07,19.47,5186474013,100980645472
2013-05-08,20.21,5186474013,104818635054
2013-05-09,20.21,5186474013,104818635054
2013-05-10,20.17,5186474013,104611181238
2013-05-13,19.93,5186474013,103366428662
2013-05-14,19.89,5186474013,103158964953
2013-05-15,19.80,5186474013,102692181500
2013-05-16,19.45,5186474013,100876923510
2013-05-17,19.51,5186474013,101188109181
2013-05-20,19.37,5186474013,100462005984
2013-05-21,19.23,5186474013,99735892896
2013-05-22,18.89,5186474013,97972490940
2013-05-23,18.75,5186474013,97246387744
2013-05-24,18.86,5186474013,97816903051
2013-05-28,19.05,5186474013,98802325991
2013-05-29,19.24,5186474013,99787758823
2013-05-30,18.97,5186474013,98387408465
2013-05-31,18.66,5186474013,96779604291
2013-06-03,18.71,5186474013,97038924035
2013-06-04,18.94,5186474013,98231820576
2013-06-05,18.66,5186474013,96779604291
2013-06-06,18.60,5186474013,96468418620
2013-06-07,18.69,5186474013,96935202073
2013-06-10,18.81,5186474013,97557573415
2013-06-11,18.52,5186474013,96053501095
2013-06-12,18.36,5186474013,95223666044
2013-06-13,18.27,5186474013,94756882592
2013-06-14,17.99,5186474013,93304666307
2013-06-17,18.12,5186474013,93978913468
2013-06-18,18.43,5186474013,95586717642
2013-06-19,17.99,5186474013,93304666307
2013-06-20,17.41,5186474013,90296511775
2013-06-21,17.18,5186474013,89103625126
2013-06-24,16.93,5186474013,87807006623
2013-06-25,17.53,5186474013,90918893009
2013-06-26,17.64,5186474013,91489398424
2013-06-27,17.93,5186474013,92993480636
2013-06-28,18.32,5186474013,95016202335
2013-07-01,18.45,5186474013,95690449497
2013-07-02,18.50,5186474013,95949769241
2013-07-03,18.12,5186474013,93978913468
2013-07-05,18.21,5186474013,94445687028
2013-07-08,17.60,5186474013,91281944607
2013-07-09,17.84,5186474013,92526697183
2013-07-10,17.84,5186474013,92526697183
2013-07-11,18.54,5186474013,96157232949
2013-07-12,18.44,5186474013,95638583570
2013-07-15,18.40,5186474013,95431119861
2013-07-16,18.43,5186474013,95586717642
2013-07-17,18.45,5186474013,95690449497
2013-07-18,16.81,5186474013,87184625389
2013-07-19,16.49,5186474013,85524955287
2013-07-22,16.62,5186474013,86199202449
2013-07-23,16.74,5186474013,86821573791
2013-07-24,17.02,5186474013,88273790075
2013-07-25,17.18,5186474013,89103625126
2013-07-26,16.90,5186474013,87651408841
2013-07-29,16.70,5186474013,86614119974
2013-07-30,16.97,5186474013,88014460439
2013-07-31,16.98,5186474013,88066326367
2013-08-01,17.25,5186474013,89466676724
2013-08-02,16.80,5186474013,87132759461
2013-08-05,16.82,5186474013,87236491316
2013-08-06,16.59,5186474013,86043604667
2013-08-07,16.17,5186474013,83865285186
2013-08-08,16.22,5186474013,84124604930
2013-08-09,16.21,5186474013,84072739002
2013-08-12,16.05,5186474013,83242903952
2013-08-13,16.27,5186474013,84383934566
2013-08-14,16.06,5186474013,83294769879
2013-08-15,16.00,5186474013,82983584208
2013-08-16,15.97,5186474013,82827991373
2013-08-19,15.81,5186474013,81998156322
2013-08-20,15.83,5186474013,82101883230
2013-08-21,15.75,5186474013,81686965705
2013-08-22,16.06,5186474013,83294769879
2013-08-23,16.22,5186474013,84124604930
2013-08-26,16.26,5186474013,84332068638
2013-08-27,15.98,5186474013,82879852354
2013-08-28,16.26,5186474013,84332068638
2013-08-29,16.67,5186474013,86458522192
2013-08-30,16.56,5186474013,85888006885
2013-09-03,16.90,5186474013,87651408841
2013-09-04,16.86,5186474013,87443955025
2013-09-05,17.18,5186474013,89103625126
2013-09-06,17.01,5186474013,88221924148
2013-09-09,17.30,5186474013,89725996468
2013-09-10,17.48,5186474013,90659563373
2013-09-11,17.44,5186474013,90452109557
2013-09-12,17.28,5186474013,89622274506
2013-09-13,17.33,5186474013,89881594250
2013-09-16,17.62,5186474013,91385676462
2013-09-17,17.68,5186474013,91696862133
2013-09-18,17.61,5186474013,91333810535
2013-09-19,17.60,5186474013,91281944607
2013-09-20,17.31,5186474013,89777862395
2013-09-23,17.65,5186474013,91541264351
2013-09-24,17.56,5186474013,91074480898
2013-09-25,17.32,5186474013,89829728322
2013-09-26,17.32,5186474013,89829728322
2013-09-27,17.07,5186474013,88533109819
2013-09-30,16.96,5186474013,87962594512
2013-10-01,17.42,5186474013,90348377702
2013-10-02,17.47,5186474013,90607697446
2013-10-03,17.70,5186474013,91800593987
2013-10-04,17.68,5186474013,91696862133
2013-10-07,17.62,5186474013,91385676462
2013-10-08,17.46,5186474013,90555831519
2013-10-09,17.26,5186474013,89518542651
2013-10-10,17.67,5186474013,91644996205
2013-10-11,18.09,5186474013,93823315687
2013-10-14,18.01,5186474013,93408398161
2013-10-15,18.15,5186474013,94134501357
2013-10-16,18.28,5186474013,94808748519
2013-10-17,18.65,5186474013,96727738364
2013-10-18,19.08,5186474013,98957923772
2013-10-21,18.98,5186474013,98439274393
2013-10-22,19.16,5186474013,99372841298
2013-10-23,18.72,5186474013,97090789962
2013-10-24,18.68,5186474013,96883336146
2013-10-25,18.47,5186474013,95794171459
2013-10-28,18.61,5186474013,96520284548
2013-10-29,18.77,5186474013,97350119598
2013-10-30,18.58,5186474013,96364686766
2013-10-31,18.41,5186474013,95482985788
2013-11-01,18.47,5186474013,95794171459
2013-11-04,18.34,5186474013,95119934190
2013-11-05,18.08,5186474013,93771449759
2013-11-06,18.27,5186474013,94756882592
2013-11-07,18.13,5186474013,94030769503
2013-11-08,18.01,5186474013,93408398161
2013-11-11,17.73,5186474013,91956181876
2013-11-12,17.81,5186474013,92371099402
2013-11-13,17.61,5186474013,91333810535
2013-11-14,17.50,5186474013,90763295228
2013-11-15,17.66,5186474013,91593130278
2013-11-18,17.70,5186474013,91800593987
2013-11-19,17.57,5186474013,91126346826
2013-11-20,17.55,5186474013,91022614971
2013-11-21,17.02,5186474013,88273790075
2013-11-22,17.13,5186474013,88844295490
2013-11-25,17.17,5186474013,89051759199
2013-11-26,17.46,5186474013,90555831519
2013-11-27,17.58,5186474013,91178212753
2013-11-29,17.73,5186474013,91956181876
2013-12-02,17.40,5186474013,90244645848
2013-12-03,17.53,5186474013,90918893009
2013-12-04,17.54,5186474013,90970758936
2013-12-05,17.40,5186474013,90244645848
2013-12-06,17.62,5186474013,91385676462
2013-12-09,17.57,5186474013,91126346826
2013-12-10,17.37,5186474013,90089057958
2013-12-11,17.48,5186474013,90659563373
2013-12-12,17.12,5186474013,88792439455
2013-12-13,17.08,5186474013,88584975746
2013-12-16,17.11,5186474013,88740573528
2013-12-17,17.08,5186474013,88584975746
2013-12-18,17.00,5186474013,88170058221
2013-12-19,17.05,5186474013,88429377965
2013-12-20,16.99,5186474013,88118192294
2013-12-23,17.14,5186474013,88896161417
2013-12-24,17.19,5186474013,89155491053
2013-12-26,17.18,5186474013,89103625126
2013-12-27,17.26,5186474013,89518542651
2013-12-30,17.58,5186474013,91178212753
2013-12-31,17.44,5186474013,90452109557
2014-01-02,17.15,5186474013,88948027344
2014-01-03,16.95,5186474013,87910738477
2014-01-06,16.90,5186474013,87651408841
2014-01-07,16.91,5186474013,87703274768
2014-01-08,17.09,5186474013,88636841674
2014-01-09,16.76,5186474013,86925305645
2014-01-10,16.90,5186474013,87651408841
2014-01-13,16.91,5186474013,87703274768
2014-01-14,17.38,5186474013,90140913993
2014-01-15,17.56,5186474013,91074480898
2014-01-16,18.15,5186474013,94134501357
2014-01-17,17.77,5186474013,92163645585
2014-01-21,17.69,5186474013,91748728060
2014-01-22,17.96,5186474013,93149068525
2014-01-23,17.70,5186474013,91800593987
2014-01-24,17.57,5186474013,91126346826
2014-01-27,17.15,5186474013,88948027344
2014-01-28,17.16,5186474013,88999893272
2014-01-29,17.01,5186474013,88221924148
2014-01-30,17.14,5186474013,88896161417
2014-01-31,16.92,5186474013,87755140696
2014-02-03,16.77,5186474013,86977171572
2014-02-04,16.74,5186474013,86821573791
2014-02-05,16.46,5186474013,85369357506
2014-02-06,16.99,5186474013,88118192294
2014-02-07,17.16,5186474013,88999893272
2014-02-10,17.26,5186474013,89518542651
2014-02-11,17.39,5186474013,90192779920
2014-02-12,17.38,5186474013,90140913993
2014-02-13,17.45,5186474013,90503975484
2014-02-14,17.89,5186474013,92786016927
2014-02-18,17.79,5186474013,92267377440
2014-02-19,17.76,5186474013,92111779658
2014-02-20,17.69,5186474013,91748728060
2014-02-21,17.74,5186474013,92008047804
2014-02-24,17.69,5186474013,91748728060
2014-02-25,17.62,5186474013,91385676462
2014-02-26,17.83,5186474013,92474831256
2014-02-27,18.01,5186474013,93408398161
2014-02-28,18.07,5186474013,93719583832
2014-03-03,18.03,5186474013,93512130016
2014-03-04,18.04,5186474013,93563995943
2014-03-05,18.39,5186474013,95379253933
2014-03-06,18.87,5186474013,97868768978
2014-03-07,18.77,5186474013,97350119598
2014-03-10,18.96,5186474013,98335542538
2014-03-11,18.77,5186474013,97350119598
2014-03-12,19.43,5186474013,100773191655
2014-03-13,19.27,5186474013,99943356605
2014-03-14,18.90,5186474013,98024356867
2014-03-17,19.11,5186474013,99113521554
2014-03-18,19.18,5186474013,99476573152
2014-03-19,18.88,5186474013,97920625013
2014-03-20,18.85,5186474013,97765037124
2014-03-21,18.53,5186474013,96105367022
2014-03-24,18.64,5186474013,96675872437
2014-03-25,19.12,5186474013,99165387481
2014-03-26,19.09,5186474013,99009789700
2014-03-27,19.42,5186474013,100721325728
2014-03-28,19.64,5186474013,101862346450
2014-03-31,20.02,5186474013,103833212114
2014-04-01,20.32,5186474013,105389150361
2014-04-02,20.04,5186474013,103936943969
2014-04-03,19.94,5186474013,103418294589
2014-04-04,19.77,5186474013,102536593611
2014-04-07,19.74,5186474013,102380995830
2014-04-08,19.98,5186474013,103625748406
2014-04-09,20.15,5186474013,104507449383
2014-04-10,19.82,5186474013,102795913355
2014-04-11,19.89,5186474013,103158964953
2014-04-14,20.26,5186474013,105077964690
2014-04-15,20.51,5186474013,106374583194
2014-04-16,20.15,5186474013,104507449383
2014-04-17,20.72,5186474013,107463737988
2014-04-21,20.56,5186474013,106633902937
2014-04-22,20.56,5186474013,106633902937
2014-04-23,20.41,5186474013,105855933814
2014-04-24,20.56,5186474013,106633902937
2014-04-25,19.91,5186474013,103262696807
2014-04-28,20.30,5186474013,105285418507
2014-04-29,20.10,5186474013,104248129640
2014-04-30,20.10,5186474013,104248129640
2014-05-01,19.77,5186474013,102536593611
2014-05-02,19.62,5186474013,101758624488
2014-05-05,19.66,5186474013,101966078304
2014-05-06,20.00,5186474013,103729480260
2014-05-07,20.33,5186474013,105441016289
2014-05-08,20.51,5186474013,106374583194
2014-05-09,20.41,5186474013,105855933814
2014-05-12,20.59,5186474013,106789500719
2014-05-13,20.64,5186474013,107048820463
2014-05-14,20.58,5186474013,106737634792
2014-05-15,20.66,5186474013,107152552317
2014-05-16,20.77,5186474013,107723067624
2014-05-19,20.66,5186474013,107152552317
2014-05-20,20.51,5186474013,106374583194
2014-05-21,20.50,5186474013,106322717267
2014-05-22,20.64,5186474013,107048820463
2014-05-23,20.66,5186474013,107152552317
2014-05-27,20.89,5186474013,108345438966
2014-05-28,20.86,5186474013,108189851077
2014-05-29,20.70,5186474013,107360016026
2014-05-30,20.56,5186474013,106633902937
2014-06-02,20.66,5186474013,107152552317
2014-06-03,21.24,5186474013,110160706849
2014-06-04,21.10,5186474013,109434603653
2014-06-05,21.20,5186474013,109953253033
2014-06-06,21.09,5186474013,109382737726
2014-06-09,21.21,5186474013,110005109067
2014-06-10,21.30,5186474013,110471892520
2014-06-11,21.13,5186474013,109590191542
2014-06-12,21.11,5186474013,109486469580
2014-06-13,21.09,5186474013,109382737726
2014-06-16,21.21,5186474013,110005109067
2014-06-17,21.26,5186474013,110264438703
2014-06-18,21.35,5186474013,110731222156
2014-06-19,21.69,5186474013,112494624112
2014-06-20,21.15,5186474013,109693923396
2014-06-23,20.85,5186474013,108137985150
2014-06-24,20.78,5186474013,107774933551
2014-06-25,21.03,5186474013,109071552055
2014-06-26,21.02,5186474013,109019686127
2014-06-27,21.28,5186474013,110368170558
2014-06-30,21.39,5186474013,110938675972
2014-07-01,21.97,5186474013,113946830504
2014-07-02,22.38,5186474013,116073284058
2014-07-03,22.71,5186474013,117784820087
2014-07-07,22.67,5186474013,117577366270
2014-07-08,22.57,5186474013,117058716891
2014-07-09,22.42,5186474013,116280747767
2014-07-10,22.95,5186474013,119029582555
2014-07-11,22.81,5186474013,118303469467
2014-07-14,22.66,5186474013,117525500343
2014-07-15,22.47,5186474013,116540067511
2014-07-16,20.93,5186474013,108552902675
2014-07-17,20.20,5186474013,104766779020
2014-07-18,20.48,5186474013,106218985412
2014-07-21,20.43,5186474013,105959665668
2014-07-22,20.71,5186474013,107411872061
2014-07-23,20.68,5186474013,107256284172
2014-07-24,20.89,5186474013,108345438966
2014-07-25,20.35,5186474013,105544748143
2014-07-28,20.37,5186474013,105648479997
2014-07-29,20.54,5186474013,106530180975
2014-07-30,20.72,5186474013,107463737988
2014-07-31,20.00,5186474013,103729480260
2014-08-01,20.20,5186474013,104766779020
2014-08-04,20.51,5186474013,106374583194
2014-08-05,19.80,5186474013,102692181500
2014-08-06,20.04,5186474013,103936943969
2014-08-07,19.91,5186474013,103262696807
2014-08-08,19.79,5186474013,102640325466
2014-08-11,20.05,5186474013,103988800004
2014-08-12,19.99,5186474013,103677614333
2014-08-13,20.33,5186474013,105441016289
2014-08-14,20.53,5186474013,106478315048
2014-08-15,20.45,5186474013,106063397523
2014-08-18,20.47,5186474013,106167119485
2014-08-19,20.74,5186474013,107567469843
2014-08-20,20.84,5186474013,108086119222
2014-08-21,20.62,5186474013,106945098501
2014-08-22,20.83,5186474013,108034253295
2014-08-25,20.68,5186474013,107256284172
2014-08-26,20.80,5186474013,107878655513
2014-08-27,20.91,5186474013,108449170820
2014-08-28,20.91,5186474013,108449170820
2014-08-29,20.94,5186474013,108604768602
2014-09-02,21.08,5186474013,109330871798
2014-09-03,21.35,5186474013,110731222156
2014-09-04,21.19,5186474013,109901387105
2014-09-05,21.18,5186474013,109849521178
2014-09-08,21.07,5186474013,109279005871
2014-09-09,21.05,5186474013,109175274017
2014-09-10,21.03,5186474013,109071552055
2014-09-11,20.90,5186474013,108397304893
2014-09-12,20.34,5186474013,105492882216
2014-09-15,20.24,5186474013,104974232836
2014-09-16,20.48,5186474013,106218985412
2014-09-17,20.62,5186474013,106945098501
2014-09-18,20.92,5186474013,108501036748
2014-09-19,20.52,5186474013,106426449121
2014-09-22,20.36,5186474013,105596614070
2014-09-23,20.34,5186474013,105492882216
2014-09-24,20.59,5186474013,106789500719
2014-09-25,20.11,5186474013,104299995567
2014-09-26,20.14,5186474013,104455583456
2014-09-29,19.95,5186474013,103470160516
2014-09-30,20.18,5186474013,104663047165
2014-10-01,20.10,5186474013,104248129640
2014-10-02,20.29,5186474013,105233562472
2014-10-03,20.83,5186474013,108034253295
2014-10-06,20.82,5186474013,107982387368
2014-10-07,20.38,5186474013,105700336032
2014-10-08,20.60,5186474013,106841366646
2014-10-09,20.47,5186474013,106167119485
2014-10-10,19.44,5186474013,100825057583
2014-10-13,19.67,5186474013,102017944231
2014-10-14,20.14,5186474013,104455583456
2014-10-15,20.07,5186474013,104092531858
2014-10-16,20.72,5186474013,107463737988
2014-10-17,20.72,5186474013,107463737988
2014-10-20,20.87,5186474013,108241717004
2014-10-21,21.39,5186474013,110938675972
2014-10-22,21.24,5186474013,110160706849
2014-10-23,21.30,5186474013,110471892520
2014-10-24,21.18,5186474013,109849521178
2014-10-27,21.36,5186474013,110783088083
2014-10-28,21.59,5186474013,111975974732
2014-10-29,21.59,5186474013,111975974732
2014-10-30,21.11,5186474013,109486469580
2014-10-31,22.02,5186474013,114206160140
2014-11-03,21.90,5186474013,113583778906
2014-11-04,21.95,5186474013,113843108542
2014-11-05,22.03,5186474013,114258026068
2014-11-06,21.80,5186474013,113065129526
2014-11-07,21.82,5186474013,113168861381
2014-11-10,22.26,5186474013,115450912716
2014-11-11,22.20,5186474013,115139727046
2014-11-12,22.05,5186474013,114361748030
2014-11-13,22.34,5186474013,115865830242
2014-11-14,22.40,5186474013,116177015913
2014-11-17,21.91,5186474013,113635644833
2014-11-18,22.05,5186474013,114361748030
2014-11-19,22.53,5186474013,116851263074
2014-11-20,22.76,5186474013,118044149723
2014-11-21,23.06,5186474013,119600087970
2014-11-24,22.94,5186474013,118977716628
2014-11-25,22.91,5186474013,118822118846
2014-11-26,23.18,5186474013,120222469204
2014-11-28,23.47,5186474013,121726541524
2014-12-01,22.94,5186474013,118977716628
2014-12-02,22.57,5186474013,117058716891
2014-12-03,22.93,5186474013,118925850701
2014-12-04,22.82,5186474013,118355335394
2014-12-05,22.74,5186474013,117940417869
2014-12-08,22.50,5186474013,116695665293
2014-12-09,22.58,5186474013,117110582818
2014-12-10,22.19,5186474013,115087861118
2014-12-11,22.14,5186474013,114828531482
2014-12-12,21.97,5186474013,113946830504
2014-12-15,21.94,5186474013,113791242615
2014-12-16,21.44,5186474013,111198005609
2014-12-17,21.64,5186474013,112235294476
2014-12-18,21.79,5186474013,113013273492
2014-12-19,22.20,5186474013,115139727046
2014-12-22,22.37,5186474013,116021428023
2014-12-23,22.21,5186474013,115191583080
2014-12-24,22.35,5186474013,115917696169
2014-12-26,22.31,5186474013,115710232460
2014-12-29,22.38,5186474013,116073284058
2014-12-30,22.44,5186474013,116384479622
2014-12-31,22.38,5186474013,116073284058
2015-01-02,22.28,5186474013,115554644571
2015-01-05,21.74,5186474013,112753943856
2015-01-06,21.36,5186474013,110783088083
2015-01-07,21.67,5186474013,112390892257
2015-01-08,21.81,5186474013,113116995454
2015-01-09,21.20,5186474013,109953253033
2015-01-12,20.79,5186474013,107826799479
2015-01-13,21.05,5186474013,109175274017
2015-01-14,21.06,5186474013,109227139944
2015-01-15,22.89,5186474013,118718386992
2015-01-16,22.60,5186474013,117214314672
2015-01-20,23.09,5186474013,119755685752
2015-01-21,23.21,5186474013,120378057093
2015-01-22,23.71,5186474013,122971294100
2015-01-23,23.99,5186474013,124423510385
2015-01-26,24.16,5186474013,125305211363
2015-01-27,24.19,5186474013,125460809144
2015-01-28,23.93,5186474013,124112324714
2015-01-29,23.29,5186474013,120792984511
2015-01-30,22.71,5186474013,117784820087
2015-02-02,22.94,5186474013,118977716628
2015-02-03,23.15,5186474013,120066871422
2015-02-04,23.58,5186474013,122297056831
2015-02-05,23.66,5186474013,122711974356
2015-02-06,23.10,5186474013,119807551679
2015-02-09,22.67,5186474013,117577366270
2015-02-10,23.86,5186474013,123749273116
2015-02-11,24.29,5186474013,125979458524
2015-02-12,24.47,5186474013,126913015537
2015-02-13,24.84,5186474013,128832015274
2015-02-17,24.77,5186474013,128468963676
2015-02-18,24.71,5186474013,128157768113
2015-02-19,24.52,5186474013,127172345173
2015-02-20,24.44,5186474013,126757427648
2015-02-23,24.22,5186474013,125616397034
2015-02-24,25.04,5186474013,129869314034
2015-02-25,25.04,5186474013,129869314034
2015-02-26,24.68,5186474013,128002180224
2015-02-27,24.53,5186474013,127224211100
2015-03-02,24.63,5186474013,127742850588
2015-03-03,24.50,5186474013,127068613319
2015-03-04,24.33,5186474013,126186912341
2015-03-05,24.46,5186474013,126861149610
2015-03-06,24.09,5186474013,124942159765
2015-03-09,23.45,5186474013,121622819562
2015-03-10,23.05,5186474013,119548222043
2015-03-11,23.49,5186474013,121830273378
2015-03-12,23.53,5186474013,122037737087
2015-03-13,23.88,5186474013,123852995078
2015-03-16,24.28,5186474013,125927592597
2015-03-17,24.31,5186474013,126083180486
2015-03-18,24.71,5186474013,128157768113
2015-03-19,24.66,5186474013,127898448369
2015-03-20,24.77,5186474013,128468963676
2015-03-23,24.80,5186474013,128624551565
2015-03-24,24.50,5186474013,127068613319
2015-03-25,23.18,5186474013,120222469204
2015-03-26,23.20,5186474013,120326201059
2015-03-27,22.94,5186474013,118977716628
2015-03-30,23.25,5186474013,120585520802
2015-03-31,23.48,5186474013,121778407451
2015-04-01,23.23,5186474013,120481788948
2015-04-02,23.69,5186474013,122867572138
2015-04-06,23.54,5186474013,122089603014
2015-04-07,23.39,5186474013,121311623998
2015-04-08,23.20,5186474013,120326201059
2015-04-09,23.44,5186474013,121570953635
2015-04-10,23.50,5186474013,121882139306
2015-04-13,23.33,5186474013,121000438328
2015-04-14,23.18,5186474013,120222469204
2015-04-15,23.51,5186474013,121934005233
2015-04-16,23.24,5186474013,120533654875
2015-04-17,23.22,5186474013,120429923021
2015-04-20,23.27,5186474013,120689252657
2015-04-21,23.33,5186474013,121000438328
2015-04-22,23.84,5186474013,123645541261
2015-04-23,24.30,5186474013,126031314559
2015-04-24,24.91,5186474013,129195066872
2015-04-27,25.41,5186474013,131788303879
2015-04-28,25.01,5186474013,129713716252
2015-04-29,24.79,5186474013,128572695531
2015-04-30,24.44,5186474013,126757427648
2015-05-01,24.74,5186474013,128313365895
2015-05-04,24.32,5186474013,126135046413
2015-05-05,24.29,5186474013,125979458524
2015-05-06,24.45,5186474013,126809293575
2015-05-07,24.37,5186474013,126394376049
2015-05-08,24.55,5186474013,127327933062
2015-05-11,24.37,5186474013,126394376049
2015-05-12,24.38,5186474013,126446232084
2015-05-13,24.44,5186474013,126757427648
2015-05-14,24.41,5186474013,126601829866
2015-05-15,24.56,5186474013,127379798989
2015-05-18,24.41,5186474013,126601829866
2015-05-19,24.59,5186474013,127535396771
2015-05-20,24.58,5186474013,127483530844
2015-05-21,24.24,5186474013,125720128888
2015-05-22,24.20,5186474013,125512675072
2015-05-26,24.26,5186474013,125823860742
2015-05-27,24.60,5186474013,127587262698
2015-05-28,24.45,5186474013,126809293575
2015-05-29,24.28,5186474013,125927592597
2015-06-01,24.14,5186474013,125201479508
2015-06-02,23.67,5186474013,122763840283
2015-06-03,23.66,5186474013,122711974356
2015-06-04,22.98,5186474013,119185170445
2015-06-05,22.86,5186474013,118562799103
2015-06-08,22.65,5186474013,117473634416
2015-06-09,22.83,5186474013,118407201321
2015-06-10,23.33,5186474013,121000438328
2015-06-11,23.51,5186474013,121934005233
2015-06-12,23.67,5186474013,122763840283
2015-06-15,23.26,5186474013,120637386729
2015-06-16,23.58,5186474013,122297056831
2015-06-17,23.60,5186474013,122400788685
2015-06-18,23.76,5186474013,123230623736
2015-06-19,23.40,5186474013,121363489926
2015-06-22,23.84,5186474013,123645541261
2015-06-23,23.93,5186474013,124112324714
2015-06-24,23.90,5186474013,123956726932
2015-06-25,24.08,5186474013,124890293837
2015-06-26,23.63,5186474013,122556376575
2015-06-29,22.38,5186474013,116073284058
2015-06-30,22.71,5186474013,117784820087
2015-07-01,22.93,5186474013,118925850701
2015-07-02,23.15,5186474013,120066871422
2015-07-06,22.94,5186474013,118977716628
2015-07-07,22.96,5186474013,119081438590
2015-07-08,22.23,5186474013,115295314935
2015-07-09,22.22,5186474013,115243449008
2015-07-10,22.57,5186474013,117058716891
2015-07-13,22.86,5186474013,118562799103
2015-07-14,22.80,5186474013,118251603539
2015-07-15,22.56,5186474013,117006850963
2015-07-16,22.73,5186474013,117888551941
2015-07-17,23.03,5186474013,119444500081
2015-07-20,22.90,5186474013,118770252919
2015-07-21,22.88,5186474013,118666521065
2015-07-22,22.22,5186474013,115243449008
2015-07-23,22.31,5186474013,115710232460
2015-07-24,21.64,5186474013,112235294476
2015-07-27,21.63,5186474013,112183428549
2015-07-28,21.88,5186474013,113480047052
2015-07-29,22.11,5186474013,114672943593
2015-07-30,22.70,5186474013,117732964052
2015-07-31,22.11,5186474013,114672943593
2015-08-03,21.72,5186474013,112650212001
2015-08-04,21.45,5186474013,111249871536
2015-08-05,21.61,5186474013,112079706587
2015-08-06,21.28,5186474013,110368170558
2015-08-07,21.03,5186474013,109071552055
2015-08-10,21.61,5186474013,112079706587
2015-08-11,20.83,5186474013,108034253295
2015-08-12,20.75,5186474013,107619335770
2015-08-13,20.54,5186474013,106530180975
2015-08-14,20.38,5186474013,105700336032
2015-08-17,20.28,5186474013,105181696545
2015-08-18,20.03,5186474013,103885078042
2015-08-19,19.91,5186474013,103262696807
2015-08-20,19.61,5186474013,101706758561
2015-08-21,18.88,5186474013,97920625013
2015-08-24,18.76,5186474013,97298253671
2015-08-25,18.76,5186474013,97298253671
2015-08-26,19.45,5186474013,100876923510
2015-08-27,19.94,5186474013,103418294589
2015-08-28,20.00,5186474013,103729480260
2015-08-31,19.88,5186474013,103107099026
2015-09-01,19.41,5186474013,100669459801
2015-09-02,19.94,5186474013,103418294589
2015-09-03,20.07,5186474013,104092531858
2015-09-04,19.67,5186474013,102017944231
2015-09-08,20.05,5186474013,103988800004
2015-09-09,19.88,5186474013,103107099026
2015-09-10,19.70,5186474013,102173542013
2015-09-11,19.90,5186474013,103210830880
2015-09-14,20.04,5186474013,103936943969
2015-09-15,20.39,5186474013,105752201959
2015-09-16,20.67,5186474013,107204418244
2015-09-17,20.66,5186474013,107152552317
2015-09-18,20.61,5186474013,106893232574
2015-09-21,20.53,5186474013,106478315048
2015-09-22,19.95,5186474013,103470160516
2015-09-23,20.01,5186474013,103781346187
2015-09-24,19.99,5186474013,103677614333
2015-09-25,20.05,5186474013,103988800004
2015-09-28,19.63,5186474013,101810480523
2015-09-29,19.89,5186474013,103158964953
2015-09-30,20.75,5186474013,107619335770
2015-10-01,20.86,5186474013,108189851077
2015-10-02,20.76,5186474013,107671201697
2015-10-05,21.40,5186474013,110990541900
2015-10-06,21.23,5186474013,110108840922
2015-10-07,21.93,5186474013,113739376688
2015-10-08,22.25,5186474013,115399046789
2015-10-09,21.95,5186474013,113843108542
2015-10-12,22.09,5186474013,114569211739
2015-10-13,21.94,5186474013,113791242615
2015-10-14,22.34,5186474013,115865830242
2015-10-15,21.95,5186474013,113843108542
2015-10-16,22.16,5186474013,114932263337
2015-10-19,22.23,5186474013,115295314935
2015-10-20,22.31,5186474013,115710232460
2015-10-21,22.22,5186474013,115243449008
2015-10-22,22.51,5186474013,116747531220
2015-10-23,22.47,5186474013,116540067511
2015-10-26,22.16,5186474013,114932263337
2015-10-27,22.20,5186474013,115139727046
2015-10-28,22.08,5186474013,114517345811
2015-10-29,21.82,5186474013,113168861381
2015-10-30,21.96,5186474013,113894964577
2015-11-02,22.10,5186474013,114621077666
2015-11-03,22.77,5186474013,118096015650
2015-11-04,23.55,5186474013,122141459049
2015-11-05,22.98,5186474013,119185170445
2015-11-06,22.82,5186474013,118355335394
2015-11-09,22.96,5186474013,119081438590
2015-11-10,22.51,5186474013,116747531220
2015-11-11,22.58,5186474013,117110582818
2015-11-12,22.24,5186474013,115347180862
2015-11-13,21.89,5186474013,113531912979
2015-11-16,22.35,5186474013,115917696169
2015-11-17,22.52,5186474013,116799397147
2015-11-18,22.52,5186474013,116799397147
2015-11-19,22.67,5186474013,117577366270
2015-11-20,22.83,5186474013,118407201321
2015-11-23,22.57,5186474013,117058716891
2015-11-24,22.50,5186474013,116695665293
2015-11-25,22.56,5186474013,117006850963
2015-11-27,22.45,5186474013,116436345549
2015-11-30,22.76,5186474013,118044149723
2015-12-01,23.28,5186474013,120741118584
2015-12-02,23.19,5186474013,120274335131
2015-12-03,22.93,5186474013,118925850701
2015-12-04,23.31,5186474013,120896706473
2015-12-07,23.24,5186474013,120533654875
2015-12-08,23.08,5186474013,119703819824
2015-12-09,22.73,5186474013,117888551941
2015-12-10,22.65,5186474013,117473634416
2015-12-11,22.18,5186474013,115035995191
2015-12-14,22.22,5186474013,115243449008
2015-12-15,22.82,5186474013,118355335394
2015-12-16,23.16,5186474013,120118737350
2015-12-17,22.96,5186474013,119081438590
2015-12-18,22.93,5186474013,118925850701
2015-12-21,22.95,5186474013,119029582555
2015-12-22,23.06,5186474013,119600087970
2015-12-23,23.08,5186474013,119703819824
2015-12-24,23.15,5186474013,120066871422
2015-12-28,23.01,5186474013,119340768226
2015-12-29,23.08,5186474013,119703819824
2015-12-30,22.88,5186474013,118666521065
2015-12-31,22.75,5186474013,117992283796
2016-01-04,22.09,5186474013,114569211739
2016-01-05,21.95,5186474013,113843108542
2016-01-06,21.34,5186474013,110679356229
2016-01-07,21.10,5186474013,109434603653
2016-01-08,20.81,5186474013,107930521441
2016-01-11,20.93,5186474013,108552902675
2016-01-12,20.75,5186474013,107619335770
2016-01-13,20.48,5186474013,106218985412
2016-01-14,21.82,5186474013,113168861381
2016-01-15,21.10,5186474013,109434603653
2016-01-19,21.66,5186474013,112339026330
2016-01-20,21.09,5186474013,109382737726
2016-01-21,21.33,5186474013,110627490302
2016-01-22,21.93,5186474013,113739376688
2016-01-25,21.79,5186474013,113013273492
2016-01-26,21.59,5186474013,111975974732
2016-01-27,21.68,5186474013,112442758185
2016-01-28,21.63,5186474013,112183428549
2016-01-29,22.35,5186474013,115917696169
2016-02-01,22.46,5186474013,116488201584
2016-02-02,22.56,5186474013,117006850963
2016-02-03,22.92,5186474013,118873984774
2016-02-04,23.23,5186474013,120481788948
2016-02-05,22.75,5186474013,117992283796
2016-02-08,22.80,5186474013,118251603539
2016-02-09,22.56,5186474013,117006850963
2016-02-10,22.30,5186474013,115658366533
2016-02-11,22.00,5186474013,114102428286
2016-02-12,22.24,5186474013,115347180862
2016-02-16,23.34,5186474013,121052304255
2016-02-17,23.64,5186474013,122608242502
2016-02-18,23.80,5186474013,123438077552
2016-02-19,23.78,5186474013,123334355590
2016-02-22,23.96,5186474013,124267912603
2016-02-23,23.40,5186474013,121363489926
2016-02-24,23.42,5186474013,121467221780
2016-02-25,23.69,5186474013,122867572138
2016-02-26,23.77,5186474013,123282489663
2016-02-29,23.55,5186474013,122141459049
2016-03-01,24.58,5186474013,127483530844
2016-03-02,24.62,5186474013,127690994553
2016-03-03,24.56,5186474013,127379798989
2016-03-04,24.65,5186474013,127846582442
2016-03-07,24.70,5186474013,128105912078
2016-03-08,24.65,5186474013,127846582442
2016-03-09,24.74,5186474013,128313365895
2016-03-10,24.74,5186474013,128313365895
2016-03-11,25.35,5186474013,131477118208
2016-03-14,25.22,5186474013,130802871047
2016-03-15,24.88,5186474013,129039469091
2016-03-16,25.78,5186474013,133707303616
2016-03-17,25.77,5186474013,133655437689
2016-03-18,26.04,5186474013,135055788047
2016-03-21,25.93,5186474013,134485272740
2016-03-22,25.81,5186474013,133862891506
2016-03-23,25.68,5186474013,133188654237
2016-03-24,25.73,5186474013,133447973980
2016-03-28,25.63,5186474013,132929324601
2016-03-29,25.97,5186474013,134692726556
2016-03-30,26.46,5186474013,137234097636
2016-03-31,26.20,5186474013,135885623098
2016-04-01,26.12,5186474013,135470705572
2016-04-04,25.85,5186474013,134070355215
2016-04-05,25.51,5186474013,132306953259
2016-04-06,25.62,5186474013,132877468566
2016-04-07,25.37,5186474013,131580850062
2016-04-08,25.28,5186474013,131114066610
2016-04-11,25.51,5186474013,132306953259
2016-04-12,25.57,5186474013,132618138930
2016-04-13,26.17,5186474013,135730025316
2016-04-14,25.30,5186474013,131217788572
2016-04-15,25.46,5186474013,132047623623
2016-04-18,25.50,5186474013,132255087332
2016-04-19,25.16,5186474013,130491685376
2016-04-20,25.12,5186474013,130284231559
2016-04-21,25.16,5186474013,130491685376
2016-04-22,25.07,5186474013,130024901923
2016-04-25,25.01,5186474013,129713716252
2016-04-26,25.01,5186474013,129713716252
2016-04-27,25.25,5186474013,130958468828
2016-04-28,24.16,5186474013,125305211363
2016-04-29,23.59,5186474013,122348922758
2016-05-02,23.69,5186474013,122867572138
2016-05-03,23.32,5186474013,120948572400
2016-05-04,23.42,5186474013,121467221780
2016-05-05,23.50,5186474013,121882139306
2016-05-06,23.41,5186474013,121415355853
2016-05-09,23.37,5186474013,121207902036
2016-05-10,23.39,5186474013,121311623998
2016-05-11,23.22,5186474013,120429923021
2016-05-12,22.99,5186474013,119237036372
2016-05-13,22.82,5186474013,118355335394
2016-05-16,23.11,5186474013,119859417606
2016-05-17,22.95,5186474013,119029582555
2016-05-18,23.52,5186474013,121985871160
2016-05-19,23.25,5186474013,120585520802
2016-05-20,23.91,5186474013,124008592859
2016-05-23,24.27,5186474013,125875726670
2016-05-24,24.47,5186474013,126913015537
2016-05-25,24.62,5186474013,127690994553
2016-05-26,24.79,5186474013,128572695531
2016-05-27,24.80,5186474013,128624551565
2016-05-31,24.72,5186474013,128209634040
2016-06-01,25.25,5186474013,130958468828
2016-06-02,25.18,5186474013,130595417230
2016-06-03,25.53,5186474013,132410685113
2016-06-06,25.47,5186474013,132099489550
2016-06-07,26.06,5186474013,135159510009
2016-06-08,26.33,5186474013,136559860367
2016-06-09,26.23,5186474013,136041210987
2016-06-10,25.86,5186474013,134122221142
2016-06-13,25.63,5186474013,132929324601
2016-06-14,25.57,5186474013,132618138930
2016-06-15,25.84,5186474013,134018489287
2016-06-16,25.86,5186474013,134122221142
2016-06-17,25.85,5186474013,134070355215
2016-06-20,26.37,5186474013,136767324075
2016-06-21,26.59,5186474013,137908344797
2016-06-22,26.54,5186474013,137649025053
2016-06-23,26.81,5186474013,139049365519
2016-06-24,25.68,5186474013,133188654237
2016-06-27,24.90,5186474013,129143200945
2016-06-28,25.26,5186474013,131010334755
2016-06-29,25.80,5186474013,133811025578
2016-06-30,26.23,5186474013,136041210987
2016-07-01,26.53,5186474013,137597159126
2016-07-05,26.26,5186474013,136196808768
2016-07-06,26.15,5186474013,135626293461
2016-07-07,26.31,5186474013,136456128512
2016-07-08,26.73,5186474013,138634447993
2016-07-11,27.20,5186474013,141072097111
2016-07-12,26.97,5186474013,139879200569
2016-07-13,26.89,5186474013,139464283044
2016-07-14,27.11,5186474013,140605313658
2016-07-15,27.01,5186474013,140086664278
2016-07-18,27.64,5186474013,143354138554
2016-07-19,27.27,5186474013,141435148709
2016-07-20,27.55,5186474013,142887355101
2016-07-21,27.48,5186474013,142524303503
2016-07-22,27.74,5186474013,143872787934
2016-07-25,27.86,5186474013,144495169168
2016-07-26,28.33,5186474013,146932808393
2016-07-27,28.10,5186474013,145739921744
2016-07-28,28.14,5186474013,145947375560
2016-07-29,27.78,5186474013,144080251642
2016-08-01,28.62,5186474013,148436890605
2016-08-02,28.16,5186474013,146051107415
2016-08-03,28.16,5186474013,146051107415
2016-08-04,28.40,5186474013,147295859991
2016-08-05,28.79,5186474013,149318591583
2016-08-08,29.09,5186474013,150874529830
2016-08-09,29.40,5186474013,152482334004
2016-08-10,29.22,5186474013,151548767099
2016-08-11,29.14,5186474013,151133849573
2016-08-12,29.24,5186474013,151652498953
2016-08-15,29.39,5186474013,152430468076
2016-08-16,29.08,5186474013,150822663902
2016-08-17,28.98,5186474013,150304014523
2016-08-18,29.16,5186474013,151237581428
2016-08-19,28.64,5186474013,148540612567
2016-08-22,28.40,5186474013,147295859991
2016-08-23,28.50,5186474013,147814509371
2016-08-24,28.39,5186474013,147243994063
2016-08-25,28.60,5186474013,148333158750
2016-08-26,28.64,5186474013,148540612567
2016-08-29,28.70,5186474013,148851808130
2016-08-30,28.62,5186474013,148436890605
2016-08-31,28.74,5186474013,149059261947
2016-09-01,28.96,5186474013,150200282668
2016-09-02,29.14,5186474013,151133849573
2016-09-06,29.49,5186474013,152949117456
2016-09-07,29.82,5186474013,154660653485
2016-09-08,29.79,5186474013,154505065596
2016-09-09,28.59,5186474013,148281292823
2016-09-12,28.99,5186474013,150355880450
2016-09-13,28.49,5186474013,147762643443
2016-09-14,28.62,5186474013,148436890605
2016-09-15,29.18,5186474013,151341313282
2016-09-16,28.91,5186474013,149940962924
2016-09-19,29.93,5186474013,155231168792
2016-09-20,29.90,5186474013,155075571010
2016-09-21,30.50,5186474013,158187457397
2016-09-22,30.66,5186474013,159017292447
2016-09-23,30.12,5186474013,156216601624
2016-09-26,29.84,5186474013,154764385339
2016-09-27,30.40,5186474013,157668808017
2016-09-28,30.33,5186474013,157305756419
2016-09-29,30.40,5186474013,157668808017
2016-09-30,30.59,5186474013,158654240849
2016-10-03,30.72,5186474013,159328478118
2016-10-04,30.39,5186474013,157616942089
2016-10-05,30.53,5186474013,158343055178
2016-10-06,30.77,5186474013,159587807754
2016-10-07,31.18,5186474013,161714261308
2016-10-10,31.28,5186474013,162232910688
2016-10-11,30.73,5186474013,159380344045
2016-10-12,31.35,5186474013,162595962286
2016-10-13,30.53,5186474013,158343055178
2016-10-14,30.66,5186474013,159017292447
2016-10-17,30.57,5186474013,158550508995
2016-10-18,30.86,5186474013,160054591207
2016-10-19,30.98,5186474013,160676962549
2016-10-20,31.06,5186474013,161091880074
2016-10-21,31.08,5186474013,161195611928
2016-10-24,31.41,5186474013,162907147957
2016-10-25,31.55,5186474013,163633251153
2016-10-26,31.21,5186474013,161869849197
2016-10-27,30.77,5186474013,159587807754
2016-10-28,30.77,5186474013,159587807754
2016-10-31,31.10,5186474013,161299343783
2016-11-01,30.71,5186474013,159276612191
2016-11-02,30.39,5186474013,157616942089
2016-11-03,30.28,5186474013,157046436675
2016-11-04,30.24,5186474013,156838972966
2016-11-07,31.35,5186474013,162595962286
2016-11-08,31.34,5186474013,162544096359
2016-11-09,30.59,5186474013,158654240849
2016-11-10,29.44,5186474013,152689797713
2016-11-11,29.93,5186474013,155231168792
2016-11-14,28.85,5186474013,149629777254
2016-11-15,29.20,5186474013,151445045137
2016-11-16,29.86,5186474013,154868117194
2016-11-17,29.47,5186474013,152845385602
2016-11-18,29.47,5186474013,152845385602
2016-11-21,29.65,5186474013,153778952507
2016-11-22,29.91,5186474013,155127436937
2016-11-23,29.89,5186474013,155023705083
2016-11-25,29.66,5186474013,153830818434
2016-11-28,29.66,5186474013,153830818434
2016-11-29,29.55,5186474013,153260303127
2016-11-30,29.69,5186474013,153986416216
2016-12-01,28.55,5186474013,148073829114
2016-12-02,28.86,5186474013,149681643181
2016-12-05,29.02,5186474013,150511478231
2016-12-06,29.51,5186474013,153052849311
2016-12-07,29.93,5186474013,155231168792
2016-12-08,30.04,5186474013,155801684099
2016-12-09,30.12,5186474013,156216601624
2016-12-12,29.90,5186474013,155075571010
2016-12-13,30.36,5186474013,157461354200
2016-12-14,29.87,5186474013,154919983121
2016-12-15,30.16,5186474013,156424055441
2016-12-16,29.48,5186474013,152897251529
2016-12-19,29.27,5186474013,151808096735
2016-12-20,29.31,5186474013,152015550551
2016-12-21,29.14,5186474013,151133849573
2016-12-22,28.74,5186474013,149059261947
2016-12-23,29.05,5186474013,150667066121
2016-12-27,29.10,5186474013,150926395757
2016-12-28,29.12,5186474013,151030127611
2016-12-29,29.13,5186474013,151081983646
2016-12-30,28.75,5186474013,149111127874
2017-01-03,29.31,5186474013,152015550551
2017-01-04,29.30,5186474013,151963684624
2017-01-05,29.80,5186474013,154556921630
2017-01-06,29.63,5186474013,153675220653
2017-01-09,30.04,5186474013,155801684099
2017-01-10,30.07,5186474013,155957271988
2017-01-11,30.17,5186474013,156475921368
2017-01-12,29.29,5186474013,151911828589
2017-01-13,29.44,5186474013,152689797713
2017-01-17,29.62,5186474013,153623364618
2017-01-18,29.49,5186474013,152949117456
2017-01-19,29.63,5186474013,153675220653
2017-01-20,30.07,5186474013,155957271988
2017-01-23,30.33,5186474013,157305756419
2017-01-24,30.82,5186474013,159847127498
2017-01-25,31.31,5186474013,162388498577
2017-01-26,31.11,5186474013,161351209710
2017-01-27,31.25,5186474013,162077312906
2017-01-30,31.19,5186474013,161766127235
2017-01-31,30.91,5186474013,160313910950
2017-02-01,31.08,5186474013,161195611928
2017-02-02,30.78,5186474013,159639673681
2017-02-03,30.97,5186474013,160625096621
2017-02-06,30.87,5186474013,160106457134
2017-02-07,30.52,5186474013,158291189251
2017-02-08,30.33,5186474013,157305756419
2017-02-09,30.21,5186474013,156683375184
2017-02-10,30.71,5186474013,159276612191
2017-02-13,31.69,5186474013,164359364242
2017-02-14,31.33,5186474013,162492230432
2017-02-15,31.75,5186474013,164670549913
2017-02-16,32.32,5186474013,167626838517
2017-02-17,32.34,5186474013,167730570372
2017-02-21,32.33,5186474013,167678714337
2017-02-22,32.07,5186474013,166330220014
2017-02-23,31.75,5186474013,164670549913
2017-02-24,31.92,5186474013,165552250891
2017-02-27,31.53,5186474013,163529529191
2017-02-28,31.47,5186474013,163218333628
2017-03-01,31.58,5186474013,163788848935
2017-03-02,30.87,5186474013,160106457134
2017-03-03,30.85,5186474013,160002725280
2017-03-06,30.85,5186474013,160002725280
2017-03-07,31.31,5186474013,162388498577
2017-03-08,31.22,5186474013,161921715125
2017-03-09,30.98,5186474013,160676962549
2017-03-10,31.06,5186474013,161091880074
2017-03-13,31.50,5186474013,163373931410
2017-03-14,31.21,5186474013,161869849197
2017-03-15,31.91,5186474013,165500384963
2017-03-16,32.41,5186474013,168093621970
2017-03-17,32.59,5186474013,169027188875
2017-03-20,32.85,5186474013,170375663413
2017-03-21,32.48,5186474013,168456673568
2017-03-22,32.69,5186474013,169545828362
2017-03-23,32.56,5186474013,168871600986
2017-03-24,32.81,5186474013,170168219489
2017-03-27,33.17,5186474013,172035333514
2017-03-28,33.35,5186474013,172968900420
2017-03-29,32.93,5186474013,170790590831
2017-03-30,33.07,5186474013,171516694027
2017-03-31,32.84,5186474013,170323807378
2017-04-03,32.89,5186474013,170583127122
2017-04-04,32.86,5186474013,170427539233
2017-04-05,32.90,5186474013,170635002942
2017-04-06,32.86,5186474013,170427539233
2017-04-07,32.87,5186474013,170479395268
2017-04-10,32.52,5186474013,168664137277
2017-04-11,32.40,5186474013,168041765935
2017-04-12,32.28,5186474013,167419374808
2017-04-13,31.83,5186474013,165085467438
2017-04-17,32.03,5186474013,166122756305
2017-04-18,31.79,5186474013,164878013622
2017-04-19,31.61,5186474013,163944446717
2017-04-20,31.79,5186474013,164878013622
2017-04-21,32.08,5186474013,166382095834
2017-04-24,32.70,5186474013,169597704182
2017-04-25,33.07,5186474013,171516694027
2017-04-26,33.00,5186474013,171153642429
2017-04-27,33.02,5186474013,171257374283
2017-04-28,33.07,5186474013,171516694027
2017-05-01,33.40,5186474013,173228239948
2017-05-02,33.93,5186474013,175977064844
2017-05-03,34.29,5186474013,177844198654
2017-05-04,34.14,5186474013,177066219638
2017-05-05,34.42,5186474013,178518426031
2017-05-08,34.98,5186474013,181422858601
2017-05-09,35.41,5186474013,183653044009
2017-05-10,35.41,5186474013,183653044009
2017-05-11,35.56,5186474013,184431023025
2017-05-12,35.37,5186474013,183445580300
2017-05-15,35.06,5186474013,181837786018
2017-05-16,35.03,5186474013,181682178344
2017-05-17,34.42,5186474013,178518426031
2017-05-18,34.90,5186474013,181007950968
2017-05-19,35.20,5186474013,182563889215
2017-05-22,35.40,5186474013,183601187974
2017-05-23,35.40,5186474013,183601187974
2017-05-24,35.52,5186474013,184223559316
2017-05-25,35.57,5186474013,184482879060
2017-05-26,35.51,5186474013,184171683496
2017-05-30,35.78,5186474013,185572033854
2017-05-31,35.36,5186474013,183393724265
2017-06-01,35.89,5186474013,186142549161
2017-06-02,36.18,5186474013,187646631373
2017-06-05,36.39,5186474013,188735786167
2017-06-06,36.43,5186474013,188943249876
2017-06-07,36.46,5186474013,189098837766
2017-06-08,36.83,5186474013,191017847396
2017-06-09,35.79,5186474013,185623909674
2017-06-12,35.24,5186474013,182771352923
2017-06-13,35.56,5186474013,184431023025
2017-06-14,35.65,5186474013,184897806477
2017-06-15,35.44,5186474013,183808631898
2017-06-16,35.87,5186474013,186038817307
2017-06-19,36.21,5186474013,187802219262
2017-06-20,36.13,5186474013,187387311629
2017-06-21,36.71,5186474013,190395456269
2017-06-22,36.71,5186474013,190395456269
2017-06-23,36.73,5186474013,190499188123
2017-06-26,36.13,5186474013,187387311629
2017-06-27,35.09,5186474013,181993373908
2017-06-28,35.35,5186474013,183341848446
2017-06-29,34.81,5186474013,180541167515
2017-06-30,34.96,5186474013,181319126746
2017-07-03,34.88,5186474013,180904219113
2017-07-05,34.82,5186474013,180593023550
2017-07-06,34.50,5186474013,178933353449
2017-07-07,34.63,5186474013,179607600610
2017-07-10,35.00,5186474013,181526590455
2017-07-11,35.38,5186474013,183497456120
2017-07-12,35.69,5186474013,185105250401
2017-07-13,36.15,5186474013,187491043484
2017-07-14,36.25,5186474013,188009682971
2017-07-17,35.91,5186474013,186246281015
2017-07-18,35.87,5186474013,186038817307
2017-07-19,36.41,5186474013,188839518022
2017-07-20,36.10,5186474013,187231703955
2017-07-21,35.85,5186474013,185935085452
2017-07-24,36.22,5186474013,187854095082
2017-07-25,36.10,5186474013,187231703955
2017-07-26,36.22,5186474013,187854095082
2017-07-27,36.18,5186474013,187646631373
2017-07-28,35.86,5186474013,185986961272
2017-07-31,35.96,5186474013,186505600759
2017-08-01,35.84,5186474013,185883229417
2017-08-02,36.07,5186474013,187076116066
2017-08-03,35.79,5186474013,185623909674
2017-08-04,36.03,5186474013,186868652357
2017-08-07,36.79,5186474013,190810383687
2017-08-08,36.70,5186474013,190343600234
2017-08-09,36.46,5186474013,189098837766
2017-08-10,35.34,5186474013,183289992411
2017-08-11,36.14,5186474013,187439167664
2017-08-14,36.05,5186474013,186972384212
2017-08-15,36.42,5186474013,188891374057
2017-08-16,36.34,5186474013,188476466424
2017-08-17,35.79,5186474013,185623909674
2017-08-18,35.86,5186474013,185986961272
2017-08-21,35.98,5186474013,186609332614
2017-08-22,36.52,5186474013,189410033329
2017-08-23,36.58,5186474013,189721228892
2017-08-24,36.83,5186474013,191017847396
2017-08-25,36.85,5186474013,191121559465
2017-08-28,36.77,5186474013,190706651832
2017-08-29,36.88,5186474013,191277167139
2017-08-30,36.93,5186474013,191536486883
2017-08-31,36.97,5186474013,191743950592
2017-09-01,37.22,5186474013,193040569095
2017-09-05,36.85,5186474013,191121559465
2017-09-06,37.27,5186474013,193299888839
2017-09-07,37.54,5186474013,194700239196
2017-09-08,37.50,5186474013,194492775488
2017-09-11,37.84,5186474013,196256177443
2017-09-12,37.86,5186474013,196359909298
2017-09-13,37.53,5186474013,194648363377
2017-09-14,37.38,5186474013,193870404146
2017-09-15,37.65,5186474013,195270754503
2017-09-18,38.07,5186474013,197449064092
2017-09-19,38.30,5186474013,198641950741
2017-09-20,37.82,5186474013,196152445589
2017-09-21,38.24,5186474013,198330774962
2017-09-22,37.77,5186474013,195893125845
2017-09-25,37.07,5186474013,192262590079
2017-09-26,37.14,5186474013,192625641677
2017-09-27,37.25,5186474013,193196156984
2017-09-28,37.05,5186474013,192158858225
2017-09-29,37.55,5186474013,194752095231
2017-10-02,38.13,5186474013,197760259655
2017-10-03,38.44,5186474013,199368053937
2017-10-04,38.27,5186474013,198486362852
2017-10-05,38.46,5186474013,199471785792
2017-10-06,38.46,5186474013,199471785792
2017-10-09,38.77,5186474013,201079599858
2017-10-10,38.97,5186474013,202116898618
2017-10-11,40.35,5186474013,209274218511
2017-10-12,40.44,5186474013,209741001963
2017-10-13,40.82,5186474013,211711867628
2017-10-16,40.89,5186474013,212074919226
2017-10-17,41.25,5186474013,213942053036
2017-10-18,41.50,5186474013,215238671540
2017-10-19,41.07,5186474013,213008486131
2017-10-20,41.12,5186474013,213267805875
2017-10-23,41.21,5186474013,213734589327
2017-10-24,41.32,5186474013,214305104634
2017-10-25,41.16,5186474013,213475269584
2017-10-26,41.20,5186474013,213682733293
2017-10-27,42.15,5186474013,218609887562
2017-10-30,42.13,5186474013,218506155707
2017-10-31,42.33,5186474013,219543454467
2017-11-01,42.10,5186474013,218350548033
2017-11-02,42.15,5186474013,218609887562
2017-11-03,42.19,5186474013,218817331486
2017-11-06,42.43,5186474013,220062093954
2017-11-07,42.51,5186474013,220477001587
2017-11-08,42.43,5186474013,220062093954
2017-11-09,41.64,5186474013,215964774736
2017-11-10,41.72,5186474013,216379702154
2017-11-13,42.01,5186474013,217883764581
2017-11-14,41.86,5186474013,217105805350
2017-11-15,41.54,5186474013,215446135248
2017-11-16,42.10,5186474013,218350548033
2017-11-17,42.07,5186474013,218194960144
2017-11-20,42.21,5186474013,218921063340
2017-11-21,42.58,5186474013,220840072970
2017-11-22,42.41,5186474013,219958362100
2017-11-24,42.99,5186474013,222966526524
2017-11-27,41.09,5186474013,213112217986
2017-11-28,40.93,5186474013,212282382935
2017-11-29,39.41,5186474013,204398940061
2017-11-30,39.60,5186474013,205384363001
2017-12-01,39.70,5186474013,205903022273
2017-12-04,39.39,5186474013,204295208206
2017-12-05,39.20,5186474013,203309785267
2017-12-06,38.68,5186474013,200612816406
2017-12-07,39.01,5186474013,202324342542
2017-12-08,39.00,5186474013,202272486507
2017-12-11,39.37,5186474013,204191476352
2017-12-12,39.30,5186474013,203828424754
2017-12-13,39.29,5186474013,203776568719
2017-12-14,39.40,5186474013,204347084026
2017-12-15,39.50,5186474013,204865723514
2017-12-18,39.40,5186474013,204347084026
2017-12-19,39.34,5186474013,204035888463
2017-12-20,39.44,5186474013,204554527950
2017-12-21,39.23,5186474013,203465373156
2017-12-22,39.63,5186474013,205539970675
2017-12-26,38.95,5186474013,202013166763
2017-12-27,39.08,5186474013,202687413925
2017-12-28,39.74,5186474013,206110485982
2017-12-29,39.65,5186474013,205643702529
2018-01-02,41.02,5186474013,212749166387
2018-01-03,41.71,5186474013,216327826334
2018-01-04,41.49,5186474013,215186815505
2018-01-05,42.46,5186474013,220217681844
2018-01-08,42.44,5186474013,220113949989
2018-01-09,42.18,5186474013,218765475451
2018-01-10,41.30,5186474013,214201372780
2018-01-11,41.03,5186474013,212801022422
2018-01-12,41.19,5186474013,213630857473
2018-01-16,42.23,5186474013,219024795195
2018-01-17,43.13,5186474013,223692629720
2018-01-18,44.57,5186474013,231161145177
2018-01-19,44.67,5186474013,231679784664
2018-01-22,46.38,5186474013,240548670263
2018-01-23,46.28,5186474013,240030010990
2018-01-24,45.33,5186474013,235102876506
2018-01-25,45.10,5186474013,233909970072
2018-01-26,45.72,5186474013,237125598206
2018-01-29,45.40,5186474013,235465928104
2018-01-30,44.88,5186474013,232768959243
2018-01-31,45.31,5186474013,234999144652
2018-02-01,45.45,5186474013,235725247848
2018-02-02,44.51,5186474013,230849949613
2018-02-05,42.95,5186474013,222759062815
2018-02-06,43.59,5186474013,226078403018
2018-02-07,41.88,5186474013,217209537204
2018-02-08,40.36,5186474013,209326094330
2018-02-09,41.47,5186474013,215083083650
2018-02-12,42.53,5186474013,220580733442
2018-02-13,42.38,5186474013,219802774211
2018-02-14,43.05,5186474013,223277702303
2018-02-15,43.52,5186474013,225715351420
2018-02-16,43.48,5186474013,225507887711
2018-02-20,43.74,5186474013,226856382034
2018-02-21,42.89,5186474013,222447867252
2018-02-22,42.39,5186474013,219854630245
2018-02-23,43.90,5186474013,227686217085
2018-02-26,44.41,5186474013,230331310126
2018-02-27,43.62,5186474013,226233990907
2018-02-28,43.35,5186474013,224833640550
2018-03-01,42.72,5186474013,221566176167
2018-03-02,43.01,5186474013,223070238594
2018-03-05,43.49,5186474013,225559763531
2018-03-06,43.54,5186474013,225819083274
2018-03-07,44.20,5186474013,229242155332
2018-03-08,43.80,5186474013,227167557812
2018-03-09,44.59,5186474013,231264877031
2018-03-12,45.22,5186474013,234532361199
2018-03-13,44.99,5186474013,233339474550
2018-03-14,45.15,5186474013,234169309601
2018-03-15,45.31,5186474013,234999144652
2018-03-16,44.97,5186474013,233235742696
2018-03-19,44.60,5186474013,231316733066
2018-03-20,44.83,5186474013,232509639500
2018-03-21,44.70,5186474013,231835392338
2018-03-22,43.69,5186474013,226597042505
2018-03-23,42.58,5186474013,220840072970
2018-03-26,44.27,5186474013,229605206930
2018-03-27,43.29,5186474013,224522464771
2018-03-28,42.69,5186474013,221410568492
2018-03-29,43.76,5186474013,226960094104
2018-04-02,42.50,5186474013,220425145553
2018-04-03,43.48,5186474013,225507887711
2018-04-04,43.94,5186474013,227893661009
2018-04-05,43.32,5186474013,224678052660
2018-04-06,42.42,5186474013,220010218135
2018-04-09,43.07,5186474013,223381434157
2018-04-10,43.58,5186474013,226026546983
2018-04-11,43.38,5186474013,224989248224
2018-04-12,43.85,5186474013,227426877556
2018-04-13,42.65,5186474013,221203124568
2018-04-16,42.87,5186474013,222344135398
2018-04-17,42.31,5186474013,219439722613
2018-04-18,41.92,5186474013,217416981128
2018-04-19,39.53,5186474013,205021311403
2018-04-20,38.95,5186474013,202013166763
2018-04-23,38.75,5186474013,200975868004
2018-04-24,38.75,5186474013,200975868004
2018-04-25,38.17,5186474013,197967703579
2018-04-26,38.17,5186474013,197967703579
2018-04-27,38.17,5186474013,197967703579
2018-04-30,38.45,5186474013,199419929757
2018-05-01,38.93,5186474013,201909434909
2018-05-02,37.75,5186474013,195789393991
2018-05-03,38.10,5186474013,197604651981
2018-05-04,38.59,5186474013,200146032953
2018-05-07,38.45,5186474013,199419929757
2018-05-08,39.18,5186474013,203206053412
2018-05-09,39.35,5186474013,204087744498
2018-05-10,39.77,5186474013,206266073871
2018-05-11,39.91,5186474013,206992177067
2018-05-14,39.95,5186474013,207199640776
2018-05-15,39.30,5186474013,203828424754
2018-05-16,39.79,5186474013,206369805726
2018-05-17,38.96,5186474013,202065022798
2018-05-18,38.42,5186474013,199264322083
2018-05-21,39.47,5186474013,204710135624
2018-05-22,39.64,5186474013,205591826710
2018-05-23,39.65,5186474013,205643702529
2018-05-24,39.27,5186474013,203672836865
2018-05-25,39.30,5186474013,203828424754
2018-05-29,38.16,5186474013,197915847545
2018-05-30,38.34,5186474013,198849414450
2018-05-31,38.70,5186474013,200716548260
2018-06-01,39.20,5186474013,203309785267
2018-06-04,39.97,5186474013,207303372631
2018-06-05,39.54,5186474013,205073187222
2018-06-06,39.56,5186474013,205176919077
2018-06-07,39.52,5186474013,204969455368
2018-06-08,38.93,5186474013,201909434909
2018-06-11,38.76,5186474013,201027724039
2018-06-12,39.20,5186474013,203309785267
2018-06-13,39.05,5186474013,202531806251
2018-06-14,38.60,5186474013,200197888988
2018-06-15,38.69,5186474013,200664672440
2018-06-18,38.25,5186474013,198382630997
2018-06-19,37.56,5186474013,194803971051
2018-06-20,38.35,5186474013,198901270485
2018-06-21,37.62,5186474013,195115146829
2018-06-22,38.12,5186474013,197708383836
2018-06-25,36.51,5186474013,189358157509
2018-06-26,36.46,5186474013,189098837766
2018-06-27,35.51,5186474013,184171683496
2018-06-28,35.94,5186474013,186401868905
2018-06-29,36.56,5186474013,189617497038
2018-07-02,36.54,5186474013,189513765183
2018-07-03,36.39,5186474013,188735786167
2018-07-05,36.59,5186474013,189773084927
2018-07-06,37.27,5186474013,193299888839
2018-07-09,37.83,5186474013,196204321409
2018-07-10,37.93,5186474013,196722960896
2018-07-11,36.97,5186474013,191743950592
2018-07-12,37.31,5186474013,193507352548
2018-07-13,37.77,5186474013,195893125845
2018-07-16,37.79,5186474013,195996857700
2018-07-17,38.04,5186474013,197293476203
2018-07-18,38.41,5186474013,199212466048
2018-07-19,39.81,5186474013,206473537580
2018-07-20,40.73,5186474013,211245084175
2018-07-23,40.74,5186474013,211296959995
2018-07-24,40.39,5186474013,209481682219
2018-07-25,40.89,5186474013,212074919226
2018-07-26,40.82,5186474013,211711867628
2018-07-27,41.45,5186474013,214979351796
2018-07-30,41.09,5186474013,213112217986
2018-07-31,41.21,5186474013,213734589327
2018-08-01,41.71,5186474013,216327826334
2018-08-02,41.55,5186474013,215497991283
2018-08-03,41.69,5186474013,216224094479
2018-08-06,41.07,5186474013,213008486131
2018-08-07,41.24,5186474013,213890197001
2018-08-08,41.97,5186474013,217676320657
2018-08-09,41.84,5186474013,217002073495
2018-08-10,41.03,5186474013,212801022422
2018-08-13,40.71,5186474013,211141352321
2018-08-14,40.91,5186474013,212178651080
2018-08-15,40.45,5186474013,209792877783
2018-08-16,40.41,5186474013,209585414074
2018-08-17,40.13,5186474013,208133207681
2018-08-20,40.10,5186474013,207977600007
2018-08-21,40.89,5186474013,212074919226
2018-08-22,40.90,5186474013,212126795046
2018-08-23,40.68,5186474013,210985764432
2018-08-24,41.24,5186474013,213890197001
2018-08-27,41.53,5186474013,215394259429
2018-08-28,42.35,5186474013,219647166537
2018-08-29,44.13,5186474013,228879103733
2018-08-30,43.46,5186474013,225404155857
2018-08-31,43.60,5186474013,226130259053
2018-09-04,44.11,5186474013,228775371879
2018-09-05,44.22,5186474013,229345887186
2018-09-06,44.05,5186474013,228464176316
2018-09-07,44.88,5186474013,232768959243
2018-09-10,44.62,5186474013,231420464920
2018-09-11,44.55,5186474013,231057413322
2018-09-12,43.94,5186474013,227893661009
2018-09-13,43.43,5186474013,225248567967
2018-09-14,44.41,5186474013,230331310126
2018-09-17,43.76,5186474013,226960094104
2018-09-18,43.56,5186474013,225922815129
2018-09-19,44.02,5186474013,228308588426
2018-09-20,44.17,5186474013,229086547657
2018-09-21,44.06,5186474013,228516052135
2018-09-24,44.89,5186474013,232820815278
2018-09-25,44.17,5186474013,229086547657
2018-09-26,44.27,5186474013,229605206930
2018-09-27,44.76,5186474013,232146568117
2018-09-28,44.16,5186474013,229034691623
2018-10-01,44.66,5186474013,231627928629
2018-10-02,43.62,5186474013,226233990907
2018-10-03,43.96,5186474013,227997392863
2018-10-04,42.43,5186474013,220062093954
2018-10-05,41.63,5186474013,215912918701
2018-10-08,40.96,5186474013,212437970824
2018-10-09,40.90,5186474013,212126795046
2018-10-10,39.35,5186474013,204087744498
2018-10-11,38.94,5186474013,201961290944
2018-10-12,39.66,5186474013,205695558564
2018-10-15,38.75,5186474013,200975868004
2018-10-16,40.01,5186474013,207510816555
2018-10-17,39.57,5186474013,205228775112
2018-10-18,38.54,5186474013,199886713209
2018-10-19,38.45,5186474013,199419929757
2018-10-22,38.72,5186474013,200820280115
2018-10-23,38.00,5186474013,197086012494
2018-10-24,36.48,5186474013,189202569620
2018-10-25,37.39,5186474013,193922260180
2018-10-26,36.67,5186474013,190187992560
2018-10-29,36.33,5186474013,188424610389
2018-10-30,37.78,5186474013,195944981880
2018-10-31,38.10,5186474013,197604651981
2018-11-01,39.05,5186474013,202531806251
2018-11-02,38.78,5186474013,201131455893
2018-11-05,38.48,5186474013,199575517646
2018-11-06,38.73,5186474013,200872136149
2018-11-07,39.18,5186474013,203206053412
2018-11-08,38.70,5186474013,200716548260
2018-11-09,38.07,5186474013,197449064092
2018-11-12,37.06,5186474013,192210734044
2018-11-13,37.40,5186474013,193974136000
2018-11-14,37.84,5186474013,196256177443
2018-11-15,38.52,5186474013,199782981355
2018-11-16,36.87,5186474013,191225291320
2018-11-19,36.05,5186474013,186972384212
2018-11-20,35.64,5186474013,184845930658
2018-11-21,36.17,5186474013,187594755553
2018-11-23,35.96,5186474013,186505600759
2018-11-26,36.84,5186474013,191069703430
2018-11-27,36.80,5186474013,190862239721
2018-11-28,38.01,5186474013,197137868529
2018-11-29,37.93,5186474013,196722960896
2018-11-30,37.59,5186474013,194959558940
2018-12-03,38.73,5186474013,200872136149
2018-12-04,37.44,5186474013,194181579924
2018-12-06,36.86,5186474013,191173435285
2018-12-07,36.52,5186474013,189410033329
2018-12-10,36.43,5186474013,188943249876
2018-12-11,36.70,5186474013,190343600234
2018-12-12,37.38,5186474013,193870404146
2018-12-13,37.33,5186474013,193611084402
2018-12-14,36.53,5186474013,189461889364
2018-12-17,36.22,5186474013,187854095082
2018-12-18,36.76,5186474013,190654776013
2018-12-19,36.23,5186474013,187905951117
2018-12-20,35.88,5186474013,186090693126
2018-12-21,35.71,5186474013,185208982256
2018-12-24,35.29,5186474013,183030672667
2018-12-26,36.76,5186474013,190654776013
2018-12-27,36.78,5186474013,190758507867
2018-12-28,37.14,5186474013,192625641677
2018-12-31,36.91,5186474013,191432755028
2019-01-02,36.52,5186474013,189410033329
2019-01-03,34.36,5186474013,178207250252
2019-01-04,34.97,5186474013,181371002566
2019-01-07,35.23,5186474013,182719477104
2019-01-08,34.94,5186474013,181215394892
2019-01-09,35.61,5186474013,184690342769
2019-01-10,36.42,5186474013,188891374057
2019-01-11,36.61,5186474013,189876816782
2019-01-14,35.76,5186474013,185468302000
2019-01-15,36.04,5186474013,186920528177
2019-01-16,35.64,5186474013,184845930658
2019-01-17,36.29,5186474013,188217146680
2019-01-18,36.84,5186474013,191069703430
2019-01-22,36.37,5186474013,188632054313
2019-01-23,36.49,5186474013,189254445440
2019-01-24,37.64,5186474013,195218878684
2019-01-25,38.14,5186474013,197812115690
2019-01-28,37.44,5186474013,194181579924
2019-01-29,36.33,5186474013,188424610389
2019-01-30,37.38,5186474013,193870404146
2019-01-31,37.62,5186474013,195115146829
2019-02-01,37.57,5186474013,194855827086
2019-02-04,37.94,5186474013,196774816931
2019-02-05,38.25,5186474013,198382630997
2019-02-06,38.74,5186474013,200924011969
2019-02-07,38.12,5186474013,197708383836
2019-02-08,37.79,5186474013,195996857700
2019-02-11,38.29,5186474013,198590094706
2019-02-12,38.64,5186474013,200405352697
2019-02-13,38.13,5186474013,197760259655
2019-02-14,38.06,5186474013,197397208057
2019-02-15,38.09,5186474013,197552795947
2019-02-19,38.46,5186474013,199471785792
2019-02-20,39.00,5186474013,202272486507
2019-02-21,38.98,5186474013,202168754653
2019-02-22,39.39,5186474013,204295208206
2019-02-25,39.58,5186474013,205280650931
2019-02-26,39.60,5186474013,205384363001
2019-02-27,39.45,5186474013,204606403770
2019-02-28,39.05,5186474013,202531806251
2019-03-01,39.39,5186474013,204295208206
2019-03-04,39.15,5186474013,203050465523
2019-03-05,39.02,5186474013,202376218361
2019-03-06,38.79,5186474013,201183331713
2019-03-07,38.63,5186474013,200353496662
2019-03-08,38.20,5186474013,198123311254
2019-03-11,38.64,5186474013,200405352697
2019-03-12,38.90,5186474013,201753847020
2019-03-13,39.21,5186474013,203361641301
2019-03-14,38.82,5186474013,201338919602
2019-03-15,39.65,5186474013,205643702529
2019-03-18,39.85,5186474013,206680981504
2019-03-19,39.76,5186474013,206214198052
2019-03-20,39.85,5186474013,206680981504
2019-03-21,41.04,5186474013,212852898242
2019-03-22,40.43,5186474013,209689145928
2019-03-25,39.92,5186474013,207044033102
2019-03-26,40.40,5186474013,209533558039
2019-03-27,40.20,5186474013,208496259280
2019-03-28,40.34,5186474013,209222362476
2019-03-29,40.96,5186474013,212437970824
2019-04-01,41.37,5186474013,214564424378
2019-04-02,41.27,5186474013,214045784891
2019-04-03,41.79,5186474013,216742753752
2019-04-04,42.04,5186474013,218039372255
2019-04-05,42.23,5186474013,219024795195
2019-04-08,42.39,5186474013,219854630245
2019-04-09,42.21,5186474013,218921063340
2019-04-10,42.37,5186474013,219750898391
2019-04-11,42.10,5186474013,218350548033
2019-04-12,42.58,5186474013,220840072970
2019-04-15,42.61,5186474013,220995660860
2019-04-16,43.01,5186474013,223070238594
2019-04-17,44.39,5186474013,230227578271
2019-04-18,45.40,5186474013,235465928104
2019-04-22,45.15,5186474013,234169309601
2019-04-23,45.42,5186474013,235569640174
2019-04-24,45.41,5186474013,235517784139
2019-04-25,44.48,5186474013,230694361724
2019-04-26,43.94,5186474013,227893661009
2019-04-29,43.83,5186474013,227323165487
2019-04-30,43.82,5186474013,227271289667
2019-05-01,43.82,5186474013,227271289667
2019-05-02,44.40,5186474013,230279454091
2019-05-03,44.71,5186474013,231887248373
2019-05-06,43.76,5186474013,226960094104
2019-05-07,43.76,5186474013,226960094104
2019-05-08,43.70,5186474013,226648918325
2019-05-09,43.25,5186474013,224315001062
2019-05-10,42.83,5186474013,222136691474
2019-05-13,40.99,5186474013,212593578498
2019-05-14,41.97,5186474013,217676320657
2019-05-15,41.97,5186474013,217676320657
2019-05-16,41.53,5186474013,215394259429
2019-05-17,40.25,5186474013,208755579023
2019-05-20,38.66,5186474013,200509084551
2019-05-21,39.30,5186474013,203828424754
2019-05-22,38.90,5186474013,201753847020
2019-05-23,38.07,5186474013,197449064092
2019-05-24,38.20,5186474013,198123311254
2019-05-28,37.65,5186474013,195270754503
2019-05-29,37.69,5186474013,195478198427
2019-05-30,38.04,5186474013,197293476203
2019-05-31,38.35,5186474013,198901270485
2019-06-03,38.82,5186474013,201338919602
2019-06-04,39.06,5186474013,202583682070
2019-06-05,38.23,5186474013,198278899143
2019-06-06,38.44,5186474013,199368053937
2019-06-07,38.82,5186474013,201338919602
2019-06-10,39.62,5186474013,205488094855
2019-06-11,39.96,5186474013,207251496811
2019-06-12,39.46,5186474013,204658259805
2019-06-13,39.45,5186474013,204606403770
2019-06-14,37.84,5186474013,196256177443
2019-06-17,37.66,5186474013,195322610538
2019-06-18,39.21,5186474013,203361641301
2019-06-19,39.40,5186474013,204347084026
2019-06-20,40.51,5186474013,210104053561
2019-06-21,40.52,5186474013,210155929381
2019-06-24,39.98,5186474013,207355228666
2019-06-25,38.92,5186474013,201857559089
2019-06-26,39.08,5186474013,202687413925
2019-06-27,39.59,5186474013,205332506966
2019-06-28,39.17,5186474013,203154177592
2019-07-01,41.38,5186474013,214616300198
2019-07-02,40.80,5186474013,211608135773
2019-07-03,40.33,5186474013,209170506441
2019-07-05,39.93,5186474013,207095908922
2019-07-08,39.32,5186474013,203932156608
2019-07-09,39.67,5186474013,205747414599
2019-07-10,40.71,5186474013,211141352321
2019-07-11,40.90,5186474013,212126795046
2019-07-12,41.23,5186474013,213838321182
2019-07-15,41.82,5186474013,216898341641
2019-07-16,41.77,5186474013,216639021897
2019-07-17,41.63,5186474013,215912918701
2019-07-18,43.19,5186474013,224003805499
2019-07-19,43.83,5186474013,227323165487
2019-07-22,44.60,5186474013,231316733066
2019-07-23,44.42,5186474013,230383166161
2019-07-24,44.54,5186474013,231005557287
2019-07-25,43.62,5186474013,226233990907
2019-07-26,43.46,5186474013,225404155857
2019-07-29,43.94,5186474013,227893661009
2019-07-30,43.11,5186474013,223588897866
2019-07-31,42.63,5186474013,221099392714
2019-08-01,41.87,5186474013,217157661385
2019-08-02,41.65,5186474013,216016650555
2019-08-05,39.87,5186474013,206784713359
2019-08-06,41.26,5186474013,213993909071
2019-08-07,41.26,5186474013,213993909071
2019-08-08,41.90,5186474013,217313269059
2019-08-09,41.41,5186474013,214771888087
2019-08-12,40.96,5186474013,212437970824
2019-08-13,41.84,5186474013,217002073495
2019-08-14,40.43,5186474013,209689145928
2019-08-15,40.86,5186474013,211919331337
2019-08-16,41.54,5186474013,215446135248
2019-08-19,41.78,5186474013,216690877932
2019-08-20,41.94,5186474013,217520712983
2019-08-21,42.58,5186474013,220840072970
2019-08-22,42.13,5186474013,218506155707
2019-08-23,40.95,5186474013,212386114789
2019-08-26,41.34,5186474013,214408836489
2019-08-27,41.35,5186474013,214460692524
2019-08-28,41.65,5186474013,216016650555
2019-08-29,42.28,5186474013,219284114938
2019-08-30,42.63,5186474013,221099392714
2019-09-03,41.72,5186474013,216379702154
2019-09-04,43.15,5186474013,223796361575
2019-09-05,44.24,5186474013,229449619040
2019-09-06,43.71,5186474013,226700774360
2019-09-09,43.85,5186474013,227426877556
2019-09-10,44.10,5186474013,228723496059
2019-09-11,44.22,5186474013,229345887186
2019-09-12,44.07,5186474013,228567908170
2019-09-13,44.74,5186474013,232042856047
2019-09-16,44.60,5186474013,231316733066
2019-09-17,45.13,5186474013,234065577746
2019-09-18,45.04,5186474013,233598794294
2019-09-19,44.90,5186474013,232872691098
2019-09-20,43.87,5186474013,227530609411
2019-09-23,44.07,5186474013,228567908170
2019-09-24,44.12,5186474013,228827227914
2019-09-25,45.01,5186474013,233443186620
2019-09-26,46.46,5186474013,240963577896
2019-09-27,45.51,5186474013,236036423626
2019-09-30,46.48,5186474013,241067309750
2019-10-01,47.19,5186474013,244749701551
2019-10-02,46.43,5186474013,240807990006
2019-10-03,47.13,5186474013,244438525772
2019-10-04,47.42,5186474013,245942588200
2019-10-07,47.95,5186474013,248691432880
2019-10-08,47.86,5186474013,248224649428
2019-10-09,48.68,5186474013,252477556536
2019-10-10,48.93,5186474013,253774175039
2019-10-11,49.42,5186474013,256315536226
2019-10-14,49.91,5186474013,258856917197
2019-10-15,50.39,5186474013,261346422349
2019-10-16,50.13,5186474013,259997947811
2019-10-17,49.75,5186474013,258027082147
2019-10-18,49.28,5186474013,255589433029
2019-10-21,50.00,5186474013,259323700650
2019-10-22,50.64,5186474013,262643040853
2019-10-23,50.17,5186474013,260205391735
2019-10-24,50.95,5186474013,264250854919
2019-10-25,51.13,5186474013,265184421824
2019-10-28,51.31,5186474013,266117988730
2019-10-29,51.47,5186474013,266947823780
2019-10-30,51.91,5186474013,269229865223
2019-10-31,51.63,5186474013,267777658831
2019-11-01,52.10,5186474013,270215288163
2019-11-04,53.49,5186474013,277424503661
2019-11-05,53.55,5186474013,277735679439
2019-11-06,53.64,5186474013,278202462892
2019-11-07,53.67,5186474013,278358050781
2019-11-08,52.83,5186474013,274001431604
2019-11-11,52.60,5186474013,272808525170
2019-11-12,52.15,5186474013,270474627692
2019-11-13,52.88,5186474013,274260751347
2019-11-14,52.48,5186474013,272186153828
2019-11-15,53.29,5186474013,276387204901
2019-11-18,53.42,5186474013,277061432278
2019-11-19,53.76,5186474013,278824834234
2019-11-20,53.50,5186474013,277476359696
2019-11-21,52.98,5186474013,274779390835
2019-11-22,52.79,5186474013,273793967895
2019-11-25,53.76,5186474013,278824834234
2019-11-26,53.63,5186474013,278150606857
2019-11-27,53.89,5186474013,279499081395
2019-11-29,53.09,5186474013,275349906142
2019-12-02,52.98,5186474013,274779390835
2019-12-03,52.78,5186474013,273742092075
2019-12-04,53.18,5186474013,275816689594
2019-12-05,54.40,5186474013,282144194221
2019-12-06,54.94,5186474013,284944875152
2019-12-09,54.46,5186474013,282455370000
2019-12-10,54.52,5186474013,282766565563
2019-12-11,55.90,5186474013,289923905241
2019-12-12,58.61,5186474013,303979245068
2019-12-13,58.25,5186474013,302112111257
2019-12-16,58.54,5186474013,303616193469
2019-12-17,59.23,5186474013,307194853416
2019-12-18,59.10,5186474013,306520606254
2019-12-19,57.96,5186474013,300608029045
2019-12-20,57.93,5186474013,300452441156
2019-12-23,58.22,5186474013,301956523368
2019-12-24,57.76,5186474013,299570730286
2019-12-26,58.25,5186474013,302112111257
2019-12-27,58.46,5186474013,303201266052
2019-12-30,57.85,5186474013,300037513738
2019-12-31,58.10,5186474013,301334132241
2020-01-02,60.04,5186474013,311395904489
2020-01-03,58.06,5186474013,301126688317
2020-01-06,57.39,5186474013,297651740440
2020-01-07,58.32,5186474013,302475162855
2020-01-08,58.75,5186474013,304705348264
2020-01-09,59.23,5186474013,307194853416
2020-01-10,58.86,5186474013,305275863571
2020-01-13,60.06,5186474013,311499636343
2020-01-14,60.32,5186474013,312848110881
2020-01-15,58.39,5186474013,302838214453
2020-01-16,58.75,5186474013,304705348264
2020-01-17,58.58,5186474013,303823657178
2020-01-21,58.24,5186474013,302060255222
2020-01-22,58.35,5186474013,302630750745
2020-01-23,57.48,5186474013,298118523893
2020-01-24,57.73,5186474013,299415142396
2020-01-27,55.26,5186474013,286604545253
2020-01-28,57.09,5186474013,296095802194
2020-01-29,57.19,5186474013,296614441681
2020-01-30,55.80,5186474013,289405245968
2020-01-31,53.94,5186474013,279758401139
2020-02-03,54.77,5186474013,284063184066
2020-02-04,57.52,5186474013,298325987602
2020-02-05,57.92,5186474013,300400565336
2020-02-06,58.02,5186474013,300919224608
2020-02-07,56.20,5186474013,291479843488
2020-02-10,57.02,5186474013,295732750595
2020-02-11,58.66,5186474013,304238564811
2020-02-12,59.63,5186474013,309269450935
2020-02-13,59.33,5186474013,307713512688
2020-02-14,58.19,5186474013,301800915694
2020-02-18,56.18,5186474013,291376111633
2020-02-19,57.64,5186474013,298948358944
2020-02-20,56.48,5186474013,292932049880
2020-02-21,55.59,5186474013,288316091174
2020-02-24,54.12,5186474013,280691968044
2020-02-25,53.86,5186474013,279343493506
2020-02-26,55.03,5186474013,285411658604
2020-02-27,53.29,5186474013,276387204901
2020-02-28,53.84,5186474013,279239761651
2020-03-02,55.98,5186474013,290338812874
2020-03-03,54.88,5186474013,284633699373
2020-03-04,57.08,5186474013,296043946159
2020-03-05,55.73,5186474013,289042194370
2020-03-06,55.07,5186474013,285619122313
2020-03-09,51.83,5186474013,268814957591
2020-03-10,54.51,5186474013,282714689743
2020-03-11,52.24,5186474013,270941411144
2020-03-12,48.69,5186474013,252529412570
2020-03-13,52.23,5186474013,270889535325
2020-03-16,44.90,5186474013,232872691098
2020-03-17,48.54,5186474013,251751453339
2020-03-18,44.37,5186474013,230123846417
2020-03-19,43.89,5186474013,227634341265
2020-03-20,44.53,5186474013,230953681468
2020-03-23,45.26,5186474013,234739805123
2020-03-24,48.87,5186474013,253462979476
2020-03-25,49.00,5186474013,254137226637
2020-03-26,49.87,5186474013,258649453489
2020-03-27,46.91,5186474013,243297495158
2020-03-30,47.82,5186474013,248017185719
2020-03-31,47.79,5186474013,247861597830
2020-04-01,46.51,5186474013,241222897639
2020-04-02,48.13,5186474013,249624999785
2020-04-03,47.06,5186474013,244075474174
2020-04-06,49.97,5186474013,259168112761
2020-04-07,49.72,5186474013,257871494258
2020-04-08,50.27,5186474013,260724051008
2020-04-09,48.33,5186474013,250662298545
2020-04-13,48.75,5186474013,252840608134
2020-04-14,50.63,5186474013,262591184818
2020-04-15,49.66,5186474013,257560298694
2020-04-16,52.40,5186474013,271771246195
2020-04-17,53.69,5186474013,278461782635
2020-04-20,52.59,5186474013,272756669135
2020-04-21,51.37,5186474013,266429164508
2020-04-22,52.95,5186474013,274623802945
2020-04-23,52.64,5186474013,273015988879
2020-04-24,52.73,5186474013,273482772331
2020-04-27,53.51,5186474013,277528215730
2020-04-28,52.76,5186474013,273638360221
2020-04-29,54.48,5186474013,282559101854
2020-04-30,53.13,5186474013,275557369850
2020-05-01,51.10,5186474013,265028814150
2020-05-04,52.15,5186474013,270474627692
2020-05-05,51.71,5186474013,268192566464
2020-05-06,52.13,5186474013,270370895837
2020-05-07,52.33,5186474013,271408194597
2020-05-08,52.91,5186474013,274416339236
2020-05-11,52.40,5186474013,271771246195
2020-05-12,51.10,5186474013,265028814150
2020-05-13,50.92,5186474013,264095247245
2020-05-14,52.10,5186474013,270215288163
2020-05-15,49.80,5186474013,258286401890
2020-05-18,51.87,5186474013,269022401515
2020-05-19,50.81,5186474013,263524751723
2020-05-20,51.84,5186474013,268866813625
2020-05-21,50.75,5186474013,263213556160
2020-05-22,49.80,5186474013,258286401890
2020-05-26,50.82,5186474013,263576607758
2020-05-27,51.74,5186474013,268348174138
2020-05-28,50.28,5186474013,260775907042
2020-05-29,50.33,5186474013,261035246571
2020-06-01,51.03,5186474013,264665762552
2020-06-02,52.01,5186474013,269748504711
2020-06-03,53.06,5186474013,275194318252
2020-06-04,54.28,5186474013,281521803094
2020-06-05,55.20,5186474013,286293369475
2020-06-08,55.57,5186474013,288212359320
2020-06-09,56.61,5186474013,293606297042
2020-06-10,57.55,5186474013,298481575491
2020-06-11,55.04,5186474013,285463534424
2020-06-12,56.00,5186474013,290442544728
2020-06-15,56.02,5186474013,290546276582
2020-06-16,55.80,5186474013,289405245968
2020-06-17,56.60,5186474013,293554421222
2020-06-18,56.15,5186474013,291220523744
2020-06-19,55.31,5186474013,286863884782
2020-06-22,56.00,5186474013,290442544728
2020-06-23,56.76,5186474013,294384256273
2020-06-24,56.58,5186474013,293450709152
2020-06-25,57.04,5186474013,295836482450
2020-06-26,56.33,5186474013,292154090649
2020-06-29,56.39,5186474013,292465266427
2020-06-30,56.77,5186474013,294436132092
2020-07-01,56.82,5186474013,294695451836
2020-07-02,58.62,5186474013,304031101102
2020-07-06,61.88,5186474013,320939017464
2020-07-07,60.71,5186474013,314870832581
2020-07-08,62.59,5186474013,324621409265
2020-07-09,64.78,5186474013,335979780231
2020-07-10,63.85,5186474013,331156357816
2020-07-13,65.07,5186474013,337483862443
2020-07-14,66.96,5186474013,347286295162
2020-07-15,66.06,5186474013,342618460636
2020-07-16,66.59,5186474013,345367285532
2020-07-17,66.40,5186474013,344381882377
2020-07-20,66.89,5186474013,346923243564
2020-07-21,67.81,5186474013,351694790159
2020-07-22,68.53,5186474013,355429057780
2020-07-23,67.37,5186474013,349412768501
2020-07-24,73.90,5186474013,383280437475
2020-07-27,83.25,5186474013,431773961582
2020-07-28,76.92,5186474013,398943571583
2020-07-29,82.67,5186474013,428765797158
2020-07-30,79.93,5186474013,414554869442
2020-07-31,78.89,5186474013,409160931720
2020-08-03,78.95,5186474013,409472107498
2020-08-04,80.19,5186474013,415903363765
2020-08-05,81.63,5186474013,423371859436
2020-08-06,80.52,5186474013,417614870116
2020-08-07,80.03,5186474013,415073508929
2020-08-10,79.87,5186474013,414243693663
2020-08-11,77.94,5186474013,404233797236
2020-08-12,79.39,5186474013,411754168726
2020-08-13,78.30,5186474013,406100931046
2020-08-14,78.41,5186474013,406671446353
2020-08-17,80.19,5186474013,415903363765
2020-08-18,79.41,5186474013,411857920366
2020-08-19,78.54,5186474013,407345673729
2020-08-20,76.81,5186474013,398373056276
2020-08-21,78.34,5186474013,406308355185
2020-08-24,78.90,5186474013,409212807540
2020-08-25,80.04,5186474013,415125384749
2020-08-26,81.75,5186474013,423994250563
2020-08-27,80.60,5186474013,418029797534
2020-08-28,80.44,5186474013,417199982268
2020-08-31,79.25,5186474013,411028065530
2020-09-01,81.55,5186474013,422956971588
2020-09-02,82.17,5186474013,426172560151
2020-09-03,81.18,5186474013,421037961958
2020-09-04,78.91,5186474013,409264683359
2020-09-08,77.32,5186474013,401018169102
2020-09-09,79.40,5186474013,411806044546
2020-09-10,78.90,5186474013,409212807540
2020-09-11,78.82,5186474013,408797880122
2020-09-14,80.50,5186474013,417511158047
2020-09-15,85.85,5186474013,445258786102
2020-09-16,83.13,5186474013,431151570456
2020-09-17,81.91,5186474013,424824105398
2020-09-18,80.23,5186474013,416110827474
2020-09-21,80.59,5186474013,417977921714
2020-09-22,80.48,5186474013,417407445977
2020-09-23,77.92,5186474013,404130045596
2020-09-24,78.38,5186474013,406515818894
2020-09-25,78.88,5186474013,409109055900
2020-09-28,79.77,5186474013,413725014606
2020-09-29,80.51,5186474013,417563033866
2020-09-30,81.07,5186474013,420467446651
2020-10-01,82.62,5186474013,428506497199
2020-10-02,80.80,5186474013,419067116078
2020-10-05,84.54,5186474013,438464517807
2020-10-06,83.12,5186474013,431099734206
2020-10-07,86.92,5186474013,450808311713
2020-10-08,87.80,5186474013,455372434169
2020-10-09,88.78,5186474013,460455156543
2020-10-12,90.91,5186474013,471502371515
2020-10-13,89.64,5186474013,464915527360
2020-10-14,88.60,5186474013,459521589638
2020-10-15,88.15,5186474013,457187692160
2020-10-16,86.70,5186474013,449667281099
2020-10-19,87.56,5186474013,454127651916
2020-10-20,88.26,5186474013,457758207467
2020-10-21,87.64,5186474013,454542579334
2020-10-22,88.21,5186474013,457498867938
2020-10-23,88.31,5186474013,458017507426
2020-10-26,86.73,5186474013,449822908558
2020-10-27,86.71,5186474013,449719156919
2020-10-28,83.85,5186474013,434885838076
2020-10-29,84.89,5186474013,440279775798
2020-10-30,83.87,5186474013,434989589715
2020-11-02,85.71,5186474013,444532682906
2020-11-03,87.69,5186474013,454801918862
2020-11-04,89.45,5186474013,463930084635
2020-11-05,90.43,5186474013,469012846578
2020-11-06,91.41,5186474013,474095608522
2020-11-09,89.03,5186474013,461751775046
2020-11-10,87.66,5186474013,454646330973
2020-11-11,90.88,5186474013,471346744056
2020-11-12,89.82,5186474013,465849094265
2020-11-13,93.22,5186474013,483483113823
2020-11-16,99.27,5186474013,514861257860
2020-11-17,95.71,5186474013,496397423036
2020-11-18,96.93,5186474013,502724927663
2020-11-19,96.61,5186474013,501065257562
2020-11-20,95.33,5186474013,494426577156
2020-11-23,98.13,5186474013,508948680651
2020-11-24,96.64,5186474013,501220845451
2020-11-25,97.49,5186474013,505629340448
2020-11-27,98.74,5186474013,512112432964
2020-11-30,97.02,5186474013,503191691331
2020-12-01,100.86,5186474013,523107772117
2020-12-02,99.54,5186474013,516261628002
2020-12-03,99.50,5186474013,516054164294
2020-12-04,103.73,5186474013,537992966779
2020-12-07,106.39,5186474013,551788967077
2020-12-08,105.64,5186474013,547899111568
2020-12-09,104.42,5186474013,541571606941
2020-12-10,104.23,5186474013,540586203786
2020-12-11,104.03,5186474013,539548885241
2020-12-14,103.56,5186474013,537111236124
2020-12-15,105.09,5186474013,545046535033
2020-12-16,105.20,5186474013,545617050340
2020-12-17,103.90,5186474013,538874657865
2020-12-18,104.28,5186474013,540845503744
2020-12-21,104.83,5186474013,543698080280
2020-12-22,103.94,5186474013,539082121574
2020-12-23,103.76,5186474013,538148554668
2020-12-24,105.97,5186474013,549610657489
2020-12-28,106.15,5186474013,550544224394
2020-12-29,105.56,5186474013,547484184150
2020-12-30,108.90,5186474013,564807027930
2020-12-31,109.04,5186474013,565533131126
2021-01-04,111.70,5186474013,579329131424
2021-01-05,112.77,5186474013,584878657035
2021-01-06,115.61,5186474013,599608263809
2021-01-07,121.43,5186474013,629793540981
2021-01-08,118.69,5186474013,615582613265
2021-01-11,122.60,5186474013,635861706080
2021-01-12,123.00,5186474013,637936303599
2021-01-13,119.23,5186474013,618383313981
2021-01-14,126.45,5186474013,655829623116
2021-01-15,125.23,5186474013,649502158059
2021-01-19,131.30,5186474013,680984053735
2021-01-20,130.64,5186474013,677560961893
2021-01-21,134.16,5186474013,695817372578
2021-01-22,129.14,5186474013,669781250873
2021-01-25,130.52,5186474013,676938610336
2021-01-26,126.65,5186474013,656866941660
2021-01-27,121.74,5186474013,631401335263
2021-01-28,125.83,5186474013,652614034553
2021-01-29,121.52,5186474013,630260304649
2021-02-01,126.66,5186474013,656918817480
2021-02-02,128.44,5186474013,666150734892
2021-02-03,127.50,5186474013,661275436658
2021-02-04,128.15,5186474013,664646613110
2021-02-05,127.78,5186474013,662727643050
2021-02-08,132.55,5186474013,687467146251
2021-02-09,132.68,5186474013,688141334058
2021-02-10,133.69,5186474013,693379723460
2021-02-11,139.16,5186474013,721749742643
2021-02-12,138.06,5186474013,716044589572
2021-02-16,140.05,5186474013,726365701349
2021-02-17,136.27,5186474013,706760835911
2021-02-18,134.63,5186474013,698255021695
2021-02-19,136.66,5186474013,708783557610
2021-02-22,133.57,5186474013,692757371903
2021-02-23,129.10,5186474013,669573826734
2021-02-24,132.30,5186474013,686170527748
2021-02-25,126.00,5186474013,653495725638
2021-02-26,125.94,5186474013,653184549860
2021-03-01,129.13,5186474013,669729414623
2021-03-02,126.00,5186474013,653495725638
2021-03-03,122.89,5186474013,637365788292
2021-03-04,115.59,5186474013,599504512169
2021-03-05,120.80,5186474013,626526076598
2021-03-08,113.93,5186474013,590894985884
2021-03-09,116.38,5186474013,603601831388
2021-03-10,113.83,5186474013,590376346397
2021-03-11,120.58,5186474013,625385045984
2021-03-12,118.30,5186474013,613559891566
2021-03-15,119.08,5186474013,617605334965
2021-03-16,119.35,5186474013,619005665538
2021-03-17,118.76,5186474013,615945664863
2021-03-18,114.50,5186474013,593851274489
2021-03-19,113.63,5186474013,589339027852
2021-03-22,117.18,5186474013,607751026426
2021-03-23,114.89,5186474013,595873996188
2021-03-24,108.96,5186474013,565118203708
2021-03-25,110.45,5186474013,572846038908
2021-03-26,116.56,5186474013,604535398293
2021-03-29,114.39,5186474013,593280759181
2021-03-30,115.07,5186474013,596807563093
2021-03-31,118.28,5186474013,613456139926
2021-04-01,124.80,5186474013,647271972650
2021-04-05,124.50,5186474013,645716014619
2021-04-06,122.44,5186474013,635031890814
2021-04-07,119.89,5186474013,621806366253
2021-04-08,123.43,5186474013,640166489007
2021-04-09,122.80,5186474013,636899024624
2021-04-12,120.90,5186474013,627044716086
2021-04-13,121.27,5186474013,628963686146
2021-04-14,120.84,5186474013,626733500737
2021-04-15,118.35,5186474013,613819191525
2021-04-16,118.84,5186474013,616360552711
2021-04-19,115.40,5186474013,598519109014
2021-04-20,114.95,5186474013,596185171966
2021-04-21,117.40,5186474013,608892057040
2021-04-22,115.32,5186474013,598104181596
2021-04-23,118.64,5186474013,615323273737
2021-04-26,121.52,5186474013,630260304649
2021-04-27,121.27,5186474013,628963686146
2021-04-28,119.66,5186474013,620613499389
2021-04-29,119.10,5186474013,617709047034
2021-04-30,116.74,5186474013,605468965198
2021-05-03,115.94,5186474013,601319809730
2021-05-04,115.36,5186474013,598311645305
2021-05-05,115.38,5186474013,598415357375
2021-05-06,117.00,5186474013,606817459521
2021-05-07,116.83,5186474013,605935768436
2021-05-10,112.31,5186474013,582492883738
2021-05-11,112.85,5186474013,585293584453
2021-05-12,108.21,5186474013,561228348198
2021-05-13,108.75,5186474013,564029048914
2021-05-14,112.46,5186474013,583270862754
2021-05-17,109.80,5186474013,569474862455
2021-05-18,110.84,5186474013,574868760607
2021-05-19,112.40,5186474013,582959686975
2021-05-20,113.28,5186474013,587523769861
2021-05-21,111.85,5186474013,580107110440
2021-05-24,113.63,5186474013,589339027852
2021-05-25,114.28,5186474013,592710243874
2021-05-26,116.00,5186474013,601630985508
2021-05-27,115.77,5186474013,600438079074
2021-05-28,117.36,5186474013,608684593331
2021-06-01,118.51,5186474013,614649046360
2021-06-02,118.95,5186474013,616931068018
2021-06-03,116.82,5186474013,605883892616
2021-06-04,119.51,5186474013,619835520373
2021-06-07,118.22,5186474013,613144964148
2021-06-08,115.92,5186474013,601216058090
2021-06-09,117.13,5186474013,607491686898
2021-06-10,118.24,5186474013,613248676218
2021-06-11,118.25,5186474013,613300552037
2021-06-14,120.99,5186474013,627511479753
2021-06-15,119.45,5186474013,619524305025
2021-06-16,118.02,5186474013,612107645604
2021-06-17,119.12,5186474013,617812798674
2021-06-18,115.79,5186474013,600541830714
2021-06-21,114.14,5186474013,591984140678
2021-06-22,114.33,5186474013,592969583403
2021-06-23,116.05,5186474013,601890325037
2021-06-24,117.24,5186474013,608062202205
2021-06-25,116.53,5186474013,604379810404
2021-06-28,119.61,5186474013,620354159861
2021-06-29,120.23,5186474013,623569787994
2021-06-30,120.16,5186474013,623206736396
2021-07-01,118.42,5186474013,614182243123
2021-07-02,118.91,5186474013,616723643879
2021-07-06,120.05,5186474013,622636221089
2021-07-07,118.25,5186474013,613300552037
2021-07-08,117.87,5186474013,611329706157
2021-07-09,120.56,5186474013,625281294345
2021-07-12,122.63,5186474013,636017293969
2021-07-13,123.90,5186474013,642604138125
2021-07-14,124.39,5186474013,645145499311
2021-07-15,117.53,5186474013,609566284417
2021-07-16,115.74,5186474013,600282491185
2021-07-19,115.35,5186474013,598259769486
2021-07-20,116.40,5186474013,603705583027
2021-07-21,117.87,5186474013,611329706157
2021-07-22,116.56,5186474013,604535398293
2021-07-23,116.79,5186474013,605728304727
2021-07-26,115.65,5186474013,599815727517
2021-07-27,113.54,5186474013,588872264184
2021-07-28,115.07,5186474013,596807563093
2021-07-29,116.15,5186474013,602408964524
2021-07-30,116.64,5186474013,604950325711
2021-08-02,116.86,5186474013,606091356325
2021-08-03,118.41,5186474013,614130406873
2021-08-04,118.74,5186474013,615841913224
2021-08-05,119.22,5186474013,618331438161
2021-08-06,118.21,5186474013,613093088328
2021-08-09,118.22,5186474013,613144964148
2021-08-10,116.36,5186474013,603498119318
2021-08-11,115.99,5186474013,601579109688
2021-08-12,115.70,5186474013,600075027476
2021-08-13,115.50,5186474013,599037748502
2021-08-16,114.63,5186474013,594525501865
2021-08-17,111.11,5186474013,576269130750
2021-08-18,110.45,5186474013,572846038908
2021-08-19,110.52,5186474013,573209090506
2021-08-20,108.12,5186474013,560761584531
2021-08-23,110.96,5186474013,575491151734
2021-08-24,112.11,5186474013,581455604763
2021-08-25,117.03,5186474013,606973047410
2021-08-26,118.10,5186474013,612522573021
2021-08-27,118.49,5186474013,614545294721
2021-08-30,118.99,5186474013,617138531727
2021-08-31,119.01,5186474013,617242283367
2021-09-01,120.46,5186474013,624762654858
2021-09-02,120.79,5186474013,626474200779
2021-09-03,123.97,5186474013,642967189723
2021-09-07,124.70,5186474013,646753293593
2021-09-08,121.89,5186474013,632179314279
2021-09-09,122.68,5186474013,636276633498
2021-09-10,122.97,5186474013,637780715710
2021-09-13,123.62,5186474013,641151931732
2021-09-14,123.09,5186474013,638403067267
2021-09-15,121.50,5186474013,630156592580
2021-09-16,120.79,5186474013,626474200779
2021-09-17,117.75,5186474013,610707315031
2021-09-20,114.70,5186474013,594888553463
2021-09-21,114.96,5186474013,596237047786
2021-09-22,115.87,5186474013,600956758131
2021-09-23,116.19,5186474013,602616428233
2021-09-24,115.64,5186474013,599763851698
2021-09-27,116.15,5186474013,602408964524
2021-09-28,111.90,5186474013,580366449969
2021-09-29,111.62,5186474013,578914243576
2021-09-30,111.65,5186474013,579069831465
2021-10-01,111.56,5186474013,578603028228
2021-10-04,109.02,5186474013,565429379487
2021-10-05,109.26,5186474013,566674161740
2021-10-06,109.34,5186474013,567089049588
2021-10-07,110.83,5186474013,574816924358
2021-10-08,110.04,5186474013,570719605139
2021-10-11,110.26,5186474013,571860635753
2021-10-12,109.20,5186474013,566362946392
2021-10-13,109.98,5186474013,570408429360
2021-10-14,112.56,5186474013,583789502241
2021-10-15,114.86,5186474013,595718408299
2021-10-18,115.34,5186474013,598207893666
2021-10-19,116.96,5186474013,606609995812
2021-10-20,115.59,5186474013,599504512169
2021-10-21,116.29,5186474013,603135067720
2021-10-22,114.23,5186474013,592450943916
2021-10-25,113.64,5186474013,589390903672
2021-10-26,114.18,5186474013,592191604387
2021-10-27,113.75,5186474013,589961418979
2021-10-28,116.01,5186474013,601682861328
2021-10-29,113.70,5186474013,589702079450
2021-11-01,114.12,5186474013,591880428609
2021-11-02,114.11,5186474013,591828552789
2021-11-03,114.01,5186474013,591309913302
2021-11-04,117.79,5186474013,610914778740
2021-11-05,117.80,5186474013,610966654559
2021-11-08,120.91,5186474013,627096591905
2021-11-09,121.78,5186474013,631608798972
2021-11-10,118.20,5186474013,613041212509
2021-11-11,118.19,5186474013,612989376259
2021-11-12,118.69,5186474013,615582613265
2021-11-15,118.12,5186474013,612626324661
2021-11-16,118.08,5186474013,612418860952
2021-11-17,119.06,5186474013,617501583325
2021-11-18,123.39,5186474013,639959025298
2021-11-19,124.26,5186474013,644471271935
2021-11-22,124.75,5186474013,647012633122
2021-11-23,121.36,5186474013,629430489383
2021-11-24,120.71,5186474013,626059273361
2021-11-26,117.09,5186474013,607284223189
2021-11-29,119.28,5186474013,618642613939
2021-11-30,117.15,5186474013,607595438537
2021-12-01,120.63,5186474013,625644345943
2021-12-02,121.70,5186474013,631193871554
2021-12-03,119.33,5186474013,618901953468
2021-12-06,119.14,5186474013,617916510743
2021-12-07,122.32,5186474013,634409499687
2021-12-08,121.80,5186474013,631712550611
2021-12-09,119.50,5186474013,619783644554
2021-12-10,119.13,5186474013,617864634924
2021-12-13,116.42,5186474013,603809295097
2021-12-14,116.29,5186474013,603135067720
2021-12-15,120.40,5186474013,624451479079
2021-12-16,116.57,5186474013,604587274113
2021-12-17,116.32,5186474013,603290655609
2021-12-20,114.94,5186474013,596133335717
2021-12-21,117.44,5186474013,609099520749
2021-12-22,121.30,5186474013,629119313605
2021-12-23,120.68,5186474013,625903685472
2021-12-27,122.70,5186474013,636380345567
2021-12-28,122.06,5186474013,633061005364
2021-12-29,121.41,5186474013,629689828912
2021-12-30,120.42,5186474013,624555191149
2021-12-31,120.31,5186474013,623984675842
2022-01-03,128.80,5186474013,668017868702
2022-01-04,133.40,5186474013,691875601678
2022-01-05,127.06,5186474013,658993375429
2022-01-06,128.47,5186474013,666306322781
2022-01-07,123.50,5186474013,640529540606
2022-01-10,125.01,5186474013,648361127445
2022-01-11,129.17,5186474013,669936838762
2022-01-12,132.23,5186474013,685807436580
2022-01-13,139.19,5186474013,721905330532
2022-01-14,140.66,5186474013,729529453662
2022-01-18,133.83,5186474013,694105826657
2022-01-19,131.01,5186474013,679479931953
2022-01-20,128.33,5186474013,665580219585
2022-01-21,124.53,5186474013,645871602508
2022-01-24,125.96,5186474013,653288261929
2022-01-25,122.48,5186474013,635239354523
2022-01-26,123.08,5186474013,638351231017
2022-01-27,116.38,5186474013,603601831388
2022-01-28,117.61,5186474013,609981211835
2022-01-31,122.63,5186474013,636017293969
2022-02-01,123.05,5186474013,638195643128
2022-02-02,124.15,5186474013,643900756628
2022-02-03,119.84,5186474013,621547026724
2022-02-04,121.02,5186474013,627667067643
2022-02-07,122.31,5186474013,634357623868
2022-02-08,123.71,5186474013,641618695400
2022-02-09,125.52,5186474013,651006200701
2022-02-10,124.71,5186474013,646805169413
2022-02-11,121.01,5186474013,627615231393
2022-02-14,119.77,5186474013,621183975126
2022-02-15,124.52,5186474013,645819726688
2022-02-16,123.60,5186474013,641048180093
2022-02-17,119.76,5186474013,621132138876
2022-02-18,119.31,5186474013,618798201829
2022-02-22,116.91,5186474013,606350695853
2022-02-23,115.90,5186474013,601112346021
2022-02-24,111.88,5186474013,580262698329
2022-02-25,111.23,5186474013,576891521877
2022-02-28,107.01,5186474013,555004595211
2022-03-01,108.05,5186474013,560398532933
2022-03-02,109.61,5186474013,568489419731
2022-03-03,108.79,5186474013,564236512623
2022-03-04,105.06,5186474013,544890947143
2022-03-07,99.29,5186474013,514965009499
2022-03-08,100.00,5186474013,518647401300
2022-03-09,104.95,5186474013,544320431836
2022-03-10,103.96,5186474013,539185833643
2022-03-11,101.41,5186474013,525960348652
2022-03-14,99.30,5186474013,515016885319
2022-03-15,102.09,5186474013,529487112994
2022-03-16,105.69,5186474013,548158451096
2022-03-17,106.49,5186474013,552307606565
2022-03-18,106.72,5186474013,553500512999
2022-03-21,106.92,5186474013,554537791973
2022-03-22,107.04,5186474013,555160183100
2022-03-23,105.35,5186474013,546395029356
2022-03-24,107.92,5186474013,559724265986
2022-03-25,106.73,5186474013,553552388818
2022-03-28,106.33,5186474013,551477791299
2022-03-29,109.25,5186474013,566622285920
2022-03-30,106.73,5186474013,553552388818
2022-03-31,104.26,5186474013,540741791675
2022-04-01,102.79,5186474013,533117668545
2022-04-04,104.79,5186474013,543490616571
2022-04-05,102.50,5186474013,531613586333
2022-04-06,101.18,5186474013,524767442218
2022-04-07,100.52,5186474013,521344350376
2022-04-08,99.29,5186474013,514965009499
2022-04-11,97.57,5186474013,506044267866
2022-04-12,97.44,5186474013,505370040489
2022-04-13,101.50,5186474013,526427112320
2022-04-14,98.36,5186474013,510141587084
2022-04-18,98.77,5186474013,512268020853
2022-04-19,99.45,5186474013,515794824765
2022-04-20,99.01,5186474013,513512803107
2022-04-21,97.66,5186474013,506511071103
2022-04-22,95.68,5186474013,496241835147
2022-04-25,96.24,5186474013,499146247932
2022-04-26,92.77,5186474013,481149176775
2022-04-27,90.26,5186474013,468131155493
2022-04-28,95.22,5186474013,493856061849
2022-04-29,92.93,5186474013,481979031611
2022-05-02,93.76,5186474013,486283814538
2022-05-03,93.63,5186474013,485609547592
2022-05-04,95.99,5186474013,497849629428
2022-05-05,92.15,5186474013,477933588212
2022-05-06,91.63,5186474013,475236599566
2022-05-09,87.30,5186474013,452779197163
2022-05-10,88.82,5186474013,460662620252
2022-05-11,87.83,5186474013,455528022059
2022-05-12,87.69,5186474013,454801918862
2022-05-13,90.96,5186474013,471761671474
2022-05-16,90.41,5186474013,468909134509
2022-05-17,93.32,5186474013,484001753310
2022-05-18,90.53,5186474013,469531486066
2022-05-19,90.21,5186474013,467871815964
2022-05-20,90.78,5186474013,470828104569
2022-05-23,91.50,5186474013,474562372190
2022-05-24,88.72,5186474013,460143980765
2022-05-25,90.41,5186474013,468909134509
2022-05-26,91.00,5186474013,471969135183
2022-05-27,93.77,5186474013,486335650788
2022-05-31,95.30,5186474013,494270989267
2022-06-01,94.75,5186474013,491418412732
2022-06-02,96.34,5186474013,499664887419
2022-06-03,93.77,5186474013,486335650788
2022-06-06,93.11,5186474013,482912598516
2022-06-07,93.84,5186474013,486698702386
2022-06-08,93.47,5186474013,484779732326
2022-06-09,90.85,5186474013,471191156167
2022-06-10,88.68,5186474013,459936517056
2022-06-13,85.55,5186474013,443702867640
2022-06-14,87.19,5186474013,452208681856
2022-06-15,89.13,5186474013,462270414534
2022-06-16,84.52,5186474013,438360766168
2022-06-17,85.00,5186474013,440850291105
2022-06-21,86.95,5186474013,450963899602
2022-06-22,84.91,5186474013,440383527437
2022-06-23,84.12,5186474013,436286208219
2022-06-24,85.92,5186474013,445621837700
2022-06-27,85.86,5186474013,445310661922
2022-06-28,84.34,5186474013,437427199263
2022-06-29,83.65,5186474013,433848559101
2022-06-30,81.75,5186474013,423994250563
2022-07-01,77.00,5186474013,399358499001
2022-07-05,76.11,5186474013,394742540295
2022-07-06,75.56,5186474013,391889963760
2022-07-07,80.65,5186474013,418289137062
2022-07-08,81.51,5186474013,422749507879
2022-07-11,79.11,5186474013,410301962334
2022-07-12,79.10,5186474013,410250086514
2022-07-13,81.29,5186474013,421608477265
2022-07-14,83.67,5186474013,433952271171
2022-07-15,85.63,5186474013,444117755488
2022-07-18,83.58,5186474013,433485507503
2022-07-19,86.15,5186474013,446814744134
2022-07-20,86.56,5186474013,448941177903
2022-07-21,87.79,5186474013,455320558350
2022-07-22,86.32,5186474013,447696435219
2022-07-25,86.30,5186474013,447592723150
2022-07-26,84.42,5186474013,437842126681
2022-07-27,87.63,5186474013,454490703514
2022-07-28,88.61,5186474013,459573465458
2022-07-29,88.48,5186474013,458899238081
2022-08-01,86.31,5186474013,447644559400
2022-08-02,86.05,5186474013,446296104647
2022-08-03,86.51,5186474013,448681877944
2022-08-04,88.42,5186474013,458588022733
2022-08-05,89.77,5186474013,465589754736
2022-08-08,87.94,5186474013,456098537366
2022-08-09,85.21,5186474013,441939445899
2022-08-10,88.67,5186474013,459884641236
2022-08-11,89.52,5186474013,464293136233
2022-08-12,90.86,5186474013,471243031987
2022-08-15,91.57,5186474013,474925423788
2022-08-16,89.95,5186474013,466523321641
2022-08-17,89.20,5186474013,462633466132
2022-08-18,89.27,5186474013,462996517730
2022-08-19,87.20,5186474013,452260518106
2022-08-22,85.24,5186474013,442095033789
2022-08-23,86.03,5186474013,446192353007
2022-08-24,85.56,5186474013,443754703890
2022-08-25,87.57,5186474013,454179527736
2022-08-26,84.74,5186474013,439501796782
2022-08-29,82.85,5186474013,429699364063
2022-08-30,82.79,5186474013,429388188285
2022-08-31,83.35,5186474013,432292601070
2022-09-01,81.64,5186474013,423423735256
2022-09-02,80.90,5186474013,419585755566
2022-09-06,80.03,5186474013,415073508929
2022-09-07,79.95,5186474013,414658581511
2022-09-08,80.24,5186474013,416162663724
2022-09-09,81.53,5186474013,422853219949
2022-09-12,82.15,5186474013,426068848082
2022-09-13,78.81,5186474013,408746004302
2022-09-14,79.66,5186474013,413154538869
2022-09-15,77.98,5186474013,404441260944
2022-09-16,77.89,5186474013,403974457707
2022-09-19,78.23,5186474013,405737879448
2022-09-20,78.15,5186474013,405322952030
2022-09-21,77.14,5186474013,400084602197
2022-09-22,75.63,5186474013,392253015358
2022-09-23,73.87,5186474013,383124849585
2022-09-26,73.01,5186474013,378664478769
2022-09-27,73.03,5186474013,378768190838
2022-09-28,72.13,5186474013,374100356313
2022-09-29,69.28,5186474013,359318913289
2022-09-30,68.56,5186474013,355584645669
2022-10-03,69.25,5186474013,359163325400
2022-10-04,72.81,5186474013,377627160224
2022-10-05,74.48,5186474013,386288601899
2022-10-06,74.35,5186474013,385614334953
2022-10-07,69.75,5186474013,361756562407
2022-10-10,67.44,5186474013,349775820099
2022-10-11,63.45,5186474013,329081780082
2022-10-12,64.11,5186474013,332504852139
2022-10-13,66.62,5186474013,345522912991
2022-10-14,63.92,5186474013,331519409414
2022-10-17,64.89,5186474013,336550295538
2022-10-18,63.71,5186474013,330430254620
2022-10-19,63.66,5186474013,330170934876
2022-10-20,63.58,5186474013,329756027243
2022-10-21,63.75,5186474013,330637718329
2022-10-24,61.29,5186474013,317878997005
2022-10-25,61.14,5186474013,317101017989
2022-10-26,60.84,5186474013,315545079742
2022-10-27,60.95,5186474013,316115595049
2022-10-28,62.01,5186474013,321613244841
2022-10-31,61.55,5186474013,319227471543
2022-11-01,61.58,5186474013,319383079217
2022-11-02,60.52,5186474013,313885409641
2022-11-03,60.28,5186474013,312640647172
2022-11-04,62.48,5186474013,324050893958
2022-11-07,62.76,5186474013,325503100351
2022-11-08,65.02,5186474013,337224522915
2022-11-09,65.00,5186474013,337120810845
2022-11-10,70.84,5186474013,367409800087
2022-11-11,73.83,5186474013,382917385877
2022-11-14,72.80,5186474013,377575323974
2022-11-15,80.46,5186474013,417303694338
2022-11-16,79.45,5186474013,412065344505
2022-11-17,81.48,5186474013,422593919990
2022-11-18,82.27,5186474013,426691199639
2022-11-21,79.93,5186474013,414554869442
2022-11-22,82.54,5186474013,428091569781
2022-11-23,81.97,5186474013,425135281177
2022-11-25,81.40,5186474013,422178992572
2022-11-28,79.22,5186474013,410872477641
2022-11-29,79.33,5186474013,411442992948
2022-11-30,82.98,5186474013,430373631009
2022-12-01,82.68,5186474013,428817672978
2022-12-02,81.50,5186474013,422697632060
2022-12-05,81.62,5186474013,423320023186
2022-12-06,79.56,5186474013,412635859812
2022-12-07,79.24,5186474013,410976189711
2022-12-08,80.80,5186474013,419067116078
2022-12-09,80.69,5186474013,418496600771
2022-12-12,80.43,5186474013,417148106448
2022-12-13,80.51,5186474013,417563033866
2022-12-14,80.02,5186474013,415021633110
2022-12-15,77.61,5186474013,402522251315
2022-12-16,76.30,5186474013,395727983020
2022-12-19,76.10,5186474013,394690664475
2022-12-20,75.62,5186474013,392201179108
2022-12-21,77.14,5186474013,400084602197
2022-12-22,75.28,5186474013,390437757367
2022-12-23,74.89,5186474013,388415035668
2022-12-27,74.32,5186474013,385458747063
2022-12-28,73.06,5186474013,378923778727
2022-12-29,76.00,5186474013,394172024988
2022-12-30,74.49,5186474013,386340438149
2023-01-03,74.03,5186474013,383954664851
2023-01-04,76.32,5186474013,395831695089
2023-01-05,75.73,5186474013,392771694415
2023-01-06,78.07,5186474013,404908024612
2023-01-09,80.31,5186474013,416525715322
2023-01-10,81.27,5186474013,421504725626
2023-01-11,81.78,5186474013,424149838452
2023-01-12,87.00,5186474013,451223239131
2023-01-13,86.80,5186474013,450185960156
2023-01-17,88.99,5186474013,461544311337
2023-01-18,89.47,5186474013,464033836274
2023-01-19,88.40,5186474013,458484310663
2023-01-20,91.03,5186474013,472124723072
2023-01-23,95.66,5186474013,496138123077
2023-01-24,94.56,5186474013,490432970007
2023-01-25,92.41,5186474013,479282082535
2023-01-26,93.45,5186474013,484675980687
2023-01-27,93.30,5186474013,483898041241
2023-01-30,93.13,5186474013,483016310586
2023-01-31,92.73,5186474013,480941752636
2023-02-01,94.74,5186474013,491366536912
2023-02-02,96.65,5186474013,501272721270
2023-02-03,94.66,5186474013,490951649064
2023-02-06,91.83,5186474013,476273918111
2023-02-07,94.55,5186474013,490381133757
2023-02-08,94.28,5186474013,488980763614
2023-02-09,96.69,5186474013,501480184979
2023-02-10,95.37,5186474013,494634040865
2023-02-13,96.11,5186474013,498472020555
2023-02-14,97.96,5186474013,508066989565
2023-02-15,92.76,5186474013,481097340525
2023-02-16,90.82,5186474013,471035568278
2023-02-17,90.10,5186474013,467301300657
2023-02-21,87.64,5186474013,454542579334
2023-02-22,86.83,5186474013,450341548046
2023-02-23,90.08,5186474013,467197588588
2023-02-24,88.11,5186474013,456980228451
2023-02-27,87.30,5186474013,452779197163
2023-02-28,87.07,5186474013,451586290729
2023-03-01,88.42,5186474013,458588022733
2023-03-02,89.03,5186474013,461751775046
2023-03-03,89.79,5186474013,465693506376
2023-03-06,89.58,5186474013,464604351581
2023-03-07,88.85,5186474013,460818208141
2023-03-08,90.83,5186474013,471087444098
2023-03-09,88.88,5186474013,460973796030
2023-03-10,87.25,5186474013,452519857634
2023-03-13,87.74,5186474013,455061218821
2023-03-14,89.29,5186474013,463100269369
2023-03-15,86.70,5186474013,449667281099
2023-03-16,89.30,5186474013,463152145189
2023-03-17,89.47,5186474013,464033836274
2023-03-20,90.04,5186474013,466990124879
2023-03-21,92.50,5186474013,479748846203
2023-03-22,92.62,5186474013,480371237329
2023-03-23,94.59,5186474013,490588557896
2023-03-24,92.79,5186474013,481252928415
2023-03-27,90.66,5186474013,470205753012
2023-03-28,90.81,5186474013,470983692458
2023-03-29,92.76,5186474013,481097340525
2023-03-30,92.47,5186474013,479593258313
2023-03-31,93.02,5186474013,482445795279
2023-04-03,92.84,5186474013,481512228373
2023-04-04,92.17,5186474013,478037300281
2023-04-05,90.20,5186474013,467819940145
2023-04-06,90.24,5186474013,468027403854
2023-04-10,89.02,5186474013,461699899227
2023-04-11,89.24,5186474013,462840929841
2023-04-12,86.87,5186474013,450549011754
2023-04-13,87.05,5186474013,451482578660
2023-04-14,87.20,5186474013,452260518106
2023-04-17,87.99,5186474013,456357837324
2023-04-18,88.14,5186474013,457135816340
2023-04-19,87.23,5186474013,452416145565
2023-04-20,89.29,5186474013,463100269369
2023-04-21,85.37,5186474013,442769300735
2023-04-24,84.64,5186474013,438983157295
2023-04-25,82.29,5186474013,426794951278
2023-04-26,82.25,5186474013,426587487569
2023-04-27,83.67,5186474013,433952271171
2023-04-28,84.30,5186474013,437219775124
2023-05-01,83.98,5186474013,435560105022
2023-05-02,82.96,5186474013,430269879370
2023-05-03,82.70,5186474013,428921385047
2023-05-04,83.49,5186474013,433018704266
2023-05-05,84.97,5186474013,440694703216
2023-05-08,85.54,5186474013,443650991820
2023-05-09,85.06,5186474013,441161466883
2023-05-10,84.90,5186474013,440331651618
2023-05-11,83.43,5186474013,432707528487
2023-05-12,83.43,5186474013,432707528487
2023-05-15,85.66,5186474013,444273382947
2023-05-16,85.88,5186474013,445414373991
2023-05-17,90.88,5186474013,471346744056
2023-05-18,92.65,5186474013,480526825218
2023-05-19,92.58,5186474013,480163773620
2023-05-22,91.72,5186474013,475703402804
2023-05-23,90.44,5186474013,469064722398
2023-05-24,90.13,5186474013,467456888547
2023-05-25,100.95,5186474013,523574535784
2023-05-26,103.21,5186474013,535295978133
2023-05-30,101.98,5186474013,528916637256
2023-05-31,98.59,5186474013,511334453948
2023-06-01,98.84,5186474013,512631072451
2023-06-02,98.94,5186474013,513149751509
2023-06-05,98.05,5186474013,508533792803
2023-06-06,99.82,5186474013,517713834395
2023-06-07,100.29,5186474013,520151483512
2023-06-08,99.94,5186474013,518336225522
2023-06-09,102.80,5186474013,533169544364
2023-06-12,107.06,5186474013,555263895169
2023-06-13,106.80,5186474013,553915440416
2023-06-14,107.41,5186474013,557079192730
2023-06-15,105.18,5186474013,545513338270
2023-06-16,104.57,5186474013,542349585957
2023-06-20,103.98,5186474013,539289585282
2023-06-21,101.64,5186474013,527153215516
2023-06-22,103.13,5186474013,534881050716
2023-06-23,101.91,5186474013,528553585658
2023-06-26,100.11,5186474013,519217916607
2023-06-27,102.08,5186474013,529435276744
2023-06-28,100.92,5186474013,523418947895
2023-06-29,100.64,5186474013,521966741503
2023-06-30,100.92,5186474013,523418947895
2023-07-03,103.15,5186474013,534984802355
2023-07-05,100.99,5186474013,523781999493
2023-07-06,99.41,5186474013,515587400626
2023-07-07,100.23,5186474013,519840307734
2023-07-10,99.77,5186474013,517454494866
2023-07-11,101.26,5186474013,525182369636
2023-07-12,103.90,5186474013,538874657865
2023-07-13,105.57,5186474013,547536059970
2023-07-14,105.14,5186474013,545305874561
2023-07-17,104.79,5186474013,543490616571
2023-07-18,103.15,5186474013,534984802355
2023-07-19,103.06,5186474013,534517999117
2023-07-20,97.86,5186474013,507548350078
2023-07-21,97.25,5186474013,504384597764
2023-07-24,98.25,5186474013,509571071777
2023-07-25,100.32,5186474013,520307071401
2023-07-26,99.41,5186474013,515587400626
2023-07-27,99.35,5186474013,515276185278
2023-07-28,100.86,5186474013,523107772117
2023-07-31,99.15,5186474013,514238906303
2023-08-01,98.40,5186474013,510349050793
2023-08-02,95.70,5186474013,496345547216
2023-08-03,94.98,5186474013,492611319165
2023-08-04,96.16,5186474013,498731360084
2023-08-07,96.35,5186474013,499716763239
2023-08-08,94.49,5186474013,490069918409
2023-08-09,93.98,5186474013,487424845152
2023-08-10,94.80,5186474013,491677752260
2023-08-11,91.99,5186474013,477103733376
2023-08-14,93.07,5186474013,482705134807
2023-08-15,91.68,5186474013,475495939095
2023-08-16,91.78,5186474013,476014578582
2023-08-17,91.64,5186474013,475288475386
2023-08-18,91.10,5186474013,472487774670
2023-08-21,92.56,5186474013,480060021981
2023-08-22,92.24,5186474013,478400351880
2023-08-23,94.22,5186474013,488669587836
2023-08-24,92.53,5186474013,479904434092
2023-08-25,93.10,5186474013,482860722696
2023-08-28,94.00,5186474013,487528557222
2023-08-29,95.08,5186474013,493129958653
2023-08-30,94.78,5186474013,491574000621
2023-08-31,93.57,5186474013,485298371814
2023-09-01,93.19,5186474013,483327525934
2023-09-05,94.60,5186474013,490640433716
2023-09-06,92.26,5186474013,478504103519
2023-09-07,90.05,5186474013,467042000699
2023-09-08,89.64,5186474013,464915527360
2023-09-11,89.60,5186474013,464708063651
2023-09-12,90.48,5186474013,469272186107
2023-09-13,91.22,5186474013,473110165797
2023-09-14,91.47,5186474013,474406784300
2023-09-15,89.25,5186474013,462892805660
2023-09-18,88.83,5186474013,460714496072
2023-09-19,88.17,5186474013,457291404229
2023-09-20,87.29,5186474013,452727321343
2023-09-21,85.36,5186474013,442717424915
2023-09-22,85.64,5186474013,444169631308
2023-09-25,86.24,5186474013,447281507802
2023-09-26,84.29,5186474013,437167899304
2023-09-27,85.44,5186474013,443132352333
2023-09-28,86.41,5186474013,448163238457
2023-09-29,86.90,5186474013,450704599644
2023-10-02,87.65,5186474013,454594455153
2023-10-03,85.41,5186474013,442976764444
2023-10-04,86.67,5186474013,449511693210
2023-10-05,87.03,5186474013,451378827020
2023-10-06,89.29,5186474013,463100269369
2023-10-09,88.99,5186474013,461544311337
2023-10-10,90.61,5186474013,469946413484
2023-10-11,92.00,5186474013,477155609196
2023-10-12,92.42,5186474013,479333918785
2023-10-13,90.46,5186474013,469168434468
2023-10-16,91.22,5186474013,473110165797
2023-10-17,91.00,5186474013,471969135183
2023-10-18,89.60,5186474013,464708063651
2023-10-19,92.91,5186474013,481875319541
2023-10-20,91.31,5186474013,473576929465
2023-10-23,91.11,5186474013,472539650490
2023-10-24,91.64,5186474013,475288475386
2023-10-25,87.64,5186474013,454542579334
2023-10-26,87.45,5186474013,453557136609
2023-10-27,85.99,5186474013,445984889298
2023-10-30,86.06,5186474013,446347940896
2023-10-31,86.31,5186474013,447644559400
2023-11-01,87.80,5186474013,455372434169
2023-11-02,90.48,5186474013,469272186107
2023-11-03,91.79,5186474013,476066454402
2023-11-06,92.60,5186474013,480267485690
2023-11-07,92.41,5186474013,479282082535
2023-11-08,92.00,5186474013,477155609196
2023-11-09,91.62,5186474013,475184763316
2023-11-10,97.44,5186474013,505370040489
2023-11-13,96.42,5186474013,500079814837
2023-11-14,98.91,5186474013,512994163619
2023-11-15,98.80,5186474013,512423648312
2023-11-16,98.54,5186474013,511075153989
2023-11-17,99.58,5186474013,516469091711
2023-11-20,99.96,5186474013,518439937591
2023-11-21,98.41,5186474013,510400926613
2023-11-22,98.65,5186474013,511645669296
2023-11-24,97.83,5186474013,507392762189
2023-11-27,97.21,5186474013,504177134055
2023-11-28,97.98,5186474013,508170741204
2023-11-29,98.88,5186474013,512838536160
2023-11-30,97.31,5186474013,504695773543
2023-12-01,98.55,5186474013,511127029809
2023-12-04,97.01,5186474013,503139855081
2023-12-05,96.69,5186474013,501480184979
2023-12-06,97.85,5186474013,507496474258
2023-12-07,99.29,5186474013,514965009499
2023-12-08,100.35,5186474013,520462659291
2023-12-11,100.95,5186474013,523574535784
2023-12-12,101.60,5186474013,526945751807
2023-12-13,102.12,5186474013,529642740453
2023-12-14,103.45,5186474013,536540720817
2023-12-15,102.54,5186474013,531821050041
2023-12-18,102.93,5186474013,533843771741
2023-12-19,103.87,5186474013,538719069975
2023-12-20,100.04,5186474013,518854865009
2023-12-21,102.55,5186474013,531872925861
2023-12-22,103.15,5186474013,534984802355
2023-12-26,104.45,5186474013,541727194830
2023-12-27,104.65,5186474013,542764513374
2023-12-28,104.70,5186474013,543023813333
2023-12-29,104.00,5186474013,539393297352
2024-01-02,101.53,5186474013,526582700209
2024-01-03,100.17,5186474013,519529092385
2024-01-04,99.13,5186474013,514135154664
2024-01-05,99.61,5186474013,516624679601
2024-01-08,102.24,5186474013,530265092010
2024-01-09,101.89,5186474013,528449834019
2024-01-10,100.80,5186474013,522796596338
2024-01-11,101.22,5186474013,524974905927
2024-01-12,101.24,5186474013,525078617997
2024-01-16,101.67,5186474013,527308803405
2024-01-17,102.95,5186474013,533947483810
2024-01-18,113.03,5186474013,586227151358
2024-01-19,114.20,5186474013,592295316457
2024-01-22,113.03,5186474013,586227151358
2024-01-23,114.13,5186474013,591932264859
2024-01-24,116.52,5186474013,604327934584
2024-01-25,116.56,5186474013,604535398293
2024-01-26,117.26,5186474013,608165953844
2024-01-29,116.98,5186474013,606713747451
2024-01-30,116.06,5186474013,601942161286
2024-01-31,112.96,5186474013,585864099760
2024-02-01,113.39,5186474013,588094285168
2024-02-02,115.75,5186474013,600334367005
2024-02-05,118.79,5186474013,616101252753
2024-02-06,119.38,5186474013,619161253427
2024-02-07,124.98,5186474013,648205539555
2024-02-08,133.73,5186474013,693587147599
2024-02-09,133.11,5186474013,690371559036
2024-02-12,130.46,5186474013,676627434557
2024-02-13,127.55,5186474013,661534776186
2024-02-14,129.27,5186474013,670455517820
2024-02-15,129.03,5186474013,669210735566
2024-02-16,126.69,5186474013,657074405369
2024-02-20,125.33,5186474013,650020797546
2024-02-21,125.34,5186474013,650072633796
2024-02-22,129.07,5186474013,669418238845
2024-02-23,129.53,5186474013,671803972573
2024-02-26,130.64,5186474013,677560961893
2024-02-27,128.59,5186474013,666928674338
2024-02-28,127.38,5186474013,660653045531
2024-02-29,128.67,5186474013,667343601756
2024-03-01,133.90,5186474013,694468838685
2024-03-04,138.26,5186474013,717081868547
2024-03-05,134.97,5186474013,700018403866
2024-03-06,141.57,5186474013,734249164007
2024-03-07,149.20,5186474013,773821906912
2024-03-08,146.37,5186474013,759144175958
2024-03-11,139.02,5186474013,721023639446
2024-03-12,144.40,5186474013,748926815821
2024-03-13,142.14,5186474013,737205413042
2024-03-14,139.62,5186474013,724135476370
2024-03-15,136.98,5186474013,710443188142
2024-03-18,136.64,5186474013,708679805971
2024-03-19,134.87,5186474013,699499724809
2024-03-20,136.75,5186474013,709250321278
2024-03-21,139.45,5186474013,723253785285
2024-03-22,140.54,5186474013,728907022966
2024-03-25,140.23,5186474013,727299228684
2024-03-26,138.84,5186474013,720090032971
2024-03-27,136.69,5186474013,708939145499
2024-03-28,136.05,5186474013,705619805297
2024-04-01,141.49,5186474013,733834236590
2024-04-02,140.22,5186474013,727247392434
2024-04-03,142.00,5186474013,736479309846
2024-04-04,139.66,5186474013,724342979649
2024-04-05,141.36,5186474013,733159969643
2024-04-08,142.79,5186474013,740576589495
2024-04-09,145.40,5186474013,754113289834
2024-04-10,146.22,5186474013,758366236512
2024-04-11,147.20,5186474013,763448958886
2024-04-12,142.52,5186474013,739176298492
2024-04-15,140.14,5186474013,726832465016
2024-04-16,139.80,5186474013,725069082845
2024-04-17,139.03,5186474013,721075475696
2024-04-18,132.27,5186474013,686014939859
2024-04-19,127.70,5186474013,662312715632
2024-04-22,129.75,5186474013,672945003187
2024-04-23,133.43,5186474013,692031189568
2024-04-24,132.97,5186474013,689645455840
2024-04-25,136.58,5186474013,708368630192
2024-04-26,138.30,5186474013,717289371826
2024-04-29,138.50,5186474013,718326650801
2024-04-30,137.34,5186474013,712310321952
2024-05-01,134.94,5186474013,699862815977
2024-05-02,136.23,5186474013,706553332632
2024-05-03,141.56,5186474013,734197248618
2024-05-06,142.83,5186474013,740784092774
2024-05-07,141.11,5186474013,731863351140
2024-05-08,143.60,5186474013,744777699923
2024-05-09,142.79,5186474013,740576589495
2024-05-10,149.26,5186474013,774133082690
2024-05-13,146.41,5186474013,759351679237
2024-05-14,151.95,5186474013,788084710447
2024-05-15,155.58,5186474013,806911636439
2024-05-16,152.23,5186474013,789536916840
2024-05-17,151.68,5186474013,786684340305
2024-05-20,153.55,5186474013,796383100524
2024-05-21,153.67,5186474013,797005452081
2024-05-22,156.15,5186474013,809867885474
2024-05-23,157.09,5186474013,814743183709
2024-05-24,160.00,5186474013,829835842080
2024-05-28,159.41,5186474013,826775841406
2024-05-29,154.34,5186474013,800480380173
2024-05-30,152.96,5186474013,793323099850
2024-05-31,151.04,5186474013,783365000102
2024-06-03,154.95,5186474013,803644132486
2024-06-04,152.47,5186474013,790781699093
2024-06-05,162.92,5186474013,844980336701
2024-06-06,162.07,5186474013,840571881274
2024-06-07,164.39,5186474013,852604459831
2024-06-10,168.16,5186474013,872157489020
2024-06-11,165.71,5186474013,859450643516
2024-06-12,172.98,5186474013,897156252610
2024-06-13,172.91,5186474013,896793240581
2024-06-14,172.51,5186474013,894718603492
2024-06-17,177.24,5186474013,919250682554
2024-06-18,179.69,5186474013,931957528058
2024-06-20,175.38,5186474013,909603837725
2024-06-21,173.96,5186474013,902239054123
2024-06-24,167.81,5186474013,870342191459
2024-06-25,172.60,5186474013,895185446300
2024-06-26,172.07,5186474013,892436621404
2024-06-27,171.63,5186474013,890154560176
2024-06-28,173.81,5186474013,901461035537
2024-07-01,172.33,5186474013,893785076157
2024-07-02,175.70,5186474013,911263468256
2024-07-03,182.49,5186474013,946479671123
2024-07-05,183.99,5186474013,954259382142
2024-07-08,186.63,5186474013,967951670371
2024-07-09,184.52,5186474013,957008207038
2024-07-10,191.05,5186474013,990875876012
2024-07-11,184.50,5186474013,956904455399
2024-07-12,187.35,5186474013,971685937991
2024-07-15,185.22,5186474013,960638723019
2024-07-16,186.04,5186474013,964891590557
2024-07-17,171.20,5186474013,887924335198
2024-07-18,171.87,5186474013,891399263290
2024-07-19,165.77,5186474013,859761819294
2024-07-22,169.35,5186474013,878329405757
2024-07-23,169.82,5186474013,880767054875
2024-07-24,159.80,5186474013,828798563105
2024-07-25,160.28,5186474013,831288048472
2024-07-26,161.94,5186474013,839897614328
2024-07-29,160.01,5186474013,829887678330
2024-07-30,154.54,5186474013,801517659148
2024-07-31,165.80,5186474013,859917407183
2024-08-01,158.18,5186474013,820396421389
2024-08-02,149.86,5186474013,777244998754
2024-08-05,147.95,5186474013,767338814395
2024-08-06,155.39,5186474013,805926193714
2024-08-07,155.04,5186474013,804110896154
2024-08-08,164.55,5186474013,853434314667
2024-08-09,167.12,5186474013,866763511728
2024-08-12,167.63,5186474013,869408664124
2024-08-13,172.34,5186474013,893836912407
2024-08-14,169.97,5186474013,881544994321
2024-08-15,173.96,5186474013,902239054123
2024-08-16,174.54,5186474013,905247139408
2024-08-19,175.45,5186474013,909966849753
2024-08-20,172.04,5186474013,892280954375
2024-08-21,171.44,5186474013,889169117451
2024-08-22,166.44,5186474013,863236747386
2024-08-23,171.28,5186474013,888339262615
2024-08-26,169.07,5186474013,876877199365
2024-08-27,170.55,5186474013,884553158745
2024-08-28,169.20,5186474013,877551387172
2024-08-29,169.15,5186474013,877292047643
2024-08-30,171.70,5186474013,890517572204
2024-09-03,160.49,5186474013,832377242837
2024-09-04,160.87,5186474013,834348049147
2024-09-05,163.70,5186474013,849025780100
2024-09-06,156.82,5186474013,813342892706
2024-09-09,162.78,5186474013,844254233505
2024-09-10,162.43,5186474013,842438935945
2024-09-11,170.23,5186474013,882893449074
2024-09-12,171.43,5186474013,889117202062
2024-09-13,172.50,5186474013,894666767243
2024-09-16,169.08,5186474013,876929035615
2024-09-17,167.35,5186474013,867956457731
2024-09-18,167.28,5186474013,867593366563
2024-09-19,176.22,5186474013,913960456902
2024-09-20,174.08,5186474013,902861405680
2024-09-23,174.76,5186474013,906388170022
2024-09-24,181.97,5186474013,943782682477
2024-09-25,182.35,5186474013,945753567926
2024-09-26,186.83,5186474013,968988949346
2024-09-27,177.97,5186474013,923036786425
2024-09-30,173.67,5186474013,900734932341
2024-10-01,172.07,5186474013,892436621404
2024-10-02,175.80,5186474013,911782147313
2024-10-03,179.48,5186474013,930868333694
2024-10-04,181.16,5186474013,939581651189
2024-10-07,184.51,5186474013,956956291648
2024-10-08,186.05,5186474013,964943505947
2024-10-09,187.14,5186474013,970596743627
2024-10-10,185.78,5186474013,963543135804
2024-10-11,190.81,5186474013,989631093758
2024-10-14,192.21,5186474013,996892204860
2024-10-15,187.13,5186474013,970544907377
2024-10-16,187.48,5186474013,972360125798
2024-10-17,205.84,5186474013,1067583791842
2024-10-18,200.78,5186474013,1041340245999
2024-10-21,201.95,5186474013,1047408411097
2024-10-22,198.48,5186474013,1029411339941
2024-10-23,200.86,5186474013,1041755173417
2024-10-24,197.93,5186474013,1026558763406
2024-10-25,203.44,5186474013,1055136285867
2024-10-28,194.68,5186474013,1009702722864
2024-10-29,196.94,5186474013,1021424204783
2024-10-30,194.48,5186474013,1008665443889
2024-10-31,190.54,5186474013,988230723616
2024-11-01,192.95,5186474013,1000730144980
2024-11-04,191.56,5186474013,993520949268
2024-11-05,195.76,5186474013,1015304124295
2024-11-06,193.22,5186474013,1002130515123
2024-11-07,201.19,5186474013,1043466719338
2024-11-08,201.20,5186474013,1043518555588
2024-11-11,194.05,5186474013,1006435298051
2024-11-12,191.77,5186474013,994610143632
2024-11-13,186.66,5186474013,968107258260
2024-11-14,188.50,5186474013,977650351451
2024-11-15,186.01,5186474013,964736002668
2024-11-18,187.48,5186474013,972360125798
2024-11-19,189.67,5186474013,983718516549
2024-11-20,188.36,5186474013,976924248254
2024-11-21,191.24,5186474013,991861318736
2024-11-22,190.08,5186474013,985844989888
2024-11-25,185.08,5186474013,959912619823
2024-11-26,183.84,5186474013,953481363556
2024-11-27,181.19,5186474013,939737239078
2024-11-29,184.66,5186474013,957734310234
2024-12-02,194.40,5186474013,1008250516471
2024-12-03,198.89,5186474013,1031537813280
2024-12-04,200.69,5186474013,1040873482331
2024-12-05,204.30,5186474013,1059596656684
2024-12-06,203.02,5186474013,1052957976278
2024-12-09,199.17,5186474013,1032990019672
2024-12-10,191.94,5186474013,995491834718
2024-12-11,194.60,5186474013,1009287874586
2024-12-12,191.46,5186474013,993002349350
2024-12-13,200.99,5186474013,1042429440363
2024-12-16,202.22,5186474013,1048808781240
2024-12-17,200.66,5186474013,1040717894442
2024-12-18,195.56,5186474013,1014266845320
2024-12-19,194.64,5186474013,1009495298725
2024-12-20,197.21,5186474013,1022824574925
2024-12-23,207.36,5186474013,1075467254501
2024-12-24,206.33,5186474013,1070125192599
2024-12-26,203.06,5186474013,1053165400417
2024-12-27,201.63,5186474013,1045748780566
2024-12-30,200.39,5186474013,1039317524299
2024-12-31,197.49,5186474013,1024276781318
2025-01-02,201.58,5186474013,1045489441037
2025-01-03,208.61,5186474013,1081950347018
2025-01-06,220.01,5186474013,1141076119110
2025-01-07,211.42,5186474013,1096524326332
2025-01-08,207.12,5186474013,1074222472248
2025-01-10,208.37,5186474013,1080705564764
2025-01-13,201.36,5186474013,1044348410423
2025-01-14,201.45,5186474013,1044815174091
2025-01-15,206.80,5186474013,1072562841716
2025-01-16,214.79,5186474013,1114002718431
2025-01-17,211.50,5186474013,1096939253750
2025-01-21,218.70,5186474013,1134281850815
2025-01-22,223.20,5186474013,1157620983874
2025-01-23,224.62,5186474013,1164985767475
2025-01-24,221.88,5186474013,1150774879329
2025-01-27,192.31,5186474013,997410804778
2025-01-28,202.40,5186474013,1049742308575
2025-01-29,202.33,5186474013,1049379296547
2025-01-30,208.15,5186474013,1079564534150
2025-01-31,209.32,5186474013,1085632778388
2025-02-03,199.80,5186474013,1036257523625
2025-02-04,204.05,5186474013,1058300038181
2025-02-05,208.57,5186474013,1081742922878
2025-02-06,210.50,5186474013,1091752779737
2025-02-07,206.12,5186474013,1069035998235
2025-02-10,207.95,5186474013,1078527255175
2025-02-11,208.74,5186474013,1082624613964
2025-02-12,206.38,5186474013,1070384532128
2025-02-13,201.83,5186474013,1046786059541
2025-02-14,203.90,5186474013,1057522019595
2025-02-18,202.74,5186474013,1051505769886
2025-02-19,200.95,5186474013,1042221937084
2025-02-20,200.10,5186474013,1037813481657
2025-02-21,198.24,5186474013,1028166636827
2025-02-24,191.65,5186474013,993987712936
2025-02-25,189.37,5186474013,982162558517
2025-02-26,194.62,5186474013,1009391547085
2025-02-27,181.09,5186474013,939218560021
2025-02-28,180.53,5186474013,936314147236
2025-03-03,172.97,5186474013,897104416360
2025-03-04,180.00,5186474013,933565322340
2025-03-05,184.28,5186474013,955763424784
2025-03-06,175.85,5186474013,912041486842
2025-03-07,177.10,5186474013,918524579358
2025-03-10,170.65,5186474013,885071758663
2025-03-11,170.97,5186474013,886731468334
2025-03-12,177.17,5186474013,918887591386
2025-03-13,171.59,5186474013,889947056897
2025-03-14,174.09,5186474013,902913241930
2025-03-17,176.24,5186474013,914064208541
2025-03-18,173.13,5186474013,897934271195
2025-03-19,173.76,5186474013,901201696009
2025-03-20,177.47,5186474013,920443549418
2025-03-21,176.73,5186474013,916605530158
2025-03-24,181.16,5186474013,939581651189
2025-03-25,180.90,5186474013,938233117296
2025-03-26,173.50,5186474013,899853241256
2025-03-27,168.24,5186474013,872572416437
2025-03-28,165.25,5186474013,857064830648
2025-03-31,166.00,5186474013,860954686158
2025-04-01,168.64,5186474013,874646974387
2025-04-02,170.39,5186474013,883723303909
2025-04-03,157.38,5186474013,816247305491
2025-04-04,146.80,5186474013,761374400936
2025-04-07,146.17,5186474013,758106896983
2025-04-08,141.37,5186474013,733211805893
2025-04-09,158.75,5186474013,823352749564
2025-04-10,151.13,5186474013,783831842909
2025-04-11,157.08,5186474013,814691347459
2025-04-14,155.84,5186474013,808260091192
2025-04-15,157.33,5186474013,815987965962
2025-04-16,151.67,5186474013,786632504055
2025-04-17,151.74,5186474013,786995595223
2025-04-21,147.86,5186474013,766872050728
2025-04-22,151.40,5186474013,785232133912
2025-04-23,157.81,5186474013,818477451329
2025-04-24,164.18,5186474013,851515265467
2025-04-25,165.10,5186474013,856286891202
2025-04-28,163.40,5186474013,847469822068
2025-04-29,164.48,5186474013,853071223499
2025-04-30,166.69,5186474013,864533365889
2025-05-01,172.72,5186474013,895807797857
2025-05-02,179.28,5186474013,929831054719
2025-05-05,176.40,5186474013,914893984237
2025-05-06,172.28,5186474013,893525736628
2025-05-07,174.54,5186474013,905247139408
2025-05-08,175.22,5186474013,908773982889
2025-05-09,176.52,5186474013,915516414934
2025-05-12,186.98,5186474013,969766888792
2025-05-13,193.99,5186474013,1006124122272
2025-05-14,194.76,5186474013,1010117650282
2025-05-15,194.22,5186474013,1007316989136
2025-05-16,194.22,5186474013,1007316989136
2025-05-19,193.50,5186474013,1003582721516
2025-05-20,193.45,5186474013,1003323381987
2025-05-21,191.76,5186474013,994558228243
2025-05-22,196.19,5186474013,1017534349273
2025-05-23,191.98,5186474013,995699258857
2025-05-27,197.68,5186474013,1025262144903
2025-05-28,196.14,5186474013,1017275009744
2025-05-29,197.15,5186474013,1022513320007
2025-05-30,193.32,5186474013,1002649194180
2025-06-02,194.84,5186474013,1010532577699
2025-06-03,197.61,5186474013,1024899132875
2025-06-04,202.40,5186474013,1049742308575
2025-06-05,203.34,5186474013,1054617606810
2025-06-06,205.18,5186474013,1064160700000
2025-06-09,207.00,5186474013,1073600120691
2025-06-10,212.46,5186474013,1101918303623
2025-06-11,214.10,5186474013,1110424117839
2025-06-12,215.43,5186474013,1117322058634
2025-06-13,211.10,5186474013,1094864695800
2025-06-16,215.68,5186474013,1118618677137
2025-06-17,213.90,5186474013,1109386759725
2025-06-18,213.50,5186474013,1107312201776
2025-06-20,209.51,5186474013,1086618141973
2025-06-23,210.32,5186474013,1090819252401
2025-06-24,220.09,5186474013,1141491046528
2025-06-25,222.74,5186474013,1155235250146
2025-06-26,224.01,5186474013,1161822015162
2025-06-27,228.57,5186474013,1185472403138
2025-06-30,226.49,5186474013,1174684527695
2025-07-01,224.68,5186474013,1165296943254
2025-07-02,233.60,5186474013,1211560361093
2025-07-03,234.80,5186474013,1217784114080
2025-07-07,229.17,5186474013,1188584240062
2025-07-08,227.86,5186474013,1181789971768
2025-07-09,231.84,5186474013,1202432116180
2025-07-10,229.76,5186474013,1191644240737
2025-07-11,230.40,5186474013,1194963580939
2025-07-14,228.67,5186474013,1185991003056
2025-07-15,236.95,5186474013,1228935001552
2025-07-16,237.56,5186474013,1232098753866
2025-07-17,245.60,5186474013,1273798049249
2025-07-18,240.40,5186474013,1246828321069
2025-07-21,238.85,5186474013,1238789349661
2025-07-22,234.60,5186474013,1216746835106
2025-07-23,240.33,5186474013,1246465309041
2025-07-24,241.60,5186474013,1253052153197
2025-07-25,245.60,5186474013,1273798049249
2025-07-28,242.75,5186474013,1259016566656
2025-07-29,241.33,5186474013,1251651783054
2025-07-30,242.91,5186474013,1259846421491
2025-07-31,241.62,5186474013,1253155825696
2025-08-01,235.21,5186474013,1219910587419
2025-08-04,239.00,5186474013,1239567289107
2025-08-05,232.47,5186474013,1205699620133
2025-08-06,231.37,5186474013,1199994467063
2025-08-07,242.62,5186474013,1258342299709
2025-08-08,241.83,5186474013,1254245020061
2025-08-11,242.09,5186474013,1255593474814
2025-08-12,244.29,5186474013,1267003701814
2025-08-13,241.44,5186474013,1252222298361
2025-08-14,241.00,5186474013,1249940237133
2025-08-15,238.88,5186474013,1238944937550
2025-08-18,241.41,5186474013,1252066710472
2025-08-19,232.70,5186474013,1206892486997
2025-08-20,228.60,5186474013,1185627991028
2025-08-21,227.33,5186474013,1179041146872
2025-08-22,232.99,5186474013,1208396608779
2025-08-25,235.59,5186474013,1221881393729
2025-08-26,238.72,5186474013,1238115082715
2025-08-27,239.29,5186474013,1241071331749
2025-08-28,238.27,5186474013,1235781185237
2025-08-29,230.87,5186474013,1197401230057
2025-09-02,228.39,5186474013,1184538796663
2025-09-03,231.39,5186474013,1200098218702
2025-09-04,235.21,5186474013,1219910587419
2025-09-05,243.41,5186474013,1262439658498
2025-09-08,247.19,5186474013,1282044523936
2025-09-09,250.92,5186474013,1301390049845
2025-09-10,260.44,5186474013,1350765304608
2025-09-11,258.91,5186474013,1342830005699
2025-09-12,259.33,5186474013,1345008236149
2025-09-15,261.38,5186474013,1355640602843
2025-09-16,262.06,5186474013,1359167367184
2025-09-17,262.79,5186474013,1362953550194
2025-09-18,268.64,5186474013,1393294454826
2025-09-19,264.87,5186474013,1373741346499
2025-09-22,272.63,5186474013,1413988435489
2025-09-23,282.71,5186474013,1466268023897
2025-09-24,280.71,5186474013,1455895075871
2025-09-25,276.66,5186474013,1434889919430
2025-09-26,273.36,5186474013,1417774460220
2025-09-29,273.23,5186474013,1417100351552
2025-09-30,279.29,5186474013,1448530371409
2025-10-01,288.47,5186474013,1496142164861
2025-10-02,288.11,5186474013,1494274951912
2025-10-03,292.19,5186474013,1515435854521
2025-10-06,302.40,5186474013,1568389709875
2025-10-07,294.03,5186474013,1524978947711
2025-10-08,304.52,5186474013,1579385009458
2025-10-09,299.88,5186474013,1555319852343
2025-10-10,280.66,5186474013,1455635815482
2025-10-13,302.89,5186474013,1570931189771
2025-10-14,295.94,5186474013,1534885132070
2025-10-15,304.71,5186474013,1580370452183
2025-10-16,299.84,5186474013,1555112349064
2025-10-17,295.08,5186474013,1530424682113
2025-10-20,297.70,5186474013,1544013376982
2025-10-21,294.51,5186474013,1527468512218
2025-10-22,288.88,5186474013,1498268638200
2025-10-23,290.73,5186474013,1507863646780
2025-10-24,294.96,5186474013,1529802330556
2025-10-27,298.25,5186474013,1546865874377
2025-10-28,301.53,5186474013,1563877502809
2025-10-29,305.09,5186474013,1582341337633
2025-10-30,303.22,5186474013,1572642656553
2025-10-31,300.43,5186474013,1558172349739
2025-11-03,304.86,5186474013,1581148391629
2025-11-04,294.05,5186474013,1525082620211
2025-11-05,293.64,5186474013,1522956305151
2025-11-06,289.24,5186474013,1500135692871
2025-11-07,286.50,5186474013,1485924804725
2025-11-10,295.27,5186474013,1531410124838
2025-11-11,291.17,5186474013,1510145708008
2025-11-12,290.62,5186474013,1507293052333
2025-11-13,282.20,5186474013,1463623029780
2025-11-14,284.82,5186474013,1477211566370
2025-11-17,282.01,5186474013,1462637587055
2025-11-18,277.91,5186474013,1441373011946
2025-11-19,282.37,5186474013,1464504641726
2025-11-20,277.50,5186474013,1439246538608
2025-11-21,275.06,5186474013,1426591529353
2025-11-24,284.64,5186474013,1476278039034
2025-11-25,284.68,5186474013,1476485384034
2025-11-26,289.96,5186474013,1503869960491
2025-11-28,291.51,5186474013,1511909090179
2025-12-01,287.68,5186474013,1492044806073
2025-12-02,292.09,5186474013,1514917175464
2025-12-03,295.45,5186474013,1532343810452
2025-12-04,292.93,5186474013,1519273794641
2025-12-05,294.72,5186474013,1528557627443
2025-12-08,301.87,5186474013,1565640884980
2025-12-09,303.41,5186474013,1573628099278
2025-12-10,310.14,5186474013,1608533126366
2025-12-11,304.85,5186474013,1581096634519
2025-12-12,292.04,5186474013,1514657915075
2025-12-15,287.74,5186474013,1492355981851
2025-12-16,286.87,5186474013,1487843774785
2025-12-17,276.96,5186474013,1436445798322
2025-12-18,284.68,5186474013,1476485384034
2025-12-19,288.95,5186474013,1498631729368
2025-12-22,293.28,5186474013,1521089092201
2025-12-23,296.95,5186474013,1540123521472
2025-12-24,298.80,5186474013,1549718371773
2025-12-26,302.84,5186474013,1570671771103
2025-12-29,300.92,5186474013,1560713829635
2025-12-30,299.58,5186474013,1553763815172
2025-12-31,303.89,5186474013,1576117663784
2026-01-02,319.61,5186474013,1657648883321
2026-01-05,322.25,5186474013,1671341250689
2026-01-06,327.43,5186474013,1698207148090
2026-01-07,318.68,5186474013,1652825500476
2026-01-08,318.01,5186474013,1649350651523
2026-01-09,323.63,5186474013,1678498610152
2026-01-12,331.77,5186474013,1720716426313
2026-01-13,331.21,5186474013,1717812013528
2026-01-14,327.11,5186474013,1696547438419
2026-01-15,341.64,5186474013,1771907057775
2026-01-16,342.40,5186474013,1775848670395
2026-01-20,327.16,5186474013,1696806857087
2026-01-21,326.12,5186474013,1691412879795
2026-01-22,327.37,5186474013,1697895972311
2026-01-23,334.87,5186474013,1736794527409
2026-01-26,332.71,5186474013,1725591724547
2026-01-27,338.34,5186474013,1754791598565
2026-01-28,342.30,5186474013,1775329991338
2026-01-29,339.55,5186474013,1761067187803
2026-01-30,330.56,5186474013,1714440837075
2026-02-02,341.36,5186474013,1770454693104
2026-02-03,335.75,5186474013,1741358649865
2026-02-04,325.74,5186474013,1689441994345
2026-02-05,330.73,5186474013,1715322607300
2026-02-06,348.85,5186474013,1809301491091
2026-02-09,355.41,5186474013,1843324747954
2026-02-10,361.91,5186474013,1877036829038
2026-02-11,374.09,5186474013,1940208044530
2026-02-12,368.10,5186474013,1909141115841
2026-02-13,366.36,5186474013,1900116543429
2026-02-17,364.20,5186474013,1888913898846
2026-02-18,362.26,5186474013,1878852126599
2026-02-19,360.39,5186474013,1869153445519
2026-02-20,370.54,5186474013,1921796125095
2026-02-23,370.04,5186474013,1919202888089
2026-02-24,385.75,5186474013,2000682350515
2026-02-25,387.73,5186474013,2010951626041
2026-02-26,376.81,5186474013,1954315260176
2026-02-27,374.58,5186474013,1942749366147
2026-03-02,369.11,5186474013,1914379346965
2026-03-03,353.13,5186474013,1831499593535
2026-03-04,357.44,5186474013,1853853283869
2026-03-05,353.86,5186474013,1835285618266
2026-03-06,338.89,5186474013,1757644254239
2026-03-09,348.70,5186474013,1808523551645
2026-03-10,347.09,5186474013,1800173246179
2026-03-11,354.56,5186474013,1838916213387
2026-03-12,336.71,5186474013,1746337620599
2026-03-13,338.31,5186474013,1754636010676
2026-03-16,340.23,5186474013,1764594110423
2026-03-17,345.98,5186474013,1794416335998
2026-03-18,339.57,5186474013,1761171018581
2026-03-19,338.79,5186474013,1757125575182
2026-03-20,329.24,5186474013,1707594653391
2026-03-23,338.45,5186474013,1755362193011
2026-03-24,343.25,5186474013,1780257204962
2026-03-25,347.75,5186474013,1803596338021
2026-03-26,326.11,5186474013,1691360964406
2026-03-27,326.74,5186474013,1694628468358
2026-03-30,316.50,5186474013,1641519025115
2026-03-31,337.95,5186474013,1752768956005
2026-04-01,341.49,5186474013,1771128960050
2026-04-02,339.04,5186474013,1758422193686
2026-04-06,341.76,5186474013,1772529409332
2026-04-07,345.32,5186474013,1790993244156
2026-04-08,365.90,5186474013,1897730809701
2026-04-09,365.49,5186474013,1895604336362
2026-04-10,370.60,5186474013,1922107300874
2026-04-13,369.57,5186474013,1916765238971
2026-04-14,379.89,5186474013,1970289688772
2026-04-15,375.10,5186474013,1945446433932
2026-04-16,363.35,5186474013,1884505364279
2026-04-17,370.50,5186474013,1921588621817
2026-04-20,366.24,5186474013,1899494191872
2026-04-21,368.08,5186474013,1909037285062
2026-04-22,387.44,5186474013,2009447504259
2026-04-23,382.66,5186474013,1984656164808
2026-04-24,402.46,5186474013,2087348286954
2026-04-27,404.98,5186474013,2100418302765
2026-04-28,392.34,5186474013,2034861195267
2026-04-29,393.83,5186474013,2042588990897
2026-04-30,396.06,5186474013,2054154884926
2026-05-01,397.67,5186474013,2062505190392
2026-05-04,401.61,5186474013,2082939752387
2026-05-05,394.41,5186474013,2045597234461
2026-05-06,419.50,5186474013,2175725848454
2026-05-07,414.15,5186474013,2147978180828
2026-05-08,411.68,5186474013,2135167583685
2026-05-11,404.54,5186474013,2098136241537
2026-05-12,397.28,5186474013,2060482389553
2026-05-13,399.80,5186474013,2073552247086
2026-05-14,417.72,5186474013,2166493931042
2026-05-15,404.35,5186474013,2097150798812
2026-05-18,395.95,5186474013,2053584448759
2026-05-19,392.61,5186474013,2036261486270
2026-05-20,401.62,5186474013,2082991667776
2026-05-21,407.15,5186474013,2111672862737
2026-05-22,404.52,5186474013,2098032410758
2026-05-26,412.32,5186474013,2138487003027
2026-05-27,422.73,5186474013,2192478216496
2026-05-28,424.86,5186474013,2203525273189
2026-05-29,418.45,5186474013,2170280114051
2026-06-01,435.63,5186474013,2259383699608
2026-06-02,446.69,5186474013,2316746089529
2026-06-03,436.69,5186474013,2264881349399
2026-06-04,444.92,5186474013,2307566087507
2026-06-05,415.17,5186474013,2153268485620
2026-06-08,426.80,5186474013,2213587045437
2026-06-09,427.92,5186474013,2219396029286
2026-06-10,408.75,5186474013,2119971252814
2026-06-11,421.07,5186474013,2183868650641
2026-06-12,423.93,5186474013,2198701890344
2026-06-15,441.40,5186474013,2289309597682
2026-06-16,425.83,5186474013,2208556159313
2026-06-17,432.15,5186474013,2241334713062
2026-06-18,462.12,5186474013,2396773345563
2026-06-22,467.67,5186474013,2425558371302
2026-06-23,436.39,5186474013,2263325470507
2026-06-24,440.83,5186474013,2286353269508
2026-06-25,434.99,5186474013,2256064280266
2026-06-26,432.35,5186474013,2242372071176
2026-06-29,455.10,5186474013,2360364354972
2026-06-30,477.57,5186474013,2476904432375
2026-07-01,444.23,5186474013,2303987407775
2026-07-02,434.16,5186474013,2251759576478
2026-07-06,451.79,5186474013,2343197138651
2026-07-07,432.57,5186474013,2243513101790
2026-07-08,436.98,5186474013,2266385471181
2026-07-09,436.96,5186474013,2266281640402
2026-07-10,434.11,5186474013,2251500157810
2026-07-13,421.58,5186474013,2186513644758
2026-07-14,420.39,5186474013,2180341886299
2026-07-15,419.48,5186474013,2175622175954
2026-07-16,409.74,5186474013,2125105811437
2026-07-17,398.37,5186474013,2066135627234
2026-07-20,402.30,5186474013,2086518432118
2026-07-21,424.61,5186474013,2202228654686
2026-07-22,421.21,5186474013,2184594674698
2026-07-23,415.58,5186474013,2155394800680
2026-07-24,403.41,5186474013,2092275500578
2026-07-27,399.09,5186474013,2069869894855
2026-07-28,392.31,5186474013,2034705607378
2026-07-29,374.67,5186474013,1943216288093
2026-07-30,403.31,5186474013,2091756821521
2026-07-31,404.25,5186474013,2096632119755
2026-08-03,406.11,5186474013,2106278885446
2026-08-04,417.17,5186474013,2163641433646
2026-08-05,414.00,5186474013,2147200241382
2026-08-06,418.20,5186474013,2168983495548
2026-08-07,420.04,5186474013,2178526588739
2026-08-10,418.47,5186474013,2170383786551
2026-08-11,422.06,5186474013,2189003209264
2026-08-12,429.15,5186474013,2225775291023
2026-08-13,430.49,5186474013,2232725147207
2026-08-14,426.35,5186474013,2211253227098
2026-08-17,430.97,5186474013,2235214711714
2026-08-18,413.41,5186474013,2144140240708
2026-08-19,412.09,5186474013,2137294057024
2026-08-20,416.00,5186474013,2157573189408
2026-08-21,418.95,5186474013,2172873351058
2026-08-24,410.12,5186474013,2127076696887
2026-08-25,417.41,5186474013,2164886136760
2026-08-26,417.69,5186474013,2166338343152
2026-08-27,427.30,5186474013,2216180282443
2026-08-28,417.52,5186474013,2165456572927
2026-08-31,415.32,5186474013,2154046425066
2026-09-01,414.00,5186474013,2147200241382
2026-09-02,415.50,5186474013,2154979952402
2026-09-03,417.01,5186474013,2162811578810
2026-09-04,428.91,5186474013,2224530587909
2026-09-08,439.00,5186474013,2276862091707
2026-09-09,435.36,5186474013,2257983250326
2026-09-10,428.03,5186474013,2219966465453
2026-09-11,433.24,5186474013,2246987950743